Customer_ID,Age,Income,Loan_Amount,Credit_Score,Loan_Term,Default_Status
CUST100000,59,117603,76618,615,36,No
CUST100001,49,110649,125970,662,36,Yes
CUST100002,35,125470,40466,638,36,No
CUST100003,63,66024,27204,766,120,No
CUST100004,28,77391,17764,687,72,No
CUST100005,41,32084,20339,801,180,No
CUST100006,59,106923,51091,709,48,No
CUST100007,39,40806,43659,697,240,No
CUST100008,43,75419,60708,685,120,No
CUST100009,31,42567,34653,737,60,No
CUST100010,31,55278,40459,558,24,Yes
CUST100011,44,49068,14321,686,36,No
CUST100012,56,54803,35349,675,360,No
CUST100013,60,56522,67798,731,48,No
CUST100014,44,56293,58276,667,48,No
CUST100015,23,90833,99322,607,36,No
CUST100016,42,42378,43362,681,180,No
CUST100017,22,75514,22884,604,36,No
CUST100018,44,100449,42937,545,48,No
CUST100019,64,57170,11612,731,60,No
CUST100020,50,52052,26209,721,60,No
CUST100021,58,64237,19824,713,60,No
CUST100022,22,99493,66938,771,60,No
CUST100023,41,74853,65656,633,180,No
CUST100024,53,56720,60946,580,180,Yes
CUST100025,32,82097,77928,675,120,No
CUST100026,42,42443,48325,656,24,Yes
CUST100027,64,87034,22098,621,120,Yes
CUST100028,45,80215,17020,674,24,No
CUST100029,47,62305,53666,637,24,No
CUST100030,62,49035,23995,551,240,No
CUST100031,48,47833,21692,649,180,No
CUST100032,36,83370,44260,600,60,No
CUST100033,35,100725,47320,696,180,No
CUST100034,64,54067,38465,634,360,No
CUST100035,23,81460,52146,758,72,No
CUST100036,57,17824,12698,792,72,No
CUST100037,27,55385,48335,728,120,No
CUST100038,41,69224,40644,571,36,No
CUST100039,29,47258,21328,785,36,No
CUST100040,59,46587,17060,790,120,No
CUST100041,38,53306,29290,681,48,No
CUST100042,24,77305,72806,773,36,Yes
CUST100043,45,65317,62489,641,48,No
CUST100044,34,15000,13004,549,48,Yes
CUST100045,29,16982,7371,627,360,No
CUST100046,46,54828,43209,801,84,No
CUST100047,22,81442,62767,576,60,No
CUST100048,40,15000,10264,680,360,No
CUST100049,48,57507,43129,682,240,No
CUST100050,27,56844,39324,644,60,No
CUST100051,64,104708,80149,649,240,No
CUST100052,28,60374,55273,685,60,No
CUST100053,55,79575,24639,641,36,No
CUST100054,34,73531,69827,580,36,Yes
CUST100055,37,16736,5621,695,84,Yes
CUST100056,56,89205,23785,755,60,No
CUST100057,60,75385,88659,741,84,No
CUST100058,24,82707,95691,623,84,No
CUST100059,22,168156,43794,592,12,Yes
CUST100060,26,17897,11512,660,24,No
CUST100061,62,113117,43691,790,60,No
CUST100062,24,62814,43049,725,36,No
CUST100063,49,77183,79512,729,72,No
CUST100064,38,68862,79233,742,60,No
CUST100065,46,59394,49550,709,72,Yes
CUST100066,64,55754,30882,688,48,No
CUST100067,54,78238,62851,726,72,Yes
CUST100068,30,32071,16420,642,180,Yes
CUST100069,56,88764,98512,581,360,No
CUST100070,34,59595,63791,731,180,No
CUST100071,51,41748,31655,767,60,No
CUST100072,35,58750,30832,602,36,No
CUST100073,28,101429,50044,738,84,No
CUST100074,34,56617,13215,798,240,No
CUST100075,43,78961,80210,680,36,No
CUST100076,60,51726,33642,623,36,No
CUST100077,41,88948,46710,689,36,No
CUST100078,36,87138,58479,641,120,No
CUST100079,65,116215,118393,637,60,Yes
CUST100080,38,65611,21298,710,24,No
CUST100081,44,86716,91716,568,180,Yes
CUST100082,46,72452,79517,579,60,Yes
CUST100083,45,102397,117419,681,48,No
CUST100084,65,52029,31087,678,48,No
CUST100085,61,88625,36969,704,48,No
CUST100086,49,65133,37363,811,60,No
CUST100087,35,68395,36449,687,48,No
CUST100088,65,72294,27194,722,60,No
CUST100089,21,76306,61599,612,120,Yes
CUST100090,45,67094,45397,734,84,No
CUST100091,27,75368,80320,643,48,No
CUST100092,29,109453,25405,685,60,No
CUST100093,44,94636,79860,672,180,No
CUST100094,21,91729,88330,752,24,No
CUST100095,64,58612,56237,588,24,Yes
CUST100096,28,47769,51881,520,60,Yes
CUST100097,44,93883,87220,665,72,No
CUST100098,31,91901,103647,713,36,No
CUST100099,37,106817,56897,691,120,No
CUST100100,28,54900,38606,766,84,No
CUST100101,55,64261,13757,711,240,No
CUST100102,55,29013,6004,641,36,Yes
CUST100103,53,60188,26490,517,120,No
CUST100104,25,94914,28551,663,24,No
CUST100105,62,58338,26848,752,72,No
CUST100106,59,86012,32430,653,60,No
CUST100107,61,65237,14908,682,60,No
CUST100108,48,78101,86638,709,180,No
CUST100109,27,41308,8601,609,12,No
CUST100110,29,72130,67520,724,60,No
CUST100111,28,15000,5282,795,36,Yes
CUST100112,32,65328,72660,668,120,No
CUST100113,54,29238,31951,601,12,No
CUST100114,53,100150,85518,675,180,No
CUST100115,43,89435,78008,524,180,No
CUST100116,44,81667,16769,704,180,No
CUST100117,57,108025,127996,712,36,Yes
CUST100118,55,46277,49879,797,72,No
CUST100119,64,113684,124496,666,12,No
CUST100120,60,93305,80172,709,180,No
CUST100121,42,64086,34913,620,120,No
CUST100122,47,98391,107605,655,60,No
CUST100123,55,42343,20812,573,120,No
CUST100124,21,49387,37668,666,24,No
CUST100125,55,54785,16421,659,60,No
CUST100126,57,56776,63700,701,48,No
CUST100127,34,43586,14853,636,360,No
CUST100128,23,100577,42735,686,180,No
CUST100129,21,63529,48164,657,120,No
CUST100130,25,78813,75983,657,240,No
CUST100131,46,55741,45671,686,48,No
CUST100132,34,24485,10581,683,240,No
CUST100133,59,76751,15423,733,48,Yes
CUST100134,47,22194,21243,672,120,No
CUST100135,29,68284,80931,656,120,Yes
CUST100136,35,35792,36147,667,12,Yes
CUST100137,35,119682,79015,630,60,No
CUST100138,46,92784,102412,655,12,Yes
CUST100139,62,72644,44302,822,360,No
CUST100140,33,101593,73648,616,24,No
CUST100141,52,48842,33072,660,60,No
CUST100142,59,83587,54133,653,120,No
CUST100143,52,74995,73134,663,36,No
CUST100144,24,76601,55671,657,60,No
CUST100145,50,101809,52606,700,72,No
CUST100146,57,88312,40461,560,36,No
CUST100147,43,77218,18358,753,120,No
CUST100148,59,28628,22421,724,48,No
CUST100149,65,45999,19778,593,36,No
CUST100150,35,66932,23301,521,60,Yes
CUST100151,63,72334,61761,612,60,No
CUST100152,49,41745,36786,663,240,No
CUST100153,56,130292,124058,850,180,Yes
CUST100154,33,107910,75923,718,60,No
CUST100155,52,85053,93053,553,48,Yes
CUST100156,27,71801,81591,632,48,No
CUST100157,42,64695,65172,676,36,No
CUST100158,48,46202,38606,698,60,No
CUST100159,22,71937,36236,588,180,No
CUST100160,62,76444,90429,671,48,No
CUST100161,65,38956,18470,630,36,No
CUST100162,26,78354,31550,603,60,No
CUST100163,48,66119,42459,698,24,No
CUST100164,48,22305,5729,734,120,No
CUST100165,64,48490,57145,739,60,No
CUST100166,64,59660,47038,720,60,No
CUST100167,40,117192,88709,645,48,No
CUST100168,50,83914,71813,730,240,No
CUST100169,31,36613,25520,702,24,Yes
CUST100170,48,82151,19064,689,180,No
CUST100171,45,31317,25439,637,60,No
CUST100172,59,97067,88930,645,180,No
CUST100173,53,58222,35908,685,120,No
CUST100174,21,67659,64770,850,24,No
CUST100175,47,103145,44043,701,180,No
CUST100176,33,37821,15933,637,84,No
CUST100177,61,35072,12676,622,12,No
CUST100178,23,55410,31694,646,36,No
CUST100179,59,95959,100470,832,72,No
CUST100180,26,32016,32910,652,84,Yes
CUST100181,28,15000,8742,743,120,No
CUST100182,47,58721,46338,654,120,No
CUST100183,29,83794,77159,698,84,Yes
CUST100184,57,100007,44124,735,120,No
CUST100185,53,58421,21507,640,72,No
CUST100186,62,59714,69991,635,36,No
CUST100187,64,98848,80814,796,240,Yes
CUST100188,44,23256,27475,749,12,Yes
CUST100189,35,60287,32420,735,60,No
CUST100190,52,74761,67512,735,120,No
CUST100191,52,81230,34328,712,60,No
CUST100192,44,57255,26406,821,12,No
CUST100193,61,70861,50446,683,24,No
CUST100194,32,15000,7794,720,84,No
CUST100195,59,53544,19684,578,360,No
CUST100196,22,81338,37650,622,60,No
CUST100197,23,45443,10713,596,60,Yes
CUST100198,57,71475,64644,769,48,No
CUST100199,37,81172,56180,501,36,No
CUST100200,22,61436,18077,652,12,No
CUST100201,22,74262,27603,470,36,No
CUST100202,48,45932,13896,622,60,No
CUST100203,43,64835,52684,646,36,No
CUST100204,57,85255,25083,777,24,No
CUST100205,52,73924,70544,708,120,Yes
CUST100206,53,55337,12202,622,180,No
CUST100207,21,75605,33975,755,240,No
CUST100208,39,87865,95831,681,72,No
CUST100209,22,18751,17223,683,24,Yes
CUST100210,64,98977,27018,596,120,No
CUST100211,46,61594,62895,611,24,No
CUST100212,52,80637,55884,622,84,No
CUST100213,26,99931,104606,683,120,No
CUST100214,52,35708,28593,685,120,Yes
CUST100215,24,52264,46088,788,360,No
CUST100216,31,62786,74935,707,120,No
CUST100217,37,50406,21792,490,84,No
CUST100218,58,113373,93413,698,36,No
CUST100219,44,48581,32079,578,240,Yes
CUST100220,25,56111,13436,612,36,No
CUST100221,54,75110,16109,623,240,No
CUST100222,26,39946,12752,634,48,No
CUST100223,42,60108,51037,584,36,No
CUST100224,31,77936,59790,694,180,No
CUST100225,36,61678,46470,581,12,No
CUST100226,53,67665,15689,705,180,No
CUST100227,29,56767,37994,837,36,No
CUST100228,26,32138,36143,587,180,Yes
CUST100229,36,78040,46636,660,84,No
CUST100230,49,113873,93936,503,84,Yes
CUST100231,23,70460,69038,659,60,No
CUST100232,40,75632,74416,725,24,Yes
CUST100233,56,87318,62806,730,180,No
CUST100234,39,38267,40485,685,36,Yes
CUST100235,46,112563,66567,742,60,No
CUST100236,23,75058,81715,850,72,Yes
CUST100237,39,110796,48775,800,60,No
CUST100238,40,51674,24815,643,36,No
CUST100239,52,115452,29223,578,36,No
CUST100240,27,89379,88984,652,24,No
CUST100241,61,83826,51725,614,180,No
CUST100242,53,75851,32549,712,12,Yes
CUST100243,60,63787,27543,597,360,No
CUST100244,59,100013,110154,675,36,No
CUST100245,38,73509,76002,739,24,Yes
CUST100246,60,20823,15691,673,72,Yes
CUST100247,21,42070,34334,614,24,No
CUST100248,31,65354,44070,762,72,No
CUST100249,48,77750,46002,548,180,No
CUST100250,45,68585,76505,657,12,Yes
CUST100251,43,100474,32716,677,120,No
CUST100252,51,21222,13125,681,60,Yes
CUST100253,50,73590,40074,693,36,No
CUST100254,62,24551,17140,723,36,No
CUST100255,55,88993,58525,678,240,No
CUST100256,27,67639,48625,654,24,No
CUST100257,36,80490,27360,651,180,No
CUST100258,46,48403,34518,637,60,No
CUST100259,22,101987,45121,735,12,No
CUST100260,21,96043,36912,635,60,No
CUST100261,32,84589,22402,739,180,No
CUST100262,25,66762,64269,681,120,No
CUST100263,57,84496,53016,644,60,No
CUST100264,52,52328,43257,723,180,No
CUST100265,29,91389,84772,629,24,No
CUST100266,61,111237,97813,725,240,No
CUST100267,55,96765,64881,695,180,No
CUST100268,39,51760,30430,638,120,No
CUST100269,36,79035,45521,717,180,No
CUST100270,23,37671,31645,718,60,No
CUST100271,40,84310,58578,761,84,No
CUST100272,44,81265,85258,748,72,No
CUST100273,53,23255,24992,714,48,Yes
CUST100274,44,40955,15176,601,72,Yes
CUST100275,31,62922,21156,850,36,No
CUST100276,28,62479,51883,582,60,No
CUST100277,56,39763,19930,746,48,No
CUST100278,58,79724,17425,710,24,No
CUST100279,60,76287,83049,598,48,No
CUST100280,40,65143,27810,671,180,Yes
CUST100281,55,51105,57712,674,60,No
CUST100282,45,96218,88274,771,120,Yes
CUST100283,55,111385,107225,630,36,No
CUST100284,45,57911,23249,662,60,No
CUST100285,49,54696,23749,516,24,No
CUST100286,38,82280,59346,801,36,No
CUST100287,38,61049,22716,605,72,No
CUST100288,22,66515,33619,703,72,No
CUST100289,55,88491,46145,673,36,No
CUST100290,36,22266,8008,673,60,No
CUST100291,61,102958,41717,737,180,No
CUST100292,56,71817,70995,797,36,Yes
CUST100293,53,59713,21926,698,12,No
CUST100294,24,67769,15482,726,84,No
CUST100295,53,69061,57276,703,24,Yes
CUST100296,34,26720,31422,751,360,No
CUST100297,41,107373,57038,648,72,No
CUST100298,40,71033,22635,755,60,No
CUST100299,28,81075,62459,758,60,No
CUST100300,27,93789,103764,756,72,No
CUST100301,23,44471,43762,634,24,No
CUST100302,37,81837,67312,668,240,No
CUST100303,53,63309,32608,697,72,No
CUST100304,32,91169,67636,584,36,No
CUST100305,42,16819,5000,792,72,Yes
CUST100306,42,67523,59349,679,36,No
CUST100307,50,54929,50815,700,12,No
CUST100308,58,80807,94143,640,72,No
CUST100309,58,81751,37638,587,84,No
CUST100310,65,52309,11427,638,72,No
CUST100311,28,52196,38918,695,36,No
CUST100312,47,67233,60966,727,72,No
CUST100313,47,47584,47128,691,24,Yes
CUST100314,54,91050,35850,704,72,No
CUST100315,41,60770,28061,656,60,No
CUST100316,50,15000,10689,715,84,Yes
CUST100317,53,60629,32170,784,180,No
CUST100318,48,44036,46701,729,180,No
CUST100319,53,29218,19686,737,360,No
CUST100320,25,39064,39048,701,360,No
CUST100321,39,72735,56778,575,120,No
CUST100322,24,103216,100438,607,360,No
CUST100323,55,77830,41458,712,180,No
CUST100324,37,54837,56560,679,120,No
CUST100325,64,81398,38629,711,24,No
CUST100326,48,58523,43664,797,12,No
CUST100327,50,52635,21791,731,180,No
CUST100328,49,41141,27792,768,60,No
CUST100329,26,26204,13578,687,180,Yes
CUST100330,55,60252,28120,623,48,No
CUST100331,61,73951,86300,676,60,No
CUST100332,57,67584,24335,624,120,No
CUST100333,44,59601,58846,789,240,Yes
CUST100334,49,46356,54893,735,24,No
CUST100335,51,85206,18737,716,180,No
CUST100336,55,37072,33329,767,120,Yes
CUST100337,53,89401,40491,539,48,No
CUST100338,41,44945,10809,721,48,No
CUST100339,52,51189,30861,588,12,Yes
CUST100340,43,33330,37837,679,12,No
CUST100341,53,57465,12169,658,60,No
CUST100342,23,94383,74363,726,24,No
CUST100343,38,82891,58139,696,36,No
CUST100344,45,94461,101393,774,180,No
CUST100345,62,83054,23587,638,72,No
CUST100346,51,42408,37384,730,72,No
CUST100347,23,61730,54329,691,36,Yes
CUST100348,60,50495,43884,566,180,No
CUST100349,44,103264,117962,616,180,No
CUST100350,52,40080,41005,670,60,Yes
CUST100351,42,92342,22344,758,240,Yes
CUST100352,43,92324,61957,712,180,No
CUST100353,22,115741,69208,598,120,Yes
CUST100354,47,59758,30485,670,120,No
CUST100355,62,87808,57193,821,24,No
CUST100356,22,127041,74217,688,36,No
CUST100357,46,54559,34500,657,24,No
CUST100358,37,31624,37293,714,12,No
CUST100359,60,23000,6639,733,36,Yes
CUST100360,53,87818,98552,648,180,No
CUST100361,29,22921,15592,715,36,No
CUST100362,63,60692,49995,657,360,No
CUST100363,59,80933,83376,730,72,No
CUST100364,49,74629,41827,692,36,No
CUST100365,62,80636,50835,714,60,No
CUST100366,46,75557,46053,627,36,No
CUST100367,55,101972,58606,623,360,No
CUST100368,45,46192,51990,746,180,No
CUST100369,44,53075,54610,674,12,No
CUST100370,33,50684,15661,700,240,No
CUST100371,27,90755,27964,659,120,No
CUST100372,56,92510,58084,743,24,No
CUST100373,65,81281,24275,637,84,No
CUST100374,40,99587,81571,671,84,Yes
CUST100375,21,40549,13936,735,36,No
CUST100376,28,111681,80675,762,120,No
CUST100377,36,108081,22397,643,24,No
CUST100378,34,88391,45662,817,60,No
CUST100379,32,114545,100478,702,12,No
CUST100380,43,28584,19553,607,360,No
CUST100381,35,56889,67031,706,120,Yes
CUST100382,48,51617,55442,653,36,No
CUST100383,54,88037,49219,710,48,No
CUST100384,22,43746,10739,677,36,No
CUST100385,52,88937,92995,685,120,No
CUST100386,43,104263,115861,616,24,No
CUST100387,42,87380,89182,749,180,No
CUST100388,45,77094,25283,599,240,No
CUST100389,42,45303,54269,602,84,No
CUST100390,42,48829,22392,706,36,No
CUST100391,62,101240,93567,792,60,Yes
CUST100392,26,89484,99151,655,60,Yes
CUST100393,35,69025,30073,729,72,No
CUST100394,63,59552,65999,755,84,No
CUST100395,57,19355,9861,737,60,No
CUST100396,53,43229,50855,658,48,No
CUST100397,28,117785,56685,604,180,Yes
CUST100398,64,37989,43818,525,24,No
CUST100399,64,74737,18949,662,60,Yes
CUST100400,25,95186,86550,762,120,No
CUST100401,59,38627,28279,601,24,No
CUST100402,24,74618,50582,729,120,No
CUST100403,26,93448,39575,613,180,No
CUST100404,65,70312,63674,687,84,No
CUST100405,52,141710,55382,730,12,No
CUST100406,50,28285,21294,634,36,No
CUST100407,55,96468,43724,692,48,No
CUST100408,60,65680,75901,651,36,No
CUST100409,36,89298,20416,729,360,No
CUST100410,33,81033,32391,696,84,No
CUST100411,62,51671,22855,684,48,No
CUST100412,50,75725,46500,789,240,No
CUST100413,39,23552,10192,726,120,Yes
CUST100414,37,85081,58821,632,48,No
CUST100415,39,77454,83067,674,60,Yes
CUST100416,48,85967,78407,675,36,Yes
CUST100417,46,96453,75230,686,360,No
CUST100418,57,79190,22886,850,60,No
CUST100419,46,73702,65889,706,180,Yes
CUST100420,43,47973,17578,537,48,Yes
CUST100421,29,52194,51482,642,180,No
CUST100422,32,99668,44856,545,24,No
CUST100423,21,105908,65350,657,360,No
CUST100424,21,64047,35256,541,240,No
CUST100425,54,71150,75335,619,60,Yes
CUST100426,52,47385,15473,574,120,Yes
CUST100427,45,99319,76043,707,120,No
CUST100428,60,86635,29635,680,240,No
CUST100429,65,118530,107245,701,48,No
CUST100430,21,48042,53090,673,60,No
CUST100431,36,60550,38425,582,180,No
CUST100432,59,75786,52148,716,120,No
CUST100433,25,86162,97141,815,60,No
CUST100434,42,64608,46582,709,180,No
CUST100435,49,48176,33126,650,12,No
CUST100436,23,92035,71634,580,120,Yes
CUST100437,32,88028,78277,616,36,No
CUST100438,46,47093,14452,712,48,No
CUST100439,36,103886,106079,755,60,No
CUST100440,57,99255,63077,698,60,No
CUST100441,42,73357,19979,736,60,No
CUST100442,49,71990,70995,730,60,No
CUST100443,34,83851,48378,715,48,No
CUST100444,48,48457,14555,634,36,No
CUST100445,25,70751,58991,692,120,No
CUST100446,50,16190,17487,621,60,No
CUST100447,25,91911,99977,681,60,No
CUST100448,32,30963,35845,703,84,No
CUST100449,36,107585,114869,798,240,No
CUST100450,46,61747,12482,588,120,No
CUST100451,46,64708,37546,714,12,No
CUST100452,41,54307,55314,784,180,No
CUST100453,59,62799,35560,733,360,No
CUST100454,56,105463,84534,738,60,No
CUST100455,53,15000,12095,721,360,No
CUST100456,50,101924,57590,771,60,No
CUST100457,57,78451,86647,604,60,No
CUST100458,43,39824,28005,583,48,No
CUST100459,30,43117,28664,680,84,No
CUST100460,25,111910,134014,529,36,Yes
CUST100461,56,46362,32152,766,24,No
CUST100462,54,41166,15577,765,12,No
CUST100463,51,98433,70190,650,48,Yes
CUST100464,30,78464,79564,654,60,No
CUST100465,39,46552,45475,675,60,No
CUST100466,52,75416,74555,684,48,No
CUST100467,21,44356,40276,689,360,No
CUST100468,25,97521,44296,719,48,No
CUST100469,65,96534,102527,668,60,No
CUST100470,24,83300,91084,746,24,No
CUST100471,36,79042,31155,711,36,No
CUST100472,44,114030,37682,638,12,No
CUST100473,36,69992,82283,773,60,No
CUST100474,22,40453,43217,585,120,Yes
CUST100475,48,81237,88811,674,36,Yes
CUST100476,52,122151,132702,748,60,No
CUST100477,47,44631,33102,629,12,No
CUST100478,40,60963,51599,702,180,No
CUST100479,44,80411,59935,718,120,No
CUST100480,32,68652,17246,620,24,No
CUST100481,55,45442,42966,675,60,No
CUST100482,53,98046,69155,669,360,No
CUST100483,53,128001,108508,641,60,No
CUST100484,63,74903,52630,841,60,No
CUST100485,57,47398,32790,627,48,No
CUST100486,32,31276,11628,750,72,No
CUST100487,23,76449,36597,653,360,No
CUST100488,21,97597,35023,604,360,No
CUST100489,53,81879,32397,687,120,No
CUST100490,60,69940,82038,725,60,No
CUST100491,30,55268,19516,744,60,No
CUST100492,63,42696,20036,789,48,No
CUST100493,64,90869,71840,850,360,No
CUST100494,49,92844,75220,698,120,No
CUST100495,33,31357,11100,634,60,No
CUST100496,32,109746,109057,712,12,Yes
CUST100497,51,84352,83104,661,60,No
CUST100498,22,104990,45914,745,360,No
CUST100499,55,36447,17810,589,60,No
CUST100500,43,35854,40801,846,36,Yes
CUST100501,37,66276,67977,740,12,No
CUST100502,46,82570,74131,562,48,No
CUST100503,28,114909,32431,630,240,No
CUST100504,49,87652,54192,737,360,No
CUST100505,46,63933,48544,762,240,Yes
CUST100506,30,44341,17178,591,120,No
CUST100507,46,100750,65309,730,60,No
CUST100508,54,45882,36753,544,72,Yes
CUST100509,61,110712,58387,674,60,No
CUST100510,27,62890,61692,758,120,Yes
CUST100511,24,109765,114205,641,60,No
CUST100512,65,86973,45540,575,84,No
CUST100513,31,66575,69149,690,24,No
CUST100514,49,57015,17308,638,36,No
CUST100515,56,61477,63796,724,180,No
CUST100516,45,80708,28470,618,240,No
CUST100517,41,71929,20351,626,60,No
CUST100518,56,55155,46428,539,12,No
CUST100519,30,65859,44253,692,240,No
CUST100520,57,71964,79728,669,120,No
CUST100521,29,16782,9451,597,60,Yes
CUST100522,44,81454,39681,694,72,No
CUST100523,55,45507,31888,752,60,No
CUST100524,55,41167,27003,665,60,No
CUST100525,56,27816,15144,699,180,No
CUST100526,38,25153,22480,699,36,No
CUST100527,59,36114,34654,596,24,No
CUST100528,52,52274,55044,824,12,Yes
CUST100529,44,118831,139372,647,48,No
CUST100530,43,56853,26531,726,36,No
CUST100531,52,74444,68198,734,36,No
CUST100532,57,80012,47548,670,12,No
CUST100533,32,73277,64270,722,36,Yes
CUST100534,33,68064,46010,697,48,No
CUST100535,43,40118,47892,581,12,Yes
CUST100536,45,106273,98717,657,72,No
CUST100537,55,115180,132744,637,72,Yes
CUST100538,61,27934,28911,648,24,No
CUST100539,50,44399,48968,589,72,Yes
CUST100540,37,63005,63913,759,360,No
CUST100541,40,45887,30247,792,240,No
CUST100542,45,82649,37340,748,12,No
CUST100543,42,51793,29539,769,120,No
CUST100544,33,124126,27337,656,48,No
CUST100545,39,99764,72228,635,24,Yes
CUST100546,56,75314,53101,625,48,No
CUST100547,32,95675,69388,725,48,No
CUST100548,61,97648,114642,696,60,Yes
CUST100549,39,55901,62131,675,84,Yes
CUST100550,32,49595,17939,771,120,No
CUST100551,29,71954,40933,708,36,No
CUST100552,27,91541,57118,621,48,No
CUST100553,48,73477,41186,632,48,No
CUST100554,34,30575,30529,728,60,Yes
CUST100555,51,49929,36150,753,360,No
CUST100556,39,68151,52619,719,120,No
CUST100557,36,68108,71719,813,360,No
CUST100558,25,119314,120021,794,84,Yes
CUST100559,55,35350,11744,711,60,No
CUST100560,32,82640,75526,621,60,No
CUST100561,45,107228,68137,588,60,No
CUST100562,41,126786,62715,653,60,No
CUST100563,56,59890,14974,733,180,No
CUST100564,43,82286,56551,808,60,No
CUST100565,36,84244,46792,709,48,Yes
CUST100566,59,74887,33812,762,120,No
CUST100567,65,67529,60416,663,180,Yes
CUST100568,62,80899,78430,724,60,No
CUST100569,59,15000,6672,738,84,No
CUST100570,34,87052,21715,541,24,No
CUST100571,51,73154,76720,651,60,Yes
CUST100572,25,64438,13529,746,12,No
CUST100573,55,121172,137786,699,12,No
CUST100574,43,53127,43969,596,72,Yes
CUST100575,49,59923,31271,510,48,No
CUST100576,63,119789,53483,654,120,No
CUST100577,31,49198,10283,675,180,No
CUST100578,38,56247,24494,618,36,No
CUST100579,32,66324,22399,690,120,No
CUST100580,29,91018,73922,715,60,No
CUST100581,30,75195,27562,727,24,No
CUST100582,64,37684,27458,515,84,No
CUST100583,37,56696,44796,588,72,No
CUST100584,58,54816,27301,659,60,No
CUST100585,27,68069,16001,720,240,Yes
CUST100586,33,80646,19134,714,60,No
CUST100587,60,80455,18211,713,360,No
CUST100588,62,25600,24042,653,60,No
CUST100589,29,96599,50039,657,24,No
CUST100590,47,76314,76032,629,60,No
CUST100591,22,104613,66087,734,36,No
CUST100592,25,81105,52961,616,72,No
CUST100593,49,97533,69530,740,84,No
CUST100594,57,81664,74562,695,60,No
CUST100595,58,103656,49081,677,24,No
CUST100596,39,83056,26710,634,60,Yes
CUST100597,28,67552,51073,585,24,No
CUST100598,65,126811,66827,635,84,No
CUST100599,21,92226,59254,657,120,No
CUST100600,42,84344,71435,514,360,No
CUST100601,37,38092,26441,666,36,No
CUST100602,27,37792,31000,745,60,Yes
CUST100603,45,77318,57540,720,72,No
CUST100604,65,73638,69205,645,240,No
CUST100605,24,54647,49507,683,72,Yes
CUST100606,56,73525,53981,641,36,No
CUST100607,26,109716,96430,690,60,No
CUST100608,51,87385,93813,788,84,Yes
CUST100609,39,41475,26223,748,120,No
CUST100610,64,67212,41185,716,180,No
CUST100611,59,49876,48093,645,36,No
CUST100612,47,60308,47194,732,360,No
CUST100613,30,59660,16168,562,24,No
CUST100614,46,58059,63407,662,360,No
CUST100615,39,38622,8913,721,180,No
CUST100616,59,66809,63361,732,84,Yes
CUST100617,23,55985,53678,727,120,Yes
CUST100618,65,15000,17297,701,24,Yes
CUST100619,33,121324,30833,666,12,No
CUST100620,48,97219,77470,718,24,No
CUST100621,40,60592,38042,613,24,No
CUST100622,48,70470,37394,621,60,No
CUST100623,28,40709,11819,684,36,No
CUST100624,61,112393,85717,692,180,No
CUST100625,59,117432,79741,552,60,No
CUST100626,21,73917,22512,712,84,No
CUST100627,23,95588,77664,734,84,No
CUST100628,33,74382,69767,675,48,No
CUST100629,48,36582,35385,846,36,Yes
CUST100630,45,59704,65995,632,48,No
CUST100631,53,73298,44673,655,120,No
CUST100632,58,58636,67612,652,72,No
CUST100633,26,64534,68756,675,36,No
CUST100634,64,67715,33621,657,180,No
CUST100635,65,67978,24423,582,24,No
CUST100636,52,71306,45307,642,84,No
CUST100637,65,43485,26174,673,60,No
CUST100638,41,52075,40396,766,120,No
CUST100639,36,37885,29679,834,240,Yes
CUST100640,41,94445,89722,773,120,No
CUST100641,31,17359,12323,626,60,No
CUST100642,57,98840,30129,631,36,No
CUST100643,56,104659,110760,669,180,Yes
CUST100644,55,62445,31832,805,60,No
CUST100645,39,15000,17569,668,24,Yes
CUST100646,40,60967,19379,587,120,No
CUST100647,38,68395,79219,645,48,Yes
CUST100648,61,44735,13018,733,12,No
CUST100649,34,57120,24621,728,240,No
CUST100650,35,108255,26694,666,60,No
CUST100651,51,86623,78404,728,48,No
CUST100652,21,46886,49244,521,120,No
CUST100653,23,30060,19060,687,180,Yes
CUST100654,36,61825,69771,740,12,No
CUST100655,43,64664,51104,622,84,Yes
CUST100656,31,82405,68397,621,120,Yes
CUST100657,32,56617,59188,549,36,No
CUST100658,30,82787,41129,791,60,No
CUST100659,52,118379,65613,630,24,No
CUST100660,36,90388,99965,697,120,No
CUST100661,28,68798,75744,722,180,No
CUST100662,58,65421,76967,786,24,Yes
CUST100663,32,61083,67304,669,180,Yes
CUST100664,44,99516,32579,642,120,No
CUST100665,48,54317,55606,692,48,No
CUST100666,28,71131,43378,770,84,No
CUST100667,48,71280,84880,668,12,Yes
CUST100668,56,57455,38626,613,240,No
CUST100669,46,35688,26903,572,60,Yes
CUST100670,28,78074,56976,595,72,Yes
CUST100671,48,68475,35726,741,84,No
CUST100672,48,82506,22691,658,72,Yes
CUST100673,57,56660,62080,637,180,No
CUST100674,61,100521,100790,630,72,No
CUST100675,56,48081,16325,686,240,No
CUST100676,47,112801,110180,663,72,Yes
CUST100677,37,26309,21727,661,36,No
CUST100678,29,80869,49261,774,240,No
CUST100679,53,81886,37178,788,84,No
CUST100680,40,50111,53104,567,84,No
CUST100681,33,80610,72564,703,360,Yes
CUST100682,48,101988,76260,626,24,No
CUST100683,49,15000,12144,663,60,No
CUST100684,33,82569,24033,702,36,No
CUST100685,55,15000,10109,665,72,No
CUST100686,26,45858,18054,696,180,No
CUST100687,38,110729,45220,727,360,No
CUST100688,25,55455,47764,701,60,No
CUST100689,45,40653,45176,635,120,No
CUST100690,22,65052,39276,636,240,No
CUST100691,30,121698,49622,579,84,No
CUST100692,50,24208,20546,620,36,No
CUST100693,65,43717,46829,817,72,Yes
CUST100694,25,107436,101884,625,360,No
CUST100695,53,116443,124449,596,360,No
CUST100696,21,67414,49654,702,84,No
CUST100697,38,39024,37146,672,180,No
CUST100698,52,122396,41623,666,36,No
CUST100699,31,109861,60234,779,36,No
CUST100700,41,86974,51275,718,360,No
CUST100701,46,49690,35344,643,36,No
CUST100702,45,68774,77651,650,36,Yes
CUST100703,42,65991,70894,645,60,No
CUST100704,47,78271,26184,741,72,Yes
CUST100705,33,106275,39618,658,72,No
CUST100706,53,91985,51295,554,48,Yes
CUST100707,54,43066,21134,677,240,No
CUST100708,61,104412,85072,572,240,No
CUST100709,55,77828,85827,833,60,Yes
CUST100710,21,87177,101325,612,60,No
CUST100711,41,106664,91049,669,120,No
CUST100712,26,42210,43821,698,84,No
CUST100713,48,69104,50114,660,60,Yes
CUST100714,37,56714,23158,660,60,No
CUST100715,25,30804,22323,710,48,No
CUST100716,51,78668,59401,787,36,No
CUST100717,25,132789,125148,734,60,No
CUST100718,58,23998,10076,783,84,No
CUST100719,23,69193,39323,607,120,No
CUST100720,43,86014,48514,702,120,No
CUST100721,57,73077,84728,691,60,Yes
CUST100722,57,67172,43255,705,120,No
CUST100723,30,37520,35835,776,12,Yes
CUST100724,30,75820,72091,665,60,No
CUST100725,39,51081,23780,652,120,No
CUST100726,37,15252,11773,717,72,No
CUST100727,41,99865,109283,556,60,Yes
CUST100728,34,93960,63442,663,84,No
CUST100729,29,71292,81638,671,240,No
CUST100730,21,75727,31386,616,72,No
CUST100731,65,96858,26555,754,120,No
CUST100732,33,75608,82523,606,360,Yes
CUST100733,24,92600,97015,670,120,No
CUST100734,21,62563,74612,701,72,No
CUST100735,60,102800,90402,775,12,No
CUST100736,52,78020,88684,679,60,No
CUST100737,54,74851,76868,746,72,No
CUST100738,48,38248,39947,729,120,No
CUST100739,51,77174,59358,689,60,No
CUST100740,28,49201,28653,604,360,No
CUST100741,59,54043,61315,580,36,No
CUST100742,46,49616,31363,687,120,No
CUST100743,54,43344,32023,642,60,No
CUST100744,23,123119,79549,744,60,No
CUST100745,32,103283,78993,732,180,No
CUST100746,21,118009,79126,667,48,Yes
CUST100747,64,39428,9777,599,24,No
CUST100748,25,71781,77671,716,60,No
CUST100749,50,37662,24269,609,60,Yes
CUST100750,50,52608,41505,627,120,No
CUST100751,37,47047,15958,611,360,No
CUST100752,43,100990,20540,670,24,No
CUST100753,35,60094,26759,762,72,No
CUST100754,57,96709,87482,680,84,No
CUST100755,41,85103,25462,649,360,No
CUST100756,34,127591,141484,573,240,Yes
CUST100757,22,33014,13702,719,120,No
CUST100758,31,101481,41059,625,60,No
CUST100759,59,98661,37640,688,36,No
CUST100760,58,45666,9772,655,60,No
CUST100761,54,95178,92495,739,72,No
CUST100762,58,78404,84287,669,120,No
CUST100763,54,64313,52361,676,72,Yes
CUST100764,38,49402,19178,714,120,No
CUST100765,50,52022,25245,827,60,No
CUST100766,35,121245,81953,742,120,No
CUST100767,47,70017,80824,674,36,No
CUST100768,54,89553,40062,680,36,Yes
CUST100769,58,50228,46795,643,36,No
CUST100770,53,50504,32295,614,180,No
CUST100771,44,97050,48316,641,24,No
CUST100772,35,36261,23784,626,180,No
CUST100773,50,59620,16169,726,36,No
CUST100774,62,70851,70758,605,60,No
CUST100775,37,72784,32265,773,240,No
CUST100776,25,65523,60636,733,72,No
CUST100777,49,79895,21440,681,36,No
CUST100778,24,87321,100864,680,48,Yes
CUST100779,30,88366,34729,641,240,No
CUST100780,37,45355,49108,699,60,No
CUST100781,30,62896,63492,756,72,No
CUST100782,37,99869,116633,631,60,No
CUST100783,40,92366,62614,573,60,No
CUST100784,44,35679,33089,729,36,Yes
CUST100785,25,78787,44965,703,84,No
CUST100786,54,20544,7896,602,120,No
CUST100787,26,71173,45770,629,36,No
CUST100788,22,117444,42955,620,120,No
CUST100789,33,46303,54732,629,180,No
CUST100790,63,49142,14558,657,240,No
CUST100791,63,89101,70320,661,36,No
CUST100792,31,31430,25976,634,48,No
CUST100793,43,54181,39990,627,180,No
CUST100794,36,84911,73209,664,36,No
CUST100795,51,54143,17119,692,12,No
CUST100796,31,64101,48397,658,180,No
CUST100797,36,88605,43169,761,48,No
CUST100798,28,80539,91829,716,60,No
CUST100799,24,76670,73762,569,60,Yes
CUST100800,60,61522,72135,717,180,No
CUST100801,24,79252,18827,722,48,No
CUST100802,45,66907,32459,650,180,No
CUST100803,23,81445,32205,575,72,No
CUST100804,52,57577,12158,681,60,No
CUST100805,23,65436,28944,679,48,No
CUST100806,47,45251,39765,601,36,Yes
CUST100807,49,69125,29799,578,72,Yes
CUST100808,52,49725,35255,674,60,No
CUST100809,39,42149,45850,664,240,Yes
CUST100810,41,76467,68343,651,60,No
CUST100811,25,75318,44786,674,60,No
CUST100812,38,89572,51277,603,60,No
CUST100813,48,59222,38834,650,120,No
CUST100814,62,80201,30239,717,60,No
CUST100815,42,83770,69864,656,36,No
CUST100816,41,81119,45764,563,180,Yes
CUST100817,26,49359,51944,647,72,No
CUST100818,21,73734,70530,605,72,No
CUST100819,25,79104,64115,699,72,No
CUST100820,61,70179,39595,702,120,No
CUST100821,32,17838,7312,564,48,No
CUST100822,46,74012,72247,733,12,Yes
CUST100823,54,125313,86016,602,180,No
CUST100824,34,60999,25909,789,24,No
CUST100825,46,51798,20469,677,120,No
CUST100826,65,79334,28989,593,24,No
CUST100827,47,77809,76032,600,60,No
CUST100828,29,99818,42821,704,24,No
CUST100829,46,38553,28014,653,60,No
CUST100830,42,88285,57522,673,84,No
CUST100831,50,84761,66081,793,36,No
CUST100832,63,66446,71573,631,60,No
CUST100833,37,78467,83783,684,240,No
CUST100834,46,95736,62331,779,60,No
CUST100835,56,91808,19772,699,180,No
CUST100836,21,41425,25950,568,240,No
CUST100837,28,90504,72964,715,360,No
CUST100838,55,68383,51818,599,180,No
CUST100839,35,71822,61145,778,48,No
CUST100840,42,71830,25433,622,360,No
CUST100841,34,66244,56078,850,180,No
CUST100842,46,99793,38186,783,180,No
CUST100843,48,67907,64547,624,12,Yes
CUST100844,43,42011,22648,681,360,No
CUST100845,34,60162,54741,733,120,No
CUST100846,44,74467,18458,735,120,No
CUST100847,22,100730,61230,711,24,No
CUST100848,65,85077,76998,768,36,No
CUST100849,46,48737,20804,671,360,No
CUST100850,34,132130,131507,654,60,No
CUST100851,27,76619,63654,656,60,No
CUST100852,23,101885,80241,740,180,No
CUST100853,43,66207,36649,706,24,No
CUST100854,63,83334,56871,700,60,No
CUST100855,65,90987,72548,736,60,No
CUST100856,38,100455,67552,536,48,Yes
CUST100857,58,96434,86628,702,48,No
CUST100858,55,91805,58177,695,36,No
CUST100859,35,62123,24990,797,36,No
CUST100860,45,55706,23059,573,84,No
CUST100861,57,78315,16118,789,240,No
CUST100862,48,93328,46753,685,60,No
CUST100863,30,64432,61141,714,48,Yes
CUST100864,59,96629,96065,797,36,No
CUST100865,37,106315,42788,719,180,No
CUST100866,59,47092,54582,708,360,No
CUST100867,42,49077,34472,697,48,No
CUST100868,46,66491,74269,646,48,No
CUST100869,64,77690,70447,678,72,No
CUST100870,45,56886,52474,630,120,No
CUST100871,37,103805,29589,677,60,No
CUST100872,33,80602,33852,516,72,No
CUST100873,40,70986,14823,710,120,No
CUST100874,45,34102,31242,671,360,Yes
CUST100875,24,37105,20201,656,36,No
CUST100876,30,77025,75997,695,360,No
CUST100877,23,16685,8992,580,60,No
CUST100878,61,95316,97159,815,120,No
CUST100879,65,66046,21841,673,72,No
CUST100880,38,151077,56408,670,60,No
CUST100881,56,127698,69069,612,84,No
CUST100882,42,65464,39834,682,60,No
CUST100883,54,67342,36951,777,24,No
CUST100884,28,94890,91440,753,60,No
CUST100885,60,112579,33430,740,60,No
CUST100886,64,29049,16012,718,36,No
CUST100887,39,25341,26285,655,240,No
CUST100888,62,54449,14527,578,36,No
CUST100889,61,84568,96606,666,60,No
CUST100890,57,82422,97779,663,36,No
CUST100891,26,96744,27917,753,60,No
CUST100892,46,40008,19655,702,48,No
CUST100893,54,15000,8586,793,60,No
CUST100894,65,91450,89291,764,36,Yes
CUST100895,26,49295,39235,648,24,No
CUST100896,57,19538,16497,554,120,No
CUST100897,53,73627,70499,777,84,No
CUST100898,42,89829,28564,775,48,No
CUST100899,41,66949,69172,584,12,Yes
CUST100900,26,58554,53028,786,180,Yes
CUST100901,26,66016,51317,707,36,No
CUST100902,24,60735,66185,691,240,No
CUST100903,50,36299,32680,793,60,No
CUST100904,31,52133,20942,774,48,No
CUST100905,50,83032,52289,726,120,No
CUST100906,51,78042,54164,713,180,No
CUST100907,44,74201,18937,723,60,No
CUST100908,29,45121,52098,652,60,No
CUST100909,23,65462,21509,676,60,No
CUST100910,51,15573,13976,617,240,No
CUST100911,60,74462,52587,657,84,No
CUST100912,57,105721,23854,654,36,No
CUST100913,56,33147,37282,636,36,Yes
CUST100914,44,55352,58221,690,36,No
CUST100915,51,78228,56657,657,36,No
CUST100916,26,101321,43461,715,36,No
CUST100917,22,58794,18909,566,84,No
CUST100918,40,52694,29687,672,24,No
CUST100919,48,20777,9462,689,60,Yes
CUST100920,31,72586,51296,658,72,No
CUST100921,24,121052,141196,668,48,No
CUST100922,35,76934,59620,569,24,No
CUST100923,26,69443,75688,705,24,Yes
CUST100924,50,78052,66413,725,24,No
CUST100925,58,69723,47080,715,180,No
CUST100926,22,49675,52388,753,84,Yes
CUST100927,35,90582,60814,694,24,No
CUST100928,31,75644,80835,714,60,No
CUST100929,28,70440,34627,691,36,No
CUST100930,46,45616,14999,728,72,No
CUST100931,65,102588,108263,570,60,No
CUST100932,64,86618,68204,617,60,No
CUST100933,25,56177,61182,791,48,Yes
CUST100934,26,95046,108146,508,36,No
CUST100935,46,57561,14599,670,120,No
CUST100936,24,50450,35364,762,180,No
CUST100937,39,51007,29327,673,240,No
CUST100938,40,25723,21244,652,24,No
CUST100939,53,81789,81265,689,120,No
CUST100940,40,24221,11640,655,120,No
CUST100941,32,39289,29734,682,240,No
CUST100942,21,18110,16457,632,36,Yes
CUST100943,46,67848,22690,758,120,No
CUST100944,34,66242,67174,780,24,No
CUST100945,58,61833,49844,671,72,Yes
CUST100946,57,43936,50506,583,48,Yes
CUST100947,31,40694,21956,643,120,Yes
CUST100948,56,81609,25147,667,180,No
CUST100949,33,56236,39731,715,60,No
CUST100950,63,77909,22267,609,60,No
CUST100951,23,47869,55984,626,24,No
CUST100952,53,74527,17788,716,60,No
CUST100953,26,102582,97812,746,60,No
CUST100954,30,84654,61383,636,36,Yes
CUST100955,25,59690,33941,587,180,Yes
CUST100956,43,76430,20318,850,36,No
CUST100957,30,63983,52605,735,72,No
CUST100958,64,70197,55120,661,180,No
CUST100959,22,61860,29747,741,240,No
CUST100960,33,65892,73155,671,120,No
CUST100961,60,75302,37960,741,36,No
CUST100962,22,45166,29345,691,180,Yes
CUST100963,40,44603,33174,686,36,No
CUST100964,21,35286,10594,672,240,Yes
CUST100965,57,29993,33957,579,120,No
CUST100966,29,39568,22733,816,120,Yes
CUST100967,37,73987,20774,614,24,No
CUST100968,29,47680,28002,585,72,No
CUST100969,31,82840,66289,665,180,Yes
CUST100970,35,70868,50575,613,180,No
CUST100971,44,20787,18595,676,12,No
CUST100972,58,86374,22067,728,240,Yes
CUST100973,55,90270,43739,750,12,No
CUST100974,50,45153,46021,737,72,Yes
CUST100975,51,80505,22533,659,84,No
CUST100976,25,48588,51284,683,24,Yes
CUST100977,64,72442,21146,709,12,No
CUST100978,34,38388,39711,557,120,Yes
CUST100979,31,25172,14116,720,60,Yes
CUST100980,29,60430,49082,578,24,No
CUST100981,54,66907,23611,823,120,No
CUST100982,32,60058,15986,652,180,No
CUST100983,55,40399,16803,667,72,No
CUST100984,55,60003,19672,626,36,No
CUST100985,21,76732,39318,636,12,No
CUST100986,60,68878,49205,839,120,No
CUST100987,42,74563,58812,746,60,No
CUST100988,49,53247,52708,572,84,No
CUST100989,28,99293,85019,785,180,No
CUST100990,31,40596,32832,764,60,No
CUST100991,61,82189,50282,660,24,Yes
CUST100992,57,99547,67076,701,240,No
CUST100993,34,82023,50405,679,60,No
CUST100994,50,64937,67675,818,72,No
CUST100995,55,56793,24421,624,240,Yes
CUST100996,41,95902,19729,690,240,No
CUST100997,57,34426,29308,650,72,Yes
CUST100998,25,45747,18411,580,48,No
CUST100999,39,60061,65473,833,360,No
CUST101000,34,100941,106901,597,84,No
CUST101001,46,79494,21998,695,60,No
CUST101002,24,45799,14032,558,60,No
CUST101003,45,62242,43269,652,60,No
CUST101004,65,54642,44218,710,180,No
CUST101005,62,52255,24816,622,60,No
CUST101006,45,94472,86612,721,180,Yes
CUST101007,38,35706,28383,661,180,No
CUST101008,60,110220,57846,761,180,No
CUST101009,28,90706,20443,775,120,No
CUST101010,59,97272,92423,639,180,No
CUST101011,60,58427,24233,685,60,No
CUST101012,34,66251,68535,693,24,No
CUST101013,52,34171,21196,723,180,No
CUST101014,58,56883,44202,681,60,No
CUST101015,53,82341,88348,693,24,No
CUST101016,43,102402,108917,663,24,No
CUST101017,35,42321,24187,688,36,No
CUST101018,53,60862,24886,771,120,No
CUST101019,45,66218,64572,725,120,No
CUST101020,37,35105,22224,729,36,No
CUST101021,53,84784,33239,731,180,No
CUST101022,22,51900,57320,669,48,Yes
CUST101023,34,65115,25923,702,120,No
CUST101024,60,58701,13255,604,60,No
CUST101025,60,50267,11073,769,120,No
CUST101026,59,69824,57417,485,60,No
CUST101027,26,64610,55673,674,48,No
CUST101028,26,60704,31022,760,180,No
CUST101029,23,51788,26930,585,12,No
CUST101030,27,77988,42074,708,360,No
CUST101031,28,111340,97997,632,84,No
CUST101032,62,73497,18972,654,60,No
CUST101033,35,94903,107157,746,72,Yes
CUST101034,49,35244,14891,694,24,Yes
CUST101035,53,73944,88709,538,60,Yes
CUST101036,50,42566,15814,612,360,Yes
CUST101037,59,33077,32136,748,36,Yes
CUST101038,47,51516,21813,711,120,No
CUST101039,56,99797,28028,802,60,No
CUST101040,49,93750,100775,798,84,No
CUST101041,58,76075,80545,656,36,No
CUST101042,53,31682,19122,850,60,No
CUST101043,57,65093,58740,682,360,Yes
CUST101044,47,77543,58705,613,36,No
CUST101045,53,74388,78327,636,72,No
CUST101046,24,23905,12312,522,72,No
CUST101047,42,47742,34550,792,72,No
CUST101048,22,68398,46878,792,72,No
CUST101049,30,83407,46200,609,60,No
CUST101050,25,15097,16478,664,12,Yes
CUST101051,30,65947,24129,687,240,No
CUST101052,53,73576,25715,613,180,No
CUST101053,58,91240,70885,557,36,No
CUST101054,33,87321,74877,665,60,No
CUST101055,51,84564,33371,658,120,No
CUST101056,56,50001,29536,653,360,No
CUST101057,65,22300,25568,696,360,Yes
CUST101058,44,60174,26875,780,180,No
CUST101059,35,95041,82530,659,36,Yes
CUST101060,49,104836,98562,692,240,No
CUST101061,28,87764,56882,731,180,No
CUST101062,25,80734,91837,719,60,No
CUST101063,49,79491,74456,637,60,Yes
CUST101064,24,56097,36908,687,60,No
CUST101065,32,66748,51352,718,84,No
CUST101066,65,111727,99729,601,36,No
CUST101067,22,46436,36786,768,12,No
CUST101068,47,110369,119055,780,36,No
CUST101069,51,61949,34499,629,60,No
CUST101070,56,103136,51556,694,48,No
CUST101071,56,34830,14414,725,120,No
CUST101072,46,84648,20128,642,24,No
CUST101073,63,51581,12535,714,240,No
CUST101074,47,34618,37043,691,180,No
CUST101075,25,75463,66286,577,240,No
CUST101076,40,95237,81955,712,120,Yes
CUST101077,31,48876,39816,603,24,No
CUST101078,30,32525,34126,746,60,No
CUST101079,60,67704,46057,633,36,Yes
CUST101080,58,67814,72589,669,360,Yes
CUST101081,26,83708,46830,776,48,No
CUST101082,28,93740,105618,715,72,No
CUST101083,43,68515,61571,604,120,Yes
CUST101084,46,116388,53210,609,240,Yes
CUST101085,63,75606,57769,638,120,No
CUST101086,32,61339,44963,708,84,No
CUST101087,46,29711,10039,705,60,No
CUST101088,33,63434,50192,621,72,No
CUST101089,60,61590,31706,598,24,No
CUST101090,38,94008,23723,700,180,No
CUST101091,45,81562,93687,667,60,No
CUST101092,53,40516,34094,831,12,No
CUST101093,60,74306,80022,683,240,No
CUST101094,63,86788,76031,807,60,Yes
CUST101095,32,108201,60266,598,180,No
CUST101096,64,92188,65701,570,180,Yes
CUST101097,56,89021,77960,602,180,Yes
CUST101098,24,71502,82960,763,24,Yes
CUST101099,25,79708,36161,803,36,No
CUST101100,57,101238,108829,625,180,No
CUST101101,28,36681,41232,648,180,Yes
CUST101102,62,61264,53325,598,60,No
CUST101103,48,50686,57339,553,60,No
CUST101104,51,79479,47519,730,36,No
CUST101105,29,100756,116173,696,360,Yes
CUST101106,49,55076,49722,681,36,No
CUST101107,34,15000,5000,582,36,Yes
CUST101108,60,59694,66074,795,84,No
CUST101109,61,92837,63544,645,36,No
CUST101110,42,83441,55098,717,240,No
CUST101111,31,80705,61858,578,12,Yes
CUST101112,43,63000,22011,667,12,No
CUST101113,21,38024,25444,700,60,No
CUST101114,57,82882,85462,703,60,No
CUST101115,41,49143,10589,691,36,No
CUST101116,46,124602,58926,715,60,No
CUST101117,56,84263,17059,601,60,No
CUST101118,43,55484,34162,694,180,Yes
CUST101119,21,54715,50793,688,12,No
CUST101120,60,67676,67593,696,360,No
CUST101121,35,64012,73306,685,72,No
CUST101122,41,97921,79170,591,36,No
CUST101123,29,74660,33942,588,12,No
CUST101124,29,51709,58129,525,60,No
CUST101125,30,117261,114367,737,36,Yes
CUST101126,46,71233,55165,738,48,No
CUST101127,61,89221,79910,739,36,No
CUST101128,55,54794,61606,701,84,No
CUST101129,45,79078,72150,531,60,Yes
CUST101130,46,77778,44207,608,24,Yes
CUST101131,31,22759,20780,692,60,Yes
CUST101132,58,120382,28925,689,120,No
CUST101133,22,102266,59970,664,24,Yes
CUST101134,27,60070,36422,706,180,No
CUST101135,38,42443,15570,681,72,No
CUST101136,47,78689,17554,688,360,No
CUST101137,54,72167,24059,635,36,Yes
CUST101138,47,78892,67423,749,360,No
CUST101139,37,74789,74960,650,84,No
CUST101140,63,82656,98212,587,72,Yes
CUST101141,64,106183,58015,626,60,No
CUST101142,44,84203,67310,656,12,No
CUST101143,45,43759,49760,750,240,No
CUST101144,27,104064,38196,677,84,No
CUST101145,26,111015,101872,667,24,No
CUST101146,44,148801,142102,593,12,No
CUST101147,53,41913,12112,735,24,No
CUST101148,49,76072,80731,634,72,No
CUST101149,63,17948,18183,673,72,No
CUST101150,42,83829,19566,784,60,No
CUST101151,46,56295,16387,716,48,No
CUST101152,48,118086,29418,566,60,No
CUST101153,41,50635,27077,556,60,No
CUST101154,27,27770,19697,675,12,Yes
CUST101155,37,58218,42636,595,48,No
CUST101156,40,20613,9640,725,24,Yes
CUST101157,61,88777,98684,683,240,No
CUST101158,40,18373,10441,692,120,No
CUST101159,42,70711,17363,631,360,No
CUST101160,48,18055,9032,802,48,No
CUST101161,60,61993,45324,850,180,No
CUST101162,27,111084,67564,660,72,No
CUST101163,21,79016,37441,705,60,No
CUST101164,52,48413,16040,687,36,No
CUST101165,33,69220,70547,662,120,No
CUST101166,50,70450,84268,622,240,No
CUST101167,43,81816,43325,604,36,No
CUST101168,39,35829,20839,601,36,No
CUST101169,52,84814,69381,708,84,No
CUST101170,50,15000,13777,644,360,Yes
CUST101171,49,54253,32119,500,120,Yes
CUST101172,65,57793,63857,711,48,Yes
CUST101173,49,85833,65233,677,60,No
CUST101174,50,70566,45895,774,60,No
CUST101175,36,34861,29516,706,180,No
CUST101176,60,45375,52308,576,120,Yes
CUST101177,39,74967,74559,524,72,No
CUST101178,38,68023,16326,630,36,No
CUST101179,21,55522,29555,636,240,No
CUST101180,34,57979,38878,746,84,No
CUST101181,22,87404,44971,679,360,No
CUST101182,48,57058,51363,759,72,No
CUST101183,50,67798,69579,587,180,Yes
CUST101184,58,124248,115718,748,180,No
CUST101185,24,34408,40923,730,48,No
CUST101186,21,23704,11201,539,360,No
CUST101187,28,89590,96308,773,12,Yes
CUST101188,49,53034,51264,687,120,Yes
CUST101189,59,62044,34880,707,360,No
CUST101190,23,50471,47146,619,48,No
CUST101191,52,63505,19310,769,84,No
CUST101192,30,109963,108790,597,72,No
CUST101193,30,90053,65949,738,120,No
CUST101194,39,91556,45072,737,180,No
CUST101195,54,34594,29605,612,72,No
CUST101196,53,41221,34692,819,180,Yes
CUST101197,43,15000,6142,696,48,No
CUST101198,48,49765,11466,726,36,No
CUST101199,52,93918,59509,573,60,Yes
CUST101200,27,82924,63811,828,84,No
CUST101201,49,64462,69400,594,36,No
CUST101202,28,69442,78346,752,84,Yes
CUST101203,21,52778,38465,610,60,Yes
CUST101204,23,75119,71649,637,120,No
CUST101205,44,89147,56992,735,12,No
CUST101206,43,29603,28007,752,84,No
CUST101207,28,77491,31368,591,84,No
CUST101208,57,93311,53287,756,240,No
CUST101209,23,59622,49738,753,120,No
CUST101210,53,87518,19093,614,120,No
CUST101211,48,140366,129482,792,240,No
CUST101212,28,67391,69786,578,84,No
CUST101213,54,79833,47831,636,48,No
CUST101214,55,51549,33401,714,180,No
CUST101215,52,74531,78353,620,120,No
CUST101216,44,81507,79523,698,60,Yes
CUST101217,34,74871,36548,697,120,No
CUST101218,52,44508,23321,667,180,No
CUST101219,63,75159,66056,738,360,No
CUST101220,36,106555,81323,664,360,No
CUST101221,24,81216,29419,696,48,No
CUST101222,57,94050,47959,760,60,No
CUST101223,41,64075,70481,735,24,Yes
CUST101224,34,88748,78824,735,36,No
CUST101225,51,76982,91299,600,180,No
CUST101226,38,46227,44702,717,60,Yes
CUST101227,27,77963,89032,619,72,No
CUST101228,30,45208,18815,590,84,No
CUST101229,27,54178,52633,675,120,Yes
CUST101230,53,74733,16458,617,36,No
CUST101231,43,77431,67424,735,48,No
CUST101232,41,40269,26951,737,60,No
CUST101233,39,96350,52680,547,60,No
CUST101234,39,84300,89561,622,360,No
CUST101235,56,52382,55225,578,180,No
CUST101236,49,31560,7016,648,60,Yes
CUST101237,38,66377,53733,712,180,No
CUST101238,22,58851,33417,663,48,No
CUST101239,21,72829,44838,639,120,No
CUST101240,25,60922,62874,771,36,Yes
CUST101241,40,19814,10102,519,120,Yes
CUST101242,31,60291,68916,767,60,No
CUST101243,62,62360,23674,642,24,No
CUST101244,22,85842,74058,675,36,Yes
CUST101245,23,52545,45825,643,60,No
CUST101246,43,111967,50631,788,120,No
CUST101247,32,22209,11654,594,24,No
CUST101248,40,102779,106356,681,84,No
CUST101249,25,64392,61933,717,120,No
CUST101250,57,91490,48407,567,84,No
CUST101251,58,71995,52841,616,120,No
CUST101252,50,98489,25773,670,36,No
CUST101253,29,60316,24654,618,72,No
CUST101254,54,42534,29171,623,240,No
CUST101255,64,105513,30174,656,72,No
CUST101256,55,67163,70073,725,72,No
CUST101257,42,75539,69345,656,120,Yes
CUST101258,64,100869,115357,755,48,No
CUST101259,44,44201,39492,610,120,No
CUST101260,37,84887,96805,592,240,Yes
CUST101261,30,55253,41689,815,12,No
CUST101262,50,66696,53371,634,180,No
CUST101263,43,71807,84515,588,36,No
CUST101264,52,32494,27364,558,60,Yes
CUST101265,37,50529,11661,755,180,No
CUST101266,37,103777,95869,656,180,Yes
CUST101267,34,92155,101874,662,180,No
CUST101268,29,68434,68132,669,240,No
CUST101269,60,76078,59632,751,60,No
CUST101270,22,62644,54582,667,84,No
CUST101271,65,103915,123679,844,60,No
CUST101272,45,64991,18890,689,48,No
CUST101273,59,75796,65734,754,60,Yes
CUST101274,29,98651,47688,736,120,No
CUST101275,42,50566,42480,677,60,Yes
CUST101276,63,108970,88007,639,180,No
CUST101277,24,31738,11218,703,120,Yes
CUST101278,46,110741,45044,716,12,No
CUST101279,49,60683,49859,640,72,No
CUST101280,65,63933,20985,692,60,No
CUST101281,54,22750,10583,767,60,No
CUST101282,43,58630,60696,825,180,Yes
CUST101283,57,44005,23195,740,60,No
CUST101284,31,54809,37712,810,180,No
CUST101285,26,66567,75962,636,120,No
CUST101286,38,93945,40129,729,60,No
CUST101287,41,75190,44334,774,120,No
CUST101288,62,77692,62655,617,12,No
CUST101289,56,42612,40709,646,12,No
CUST101290,61,47981,52858,802,24,No
CUST101291,58,114968,128244,612,60,No
CUST101292,54,51620,50414,586,36,No
CUST101293,37,111405,47718,787,360,Yes
CUST101294,57,63923,14370,764,60,No
CUST101295,45,70057,40897,710,84,No
CUST101296,58,96759,33048,677,36,No
CUST101297,32,101797,92675,649,48,Yes
CUST101298,43,67230,57894,700,48,No
CUST101299,62,60294,14710,791,84,No
CUST101300,42,68602,71112,697,60,No
CUST101301,41,78449,35203,832,60,Yes
CUST101302,47,92283,58344,617,72,No
CUST101303,51,70106,60847,679,120,No
CUST101304,26,85472,53798,654,24,No
CUST101305,47,110959,71157,604,120,No
CUST101306,60,79533,21126,669,72,No
CUST101307,54,77791,46787,709,84,No
CUST101308,32,32027,30901,717,48,No
CUST101309,65,15000,16728,832,60,No
CUST101310,27,79709,48901,713,36,No
CUST101311,30,67629,42172,761,360,No
CUST101312,65,57130,51567,685,60,No
CUST101313,37,76088,86951,797,360,Yes
CUST101314,46,68490,31989,848,60,No
CUST101315,41,98195,62859,717,36,No
CUST101316,48,72153,71862,611,60,No
CUST101317,22,51327,41559,642,12,No
CUST101318,63,94754,29429,700,240,No
CUST101319,21,64572,53448,712,180,No
CUST101320,56,83163,32163,729,120,No
CUST101321,46,58065,41239,712,72,No
CUST101322,49,53754,39192,680,72,No
CUST101323,41,72104,77599,635,360,Yes
CUST101324,31,70321,46587,708,36,No
CUST101325,60,81996,39312,810,120,No
CUST101326,31,63284,27273,751,72,No
CUST101327,56,24091,25880,717,360,Yes
CUST101328,59,59181,21957,752,180,No
CUST101329,60,89845,56231,654,360,No
CUST101330,55,62566,24224,644,72,No
CUST101331,54,63840,62136,628,36,No
CUST101332,44,94659,63835,671,60,No
CUST101333,42,52201,28770,650,120,No
CUST101334,25,31430,17635,765,120,No
CUST101335,53,65984,69429,647,12,No
CUST101336,56,57896,43640,624,60,No
CUST101337,40,45844,42079,816,36,Yes
CUST101338,39,65616,71983,648,180,Yes
CUST101339,55,82288,90660,691,36,No
CUST101340,63,69768,36873,712,84,Yes
CUST101341,37,77675,89517,600,36,No
CUST101342,65,115335,25936,766,48,No
CUST101343,63,61428,35434,725,240,No
CUST101344,54,76959,84332,789,36,Yes
CUST101345,29,57270,27182,632,24,No
CUST101346,46,48841,23106,687,24,No
CUST101347,22,55377,27834,683,60,No
CUST101348,29,58031,47139,698,84,No
CUST101349,29,78987,50420,578,48,No
CUST101350,60,128727,119296,688,84,Yes
CUST101351,37,52099,57044,580,24,Yes
CUST101352,21,59584,52088,705,180,Yes
CUST101353,45,68422,27674,531,180,Yes
CUST101354,63,79895,90496,550,360,No
CUST101355,60,76589,35575,737,240,No
CUST101356,62,102102,35725,642,48,No
CUST101357,45,15000,5000,611,60,No
CUST101358,59,15000,11451,769,120,Yes
CUST101359,55,57603,18074,703,36,No
CUST101360,23,97433,33008,741,48,No
CUST101361,57,30859,15430,668,24,No
CUST101362,64,15000,7225,850,60,No
CUST101363,64,84279,67781,638,60,No
CUST101364,50,76091,77365,802,36,No
CUST101365,58,42745,41093,676,12,No
CUST101366,54,45362,20979,564,120,Yes
CUST101367,32,45756,20376,714,12,No
CUST101368,39,72763,84826,702,360,No
CUST101369,57,54342,11316,606,36,No
CUST101370,64,82352,88917,615,84,No
CUST101371,37,15000,5996,678,60,No
CUST101372,30,48579,55734,704,24,No
CUST101373,32,41849,22695,507,60,Yes
CUST101374,36,63591,40721,754,60,No
CUST101375,44,56549,51297,645,180,No
CUST101376,39,89946,70848,587,120,Yes
CUST101377,28,23517,12180,746,24,Yes
CUST101378,51,71137,53625,678,36,No
CUST101379,41,83958,78140,765,48,Yes
CUST101380,37,116416,28212,711,24,No
CUST101381,43,57956,12240,680,60,No
CUST101382,57,78111,51402,669,360,No
CUST101383,36,24903,8264,714,60,No
CUST101384,26,15000,12965,651,120,Yes
CUST101385,28,91119,37728,620,84,No
CUST101386,45,69861,44212,723,180,No
CUST101387,38,99463,39554,670,36,No
CUST101388,45,35665,26695,682,120,Yes
CUST101389,32,82998,26232,756,180,No
CUST101390,35,116720,26041,672,36,No
CUST101391,46,80493,20214,681,48,No
CUST101392,61,76915,88780,638,360,No
CUST101393,65,70214,24033,710,120,No
CUST101394,46,30728,27916,704,48,No
CUST101395,52,103889,27835,743,72,No
CUST101396,30,54729,16865,639,60,No
CUST101397,36,82612,58562,648,60,No
CUST101398,27,30924,20560,735,48,Yes
CUST101399,37,40514,46655,698,36,No
CUST101400,43,105877,121212,617,84,No
CUST101401,46,61317,60067,771,120,No
CUST101402,41,106332,85289,561,180,Yes
CUST101403,42,68044,44566,735,36,No
CUST101404,27,23953,13322,591,180,No
CUST101405,34,92302,105878,812,36,No
CUST101406,35,55253,44363,572,60,Yes
CUST101407,27,87467,68143,761,240,Yes
CUST101408,29,70630,30505,674,60,No
CUST101409,28,31422,7752,654,36,No
CUST101410,43,74107,84866,693,36,Yes
CUST101411,49,124906,64169,724,60,No
CUST101412,38,82325,52901,617,120,No
CUST101413,51,68562,21572,623,360,No
CUST101414,50,96884,100461,725,120,No
CUST101415,59,75267,17133,560,180,No
CUST101416,55,75238,77795,639,120,No
CUST101417,38,42709,14533,850,180,No
CUST101418,62,75846,82412,612,24,No
CUST101419,59,95886,89152,760,240,No
CUST101420,37,49098,17905,639,60,Yes
CUST101421,34,105612,80880,716,240,No
CUST101422,51,67707,34710,726,24,No
CUST101423,44,47806,18082,759,120,No
CUST101424,55,94941,100560,666,120,No
CUST101425,64,62830,37919,819,360,No
CUST101426,65,88988,53263,639,120,No
CUST101427,54,62706,23194,696,60,No
CUST101428,23,68504,39942,697,60,No
CUST101429,57,82339,88236,601,60,No
CUST101430,63,77272,43514,660,36,No
CUST101431,60,20112,23161,691,36,Yes
CUST101432,46,41969,48109,650,36,No
CUST101433,43,93235,32157,850,60,No
CUST101434,64,66697,25166,621,240,No
CUST101435,59,56907,60474,763,240,No
CUST101436,35,36036,21361,740,24,No
CUST101437,24,43007,8790,679,24,No
CUST101438,49,19455,9219,619,36,No
CUST101439,42,67468,53814,626,36,Yes
CUST101440,45,55039,54999,644,24,Yes
CUST101441,33,45835,15281,555,60,Yes
CUST101442,38,68297,21209,610,72,No
CUST101443,53,79099,88756,576,72,No
CUST101444,36,122330,116354,774,60,No
CUST101445,65,32203,25433,723,48,No
CUST101446,62,98985,95935,735,120,No
CUST101447,64,94328,59319,721,180,No
CUST101448,22,50523,48424,692,48,No
CUST101449,55,75081,42932,782,24,Yes
CUST101450,62,58559,26006,637,48,Yes
CUST101451,54,74642,69343,687,36,No
CUST101452,50,107728,66756,732,60,No
CUST101453,33,85140,100582,588,36,Yes
CUST101454,33,82715,45451,850,60,No
CUST101455,38,59242,66453,682,36,Yes
CUST101456,52,32899,37273,690,120,No
CUST101457,52,64788,28627,768,12,No
CUST101458,55,100165,99987,744,60,No
CUST101459,59,31821,20145,683,36,No
CUST101460,49,43623,48750,689,12,No
CUST101461,49,73157,47561,575,180,Yes
CUST101462,64,45384,42856,641,84,No
CUST101463,36,50187,33473,716,24,No
CUST101464,64,59410,25416,711,84,No
CUST101465,30,35860,14321,765,72,No
CUST101466,50,45647,28549,672,60,No
CUST101467,45,87586,83688,583,60,Yes
CUST101468,59,37316,30042,754,180,Yes
CUST101469,40,30053,26706,781,36,No
CUST101470,25,54249,26166,743,60,No
CUST101471,21,88299,60170,669,48,No
CUST101472,50,65077,15905,753,120,No
CUST101473,23,58385,59409,850,240,Yes
CUST101474,65,71109,84612,688,180,No
CUST101475,34,26357,15996,588,120,No
CUST101476,50,82368,17377,639,360,No
CUST101477,24,79586,29430,724,84,Yes
CUST101478,38,59767,50953,568,120,Yes
CUST101479,57,95148,77268,692,360,Yes
CUST101480,45,41813,41306,707,12,No
CUST101481,21,98198,44571,787,72,No
CUST101482,35,73862,71176,772,120,No
CUST101483,29,61586,54687,741,240,No
CUST101484,35,69503,36337,529,180,No
CUST101485,44,67318,50185,744,180,No
CUST101486,24,100507,34903,729,240,No
CUST101487,32,43083,28114,698,60,No
CUST101488,57,50937,55073,559,12,Yes
CUST101489,57,95908,59577,626,12,No
CUST101490,63,55112,57293,598,60,Yes
CUST101491,26,92513,73109,539,60,Yes
CUST101492,59,112486,44081,680,60,No
CUST101493,44,59955,46831,624,60,No
CUST101494,31,87034,61445,850,240,No
CUST101495,33,41158,24639,668,48,No
CUST101496,54,88868,28405,771,180,No
CUST101497,45,74986,46245,570,240,No
CUST101498,27,81826,22319,643,60,No
CUST101499,24,53861,16092,687,60,No
CUST101500,28,28473,17537,616,120,No
CUST101501,40,82581,41735,650,120,No
CUST101502,49,18415,20727,665,48,No
CUST101503,65,62066,35732,664,24,No
CUST101504,30,93530,89588,810,36,No
CUST101505,63,74797,54620,706,36,No
CUST101506,54,118709,107323,714,48,No
CUST101507,46,95628,44000,718,36,No
CUST101508,61,53653,61267,723,72,Yes
CUST101509,23,70683,51605,674,360,No
CUST101510,26,68816,70972,658,84,No
CUST101511,25,30446,17203,692,240,No
CUST101512,25,46490,13957,761,120,No
CUST101513,43,55981,48911,759,120,No
CUST101514,29,19094,5000,663,60,Yes
CUST101515,55,71187,48072,734,48,No
CUST101516,40,63773,25050,666,180,No
CUST101517,62,28178,23314,682,240,No
CUST101518,55,80105,94477,647,60,No
CUST101519,38,87897,58399,667,12,No
CUST101520,37,75676,77000,774,120,No
CUST101521,44,61898,43810,686,48,No
CUST101522,23,84786,58997,689,12,No
CUST101523,52,87006,98354,579,180,No
CUST101524,55,77685,84674,658,60,Yes
CUST101525,58,49385,48684,663,84,Yes
CUST101526,33,76915,38170,622,240,No
CUST101527,45,99887,74417,682,60,No
CUST101528,29,55084,23350,650,60,No
CUST101529,24,122448,78846,686,48,No
CUST101530,34,56859,38904,689,48,No
CUST101531,57,70810,73050,613,120,Yes
CUST101532,54,53188,58296,652,60,No
CUST101533,31,75582,46454,685,36,No
CUST101534,61,26444,5757,763,24,No
CUST101535,23,56349,59830,698,60,No
CUST101536,48,42697,15981,634,60,No
CUST101537,49,73383,60312,708,84,No
CUST101538,29,94861,21341,800,60,No
CUST101539,23,86150,51647,744,36,No
CUST101540,45,15000,17789,718,60,No
CUST101541,54,121052,36400,731,240,No
CUST101542,32,77382,48263,781,36,No
CUST101543,62,50588,25656,755,84,No
CUST101544,29,73928,81697,720,72,Yes
CUST101545,35,74405,79564,755,120,No
CUST101546,60,53329,23342,604,36,No
CUST101547,45,74948,21074,575,240,No
CUST101548,25,54813,45338,691,72,No
CUST101549,31,59891,32124,685,180,No
CUST101550,54,52843,46084,642,36,Yes
CUST101551,44,34183,7935,738,120,Yes
CUST101552,35,73646,24554,550,120,Yes
CUST101553,58,84632,75015,643,60,Yes
CUST101554,28,82872,34174,646,60,No
CUST101555,25,90498,95710,565,84,No
CUST101556,46,78109,20198,785,24,No
CUST101557,38,56682,23550,585,120,No
CUST101558,26,90992,109059,639,12,Yes
CUST101559,57,36062,22830,744,36,No
CUST101560,33,47483,42876,725,84,No
CUST101561,48,45895,17562,602,24,No
CUST101562,25,97001,78558,728,360,No
CUST101563,33,93570,86656,700,180,No
CUST101564,37,82183,42281,843,72,No
CUST101565,60,96798,99595,708,180,No
CUST101566,65,48018,38579,670,180,Yes
CUST101567,52,78715,46373,620,36,No
CUST101568,49,66871,50664,628,180,Yes
CUST101569,23,91172,70819,622,36,No
CUST101570,60,67119,24534,776,60,No
CUST101571,54,60376,36391,681,60,No
CUST101572,60,83523,45389,720,120,No
CUST101573,47,91904,55225,786,12,No
CUST101574,33,53291,51219,515,48,No
CUST101575,65,68473,46735,770,72,No
CUST101576,53,43539,49648,684,48,No
CUST101577,26,15000,7405,710,120,No
CUST101578,44,75011,46185,622,84,No
CUST101579,39,85223,84111,627,36,No
CUST101580,36,76552,57110,714,36,No
CUST101581,60,21261,15883,847,72,Yes
CUST101582,48,61229,15512,750,60,No
CUST101583,53,15000,8979,769,36,No
CUST101584,61,104243,49071,667,48,No
CUST101585,33,42849,51390,638,48,No
CUST101586,63,101385,51540,625,24,No
CUST101587,65,93647,101560,646,60,Yes
CUST101588,45,47485,41608,536,120,Yes
CUST101589,62,41680,22545,629,72,No
CUST101590,56,78759,58560,641,180,No
CUST101591,47,48892,50874,668,24,No
CUST101592,58,72562,78611,689,60,Yes
CUST101593,27,57929,20877,705,72,No
CUST101594,25,25471,13743,679,84,No
CUST101595,63,15000,8028,639,84,No
CUST101596,65,75667,18315,543,120,No
CUST101597,51,55961,44670,640,84,No
CUST101598,43,56173,59252,612,24,No
CUST101599,62,87397,50828,713,84,No
CUST101600,30,99336,93379,744,120,Yes
CUST101601,52,63186,52299,746,360,No
CUST101602,63,61485,35394,733,84,No
CUST101603,50,82504,28139,671,84,No
CUST101604,59,36077,32806,643,60,No
CUST101605,51,75579,79703,628,180,No
CUST101606,38,83797,74232,574,360,Yes
CUST101607,56,87006,18957,749,120,No
CUST101608,22,21581,8983,668,72,Yes
CUST101609,34,50966,13734,593,24,No
CUST101610,33,48043,37012,622,120,No
CUST101611,49,72497,69342,619,120,No
CUST101612,32,82019,25473,683,120,No
CUST101613,59,107418,111536,755,24,No
CUST101614,22,57626,43537,656,84,No
CUST101615,52,57561,51228,522,48,Yes
CUST101616,33,98742,115667,667,120,No
CUST101617,47,77414,21961,669,36,No
CUST101618,61,101691,111985,664,84,No
CUST101619,37,77218,25181,636,48,No
CUST101620,60,41072,24354,695,12,No
CUST101621,51,36672,38558,685,72,No
CUST101622,54,31212,34528,678,24,No
CUST101623,44,86551,61137,709,84,No
CUST101624,65,99715,79184,650,240,No
CUST101625,55,116234,105558,646,360,No
CUST101626,26,91078,94062,777,36,Yes
CUST101627,39,99071,31852,719,180,No
CUST101628,50,55500,56059,738,48,Yes
CUST101629,27,41090,27994,766,240,No
CUST101630,30,91252,59371,717,120,No
CUST101631,61,80442,50188,745,24,No
CUST101632,52,72686,51550,569,60,No
CUST101633,54,79684,91242,694,48,No
CUST101634,48,78080,58420,667,120,No
CUST101635,35,102095,117734,797,60,No
CUST101636,50,102375,38932,745,84,No
CUST101637,57,83606,77263,636,72,No
CUST101638,49,91145,92261,706,360,No
CUST101639,42,82852,72838,692,240,No
CUST101640,24,58471,47182,712,60,No
CUST101641,40,88914,68003,609,120,No
CUST101642,52,35138,37279,705,180,Yes
CUST101643,56,96347,98433,664,180,No
CUST101644,24,40137,12936,700,24,No
CUST101645,47,77145,80893,629,48,No
CUST101646,37,48871,30010,639,48,No
CUST101647,32,83835,38036,762,60,No
CUST101648,42,69152,73977,606,36,No
CUST101649,37,30131,19044,612,60,No
CUST101650,30,80517,81190,676,84,No
CUST101651,21,55552,25743,626,60,No
CUST101652,42,92029,18767,618,84,No
CUST101653,46,70033,48705,687,24,No
CUST101654,38,79886,23984,575,180,No
CUST101655,34,46061,43960,609,240,No
CUST101656,49,55267,26311,824,72,No
CUST101657,32,58534,37675,712,180,No
CUST101658,56,91418,26240,628,36,No
CUST101659,55,111934,54474,709,120,No
CUST101660,32,49871,48948,720,24,No
CUST101661,27,96921,34076,750,60,No
CUST101662,49,15758,13350,671,48,Yes
CUST101663,31,40145,44859,748,72,No
CUST101664,53,46031,40500,537,48,No
CUST101665,26,36187,36586,606,72,Yes
CUST101666,35,30410,9396,691,60,Yes
CUST101667,52,80325,36205,703,180,No
CUST101668,31,64648,70760,616,72,No
CUST101669,43,79485,72737,698,36,No
CUST101670,46,87262,73261,636,48,No
CUST101671,54,76640,66199,661,180,Yes
CUST101672,54,86444,53094,752,60,No
CUST101673,49,68262,16694,744,60,No
CUST101674,24,40325,39698,610,84,No
CUST101675,37,96445,84747,606,48,Yes
CUST101676,55,55272,37187,651,48,No
CUST101677,33,46610,51260,678,60,No
CUST101678,61,65552,35146,634,36,No
CUST101679,59,47180,23322,753,48,No
CUST101680,35,59564,63900,704,24,No
CUST101681,49,78601,78364,708,48,Yes
CUST101682,49,78709,56275,591,48,No
CUST101683,31,47554,15728,762,360,No
CUST101684,52,57807,23994,483,72,Yes
CUST101685,22,96858,82933,738,120,Yes
CUST101686,34,82410,48213,745,12,No
CUST101687,40,121877,126322,650,24,Yes
CUST101688,42,99503,114424,769,180,No
CUST101689,31,98607,99163,676,72,No
CUST101690,47,35303,20389,684,36,No
CUST101691,23,89097,88089,704,60,No
CUST101692,37,68672,37869,850,60,No
CUST101693,64,56225,20640,774,180,No
CUST101694,48,74200,17318,729,24,No
CUST101695,49,93630,54841,616,72,No
CUST101696,41,82521,91067,690,120,Yes
CUST101697,36,48038,21088,623,360,No
CUST101698,57,88561,36001,738,180,No
CUST101699,40,54060,63241,690,36,No
CUST101700,26,75417,16969,601,120,No
CUST101701,39,62416,61529,686,120,No
CUST101702,25,64528,33643,621,120,No
CUST101703,23,89156,21173,691,180,No
CUST101704,21,43995,49178,620,240,No
CUST101705,58,118630,40292,682,24,No
CUST101706,35,24473,18398,733,24,Yes
CUST101707,54,55058,26100,676,120,No
CUST101708,55,79255,21018,653,36,No
CUST101709,45,84608,21145,694,24,No
CUST101710,44,67488,21296,729,60,No
CUST101711,32,68565,18606,602,180,No
CUST101712,38,80264,77098,698,24,No
CUST101713,35,64223,44029,772,84,No
CUST101714,64,104830,56911,720,12,No
CUST101715,36,90984,56262,684,24,No
CUST101716,47,91821,103661,725,48,No
CUST101717,28,45846,50924,712,24,Yes
CUST101718,45,68015,62280,733,180,No
CUST101719,37,62488,67780,538,180,Yes
CUST101720,49,44860,23311,571,120,Yes
CUST101721,28,79004,45910,750,36,No
CUST101722,35,56559,46023,575,60,No
CUST101723,47,86385,71149,708,36,No
CUST101724,27,43245,29480,655,48,No
CUST101725,23,112976,67860,610,60,No
CUST101726,49,47592,56453,704,120,No
CUST101727,64,75483,77077,694,24,No
CUST101728,44,89796,57019,828,48,No
CUST101729,23,55734,51682,636,240,No
CUST101730,40,91312,42877,781,60,No
CUST101731,35,39270,11788,705,240,Yes
CUST101732,45,106303,58725,634,360,No
CUST101733,50,70354,42422,736,60,No
CUST101734,34,55090,11929,720,48,No
CUST101735,27,62520,63445,683,120,No
CUST101736,37,90223,50452,699,36,No
CUST101737,64,55389,43227,638,36,No
CUST101738,40,51266,14045,622,120,No
CUST101739,56,64462,24173,733,60,No
CUST101740,29,40576,44215,664,36,No
CUST101741,58,115514,93415,674,84,No
CUST101742,42,55840,64232,700,120,No
CUST101743,22,90790,108835,699,24,No
CUST101744,44,75237,43025,580,36,No
CUST101745,28,45387,22639,770,36,No
CUST101746,31,69851,73927,688,60,No
CUST101747,33,89600,107396,666,120,No
CUST101748,37,65293,54170,710,120,Yes
CUST101749,28,99828,99343,697,84,No
CUST101750,41,95538,93794,734,12,No
CUST101751,38,92973,51632,718,36,No
CUST101752,50,58509,45302,730,36,No
CUST101753,38,43004,44426,775,36,No
CUST101754,51,54660,48544,742,36,No
CUST101755,58,74906,16566,669,60,Yes
CUST101756,52,83645,44893,601,24,No
CUST101757,31,15711,5412,797,120,No
CUST101758,65,69797,30220,663,120,No
CUST101759,45,73952,81753,647,72,No
CUST101760,53,63061,14939,558,24,No
CUST101761,58,102282,42938,704,180,No
CUST101762,61,80545,41043,690,360,Yes
CUST101763,28,102755,83939,574,36,No
CUST101764,31,64601,47424,712,120,No
CUST101765,42,93437,39082,645,180,No
CUST101766,44,110877,40386,850,60,No
CUST101767,61,102792,44899,640,48,Yes
CUST101768,37,42696,29995,650,60,No
CUST101769,32,63658,29994,619,60,No
CUST101770,52,61371,70430,769,60,Yes
CUST101771,35,82231,54590,654,240,No
CUST101772,36,87159,22556,629,120,No
CUST101773,42,49028,45560,729,36,No
CUST101774,48,71696,37916,583,72,Yes
CUST101775,40,19502,16645,724,84,No
CUST101776,53,106049,50861,805,36,No
CUST101777,30,57191,44080,720,48,No
CUST101778,60,71397,69409,725,240,No
CUST101779,52,62259,70229,741,72,No
CUST101780,53,98651,45491,800,36,No
CUST101781,22,15000,8023,765,24,No
CUST101782,53,69585,46223,711,60,No
CUST101783,53,67355,75921,743,60,Yes
CUST101784,61,58659,64606,618,48,No
CUST101785,33,113156,32801,734,72,No
CUST101786,50,47817,15872,610,24,No
CUST101787,53,89295,62105,654,36,Yes
CUST101788,33,78906,24194,464,60,Yes
CUST101789,46,101538,55397,708,24,No
CUST101790,42,53320,18576,635,180,No
CUST101791,59,51676,43203,758,36,No
CUST101792,22,97402,111963,707,84,No
CUST101793,58,80633,96496,759,60,No
CUST101794,59,31377,18049,604,60,No
CUST101795,46,56517,45158,753,120,No
CUST101796,35,79660,84142,827,60,No
CUST101797,54,90944,28871,733,120,No
CUST101798,62,53019,47164,735,60,Yes
CUST101799,64,15000,9133,692,72,No
CUST101800,60,83081,33743,643,120,No
CUST101801,31,39492,23804,733,72,No
CUST101802,23,19567,5400,575,72,Yes
CUST101803,26,15000,13431,651,120,No
CUST101804,29,90350,40905,556,240,No
CUST101805,26,73215,37443,631,60,No
CUST101806,29,64359,20664,725,72,No
CUST101807,59,104726,111497,715,24,No
CUST101808,51,85933,59590,684,48,No
CUST101809,52,110408,85251,692,60,No
CUST101810,61,35182,27070,548,180,No
CUST101811,32,69136,42207,654,60,No
CUST101812,28,29582,11612,632,120,Yes
CUST101813,28,64265,60739,634,12,Yes
CUST101814,48,63785,20861,722,60,No
CUST101815,40,85665,26031,620,240,No
CUST101816,27,71139,64747,638,36,Yes
CUST101817,31,85585,34990,534,12,No
CUST101818,40,87586,44386,659,60,No
CUST101819,36,123873,83642,604,120,No
CUST101820,24,62118,40336,686,60,No
CUST101821,26,46474,42225,613,60,No
CUST101822,42,76152,62706,687,84,Yes
CUST101823,46,49943,42172,670,36,No
CUST101824,23,107049,97849,797,120,No
CUST101825,61,62920,30995,715,36,No
CUST101826,62,55861,29178,551,60,Yes
CUST101827,34,58217,37142,591,84,No
CUST101828,31,87960,44636,684,180,No
CUST101829,38,66056,78272,615,120,No
CUST101830,32,53958,54716,472,120,Yes
CUST101831,43,111634,40708,774,48,Yes
CUST101832,32,48596,9991,730,24,No
CUST101833,33,70889,17211,716,36,No
CUST101834,45,86308,38326,637,180,No
CUST101835,65,29217,9183,710,180,No
CUST101836,39,82007,60139,631,360,No
CUST101837,56,43622,46152,694,24,No
CUST101838,65,90570,84841,616,60,No
CUST101839,28,45934,19091,786,84,No
CUST101840,49,87319,52330,570,120,No
CUST101841,52,97646,69123,766,84,No
CUST101842,64,91536,92470,683,120,No
CUST101843,38,76283,79267,646,48,No
CUST101844,26,64217,71263,692,36,No
CUST101845,38,55590,39427,731,36,No
CUST101846,39,106776,95487,776,12,No
CUST101847,42,52513,16374,702,48,No
CUST101848,57,44073,33729,618,24,Yes
CUST101849,52,86634,38872,684,48,No
CUST101850,61,50097,31647,807,72,No
CUST101851,23,46248,38573,774,180,No
CUST101852,48,33910,15496,744,180,No
CUST101853,30,57927,14608,736,36,No
CUST101854,55,67932,14282,729,36,No
CUST101855,49,76077,16901,761,36,No
CUST101856,35,93783,19540,648,360,No
CUST101857,53,83172,25813,585,60,Yes
CUST101858,27,65228,28667,685,36,No
CUST101859,32,65045,27398,623,180,No
CUST101860,50,82754,98212,606,60,Yes
CUST101861,41,101814,51519,630,180,No
CUST101862,51,73158,23953,850,36,Yes
CUST101863,44,58272,43445,690,60,No
CUST101864,40,45178,47796,705,60,No
CUST101865,57,33870,29740,594,180,Yes
CUST101866,24,86657,42989,551,180,No
CUST101867,48,84449,64318,623,72,No
CUST101868,64,84434,77245,781,36,No
CUST101869,40,66784,61983,703,60,No
CUST101870,44,105173,91136,722,360,Yes
CUST101871,52,57897,61997,732,72,No
CUST101872,61,93882,100464,639,120,No
CUST101873,56,69031,53771,777,60,No
CUST101874,54,54791,34510,636,60,No
CUST101875,56,84813,71376,778,60,No
CUST101876,22,80241,81702,711,120,No
CUST101877,35,78924,16231,555,180,Yes
CUST101878,54,72032,85862,628,60,Yes
CUST101879,56,69053,26440,555,60,No
CUST101880,26,129709,86937,761,48,No
CUST101881,59,99606,106781,678,36,Yes
CUST101882,62,88071,37434,524,240,No
CUST101883,32,72795,49267,706,48,No
CUST101884,23,95179,31655,642,180,No
CUST101885,65,82950,49362,576,120,No
CUST101886,38,70655,26647,797,120,No
CUST101887,60,62411,35177,688,240,No
CUST101888,41,67977,38982,659,72,No
CUST101889,35,15000,17898,652,180,No
CUST101890,53,75265,89928,574,36,No
CUST101891,55,57788,18191,589,72,Yes
CUST101892,46,109817,101687,770,120,No
CUST101893,28,70484,17744,647,36,No
CUST101894,56,40276,9271,682,120,No
CUST101895,50,68753,20993,537,120,No
CUST101896,43,43847,51103,588,180,Yes
CUST101897,62,81835,93363,723,48,No
CUST101898,64,77274,30440,706,84,No
CUST101899,34,93946,33978,803,48,No
CUST101900,34,50228,22127,774,120,No
CUST101901,22,70850,50697,664,60,Yes
CUST101902,57,35874,27612,713,72,No
CUST101903,25,87537,36905,658,60,No
CUST101904,58,82972,79373,824,36,No
CUST101905,65,82395,41985,760,36,No
CUST101906,61,70040,78594,692,24,Yes
CUST101907,34,80369,68854,694,72,No
CUST101908,59,110108,70067,781,180,No
CUST101909,45,62873,62239,721,12,No
CUST101910,40,73466,74782,789,24,No
CUST101911,22,42847,21016,526,60,No
CUST101912,59,48293,26064,712,120,No
CUST101913,26,72445,82294,644,36,No
CUST101914,37,97598,35598,803,36,No
CUST101915,45,63593,15399,788,36,No
CUST101916,48,64102,41926,682,60,No
CUST101917,22,59828,59900,787,36,No
CUST101918,55,56631,55027,805,48,No
CUST101919,57,77374,86623,685,120,No
CUST101920,25,32569,23880,850,72,No
CUST101921,21,102023,30613,678,24,No
CUST101922,60,53364,42088,665,72,No
CUST101923,32,88048,86146,741,60,No
CUST101924,56,38250,11220,655,240,Yes
CUST101925,65,86721,32317,686,48,No
CUST101926,43,86799,18427,779,120,No
CUST101927,51,79605,63179,681,120,No
CUST101928,31,45139,49054,561,36,Yes
CUST101929,30,76239,66379,706,240,Yes
CUST101930,23,40424,47783,631,60,Yes
CUST101931,34,63681,16750,741,84,No
CUST101932,36,95735,105596,729,36,No
CUST101933,30,89918,91183,783,36,Yes
CUST101934,49,70380,36192,744,72,No
CUST101935,30,45630,53548,756,48,No
CUST101936,32,86140,42031,633,60,Yes
CUST101937,50,70485,76780,736,60,No
CUST101938,61,15000,16211,818,84,Yes
CUST101939,21,89566,85774,632,60,No
CUST101940,25,69394,52980,806,12,No
CUST101941,40,100061,32020,642,84,No
CUST101942,28,42618,31195,620,60,No
CUST101943,63,15000,8352,701,48,Yes
CUST101944,32,76977,76378,730,24,No
CUST101945,21,77289,74053,744,36,No
CUST101946,40,27733,30801,613,36,Yes
CUST101947,48,45538,9783,710,240,No
CUST101948,63,138880,140144,632,60,No
CUST101949,57,62360,70994,576,12,No
CUST101950,57,88274,87330,615,36,Yes
CUST101951,32,53734,17743,627,24,No
CUST101952,57,17742,5000,717,72,Yes
CUST101953,64,65744,14519,761,36,No
CUST101954,48,63360,52509,577,60,No
CUST101955,35,60003,49783,705,60,No
CUST101956,26,67134,79682,598,180,No
CUST101957,64,76607,45814,724,48,No
CUST101958,40,66247,35237,636,60,No
CUST101959,34,38400,31658,606,120,Yes
CUST101960,22,82155,84259,736,60,No
CUST101961,29,21266,24175,639,120,Yes
CUST101962,57,18741,18800,658,84,No
CUST101963,40,88480,55448,525,60,Yes
CUST101964,46,82676,69027,746,60,No
CUST101965,49,68565,72425,737,360,No
CUST101966,21,35114,24250,680,84,No
CUST101967,55,52302,21794,573,240,No
CUST101968,26,63431,23452,765,36,No
CUST101969,57,30103,6025,633,60,No
CUST101970,25,51524,47311,648,240,No
CUST101971,53,86308,26850,842,48,No
CUST101972,34,105683,46906,631,360,No
CUST101973,32,59514,29631,732,24,No
CUST101974,62,88912,67607,719,240,No
CUST101975,40,22148,13244,707,60,Yes
CUST101976,44,86486,75647,700,24,Yes
CUST101977,63,49901,12757,706,180,No
CUST101978,54,77684,25165,699,36,No
CUST101979,45,63806,44614,676,12,No
CUST101980,49,103010,55313,786,36,No
CUST101981,59,48139,23868,588,84,Yes
CUST101982,51,85690,22882,752,360,No
CUST101983,63,63012,69043,738,24,Yes
CUST101984,43,66042,58897,729,60,No
CUST101985,64,65404,21035,758,36,No
CUST101986,58,48858,12950,674,120,No
CUST101987,40,69648,81828,549,24,Yes
CUST101988,43,68434,60302,675,36,No
CUST101989,65,76031,46946,611,36,No
CUST101990,36,72113,65027,629,60,No
CUST101991,62,89950,86022,593,180,No
CUST101992,28,93088,91223,647,60,No
CUST101993,41,43734,29646,638,24,No
CUST101994,21,91719,57772,514,72,No
CUST101995,28,40342,8513,729,120,No
CUST101996,49,84696,95415,835,36,No
CUST101997,52,85493,68677,722,24,Yes
CUST101998,58,22217,8957,666,36,No
CUST101999,25,72324,80974,676,120,No
CUST102000,42,58288,64987,651,72,Yes
CUST102001,54,51031,60685,686,60,No
CUST102002,21,103771,111456,677,36,No
CUST102003,46,53658,64271,621,48,Yes
CUST102004,63,49841,22164,798,360,No
CUST102005,30,71892,74929,576,36,No
CUST102006,50,87140,89147,730,240,Yes
CUST102007,38,66459,28640,673,72,No
CUST102008,37,99159,29593,813,24,No
CUST102009,46,83274,98215,704,60,Yes
CUST102010,28,15545,7711,655,240,No
CUST102011,60,56763,60787,663,60,No
CUST102012,32,55954,11422,683,180,No
CUST102013,47,81984,18120,600,36,No
CUST102014,28,15000,9988,626,72,No
CUST102015,45,133725,58667,555,180,No
CUST102016,24,83276,74102,615,240,No
CUST102017,53,73722,56439,687,60,No
CUST102018,21,99539,27621,701,72,No
CUST102019,39,128591,46631,541,12,No
CUST102020,51,91769,53965,670,36,No
CUST102021,36,93720,36139,719,36,No
CUST102022,34,73267,72697,669,24,No
CUST102023,25,66462,40945,636,36,No
CUST102024,61,58105,17050,651,48,No
CUST102025,46,49347,33770,642,360,No
CUST102026,48,52825,15364,635,84,No
CUST102027,22,36236,11919,692,60,No
CUST102028,26,68103,29939,842,360,No
CUST102029,29,27883,29543,628,36,Yes
CUST102030,53,74773,84091,658,60,No
CUST102031,61,69092,70906,676,84,No
CUST102032,45,73673,39347,632,24,Yes
CUST102033,33,56947,26904,757,120,No
CUST102034,29,146922,110067,514,24,No
CUST102035,33,104003,95875,643,36,No
CUST102036,51,38886,46405,737,36,No
CUST102037,61,75822,25140,659,240,No
CUST102038,31,54800,13661,623,84,No
CUST102039,24,44638,39922,711,84,No
CUST102040,54,36498,37674,743,60,Yes
CUST102041,58,80805,84550,695,48,No
CUST102042,24,52965,46528,624,72,No
CUST102043,58,94196,108704,712,60,No
CUST102044,39,94845,67435,652,36,No
CUST102045,26,104348,116224,732,84,Yes
CUST102046,54,48690,56861,784,24,No
CUST102047,38,81884,85745,498,36,No
CUST102048,33,85811,43743,688,180,No
CUST102049,61,58146,23038,558,84,Yes
CUST102050,43,50706,37934,850,72,No
CUST102051,39,110238,71987,647,60,No
CUST102052,65,75687,81572,732,60,No
CUST102053,31,85899,25772,678,84,No
CUST102054,21,49448,22634,624,120,No
CUST102055,44,39518,37613,615,60,Yes
CUST102056,27,55764,16450,791,360,No
CUST102057,45,66899,34839,747,360,No
CUST102058,41,43394,25479,816,60,No
CUST102059,35,69754,57379,684,180,No
CUST102060,21,27787,9951,700,60,No
CUST102061,32,41999,44544,661,60,No
CUST102062,27,86773,56189,660,24,Yes
CUST102063,35,85095,95053,607,72,No
CUST102064,41,60203,40208,686,240,No
CUST102065,39,44556,21166,625,120,No
CUST102066,49,44315,15148,711,120,No
CUST102067,45,60668,12361,692,36,No
CUST102068,53,86113,63048,700,48,No
CUST102069,52,93206,28629,797,36,No
CUST102070,55,57587,34076,677,48,Yes
CUST102071,64,41163,32489,733,72,No
CUST102072,58,76696,36483,824,60,No
CUST102073,46,49412,18541,771,72,No
CUST102074,31,57044,55602,761,60,No
CUST102075,55,103132,118271,659,48,Yes
CUST102076,28,90678,27243,696,24,No
CUST102077,34,73949,26296,588,180,Yes
CUST102078,30,38202,44315,715,12,Yes
CUST102079,22,75285,17902,699,12,No
CUST102080,29,96566,113719,682,180,Yes
CUST102081,23,60609,12403,752,360,No
CUST102082,41,103778,111423,595,120,No
CUST102083,46,102319,51909,794,12,No
CUST102084,28,111593,127059,743,36,No
CUST102085,22,77631,40131,675,360,No
CUST102086,26,84685,72347,670,180,Yes
CUST102087,48,105355,29503,714,72,No
CUST102088,49,81185,35911,786,36,No
CUST102089,46,57469,55956,687,12,No
CUST102090,45,58786,42837,690,12,No
CUST102091,32,75964,85685,681,72,No
CUST102092,25,37736,23727,805,12,No
CUST102093,54,66419,71056,654,360,No
CUST102094,57,97414,63217,678,36,No
CUST102095,35,15219,17947,782,120,Yes
CUST102096,64,108362,125682,690,36,No
CUST102097,56,98059,51887,760,60,No
CUST102098,35,58506,63533,616,24,No
CUST102099,63,83585,87565,666,120,No
CUST102100,43,70079,28780,784,72,No
CUST102101,26,100750,83047,633,24,No
CUST102102,64,94567,25787,669,180,No
CUST102103,63,34998,36283,698,60,Yes
CUST102104,65,84682,31717,611,240,No
CUST102105,41,64859,17565,651,240,No
CUST102106,43,72071,43258,688,240,No
CUST102107,63,51796,40241,683,24,No
CUST102108,36,113703,119947,770,24,No
CUST102109,35,96002,112730,788,360,Yes
CUST102110,45,51506,32938,620,60,No
CUST102111,56,36635,9541,688,36,Yes
CUST102112,31,60358,57287,727,120,Yes
CUST102113,35,80863,61874,786,36,Yes
CUST102114,24,76005,49243,730,120,No
CUST102115,41,101328,51603,700,180,No
CUST102116,33,89748,63039,727,120,No
CUST102117,42,94239,50765,727,36,No
CUST102118,39,78171,74811,615,60,No
CUST102119,54,35268,26236,693,60,No
CUST102120,34,65108,70111,782,60,Yes
CUST102121,24,96502,71753,665,36,No
CUST102122,47,68712,30114,689,60,No
CUST102123,49,82577,86796,663,60,No
CUST102124,48,62031,46971,518,60,No
CUST102125,55,44255,18005,681,180,No
CUST102126,28,66916,55106,701,60,No
CUST102127,36,77726,43349,644,36,No
CUST102128,62,53608,55988,599,84,No
CUST102129,56,64107,41881,618,120,Yes
CUST102130,50,46513,43092,733,48,Yes
CUST102131,38,97981,28957,818,84,No
CUST102132,22,62639,37334,777,36,No
CUST102133,33,106319,125801,586,48,Yes
CUST102134,24,108219,109135,740,240,No
CUST102135,46,67974,24467,634,240,No
CUST102136,45,44789,21399,639,72,No
CUST102137,50,17853,9459,648,120,No
CUST102138,31,33199,28231,729,180,Yes
CUST102139,27,35654,34121,747,360,Yes
CUST102140,51,104462,99189,673,60,No
CUST102141,64,72896,51747,674,72,No
CUST102142,30,79740,80603,712,60,No
CUST102143,59,15000,9556,720,24,No
CUST102144,33,40051,12972,762,60,No
CUST102145,51,92177,70464,590,120,No
CUST102146,27,77169,88922,681,180,No
CUST102147,62,66320,65855,605,180,No
CUST102148,62,84121,65505,676,24,No
CUST102149,56,110895,93907,664,60,No
CUST102150,40,64474,72892,677,24,No
CUST102151,24,71734,45074,624,36,No
CUST102152,27,74815,39756,576,240,Yes
CUST102153,21,129803,152809,533,60,Yes
CUST102154,64,17516,18627,671,120,Yes
CUST102155,65,87081,45547,650,24,No
CUST102156,62,67130,44560,633,60,No
CUST102157,33,84169,51771,773,84,No
CUST102158,42,53566,18700,620,36,No
CUST102159,41,68776,79630,779,48,No
CUST102160,42,87785,53050,794,24,No
CUST102161,48,147823,158958,543,84,No
CUST102162,29,90201,35120,686,360,No
CUST102163,46,48798,36495,652,180,No
CUST102164,29,59406,13305,476,360,No
CUST102165,35,58665,56566,579,180,No
CUST102166,30,25109,19608,734,180,No
CUST102167,44,61748,50979,821,72,No
CUST102168,62,88321,22232,743,60,No
CUST102169,28,38144,15679,703,60,No
CUST102170,44,96212,26394,679,180,No
CUST102171,36,82194,40186,798,36,No
CUST102172,46,51644,42732,830,24,No
CUST102173,47,66462,50922,639,240,No
CUST102174,57,109958,89302,540,12,No
CUST102175,24,88339,66188,533,360,Yes
CUST102176,44,70220,33216,773,120,No
CUST102177,39,64058,28474,677,48,No
CUST102178,56,71915,24240,693,84,No
CUST102179,59,57206,60013,555,180,Yes
CUST102180,30,17381,14191,627,36,No
CUST102181,45,121054,46789,659,120,No
CUST102182,38,73883,27869,695,180,No
CUST102183,39,79954,85793,652,36,No
CUST102184,56,68552,64626,607,12,Yes
CUST102185,30,51622,44364,625,36,Yes
CUST102186,53,65352,39660,765,36,No
CUST102187,25,30015,13866,697,24,Yes
CUST102188,55,126927,149704,723,120,No
CUST102189,64,39137,39029,617,60,No
CUST102190,54,44201,22179,473,180,No
CUST102191,53,58994,61800,643,36,Yes
CUST102192,41,102202,98005,619,60,No
CUST102193,37,70363,34976,704,72,No
CUST102194,42,39097,24496,850,180,No
CUST102195,57,101358,39119,729,60,No
CUST102196,35,88275,27458,850,60,No
CUST102197,55,83461,77015,720,180,Yes
CUST102198,48,87893,41091,636,48,No
CUST102199,27,129859,132464,704,24,No
CUST102200,52,124627,149005,805,60,No
CUST102201,31,52832,14614,808,120,No
CUST102202,30,110597,74436,640,12,No
CUST102203,29,79579,79743,698,72,No
CUST102204,34,82477,81566,580,72,Yes
CUST102205,33,27693,26585,738,240,Yes
CUST102206,45,65740,36091,789,48,No
CUST102207,22,49679,32483,683,36,No
CUST102208,55,90701,72104,633,60,No
CUST102209,27,96777,113610,705,48,No
CUST102210,41,18138,9569,709,120,No
CUST102211,38,69449,78001,686,84,No
CUST102212,23,98047,46019,693,120,No
CUST102213,62,65333,77686,668,180,No
CUST102214,59,88227,76781,750,240,No
CUST102215,61,78779,52271,732,60,No
CUST102216,31,78542,63885,611,360,No
CUST102217,59,63217,29872,609,36,No
CUST102218,44,39585,18770,662,120,Yes
CUST102219,39,41962,13157,732,60,No
CUST102220,24,87734,27553,690,180,No
CUST102221,46,70486,38603,635,60,No
CUST102222,58,66537,64066,698,120,No
CUST102223,62,59403,47996,657,240,No
CUST102224,52,62370,18872,742,120,No
CUST102225,59,96173,101197,703,120,No
CUST102226,65,61619,49379,658,24,Yes
CUST102227,56,36473,42340,696,36,Yes
CUST102228,60,88591,77091,772,360,Yes
CUST102229,57,64878,24341,640,84,No
CUST102230,53,70785,47694,708,72,No
CUST102231,56,110189,93495,675,60,No
CUST102232,23,69486,15861,710,12,No
CUST102233,29,77230,16598,634,60,No
CUST102234,28,40527,13350,688,60,No
CUST102235,53,64508,29136,758,36,No
CUST102236,26,85238,53662,614,36,No
CUST102237,61,31116,21390,587,60,Yes
CUST102238,59,75021,25359,590,72,Yes
CUST102239,24,72520,63338,598,36,No
CUST102240,33,71032,56551,722,72,No
CUST102241,22,95929,47433,582,240,No
CUST102242,25,78361,16743,659,60,No
CUST102243,64,106952,29695,723,180,No
CUST102244,47,45160,26721,709,240,No
CUST102245,52,73398,25981,653,24,No
CUST102246,41,72112,41596,693,24,No
CUST102247,28,43269,35835,688,60,No
CUST102248,58,93907,70171,664,72,No
CUST102249,28,128117,55241,665,60,No
CUST102250,23,69575,37836,836,48,No
CUST102251,64,82626,67260,737,84,No
CUST102252,23,72113,76501,850,12,No
CUST102253,42,52160,49720,645,360,No
CUST102254,26,24481,18444,674,36,No
CUST102255,22,52356,29439,587,240,No
CUST102256,43,35201,19890,623,24,Yes
CUST102257,64,112603,121546,813,36,No
CUST102258,22,67122,16059,643,36,No
CUST102259,58,61352,72885,814,360,No
CUST102260,37,92229,79720,593,12,No
CUST102261,55,41956,36969,606,72,No
CUST102262,54,50828,12097,656,180,No
CUST102263,43,71702,57758,676,84,No
CUST102264,50,95719,65546,745,60,No
CUST102265,28,82542,25240,712,360,No
CUST102266,42,76208,36421,651,180,No
CUST102267,64,71953,78451,671,60,Yes
CUST102268,56,80006,60004,658,72,No
CUST102269,25,75041,46031,616,360,No
CUST102270,33,44251,12066,618,360,No
CUST102271,49,71152,65042,752,60,No
CUST102272,51,43158,38965,552,180,No
CUST102273,36,72027,58633,793,48,No
CUST102274,62,57984,41184,656,60,No
CUST102275,50,133485,84601,626,36,No
CUST102276,36,69003,54738,732,36,No
CUST102277,32,34894,15123,784,84,No
CUST102278,37,66645,76059,758,60,No
CUST102279,36,82984,65457,715,36,No
CUST102280,32,111834,57169,756,60,No
CUST102281,28,55264,35904,560,60,Yes
CUST102282,40,30439,30612,643,360,Yes
CUST102283,23,90421,32698,616,180,No
CUST102284,36,35485,17488,766,60,Yes
CUST102285,50,59096,51975,653,240,No
CUST102286,65,63559,32764,739,48,No
CUST102287,43,68259,67747,718,84,No
CUST102288,48,87229,28825,620,360,No
CUST102289,60,52909,50935,639,60,No
CUST102290,25,63157,16948,771,84,No
CUST102291,40,69643,14806,626,48,No
CUST102292,60,73740,80983,689,36,No
CUST102293,64,72446,56605,625,72,No
CUST102294,21,80900,44643,658,360,No
CUST102295,50,91096,39408,677,60,No
CUST102296,41,79816,65201,625,240,Yes
CUST102297,40,81340,57670,613,240,No
CUST102298,26,30444,36277,700,36,Yes
CUST102299,42,71256,84311,621,60,No
CUST102300,38,81988,68462,623,84,No
CUST102301,28,88224,56717,614,60,No
CUST102302,59,52691,36417,675,24,Yes
CUST102303,52,53524,47234,746,360,Yes
CUST102304,53,55647,16782,785,120,No
CUST102305,36,83410,44070,629,60,No
CUST102306,32,95847,26384,831,72,No
CUST102307,58,59813,16351,610,24,No
CUST102308,54,92699,36694,756,60,No
CUST102309,34,73087,50083,629,240,No
CUST102310,56,66893,65875,619,180,No
CUST102311,53,64715,44362,628,48,No
CUST102312,43,88665,47478,676,60,No
CUST102313,65,78139,22063,721,84,No
CUST102314,22,126896,95210,727,48,No
CUST102315,61,48694,22948,614,24,No
CUST102316,41,82953,67601,611,60,No
CUST102317,22,56770,66829,616,72,Yes
CUST102318,47,48268,15027,672,12,No
CUST102319,29,69728,28737,665,24,No
CUST102320,21,73434,49428,613,36,No
CUST102321,31,142954,167058,699,48,No
CUST102322,23,65396,63552,838,60,No
CUST102323,43,41746,45847,645,48,Yes
CUST102324,46,76825,41003,650,36,No
CUST102325,24,18134,21616,719,180,Yes
CUST102326,38,67701,20502,641,36,No
CUST102327,26,70401,17810,727,60,No
CUST102328,55,89865,94862,630,360,Yes
CUST102329,42,94341,106347,808,72,No
CUST102330,63,57411,16683,704,120,No
CUST102331,35,66235,20760,637,60,Yes
CUST102332,42,50847,11856,639,12,No
CUST102333,57,41798,12728,644,84,No
CUST102334,62,77747,31831,776,72,No
CUST102335,32,38160,44650,591,24,No
CUST102336,62,59634,51754,633,60,Yes
CUST102337,58,45121,44153,641,240,Yes
CUST102338,38,83742,81744,679,36,Yes
CUST102339,65,115036,84560,661,60,No
CUST102340,55,37460,37366,576,60,Yes
CUST102341,50,23675,18841,652,180,No
CUST102342,44,66878,34412,673,180,No
CUST102343,62,70392,53576,636,120,No
CUST102344,50,75466,55355,728,60,No
CUST102345,34,58842,60222,744,24,No
CUST102346,26,64984,76793,675,48,No
CUST102347,23,79188,48387,696,84,No
CUST102348,36,96011,92496,529,120,No
CUST102349,27,21124,6332,651,360,No
CUST102350,34,60777,59369,750,60,No
CUST102351,29,75345,43053,650,72,No
CUST102352,35,47051,11264,628,60,No
CUST102353,41,113279,63804,839,36,No
CUST102354,55,54115,43868,807,60,No
CUST102355,22,68968,22018,713,60,No
CUST102356,47,83901,94308,760,360,Yes
CUST102357,22,55218,15333,524,60,No
CUST102358,55,23836,26935,625,360,No
CUST102359,38,59284,53779,647,60,No
CUST102360,34,95736,50713,663,36,No
CUST102361,40,61578,36377,646,36,No
CUST102362,38,48839,45948,501,36,No
CUST102363,30,93142,74651,707,60,No
CUST102364,45,61731,53807,718,12,No
CUST102365,22,57246,33727,792,60,No
CUST102366,45,73736,50717,625,360,No
CUST102367,53,89269,106218,619,84,No
CUST102368,56,129543,53621,492,120,No
CUST102369,51,90681,56028,659,24,No
CUST102370,34,98996,48689,743,60,No
CUST102371,21,57351,55350,637,48,Yes
CUST102372,36,44353,42757,830,180,No
CUST102373,23,71558,35238,662,36,No
CUST102374,55,72679,20451,690,60,No
CUST102375,61,43037,9099,585,72,No
CUST102376,26,65618,41172,700,60,No
CUST102377,45,79983,48817,541,180,No
CUST102378,33,79010,93895,729,36,Yes
CUST102379,54,82607,55330,731,60,No
CUST102380,28,77274,35269,775,120,No
CUST102381,41,57325,62555,609,60,No
CUST102382,54,57152,39496,691,60,No
CUST102383,24,40026,31988,719,12,No
CUST102384,45,114619,33889,711,120,No
CUST102385,35,70336,41000,619,360,No
CUST102386,24,64379,73664,513,72,No
CUST102387,65,46780,36933,704,180,No
CUST102388,32,143391,78077,669,60,No
CUST102389,52,43167,35642,640,36,No
CUST102390,52,59279,65824,733,12,Yes
CUST102391,48,80396,38107,677,84,No
CUST102392,33,85005,59938,588,60,Yes
CUST102393,51,93948,108857,545,120,Yes
CUST102394,34,115190,42896,601,84,No
CUST102395,40,82654,76014,848,360,No
CUST102396,38,43599,35511,731,60,No
CUST102397,49,63576,55926,693,60,No
CUST102398,26,77696,42828,667,48,No
CUST102399,52,121706,62542,663,60,Yes
CUST102400,49,35055,30996,762,180,No
CUST102401,63,100064,41581,646,12,No
CUST102402,22,74498,46163,720,360,No
CUST102403,43,90946,35303,656,360,No
CUST102404,39,67450,14050,816,72,No
CUST102405,51,48939,57261,732,48,No
CUST102406,25,88772,56078,767,36,No
CUST102407,39,86361,100986,639,36,Yes
CUST102408,54,94301,32093,754,24,No
CUST102409,30,69667,54853,658,60,No
CUST102410,45,55004,22055,688,24,No
CUST102411,22,31030,30722,794,120,Yes
CUST102412,31,90484,89009,607,60,No
CUST102413,51,80597,25195,694,36,No
CUST102414,35,45855,50994,711,60,Yes
CUST102415,29,56536,22311,716,360,No
CUST102416,43,58331,47422,648,84,No
CUST102417,39,32925,39037,826,60,Yes
CUST102418,29,49558,53641,589,120,No
CUST102419,55,41654,48176,782,120,No
CUST102420,41,59688,32387,765,180,No
CUST102421,29,51533,15747,813,36,No
CUST102422,48,29325,11388,569,180,Yes
CUST102423,27,120565,84455,619,48,Yes
CUST102424,36,101314,100628,784,240,No
CUST102425,36,50525,17692,549,48,Yes
CUST102426,53,76811,66037,568,240,Yes
CUST102427,24,80437,42115,646,360,No
CUST102428,24,99777,54000,693,36,No
CUST102429,59,49535,42695,791,360,No
CUST102430,60,97303,64901,667,24,No
CUST102431,37,56302,56979,637,36,No
CUST102432,57,36603,13028,702,60,No
CUST102433,59,88103,87217,713,360,Yes
CUST102434,49,102269,27023,711,60,No
CUST102435,56,134698,53078,668,60,No
CUST102436,58,40007,34252,543,84,No
CUST102437,59,87473,92278,616,360,Yes
CUST102438,57,59755,27050,779,120,No
CUST102439,55,89584,47228,693,36,No
CUST102440,27,33238,24500,657,48,Yes
CUST102441,47,38431,15817,758,24,Yes
CUST102442,48,50603,51168,601,84,Yes
CUST102443,42,71974,70077,664,36,No
CUST102444,34,53973,18636,690,36,No
CUST102445,27,86476,57405,649,180,No
CUST102446,57,95672,93264,687,48,No
CUST102447,42,84989,45667,667,72,No
CUST102448,25,110470,92033,582,60,No
CUST102449,22,80396,20116,693,24,No
CUST102450,47,39578,32006,587,60,Yes
CUST102451,41,104084,36706,692,60,No
CUST102452,58,54871,56549,776,180,No
CUST102453,35,92760,51523,660,48,Yes
CUST102454,41,109343,52655,598,60,Yes
CUST102455,30,81417,84746,671,120,Yes
CUST102456,43,32596,8154,622,120,No
CUST102457,59,47045,28067,722,120,No
CUST102458,25,103069,58750,670,360,No
CUST102459,21,65772,31886,800,120,No
CUST102460,33,71989,80034,761,60,Yes
CUST102461,41,88971,84605,669,180,No
CUST102462,46,87408,23069,730,60,No
CUST102463,65,76970,70403,652,36,No
CUST102464,41,64783,47117,682,48,No
CUST102465,38,62183,68455,655,36,No
CUST102466,57,91447,46907,734,36,No
CUST102467,65,83839,64905,780,36,No
CUST102468,52,63567,44545,736,24,No
CUST102469,56,97053,66924,745,180,No
CUST102470,37,66774,43811,745,240,No
CUST102471,55,48708,19757,719,72,No
CUST102472,31,51026,48766,600,180,No
CUST102473,41,45531,29656,799,36,No
CUST102474,46,63190,73207,806,240,No
CUST102475,24,100843,46469,664,60,No
CUST102476,54,49873,44025,654,24,Yes
CUST102477,38,74712,85225,723,36,No
CUST102478,60,53583,46267,719,48,Yes
CUST102479,55,63492,68017,666,12,No
CUST102480,61,32249,33135,592,48,Yes
CUST102481,49,64487,36120,701,24,No
CUST102482,49,65157,52134,719,36,No
CUST102483,58,83507,29750,731,36,No
CUST102484,62,75582,55593,704,360,No
CUST102485,41,40040,17234,661,36,No
CUST102486,62,97105,91642,750,36,No
CUST102487,33,75258,54792,685,84,No
CUST102488,61,74960,45818,647,180,No
CUST102489,37,69770,32708,667,60,No
CUST102490,29,57056,68393,558,180,No
CUST102491,61,75445,20499,667,48,Yes
CUST102492,21,81890,19945,728,36,No
CUST102493,22,26328,10986,704,48,Yes
CUST102494,49,56531,66202,786,72,No
CUST102495,53,63626,75030,662,60,Yes
CUST102496,30,76404,65320,714,84,No
CUST102497,60,99833,107830,735,36,No
CUST102498,41,50706,20990,844,120,No
CUST102499,48,57551,67452,690,48,Yes
CUST102500,31,57187,19603,607,60,No
CUST102501,54,49962,15045,739,60,No
CUST102502,28,61320,19145,811,84,No
CUST102503,42,89270,69017,657,36,No
CUST102504,28,43654,42823,739,180,No
CUST102505,35,80695,45727,766,120,No
CUST102506,37,27452,32336,751,36,Yes
CUST102507,43,55967,35507,689,360,No
CUST102508,44,61763,21645,631,84,No
CUST102509,65,111871,74502,674,60,No
CUST102510,39,63130,55494,712,36,No
CUST102511,25,15000,15483,744,60,No
CUST102512,52,20028,13194,703,36,No
CUST102513,64,70851,56228,653,60,No
CUST102514,21,85344,39885,719,60,No
CUST102515,43,79386,67154,740,120,No
CUST102516,57,74189,87986,707,36,No
CUST102517,28,99056,24670,621,180,No
CUST102518,33,56510,61400,667,48,Yes
CUST102519,28,92373,70414,746,60,No
CUST102520,43,29200,13201,583,120,Yes
CUST102521,63,47376,54714,533,72,No
CUST102522,21,24824,16964,786,48,No
CUST102523,65,63129,33565,716,60,No
CUST102524,44,68843,26263,722,48,No
CUST102525,55,72853,32380,605,72,No
CUST102526,44,71547,73897,732,48,No
CUST102527,37,46811,38123,699,120,No
CUST102528,25,65244,72633,569,72,No
CUST102529,40,32564,14067,780,36,No
CUST102530,41,104081,33424,691,48,No
CUST102531,60,62409,12862,652,36,No
CUST102532,51,57778,40899,654,60,No
CUST102533,56,109724,131483,539,60,Yes
CUST102534,31,38944,34854,722,60,Yes
CUST102535,35,41860,21281,698,120,No
CUST102536,39,42594,45868,666,36,No
CUST102537,27,68303,67055,769,240,No
CUST102538,48,80791,17404,583,48,No
CUST102539,63,88492,89984,638,48,No
CUST102540,25,134300,67221,620,84,No
CUST102541,25,15000,5245,660,180,No
CUST102542,50,85218,36331,685,60,No
CUST102543,52,56072,37489,710,120,No
CUST102544,28,55340,34580,656,180,No
CUST102545,30,54506,26647,619,120,No
CUST102546,58,47281,17599,798,12,No
CUST102547,52,112113,107879,849,180,No
CUST102548,48,91057,108368,690,120,No
CUST102549,37,70580,69013,627,84,No
CUST102550,51,103775,51466,783,120,No
CUST102551,28,32187,14317,579,360,Yes
CUST102552,60,36732,15342,657,60,No
CUST102553,45,15551,5236,631,24,No
CUST102554,29,52515,39456,599,60,Yes
CUST102555,22,74042,59633,660,12,No
CUST102556,35,72571,65713,620,48,No
CUST102557,23,73734,64902,681,72,Yes
CUST102558,56,34724,17096,682,48,No
CUST102559,24,90079,47770,637,84,No
CUST102560,34,75991,66987,654,180,No
CUST102561,61,88326,48531,664,60,Yes
CUST102562,61,22681,9359,737,240,No
CUST102563,45,77787,44676,670,24,No
CUST102564,30,40306,19028,738,180,No
CUST102565,41,60067,17318,721,180,No
CUST102566,56,83359,85871,720,48,No
CUST102567,32,72277,76116,777,48,No
CUST102568,47,48712,20447,602,48,No
CUST102569,60,70157,18576,647,180,No
CUST102570,22,31712,29772,803,180,Yes
CUST102571,33,98757,40641,662,48,No
CUST102572,52,64868,38495,483,72,No
CUST102573,51,97964,25876,666,36,No
CUST102574,36,56837,24228,689,60,No
CUST102575,52,56911,56507,497,360,Yes
CUST102576,52,50895,51119,773,36,No
CUST102577,54,91904,37413,630,240,No
CUST102578,31,52264,28009,703,180,No
CUST102579,30,86115,28783,664,360,No
CUST102580,35,60439,16571,590,36,No
CUST102581,37,20601,24560,605,36,Yes
CUST102582,60,55742,47693,615,12,No
CUST102583,38,40522,30071,756,120,No
CUST102584,29,70848,68404,670,84,No
CUST102585,45,40240,41853,643,36,No
CUST102586,60,93149,93774,615,120,No
CUST102587,34,67723,14665,764,48,No
CUST102588,45,65560,25359,782,36,No
CUST102589,42,86397,73861,763,60,No
CUST102590,50,94098,54178,714,24,No
CUST102591,40,69498,82180,700,36,No
CUST102592,41,50720,43893,595,60,No
CUST102593,64,25651,29667,663,180,No
CUST102594,52,52849,21216,632,120,No
CUST102595,41,54570,58060,552,60,Yes
CUST102596,55,72676,37890,754,120,No
CUST102597,52,61371,73005,631,72,No
CUST102598,50,87198,31190,764,48,No
CUST102599,59,54675,39166,742,120,No
CUST102600,32,68574,68083,719,84,No
CUST102601,61,99600,63011,723,72,No
CUST102602,38,78546,52475,637,72,No
CUST102603,41,68499,81264,810,84,No
CUST102604,33,54951,34361,683,60,No
CUST102605,41,54169,43556,701,180,No
CUST102606,28,48735,12405,635,36,No
CUST102607,60,56475,58859,615,180,Yes
CUST102608,27,88892,75395,713,48,No
CUST102609,43,64453,38931,695,24,No
CUST102610,64,36256,7837,625,72,No
CUST102611,52,114204,90412,579,60,Yes
CUST102612,31,77999,16587,591,180,No
CUST102613,42,34826,7007,764,60,No
CUST102614,42,58954,48112,637,84,No
CUST102615,63,72772,28310,656,48,No
CUST102616,45,112615,44132,782,36,No
CUST102617,42,42297,36091,601,60,No
CUST102618,48,94401,23949,629,72,No
CUST102619,49,104987,53901,626,84,No
CUST102620,33,54284,18969,793,72,No
CUST102621,38,63062,49199,820,360,No
CUST102622,22,44092,37997,733,84,Yes
CUST102623,49,64913,59794,735,240,No
CUST102624,41,69085,31450,639,24,No
CUST102625,35,86491,25018,816,24,No
CUST102626,47,97255,27103,699,48,No
CUST102627,51,51298,32120,740,36,No
CUST102628,35,20817,23853,673,60,No
CUST102629,43,69469,29019,661,60,No
CUST102630,44,77338,35323,796,72,No
CUST102631,64,76235,22938,718,120,No
CUST102632,33,61833,49811,782,360,No
CUST102633,42,73119,64335,698,180,Yes
CUST102634,63,107886,90940,621,24,No
CUST102635,57,79543,84405,639,48,No
CUST102636,53,60666,41643,687,36,No
CUST102637,23,57495,19230,636,36,No
CUST102638,39,65754,32180,602,60,No
CUST102639,43,110918,95659,764,60,No
CUST102640,49,65417,53192,642,36,Yes
CUST102641,50,69505,50808,690,120,No
CUST102642,59,57942,51161,701,120,No
CUST102643,64,97475,81625,639,12,No
CUST102644,45,118996,128673,782,60,No
CUST102645,57,81265,63876,602,180,No
CUST102646,28,72069,70527,698,60,No
CUST102647,62,70920,31822,697,48,No
CUST102648,36,15000,13173,676,36,No
CUST102649,28,88629,97686,589,36,Yes
CUST102650,21,73354,42966,741,24,No
CUST102651,64,80709,79023,732,180,Yes
CUST102652,25,52213,48286,633,24,Yes
CUST102653,23,60389,15673,730,48,No
CUST102654,21,59724,46675,706,12,No
CUST102655,24,95541,31547,590,120,Yes
CUST102656,60,60531,70659,620,12,No
CUST102657,55,122067,123459,760,48,No
CUST102658,52,80772,25017,702,72,No
CUST102659,62,38108,12261,640,60,No
CUST102660,54,66786,53060,620,48,No
CUST102661,63,53708,29265,644,36,No
CUST102662,45,15140,5000,649,120,Yes
CUST102663,30,109987,81571,621,360,No
CUST102664,41,87579,51483,558,48,No
CUST102665,59,83330,25089,760,12,No
CUST102666,47,74135,74277,748,12,No
CUST102667,47,35450,39529,591,120,Yes
CUST102668,22,57910,55396,690,60,No
CUST102669,61,91045,93086,617,120,No
CUST102670,33,43719,18209,662,84,No
CUST102671,29,15000,6954,656,240,No
CUST102672,56,64322,26277,650,180,No
CUST102673,42,66456,64134,820,120,No
CUST102674,62,73389,84244,649,60,No
CUST102675,46,88213,80877,623,48,No
CUST102676,32,85940,92941,627,60,No
CUST102677,37,76469,64134,753,60,Yes
CUST102678,34,99888,58700,564,72,No
CUST102679,34,32026,20041,627,36,No
CUST102680,54,82615,22746,781,84,No
CUST102681,40,85663,19827,697,60,No
CUST102682,31,39011,34933,693,72,No
CUST102683,36,32428,20703,829,36,No
CUST102684,51,51351,38627,697,60,No
CUST102685,26,53461,40505,630,36,No
CUST102686,39,88835,42408,660,180,No
CUST102687,57,54637,36929,601,60,No
CUST102688,24,48591,32593,768,36,No
CUST102689,24,54709,32192,720,12,No
CUST102690,40,97966,99991,759,84,No
CUST102691,30,70326,45794,765,36,No
CUST102692,44,65519,52654,651,360,Yes
CUST102693,55,67250,73674,614,60,No
CUST102694,46,102302,109078,676,48,No
CUST102695,57,51271,55907,619,84,No
CUST102696,58,102888,48358,692,36,Yes
CUST102697,41,75262,17685,759,180,No
CUST102698,60,65990,30426,668,48,No
CUST102699,59,132523,63440,690,360,No
CUST102700,41,43609,48378,673,72,No
CUST102701,30,61158,51938,736,180,No
CUST102702,58,39189,11040,633,24,No
CUST102703,24,93812,31463,526,48,Yes
CUST102704,65,112230,39918,713,120,No
CUST102705,40,111748,92798,749,84,Yes
CUST102706,37,100599,94102,711,36,No
CUST102707,27,65059,68939,635,48,No
CUST102708,24,60869,69429,601,36,No
CUST102709,49,28221,11337,715,72,No
CUST102710,34,120897,61630,690,48,Yes
CUST102711,23,81724,35985,671,48,No
CUST102712,44,57701,32241,808,36,No
CUST102713,57,103201,115035,614,60,No
CUST102714,36,45681,35408,804,36,No
CUST102715,24,80166,75211,682,360,Yes
CUST102716,44,65684,45330,552,36,No
CUST102717,54,85967,19674,667,240,No
CUST102718,50,68411,18074,747,60,No
CUST102719,38,33727,24888,654,60,No
CUST102720,39,71889,66051,577,36,Yes
CUST102721,51,96222,39964,668,72,No
CUST102722,39,69270,63861,620,84,Yes
CUST102723,39,89378,90331,714,60,Yes
CUST102724,42,43862,26839,734,24,No
CUST102725,44,69343,65628,606,240,Yes
CUST102726,65,54387,32851,631,360,No
CUST102727,32,88675,77888,733,60,No
CUST102728,50,70787,68238,620,72,No
CUST102729,58,87252,103998,604,60,No
CUST102730,51,97193,53009,597,48,No
CUST102731,56,87290,53338,705,24,Yes
CUST102732,39,76828,28090,702,60,No
CUST102733,65,45045,18201,632,180,No
CUST102734,56,69930,62475,680,12,Yes
CUST102735,50,56673,63306,787,72,No
CUST102736,53,61398,36508,612,180,No
CUST102737,38,60637,23033,543,36,Yes
CUST102738,48,45502,22073,712,36,No
CUST102739,31,21067,13800,672,120,No
CUST102740,65,53296,26150,630,36,No
CUST102741,53,74834,32446,726,36,No
CUST102742,37,36296,33972,739,60,No
CUST102743,26,70392,14631,525,60,No
CUST102744,24,117507,86865,634,180,No
CUST102745,40,95576,94980,842,72,No
CUST102746,47,111089,51793,721,60,No
CUST102747,35,79778,64085,727,60,No
CUST102748,26,99188,86184,762,360,No
CUST102749,34,51901,44377,681,24,No
CUST102750,31,53891,34805,736,36,No
CUST102751,59,15000,8199,730,360,No
CUST102752,29,99654,103234,718,360,No
CUST102753,46,108508,103999,657,36,Yes
CUST102754,36,56171,29279,692,36,No
CUST102755,25,63651,19287,639,60,No
CUST102756,30,51153,13904,681,12,No
CUST102757,23,79566,23414,598,84,No
CUST102758,33,98123,76817,625,24,No
CUST102759,63,26431,6652,660,24,Yes
CUST102760,50,80236,43081,614,60,No
CUST102761,65,63083,60131,645,360,No
CUST102762,26,72835,36006,669,60,No
CUST102763,37,81475,78486,708,48,No
CUST102764,65,65295,61734,746,360,No
CUST102765,39,67410,30053,648,60,No
CUST102766,62,64653,60051,773,60,Yes
CUST102767,55,94258,89336,746,60,Yes
CUST102768,46,80469,48077,715,36,No
CUST102769,25,75515,30993,691,60,No
CUST102770,49,38226,27571,702,60,No
CUST102771,57,60536,67885,763,36,Yes
CUST102772,40,92467,77637,766,36,Yes
CUST102773,41,70942,26456,773,48,No
CUST102774,30,86488,76348,683,60,No
CUST102775,25,114163,71603,719,24,No
CUST102776,56,95965,75959,774,36,No
CUST102777,26,72329,67560,636,240,Yes
CUST102778,46,57225,40913,658,60,No
CUST102779,24,15000,15210,681,24,Yes
CUST102780,59,65790,60669,743,84,No
CUST102781,59,61850,50412,744,24,No
CUST102782,55,79759,27979,664,120,No
CUST102783,21,66152,68530,574,120,Yes
CUST102784,44,61990,70415,697,84,No
CUST102785,56,25515,8598,616,120,Yes
CUST102786,26,46501,32004,576,24,No
CUST102787,61,81916,37590,592,120,No
CUST102788,64,112898,107764,703,36,No
CUST102789,51,67562,62267,775,48,No
CUST102790,40,78195,26656,683,240,No
CUST102791,44,93812,101038,695,60,No
CUST102792,45,49728,18945,763,360,No
CUST102793,56,79170,78953,572,24,No
CUST102794,41,51488,33827,716,60,No
CUST102795,50,91621,48401,679,24,Yes
CUST102796,44,73785,26433,720,72,No
CUST102797,64,77461,28476,646,24,No
CUST102798,62,50435,43469,623,36,Yes
CUST102799,50,87676,65795,690,36,No
CUST102800,42,122118,39332,795,120,No
CUST102801,48,44802,14009,740,36,No
CUST102802,27,61506,16749,644,180,No
CUST102803,55,75790,71528,586,36,No
CUST102804,48,89660,81759,562,12,No
CUST102805,34,56011,14475,772,60,No
CUST102806,30,15000,11404,613,360,Yes
CUST102807,36,103980,29601,657,24,No
CUST102808,36,89013,98248,772,24,No
CUST102809,51,26426,29257,567,120,Yes
CUST102810,62,54811,49233,784,48,No
CUST102811,45,109205,122985,662,120,No
CUST102812,33,106195,107411,600,36,No
CUST102813,26,93466,96133,663,60,No
CUST102814,64,65597,50491,629,36,No
CUST102815,29,72075,36474,711,60,No
CUST102816,65,66727,27878,635,120,No
CUST102817,56,98206,51774,546,120,Yes
CUST102818,63,48104,39854,665,60,No
CUST102819,40,49855,18579,585,240,No
CUST102820,38,95257,43689,694,36,No
CUST102821,63,68891,46023,597,36,No
CUST102822,41,104462,45237,646,72,No
CUST102823,24,53212,41965,693,72,No
CUST102824,53,68631,77085,665,12,No
CUST102825,47,46940,44503,698,72,No
CUST102826,27,70184,60809,728,60,No
CUST102827,26,33036,25858,599,120,No
CUST102828,35,57809,39770,675,180,No
CUST102829,38,34094,13180,447,60,No
CUST102830,52,87348,95621,697,12,No
CUST102831,31,87915,39433,659,72,No
CUST102832,40,26743,7790,611,120,No
CUST102833,44,103347,98181,702,36,No
CUST102834,35,132435,49745,762,60,No
CUST102835,27,71150,40690,647,360,No
CUST102836,41,53972,12321,614,48,No
CUST102837,62,140608,47394,692,36,Yes
CUST102838,46,37026,13818,587,36,No
CUST102839,64,70503,17937,634,60,No
CUST102840,34,74491,63813,766,240,Yes
CUST102841,57,103629,107464,684,72,No
CUST102842,41,78993,45288,548,48,No
CUST102843,38,57534,61825,554,72,Yes
CUST102844,25,46220,19105,691,72,No
CUST102845,23,61454,32287,740,72,No
CUST102846,43,44827,15722,567,36,No
CUST102847,46,71196,58421,711,72,No
CUST102848,57,55895,34648,773,60,No
CUST102849,44,32649,26553,812,12,Yes
CUST102850,39,101379,97494,703,60,Yes
CUST102851,45,57558,42921,715,360,No
CUST102852,41,38297,31696,531,48,No
CUST102853,32,65794,74693,827,360,No
CUST102854,61,71709,35787,640,24,No
CUST102855,53,26338,14727,615,120,No
CUST102856,24,78291,71848,662,24,No
CUST102857,62,43821,35552,786,36,No
CUST102858,27,112776,42689,835,72,No
CUST102859,42,83099,47877,689,72,No
CUST102860,53,60003,40072,750,120,No
CUST102861,37,51371,31819,683,72,No
CUST102862,44,67376,25487,607,72,No
CUST102863,54,85320,95936,783,240,No
CUST102864,48,69363,66749,636,60,No
CUST102865,63,64571,43996,787,36,No
CUST102866,61,71459,62888,771,36,No
CUST102867,59,54904,60245,723,60,No
CUST102868,42,61420,20648,808,120,No
CUST102869,37,17855,8041,836,12,No
CUST102870,54,94343,70069,668,24,No
CUST102871,26,77470,77393,623,24,No
CUST102872,26,50664,11970,550,72,No
CUST102873,54,117468,139084,837,36,No
CUST102874,21,72175,47268,649,36,No
CUST102875,30,44096,24660,759,72,No
CUST102876,41,91418,45044,628,120,Yes
CUST102877,25,79951,29930,788,48,No
CUST102878,22,79864,79191,631,72,No
CUST102879,42,59356,68581,597,24,No
CUST102880,22,81262,49866,665,240,No
CUST102881,30,63456,73128,643,48,No
CUST102882,54,83899,85896,722,360,No
CUST102883,36,22376,15239,676,360,No
CUST102884,59,59153,51701,724,120,No
CUST102885,42,113054,71788,660,12,No
CUST102886,32,50823,38561,633,60,No
CUST102887,44,54904,14168,639,24,No
CUST102888,60,58801,52701,823,180,Yes
CUST102889,58,39630,10019,696,120,No
CUST102890,30,15000,15256,541,360,Yes
CUST102891,55,64235,65837,644,72,No
CUST102892,52,73396,32080,687,60,No
CUST102893,27,68687,35969,809,60,No
CUST102894,41,66378,45224,752,60,No
CUST102895,40,71076,56624,615,60,No
CUST102896,46,95571,46577,849,72,No
CUST102897,24,65239,51701,678,240,No
CUST102898,42,55648,27701,767,72,No
CUST102899,35,62972,16089,599,180,Yes
CUST102900,60,84484,17110,512,180,No
CUST102901,41,105301,31712,581,60,Yes
CUST102902,35,54296,53875,452,48,Yes
CUST102903,42,72473,84172,828,72,No
CUST102904,48,78459,49191,695,60,No
CUST102905,34,45186,32203,615,24,No
CUST102906,47,70510,24456,712,60,No
CUST102907,61,33358,25053,693,360,Yes
CUST102908,60,25774,8883,723,12,No
CUST102909,48,79169,64223,765,84,No
CUST102910,46,60403,68452,660,180,No
CUST102911,22,75057,29700,618,84,No
CUST102912,45,69553,67088,738,72,No
CUST102913,23,45590,10189,736,120,No
CUST102914,28,68869,39634,687,60,No
CUST102915,64,39172,12173,832,24,No
CUST102916,53,104774,57885,649,360,No
CUST102917,62,36101,13485,617,60,Yes
CUST102918,55,65105,37325,709,84,No
CUST102919,26,43943,27136,633,60,No
CUST102920,59,84261,42180,715,24,No
CUST102921,43,61714,52866,622,360,No
CUST102922,45,57033,63811,652,120,No
CUST102923,63,91330,54852,812,36,No
CUST102924,39,70736,27753,652,360,No
CUST102925,25,82916,39030,624,120,No
CUST102926,31,45467,47922,762,60,Yes
CUST102927,32,34880,26915,606,72,No
CUST102928,30,72680,47606,631,24,No
CUST102929,28,62029,21688,720,72,No
CUST102930,44,85661,55656,746,24,Yes
CUST102931,48,68002,32538,765,60,No
CUST102932,61,75127,85882,628,60,No
CUST102933,56,29415,31888,722,180,No
CUST102934,57,117211,33277,647,120,No
CUST102935,41,65894,47223,638,36,No
CUST102936,28,87440,37167,764,180,No
CUST102937,29,49098,29988,642,72,Yes
CUST102938,35,77700,83671,699,72,No
CUST102939,60,37429,27230,691,36,No
CUST102940,38,81302,43433,605,180,No
CUST102941,62,61101,24922,748,240,No
CUST102942,40,70730,70753,719,120,Yes
CUST102943,26,87449,72103,541,240,No
CUST102944,32,39186,26179,699,48,Yes
CUST102945,22,52888,22080,626,180,No
CUST102946,27,81433,43505,757,60,No
CUST102947,36,122456,142030,579,36,Yes
CUST102948,23,66548,47921,655,84,No
CUST102949,65,84778,50926,705,84,No
CUST102950,23,67326,48570,684,48,No
CUST102951,47,118556,116065,733,12,No
CUST102952,63,26319,14215,574,36,Yes
CUST102953,60,72366,27405,796,60,No
CUST102954,58,29361,23047,717,36,No
CUST102955,53,15000,12978,775,36,No
CUST102956,48,77437,70678,741,60,No
CUST102957,21,73487,79512,679,360,Yes
CUST102958,28,62879,35915,590,120,No
CUST102959,57,67345,18544,641,48,No
CUST102960,52,147457,170807,791,360,No
CUST102961,63,63546,40352,777,84,No
CUST102962,57,82753,68127,637,60,No
CUST102963,24,53766,46578,483,60,Yes
CUST102964,50,77381,57766,665,60,No
CUST102965,26,64044,25954,660,36,No
CUST102966,39,59737,57057,663,60,Yes
CUST102967,52,115472,115905,717,60,No
CUST102968,29,99430,74868,741,60,No
CUST102969,32,73419,50553,749,120,No
CUST102970,31,15000,5000,711,48,Yes
CUST102971,36,60975,17314,554,120,No
CUST102972,21,137576,74231,656,72,No
CUST102973,65,64233,32813,841,360,No
CUST102974,41,97580,112574,706,60,Yes
CUST102975,50,106049,104312,706,240,Yes
CUST102976,33,75474,64902,705,180,No
CUST102977,54,48954,35132,709,72,No
CUST102978,24,15000,5511,513,84,Yes
CUST102979,48,87104,102648,663,24,No
CUST102980,58,49631,28540,677,360,No
CUST102981,51,74404,22836,770,24,No
CUST102982,47,38754,26887,683,72,No
CUST102983,25,63369,68058,565,48,Yes
CUST102984,45,70843,77027,710,60,Yes
CUST102985,23,76715,16184,624,72,Yes
CUST102986,53,42129,45765,595,240,Yes
CUST102987,24,99923,47112,622,60,Yes
CUST102988,45,55078,13162,718,360,No
CUST102989,40,28138,29483,768,72,Yes
CUST102990,54,67274,71571,714,36,No
CUST102991,46,70859,56420,724,36,No
CUST102992,25,74015,57320,713,120,No
CUST102993,55,104053,105418,687,24,No
CUST102994,48,64089,63212,729,60,Yes
CUST102995,49,67010,73048,511,36,No
CUST102996,29,42420,31932,688,60,No
CUST102997,58,90514,105688,607,120,No
CUST102998,26,74608,89242,761,60,No
CUST102999,39,59499,18834,670,36,No
CUST103000,64,22383,23492,682,36,No
CUST103001,31,106110,74258,575,60,No
CUST103002,22,39308,23096,751,24,No
CUST103003,64,55218,44896,724,72,No
CUST103004,64,78959,20211,719,72,No
CUST103005,29,40086,28319,623,24,Yes
CUST103006,41,32662,34977,626,60,Yes
CUST103007,44,16901,6988,696,60,No
CUST103008,54,88025,55138,631,48,No
CUST103009,42,56370,64233,710,60,No
CUST103010,23,143182,89999,529,48,No
CUST103011,32,45141,25205,646,60,No
CUST103012,48,46964,30082,806,120,No
CUST103013,50,55865,40192,711,36,No
CUST103014,46,76078,63296,692,72,No
CUST103015,41,58245,58285,819,60,No
CUST103016,48,85308,55630,516,48,Yes
CUST103017,46,45535,46331,623,120,No
CUST103018,53,35460,26018,652,60,No
CUST103019,41,25045,13486,740,60,Yes
CUST103020,55,15000,12869,741,84,No
CUST103021,54,57048,52354,619,180,Yes
CUST103022,61,62475,47359,750,360,No
CUST103023,38,54214,13912,652,72,No
CUST103024,31,101085,37390,765,180,No
CUST103025,43,100701,48870,608,12,No
CUST103026,42,61630,29744,671,60,No
CUST103027,37,25152,21968,646,36,No
CUST103028,25,55832,12191,754,24,No
CUST103029,64,55004,52566,643,60,No
CUST103030,31,53572,24929,677,120,No
CUST103031,50,52557,26805,715,60,No
CUST103032,35,53663,39062,718,84,No
CUST103033,47,60336,25095,742,60,No
CUST103034,55,54111,58682,695,60,No
CUST103035,53,75208,21462,651,48,No
CUST103036,40,79009,50912,656,60,No
CUST103037,36,47234,49568,682,48,Yes
CUST103038,54,101777,83034,697,84,No
CUST103039,22,45498,22400,670,24,No
CUST103040,55,29555,18347,681,24,Yes
CUST103041,60,79519,72099,574,84,No
CUST103042,48,49565,58153,727,60,No
CUST103043,59,78032,85300,693,60,No
CUST103044,26,15000,8136,750,36,Yes
CUST103045,29,104811,125584,680,60,No
CUST103046,40,86807,17666,558,120,No
CUST103047,21,32488,7395,655,180,No
CUST103048,28,33031,33818,666,120,Yes
CUST103049,43,111807,44663,732,24,No
CUST103050,23,51566,13447,535,84,No
CUST103051,24,49145,21484,683,36,No
CUST103052,45,15000,9392,716,48,No
CUST103053,58,61231,56980,634,36,No
CUST103054,35,64307,53011,685,120,No
CUST103055,41,87887,38461,636,84,No
CUST103056,55,35023,24631,629,72,No
CUST103057,34,31993,36031,651,84,Yes
CUST103058,56,81274,82494,630,36,Yes
CUST103059,32,95168,49791,728,60,No
CUST103060,37,30721,36320,629,72,No
CUST103061,59,97038,88171,617,72,No
CUST103062,29,70939,18618,804,120,No
CUST103063,55,97295,22880,747,48,No
CUST103064,33,68244,25142,550,120,Yes
CUST103065,35,15000,13918,626,60,Yes
CUST103066,38,66201,25404,697,84,No
CUST103067,53,96504,68661,703,60,No
CUST103068,26,47656,13976,576,240,Yes
CUST103069,47,60301,67591,761,36,No
CUST103070,43,65597,35682,738,84,No
CUST103071,47,15000,16622,714,72,No
CUST103072,54,111784,127979,775,36,No
CUST103073,58,47466,9784,712,24,No
CUST103074,34,82643,54886,711,120,No
CUST103075,56,67832,15239,789,36,No
CUST103076,28,101440,112466,757,36,No
CUST103077,55,80151,57581,621,360,No
CUST103078,39,64127,17631,724,120,No
CUST103079,50,47662,14788,634,36,No
CUST103080,34,89946,52484,715,72,No
CUST103081,40,23164,26412,713,60,No
CUST103082,45,86147,76921,583,180,Yes
CUST103083,60,42524,45399,671,120,No
CUST103084,44,101307,57386,699,180,No
CUST103085,34,74032,18006,649,36,No
CUST103086,46,86103,101112,702,84,Yes
CUST103087,58,72050,15647,736,12,No
CUST103088,43,26191,30058,678,24,Yes
CUST103089,42,48482,27571,696,120,No
CUST103090,39,86810,18238,777,12,No
CUST103091,23,74166,65945,713,72,No
CUST103092,62,99525,117493,694,180,No
CUST103093,39,80082,93346,613,60,No
CUST103094,29,45832,16542,727,12,No
CUST103095,48,50098,19100,703,120,Yes
CUST103096,40,72573,55557,770,240,No
CUST103097,65,15000,12560,683,120,Yes
CUST103098,27,111836,105061,553,72,Yes
CUST103099,34,81044,30882,561,36,No
CUST103100,29,100676,116684,731,12,Yes
CUST103101,39,30485,25569,640,84,No
CUST103102,34,101114,105871,711,36,No
CUST103103,58,125787,93091,688,180,No
CUST103104,56,36978,22715,668,60,No
CUST103105,60,89285,105105,673,60,No
CUST103106,37,70028,54770,619,120,No
CUST103107,50,31389,33488,679,120,No
CUST103108,29,82322,94941,639,84,No
CUST103109,53,90840,79517,654,240,No
CUST103110,45,54972,41171,657,360,No
CUST103111,34,99148,20178,664,240,No
CUST103112,31,28331,6800,745,180,Yes
CUST103113,55,32631,13080,671,120,No
CUST103114,61,73415,28339,752,84,No
CUST103115,34,70635,32122,788,24,No
CUST103116,50,52086,26300,740,36,No
CUST103117,61,90240,50540,717,12,No
CUST103118,24,83272,51673,703,36,No
CUST103119,24,91453,27332,741,60,No
CUST103120,48,66922,16219,686,36,No
CUST103121,28,85065,74342,749,240,No
CUST103122,22,58859,43399,723,180,No
CUST103123,61,121345,78164,655,24,No
CUST103124,42,49686,41460,743,36,No
CUST103125,61,122632,126026,686,180,No
CUST103126,36,70872,44486,673,180,No
CUST103127,49,35612,29954,647,240,No
CUST103128,50,104202,120205,692,360,No
CUST103129,32,73148,76046,750,360,No
CUST103130,55,91278,57140,742,60,No
CUST103131,31,100596,84975,705,36,No
CUST103132,41,78449,29581,722,120,Yes
CUST103133,41,55194,41976,769,48,No
CUST103134,25,94393,111509,670,180,Yes
CUST103135,40,70019,50296,602,60,No
CUST103136,57,87146,98269,771,120,No
CUST103137,23,16157,9813,643,36,No
CUST103138,64,81175,97316,632,60,No
CUST103139,53,54035,42105,554,72,No
CUST103140,29,111333,26973,720,240,Yes
CUST103141,29,85577,67328,566,36,No
CUST103142,24,75996,36066,627,240,No
CUST103143,55,82158,19100,721,180,No
CUST103144,37,45039,45978,731,120,Yes
CUST103145,54,110581,52607,634,120,No
CUST103146,44,119784,119371,671,72,No
CUST103147,52,79823,38971,619,36,No
CUST103148,21,109760,43281,642,36,No
CUST103149,28,55771,65472,699,180,No
CUST103150,65,50072,28123,645,120,No
CUST103151,43,71023,56916,663,36,Yes
CUST103152,60,80874,65506,577,72,Yes
CUST103153,32,60150,45742,759,60,No
CUST103154,32,83444,93015,716,36,Yes
CUST103155,35,77660,67909,736,60,No
CUST103156,61,45042,27193,770,48,No
CUST103157,39,82970,88146,622,24,No
CUST103158,46,91588,34901,655,60,No
CUST103159,49,74287,55287,547,72,Yes
CUST103160,42,98816,113693,850,12,No
CUST103161,60,39565,32657,670,60,Yes
CUST103162,41,81699,83085,753,36,No
CUST103163,58,40743,34777,593,12,Yes
CUST103164,40,42148,43807,750,24,No
CUST103165,49,54227,62062,810,36,No
CUST103166,24,46448,21966,676,36,No
CUST103167,27,56300,20812,609,180,No
CUST103168,48,64646,44217,670,60,No
CUST103169,48,90929,82005,524,36,No
CUST103170,24,61971,26473,677,24,Yes
CUST103171,42,30359,6196,737,48,Yes
CUST103172,32,98502,53480,677,120,No
CUST103173,65,49073,57359,660,60,No
CUST103174,23,68532,61334,717,36,No
CUST103175,42,81163,48805,722,60,No
CUST103176,64,74990,29439,564,60,No
CUST103177,22,97354,54138,686,12,No
CUST103178,44,81975,30318,850,72,No
CUST103179,54,48467,14846,587,60,No
CUST103180,47,124464,137750,674,12,No
CUST103181,61,74858,89654,816,84,No
CUST103182,21,66316,24147,757,120,No
CUST103183,28,94098,23950,644,72,No
CUST103184,43,76236,40385,694,48,No
CUST103185,58,79981,52920,680,60,No
CUST103186,26,132305,53560,628,60,Yes
CUST103187,42,63122,31651,675,120,No
CUST103188,45,62056,24876,660,72,No
CUST103189,38,72914,71037,688,24,No
CUST103190,37,96788,88327,628,84,No
CUST103191,32,32337,27000,591,84,Yes
CUST103192,26,20861,12250,677,60,Yes
CUST103193,46,55322,61354,800,180,No
CUST103194,47,29152,34094,686,180,Yes
CUST103195,28,59379,22186,657,36,No
CUST103196,39,82562,34925,733,240,No
CUST103197,62,47731,34635,669,60,No
CUST103198,21,34329,9998,811,120,No
CUST103199,49,71733,45654,680,180,No
CUST103200,65,91564,71584,729,60,No
CUST103201,55,27626,19948,627,60,No
CUST103202,60,90506,48050,715,240,No
CUST103203,34,90433,67142,699,36,No
CUST103204,55,93852,108756,676,36,No
CUST103205,65,100462,40789,645,60,No
CUST103206,40,125050,106897,635,180,Yes
CUST103207,33,61098,14871,700,240,No
CUST103208,58,72739,19379,724,36,No
CUST103209,28,59589,44801,671,180,No
CUST103210,63,70049,21361,700,36,No
CUST103211,40,108322,24085,677,360,No
CUST103212,53,36375,13514,687,72,No
CUST103213,46,48474,37075,666,12,No
CUST103214,59,104430,94336,681,12,No
CUST103215,41,95501,38437,850,36,No
CUST103216,62,60922,52896,702,36,Yes
CUST103217,63,91360,34943,725,120,No
CUST103218,61,78530,63881,711,36,No
CUST103219,29,107507,65790,662,360,No
CUST103220,44,71863,61357,771,72,No
CUST103221,57,95641,114296,660,84,Yes
CUST103222,61,136050,154800,754,36,No
CUST103223,37,84952,17354,657,180,No
CUST103224,44,71233,77319,613,84,No
CUST103225,41,88061,23467,706,180,No
CUST103226,59,60868,70184,603,360,No
CUST103227,61,129699,62492,717,24,No
CUST103228,59,74502,43363,596,24,No
CUST103229,33,63177,18425,658,180,No
CUST103230,31,49108,15335,580,180,No
CUST103231,39,97431,90293,850,72,No
CUST103232,31,91680,104912,564,60,No
CUST103233,33,57566,46672,681,84,Yes
CUST103234,65,84411,77308,760,48,No
CUST103235,21,32286,31058,753,36,No
CUST103236,60,74624,34537,740,60,No
CUST103237,64,81319,19942,658,36,No
CUST103238,39,112683,22748,775,60,No
CUST103239,32,50730,27934,744,360,No
CUST103240,28,38041,16794,695,180,No
CUST103241,28,47614,12490,697,240,No
CUST103242,65,36586,13885,659,180,No
CUST103243,32,103416,33558,616,48,No
CUST103244,53,108716,121205,767,180,No
CUST103245,65,78005,26543,772,240,No
CUST103246,46,100532,74157,618,240,No
CUST103247,59,73349,58174,669,84,No
CUST103248,48,67622,50276,670,36,No
CUST103249,25,61674,18444,678,12,No
CUST103250,28,62240,32290,685,36,No
CUST103251,45,31305,7866,746,360,No
CUST103252,47,76606,45632,628,60,No
CUST103253,43,68992,26810,621,180,No
CUST103254,50,88634,67507,767,60,No
CUST103255,65,72338,64584,648,84,No
CUST103256,43,65932,48270,592,12,No
CUST103257,40,48220,30583,646,36,No
CUST103258,38,71804,42173,657,60,No
CUST103259,38,88456,92144,789,72,No
CUST103260,22,41417,17369,745,36,No
CUST103261,24,72187,67438,760,120,No
CUST103262,50,75826,72602,737,60,No
CUST103263,53,52048,32228,746,180,No
CUST103264,56,55304,27503,632,24,No
CUST103265,38,75765,50804,666,84,No
CUST103266,57,41664,12216,611,48,No
CUST103267,39,78748,19366,665,120,No
CUST103268,48,47616,14837,728,60,No
CUST103269,60,96571,37387,689,84,No
CUST103270,40,128446,90449,772,240,No
CUST103271,53,48481,50863,600,12,No
CUST103272,32,83355,36313,715,12,No
CUST103273,35,51831,58837,593,120,No
CUST103274,61,96024,110899,687,84,Yes
CUST103275,59,38369,44466,732,48,No
CUST103276,22,82015,85096,665,60,No
CUST103277,49,48175,27162,719,12,No
CUST103278,61,64825,17677,613,36,No
CUST103279,30,44224,34000,564,60,No
CUST103280,22,90559,68705,719,180,No
CUST103281,31,49075,51528,802,60,Yes
CUST103282,33,83799,100223,610,72,No
CUST103283,30,61398,43479,766,180,No
CUST103284,34,67138,36604,683,48,No
CUST103285,38,73694,28439,587,120,No
CUST103286,29,50954,10435,601,180,No
CUST103287,59,75259,53367,681,36,No
CUST103288,48,108258,81791,652,48,No
CUST103289,23,50548,51809,588,360,Yes
CUST103290,40,99295,69961,561,360,Yes
CUST103291,26,107452,119967,621,36,Yes
CUST103292,47,49596,41070,694,24,No
CUST103293,22,33624,34980,680,36,No
CUST103294,49,77549,27010,645,60,No
CUST103295,58,56315,59431,694,60,No
CUST103296,23,116715,102142,753,72,No
CUST103297,36,70870,26238,708,180,No
CUST103298,50,49945,19467,672,48,No
CUST103299,60,41321,46548,745,180,No
CUST103300,22,97248,22582,613,24,No
CUST103301,37,55720,36916,664,12,No
CUST103302,61,71096,36506,666,60,No
CUST103303,32,93895,81226,593,24,Yes
CUST103304,55,57894,60188,651,60,No
CUST103305,63,68852,38583,535,180,Yes
CUST103306,21,69586,43624,814,36,No
CUST103307,65,87083,102925,614,120,No
CUST103308,35,84769,83406,791,48,No
CUST103309,46,64497,70766,683,12,No
CUST103310,57,71591,45730,720,60,No
CUST103311,41,60706,26351,646,180,No
CUST103312,51,33060,20228,695,60,Yes
CUST103313,45,76440,70026,726,72,No
CUST103314,43,117305,36298,727,240,No
CUST103315,44,47907,22539,734,120,No
CUST103316,58,50674,12498,654,36,No
CUST103317,48,48232,30499,646,120,No
CUST103318,41,88115,90533,568,60,Yes
CUST103319,63,81212,18245,717,120,No
CUST103320,38,66037,57804,756,60,No
CUST103321,56,47050,53284,793,24,Yes
CUST103322,55,72309,31594,701,72,No
CUST103323,65,30884,27599,626,60,Yes
CUST103324,29,73586,86471,561,60,Yes
CUST103325,58,91788,106683,753,180,Yes
CUST103326,50,38720,16840,554,180,No
CUST103327,64,31687,9517,656,60,No
CUST103328,54,109486,38132,664,60,No
CUST103329,52,54706,49347,675,60,No
CUST103330,23,98399,91094,683,60,No
CUST103331,23,66150,57831,690,360,No
CUST103332,48,65951,35355,511,84,No
CUST103333,64,80960,29937,681,36,No
CUST103334,35,47900,37398,524,60,No
CUST103335,61,73312,50122,731,72,No
CUST103336,43,60463,56160,641,72,No
CUST103337,60,36988,23723,529,72,Yes
CUST103338,31,78437,42249,623,36,No
CUST103339,52,63417,31295,640,12,No
CUST103340,56,66074,27187,763,48,No
CUST103341,53,39746,18512,694,60,No
CUST103342,44,109785,32368,704,24,No
CUST103343,59,91918,50266,763,180,No
CUST103344,54,94104,22262,673,48,No
CUST103345,48,62364,24098,733,240,No
CUST103346,57,26770,25345,728,36,No
CUST103347,27,118823,62438,590,24,No
CUST103348,24,68473,59451,783,60,No
CUST103349,57,51280,47018,581,36,No
CUST103350,21,80420,62823,744,240,No
CUST103351,21,99178,114917,574,12,No
CUST103352,40,69424,15373,722,60,No
CUST103353,39,101964,95709,810,240,No
CUST103354,49,97075,112489,665,60,No
CUST103355,30,43090,45773,662,24,No
CUST103356,38,53155,19555,723,48,No
CUST103357,48,93938,49488,657,60,No
CUST103358,55,15000,5587,807,36,No
CUST103359,63,66264,53098,693,60,Yes
CUST103360,51,34229,31223,658,180,Yes
CUST103361,47,58086,30035,642,180,No
CUST103362,31,62529,46241,615,12,No
CUST103363,58,61044,54385,636,36,No
CUST103364,25,56193,34915,655,36,No
CUST103365,28,42571,44870,646,72,No
CUST103366,54,127298,123676,634,60,Yes
CUST103367,32,116687,30883,827,180,No
CUST103368,58,40948,33623,608,120,Yes
CUST103369,21,109553,47691,690,24,No
CUST103370,51,60013,45461,721,72,No
CUST103371,24,73230,84719,724,24,No
CUST103372,65,68418,73827,676,36,No
CUST103373,25,53506,32345,663,36,No
CUST103374,50,94596,46495,712,36,No
CUST103375,44,73147,31775,699,72,Yes
CUST103376,23,58086,42549,662,72,No
CUST103377,31,37385,11748,571,36,Yes
CUST103378,65,47660,35710,647,360,No
CUST103379,24,28965,5832,600,60,No
CUST103380,46,70306,36830,633,24,No
CUST103381,47,40083,16832,682,24,No
CUST103382,63,63361,74210,705,72,Yes
CUST103383,47,104253,96668,805,360,No
CUST103384,62,99982,54955,642,72,No
CUST103385,26,69193,20263,734,240,No
CUST103386,35,67823,48616,701,60,No
CUST103387,50,116997,48372,771,60,No
CUST103388,62,83019,61138,720,60,No
CUST103389,57,61805,63991,609,84,No
CUST103390,57,34350,28022,559,60,No
CUST103391,62,79847,66576,702,180,No
CUST103392,57,90733,67236,643,12,No
CUST103393,55,54209,61108,611,60,No
CUST103394,43,77280,87473,591,60,Yes
CUST103395,26,60911,43413,691,72,No
CUST103396,24,65399,33076,786,36,No
CUST103397,38,15000,9894,651,60,No
CUST103398,29,64455,24916,721,60,No
CUST103399,49,94234,78812,673,84,No
CUST103400,33,54215,37956,590,120,No
CUST103401,37,71313,21629,731,120,No
CUST103402,65,51101,20320,603,48,No
CUST103403,52,79011,53698,682,360,No
CUST103404,42,64587,70244,656,180,No
CUST103405,24,46519,35652,743,36,No
CUST103406,25,103314,91075,606,36,No
CUST103407,57,93223,50250,707,48,No
CUST103408,61,54877,42333,621,60,No
CUST103409,33,82445,53373,644,180,No
CUST103410,54,83435,71682,426,120,No
CUST103411,65,86058,21564,826,180,No
CUST103412,42,27644,19166,719,36,No
CUST103413,43,95165,47201,626,72,No
CUST103414,23,55758,29339,601,48,No
CUST103415,62,61054,70879,645,24,No
CUST103416,54,135947,52026,730,84,No
CUST103417,52,77547,39646,548,36,No
CUST103418,65,60342,42836,670,84,No
CUST103419,41,15000,15945,804,84,Yes
CUST103420,64,104744,64592,601,180,No
CUST103421,41,36370,34328,686,36,No
CUST103422,64,44914,47446,834,120,No
CUST103423,31,61716,31476,724,360,No
CUST103424,59,105410,62482,689,180,No
CUST103425,24,89331,49718,715,120,No
CUST103426,21,66054,68224,652,84,No
CUST103427,48,77707,18987,771,60,No
CUST103428,44,54990,27958,652,120,No
CUST103429,55,73491,64629,543,120,No
CUST103430,33,71833,54984,653,72,No
CUST103431,54,94219,59951,612,120,No
CUST103432,31,94179,69688,660,60,No
CUST103433,56,82349,32741,662,24,No
CUST103434,37,60941,38437,764,60,No
CUST103435,55,88546,62133,729,36,No
CUST103436,38,67701,74552,698,60,No
CUST103437,60,42952,19794,680,12,No
CUST103438,42,59918,63982,606,60,Yes
CUST103439,44,72113,60881,527,180,Yes
CUST103440,39,92755,20438,688,60,No
CUST103441,57,65412,60482,736,12,No
CUST103442,59,39770,9368,672,60,Yes
CUST103443,41,71419,85516,643,48,Yes
CUST103444,28,72836,78127,713,60,No
CUST103445,48,74646,37125,674,60,Yes
CUST103446,25,92997,42538,798,240,No
CUST103447,37,95473,55512,766,12,No
CUST103448,57,55145,30670,747,84,No
CUST103449,56,54596,31247,733,180,Yes
CUST103450,39,43995,22802,590,360,Yes
CUST103451,47,87470,71825,726,36,No
CUST103452,54,106221,38692,706,60,No
CUST103453,31,62123,64979,722,12,No
CUST103454,65,63964,64757,714,60,No
CUST103455,32,106670,72160,712,24,No
CUST103456,41,82639,86997,850,180,No
CUST103457,31,80906,36177,675,24,No
CUST103458,59,40227,8752,746,60,No
CUST103459,48,86968,71245,647,60,No
CUST103460,25,46772,30772,735,360,No
CUST103461,37,41649,31952,746,84,No
CUST103462,40,61331,67424,706,48,No
CUST103463,61,55355,64761,797,36,No
CUST103464,32,64460,53789,618,24,No
CUST103465,26,33975,32754,646,120,No
CUST103466,37,93970,26669,695,84,No
CUST103467,39,98192,35419,742,72,No
CUST103468,46,21316,19892,693,12,Yes
CUST103469,64,94461,59639,770,120,No
CUST103470,64,49737,32128,634,84,No
CUST103471,52,91424,46499,600,360,No
CUST103472,26,68289,55134,702,72,No
CUST103473,56,70719,27238,675,48,Yes
CUST103474,58,65373,54058,718,60,No
CUST103475,31,100303,37493,678,36,No
CUST103476,53,39010,10292,656,120,No
CUST103477,44,85196,45184,675,120,No
CUST103478,43,97533,42050,682,36,No
CUST103479,35,87909,95732,659,36,Yes
CUST103480,47,128117,32664,666,24,No
CUST103481,31,56776,21383,652,240,No
CUST103482,37,93933,70329,740,36,No
CUST103483,34,67348,45869,694,48,No
CUST103484,47,100835,24790,838,48,No
CUST103485,38,69808,14468,691,60,No
CUST103486,48,60303,71644,641,120,No
CUST103487,24,102652,88161,850,180,No
CUST103488,27,57711,32630,709,36,No
CUST103489,65,34682,23252,749,84,No
CUST103490,55,57079,26630,721,48,No
CUST103491,29,85476,46574,724,360,No
CUST103492,28,104801,88981,717,48,Yes
CUST103493,65,72778,78805,603,12,Yes
CUST103494,37,102955,39548,706,60,No
CUST103495,37,36046,37501,587,36,Yes
CUST103496,53,58918,18945,668,12,No
CUST103497,52,62786,26056,629,84,No
CUST103498,28,67136,15923,705,120,No
CUST103499,39,72102,24573,703,60,No
CUST103500,58,87273,97510,714,84,No
CUST103501,23,58880,38828,700,60,No
CUST103502,25,73476,20402,638,72,No
CUST103503,33,68872,79873,662,72,No
CUST103504,51,46853,50554,744,84,Yes
CUST103505,36,67158,64115,755,36,No
CUST103506,52,66409,75273,600,36,Yes
CUST103507,42,65873,27675,573,60,No
CUST103508,49,70794,73369,629,60,No
CUST103509,42,71892,63983,753,120,No
CUST103510,63,59193,63322,765,60,No
CUST103511,23,101818,101504,615,36,No
CUST103512,30,40763,22277,702,36,No
CUST103513,62,51976,50645,808,36,No
CUST103514,41,139499,64512,709,120,No
CUST103515,36,44050,23284,780,60,No
CUST103516,32,36156,11133,750,120,No
CUST103517,22,88362,100298,616,60,No
CUST103518,61,18072,8873,667,180,No
CUST103519,44,64118,46205,682,360,No
CUST103520,55,123646,73116,687,84,No
CUST103521,50,31377,36395,744,180,No
CUST103522,50,20451,10942,709,60,No
CUST103523,55,32520,31822,474,240,Yes
CUST103524,39,92459,97583,588,180,Yes
CUST103525,28,98119,62365,527,360,No
CUST103526,46,57185,33063,692,72,No
CUST103527,60,87080,82530,697,120,No
CUST103528,27,104756,116583,700,60,No
CUST103529,50,114684,109515,613,36,Yes
CUST103530,27,63842,27269,727,48,No
CUST103531,23,15000,16325,730,180,Yes
CUST103532,21,49478,29072,592,24,No
CUST103533,56,59330,46054,577,72,Yes
CUST103534,45,63527,65524,680,60,No
CUST103535,57,65304,25364,805,60,No
CUST103536,21,97972,96454,799,180,No
CUST103537,35,101861,81098,719,180,No
CUST103538,57,65708,71841,629,72,Yes
CUST103539,33,97462,36253,742,36,No
CUST103540,60,78942,48998,648,60,No
CUST103541,28,71613,73965,626,60,Yes
CUST103542,25,92664,20315,530,48,No
CUST103543,29,71806,22418,687,24,No
CUST103544,21,121445,144588,636,60,No
CUST103545,56,34040,16353,687,48,Yes
CUST103546,55,57121,67148,519,84,Yes
CUST103547,22,66837,25567,692,48,No
CUST103548,60,80986,45441,510,60,No
CUST103549,43,101699,96906,756,24,No
CUST103550,29,69390,59521,717,360,No
CUST103551,54,34444,26905,660,60,No
CUST103552,34,91063,66467,719,12,No
CUST103553,24,88874,92735,612,60,No
CUST103554,50,21454,9331,685,180,No
CUST103555,51,69905,44912,736,120,No
CUST103556,58,30246,10751,463,120,Yes
CUST103557,31,53384,42491,649,36,No
CUST103558,55,47430,21369,678,84,No
CUST103559,28,90232,48170,666,120,No
CUST103560,23,72921,48948,782,72,No
CUST103561,34,37860,8586,601,180,No
CUST103562,33,92002,26859,637,36,No
CUST103563,65,34155,30259,546,36,Yes
CUST103564,52,78253,49219,786,180,No
CUST103565,54,49650,52867,663,72,No
CUST103566,65,60858,54448,649,12,Yes
CUST103567,39,82607,17191,676,48,No
CUST103568,58,83036,67817,725,180,No
CUST103569,36,103424,30378,704,12,No
CUST103570,22,67944,66649,850,12,Yes
CUST103571,60,77661,92534,712,48,No
CUST103572,37,59057,43182,647,240,No
CUST103573,54,74550,65811,641,240,No
CUST103574,62,80987,35417,653,60,No
CUST103575,36,67542,43065,575,60,Yes
CUST103576,58,24906,26303,683,48,Yes
CUST103577,22,78287,28764,735,36,No
CUST103578,22,79114,36830,637,180,No
CUST103579,46,52996,34205,623,24,No
CUST103580,33,37890,34565,786,60,No
CUST103581,51,106897,61560,580,72,No
CUST103582,54,82286,92797,535,24,Yes
CUST103583,59,64273,18926,599,60,Yes
CUST103584,23,41574,23731,572,72,Yes
CUST103585,28,49455,44952,707,120,Yes
CUST103586,43,102565,43691,655,36,No
CUST103587,34,73442,62897,665,48,No
CUST103588,47,56235,20482,761,72,Yes
CUST103589,49,82742,21180,632,360,No
CUST103590,59,49640,15935,734,36,No
CUST103591,59,107521,121497,786,360,Yes
CUST103592,21,103820,78047,648,120,No
CUST103593,37,58336,58123,732,180,Yes
CUST103594,61,54283,28914,663,24,No
CUST103595,50,15000,11890,745,48,No
CUST103596,33,32960,22906,570,24,No
CUST103597,41,36513,41834,565,60,No
CUST103598,39,73380,69533,653,360,No
CUST103599,39,61844,57548,618,24,No
CUST103600,45,36367,8959,644,72,No
CUST103601,42,62971,47207,665,12,Yes
CUST103602,51,82633,55116,730,120,No
CUST103603,37,83196,93832,651,36,No
CUST103604,43,22508,10294,622,24,No
CUST103605,52,66793,31382,655,48,No
CUST103606,30,35416,21651,626,120,Yes
CUST103607,30,92543,41031,615,24,No
CUST103608,56,89604,29496,567,36,Yes
CUST103609,28,47549,50279,685,12,No
CUST103610,40,50849,38558,640,360,No
CUST103611,52,58468,62056,748,72,No
CUST103612,34,15000,15467,579,120,No
CUST103613,48,78399,37792,642,84,No
CUST103614,44,63179,47241,807,36,No
CUST103615,35,94254,26694,614,72,No
CUST103616,42,42540,47443,663,36,Yes
CUST103617,50,54522,32946,595,60,No
CUST103618,24,32337,19198,586,72,Yes
CUST103619,33,44893,22570,788,60,No
CUST103620,43,40450,26724,692,24,No
CUST103621,28,94899,42872,689,12,No
CUST103622,38,52543,30204,561,120,No
CUST103623,32,73104,73100,705,120,No
CUST103624,51,60481,62553,761,24,No
CUST103625,34,38263,19292,760,24,No
CUST103626,54,65792,44016,727,180,No
CUST103627,38,84978,91251,601,120,No
CUST103628,54,39806,10058,702,360,Yes
CUST103629,31,90228,98271,727,36,No
CUST103630,61,48757,20438,554,60,Yes
CUST103631,32,57925,50889,602,36,Yes
CUST103632,35,83267,65161,742,72,No
CUST103633,51,53414,40218,741,24,No
CUST103634,49,70939,75150,572,24,No
CUST103635,46,62133,18738,736,24,No
CUST103636,38,73234,40061,687,84,No
CUST103637,52,15000,11074,735,60,No
CUST103638,42,24258,24532,636,72,No
CUST103639,58,85399,35564,725,180,No
CUST103640,37,95930,96211,739,120,No
CUST103641,43,47238,28326,655,60,No
CUST103642,44,63899,24851,681,360,No
CUST103643,28,77368,74195,635,60,No
CUST103644,61,87330,25404,796,24,No
CUST103645,26,19308,13801,672,360,No
CUST103646,25,47849,12626,615,12,No
CUST103647,64,61686,34323,630,60,No
CUST103648,49,87579,70158,689,48,No
CUST103649,48,132461,100156,733,60,No
CUST103650,31,64300,38879,586,60,No
CUST103651,21,34826,21907,809,36,No
CUST103652,63,80057,34166,702,60,No
CUST103653,39,103025,67572,713,120,No
CUST103654,29,72700,83842,673,36,No
CUST103655,47,47334,49722,681,60,No
CUST103656,54,93950,32435,670,36,Yes
CUST103657,64,86589,19896,751,180,No
CUST103658,24,44348,50270,679,120,No
CUST103659,56,79536,57803,734,180,No
CUST103660,38,94932,70044,650,36,No
CUST103661,35,99547,97628,694,24,No
CUST103662,33,68339,35173,624,24,No
CUST103663,39,61048,41629,765,36,No
CUST103664,26,100682,117663,622,60,No
CUST103665,32,39746,34664,657,360,No
CUST103666,57,80964,28641,658,48,No
CUST103667,37,35749,11913,655,360,Yes
CUST103668,43,96634,39066,731,12,No
CUST103669,46,63549,61434,658,240,Yes
CUST103670,49,101715,50387,778,36,No
CUST103671,53,82285,18217,623,240,No
CUST103672,47,39419,45102,692,24,Yes
CUST103673,45,105616,39048,626,240,No
CUST103674,30,108781,22796,709,36,No
CUST103675,43,92057,40241,679,48,No
CUST103676,41,50960,22169,669,60,No
CUST103677,41,62350,38782,763,60,No
CUST103678,63,73636,82501,634,84,Yes
CUST103679,33,52407,56557,721,360,No
CUST103680,57,112309,73775,626,72,No
CUST103681,53,73608,44967,688,120,No
CUST103682,44,15000,11325,596,24,Yes
CUST103683,64,78484,34804,634,72,No
CUST103684,31,61296,15458,674,60,Yes
CUST103685,37,68127,77612,807,180,No
CUST103686,24,60785,23505,687,60,No
CUST103687,45,90176,35926,796,84,No
CUST103688,50,97992,65896,695,36,No
CUST103689,29,77076,53307,653,36,No
CUST103690,41,61517,13437,788,60,No
CUST103691,40,68967,23997,711,48,No
CUST103692,39,70490,40754,635,36,No
CUST103693,39,49939,44133,713,12,No
CUST103694,32,84473,36190,660,180,No
CUST103695,57,81501,50776,541,24,No
CUST103696,62,108511,82180,746,180,No
CUST103697,37,101384,110366,757,24,No
CUST103698,57,52858,27807,809,24,No
CUST103699,59,90507,30189,710,72,No
CUST103700,48,46226,31862,663,60,No
CUST103701,61,87398,82742,738,60,No
CUST103702,55,57085,17688,739,72,No
CUST103703,38,44419,27748,795,48,No
CUST103704,34,77001,16770,677,84,No
CUST103705,55,15000,5000,668,60,No
CUST103706,64,26226,17911,630,48,Yes
CUST103707,61,65563,32663,718,180,No
CUST103708,27,72061,75311,572,120,No
CUST103709,61,60767,48745,734,60,Yes
CUST103710,33,30514,19954,721,180,No
CUST103711,38,49553,30125,721,240,No
CUST103712,57,79780,55626,690,60,No
CUST103713,33,84545,20328,787,36,No
CUST103714,56,69594,76052,741,240,Yes
CUST103715,51,98921,118537,638,36,Yes
CUST103716,22,79935,30494,639,12,No
CUST103717,36,51314,16440,618,48,No
CUST103718,29,62987,21641,719,120,No
CUST103719,29,34928,30074,610,240,Yes
CUST103720,58,67297,57972,756,72,No
CUST103721,31,97803,102490,773,360,No
CUST103722,42,87132,82935,618,24,No
CUST103723,53,105050,68250,667,24,No
CUST103724,56,62428,50745,681,72,No
CUST103725,65,103652,92072,742,360,Yes
CUST103726,43,65167,46447,793,60,No
CUST103727,65,106790,72153,562,24,No
CUST103728,65,69454,58695,658,36,No
CUST103729,54,87681,66416,661,36,No
CUST103730,29,106878,90199,582,48,No
CUST103731,44,65164,52969,646,12,No
CUST103732,28,75460,69363,710,240,No
CUST103733,27,102222,86153,660,60,No
CUST103734,56,66675,47989,572,84,No
CUST103735,38,36978,32607,850,24,No
CUST103736,23,123575,80260,699,24,No
CUST103737,48,58256,25730,688,72,No
CUST103738,26,73969,14899,603,180,Yes
CUST103739,64,98900,75160,698,60,No
CUST103740,64,54788,43318,669,180,No
CUST103741,41,44803,52511,548,180,Yes
CUST103742,48,76343,42865,605,24,No
CUST103743,60,25173,14956,736,36,No
CUST103744,21,62802,25234,816,84,No
CUST103745,56,76126,20595,706,60,No
CUST103746,41,63251,61531,757,48,No
CUST103747,63,31414,14126,669,60,No
CUST103748,55,109854,88861,674,60,Yes
CUST103749,33,72588,64442,756,240,No
CUST103750,30,105779,71003,796,24,No
CUST103751,64,63499,68347,771,36,Yes
CUST103752,30,48000,30902,605,60,No
CUST103753,33,76730,37207,675,84,No
CUST103754,57,64605,70808,699,72,No
CUST103755,58,40556,43053,662,240,No
CUST103756,44,106745,38859,707,120,No
CUST103757,22,54443,12302,737,60,No
CUST103758,42,23993,6958,750,36,No
CUST103759,37,103204,50214,798,60,No
CUST103760,56,57393,67280,657,84,Yes
CUST103761,34,54804,41570,585,180,Yes
CUST103762,30,25865,14827,705,360,No
CUST103763,55,113524,123595,812,72,Yes
CUST103764,45,37763,24664,647,60,No
CUST103765,23,71461,36819,728,12,No
CUST103766,58,92816,105923,729,24,No
CUST103767,37,80543,84531,693,36,No
CUST103768,32,68509,71501,680,24,Yes
CUST103769,44,27458,19558,615,60,No
CUST103770,49,49757,49231,520,48,No
CUST103771,63,74695,28336,602,72,No
CUST103772,45,50321,38909,653,60,No
CUST103773,56,75084,88888,757,72,No
CUST103774,46,87044,42735,673,60,No
CUST103775,58,94063,93532,644,36,No
CUST103776,21,39346,27168,618,360,Yes
CUST103777,40,124916,29956,726,24,No
CUST103778,48,89187,85889,775,240,No
CUST103779,36,69957,25784,754,48,No
CUST103780,37,97238,80851,722,60,No
CUST103781,60,129135,36889,577,24,No
CUST103782,48,34032,39030,655,24,No
CUST103783,32,64368,31651,816,60,No
CUST103784,47,15000,6397,759,120,No
CUST103785,62,74816,24625,572,36,Yes
CUST103786,50,79135,90689,676,72,No
CUST103787,61,69021,62941,705,36,Yes
CUST103788,54,53637,50508,627,60,Yes
CUST103789,57,18762,13122,518,240,Yes
CUST103790,26,79338,53532,687,180,No
CUST103791,27,106386,32982,625,60,No
CUST103792,52,55225,41962,625,36,No
CUST103793,52,81001,36201,655,36,No
CUST103794,45,30796,36251,671,360,Yes
CUST103795,53,81430,81152,679,36,No
CUST103796,27,60165,36881,618,180,No
CUST103797,32,50940,17897,665,60,No
CUST103798,36,50991,50243,557,360,No
CUST103799,36,60160,19375,702,60,No
CUST103800,63,79561,30976,480,48,No
CUST103801,56,37196,15307,660,72,No
CUST103802,33,60072,45468,744,360,No
CUST103803,27,68963,68070,606,360,No
CUST103804,56,42524,21871,730,120,No
CUST103805,29,114917,32713,761,120,No
CUST103806,52,48663,32338,448,72,No
CUST103807,31,53264,50500,669,120,Yes
CUST103808,28,45542,19203,479,180,No
CUST103809,53,114962,48275,672,60,No
CUST103810,43,83823,96164,679,72,No
CUST103811,45,46585,53766,506,60,Yes
CUST103812,28,97656,116256,815,72,No
CUST103813,65,75017,75592,700,180,No
CUST103814,42,76431,29669,621,48,No
CUST103815,24,61388,25291,783,36,No
CUST103816,60,51265,27695,554,60,No
CUST103817,23,78444,40644,594,36,No
CUST103818,49,56373,65197,519,60,No
CUST103819,61,115419,114158,806,240,Yes
CUST103820,49,38268,35360,703,72,No
CUST103821,54,108404,41840,726,180,No
CUST103822,54,67217,74579,701,36,No
CUST103823,48,77477,79636,720,240,Yes
CUST103824,33,90829,33029,685,72,No
CUST103825,35,54244,58105,699,12,Yes
CUST103826,43,91606,43261,688,72,No
CUST103827,64,15000,5000,637,360,Yes
CUST103828,46,52000,44555,677,24,Yes
CUST103829,24,46898,40042,699,72,No
CUST103830,46,38662,11403,688,240,No
CUST103831,60,64626,33531,577,12,Yes
CUST103832,29,79644,95001,586,72,Yes
CUST103833,25,87566,76920,756,60,Yes
CUST103834,52,76022,70706,659,48,No
CUST103835,40,53358,22032,721,72,No
CUST103836,31,79225,22087,604,24,No
CUST103837,35,73107,34865,577,120,Yes
CUST103838,52,93401,41928,621,12,No
CUST103839,48,89423,38858,664,48,No
CUST103840,42,70762,27792,633,60,No
CUST103841,61,47569,36854,771,60,No
CUST103842,37,53676,28346,693,48,No
CUST103843,46,56255,57400,809,180,No
CUST103844,64,62118,23850,708,240,No
CUST103845,27,76701,50978,511,180,Yes
CUST103846,62,87879,18776,754,60,No
CUST103847,46,68722,46847,574,180,No
CUST103848,45,70403,18012,696,240,No
CUST103849,30,73583,86660,626,60,No
CUST103850,65,57102,56565,830,48,No
CUST103851,39,46865,32342,781,24,No
CUST103852,31,26114,7484,628,60,Yes
CUST103853,33,52621,41699,671,240,Yes
CUST103854,28,81829,78455,697,72,No
CUST103855,60,52427,20484,740,84,No
CUST103856,24,64055,49208,682,24,No
CUST103857,51,81661,82821,608,36,No
CUST103858,48,83017,80381,630,60,No
CUST103859,31,43012,43141,680,360,No
CUST103860,63,94926,102456,766,60,No
CUST103861,21,98184,111702,710,180,No
CUST103862,58,41754,25283,626,24,No
CUST103863,44,49404,37980,725,72,No
CUST103864,51,99777,98845,653,72,No
CUST103865,61,66329,59506,742,180,No
CUST103866,46,15000,17933,850,12,No
CUST103867,25,35008,7480,655,36,No
CUST103868,40,63766,35399,736,36,No
CUST103869,61,40924,19686,628,240,No
CUST103870,31,59664,27584,672,36,No
CUST103871,53,70810,29919,682,12,No
CUST103872,58,106556,96873,666,60,No
CUST103873,47,62739,17866,850,60,No
CUST103874,54,96814,91161,659,180,No
CUST103875,35,105719,94452,721,240,Yes
CUST103876,52,105858,47721,545,60,No
CUST103877,41,77119,34922,710,240,No
CUST103878,25,20918,17338,760,120,No
CUST103879,26,81521,78437,643,36,Yes
CUST103880,58,96210,103569,504,240,Yes
CUST103881,42,67973,71517,677,84,No
CUST103882,38,113615,132348,681,60,Yes
CUST103883,34,91496,71494,731,84,No
CUST103884,30,84207,93357,821,60,No
CUST103885,33,97160,97987,653,24,Yes
CUST103886,51,78334,85750,620,120,No
CUST103887,50,15000,5000,598,180,No
CUST103888,23,57522,67065,694,120,No
CUST103889,50,99929,67305,714,36,No
CUST103890,26,49810,49719,642,360,No
CUST103891,49,64413,21076,735,12,No
CUST103892,28,43879,26149,713,48,No
CUST103893,64,114598,54028,683,36,No
CUST103894,65,112037,55084,617,12,No
CUST103895,63,47903,15485,646,60,No
CUST103896,64,73682,74107,510,72,Yes
CUST103897,53,52988,11087,697,180,No
CUST103898,37,85374,43755,682,360,No
CUST103899,31,82742,30979,693,180,No
CUST103900,33,90293,71245,715,60,No
CUST103901,31,78298,35567,707,120,No
CUST103902,51,143385,65813,672,180,No
CUST103903,48,44302,30495,683,60,No
CUST103904,64,27235,23223,582,120,Yes
CUST103905,26,60173,19334,639,60,No
CUST103906,61,30800,11566,684,60,No
CUST103907,36,32688,14617,628,60,No
CUST103908,24,44967,52780,740,84,Yes
CUST103909,55,46945,28033,634,120,No
CUST103910,46,46135,36861,695,48,No
CUST103911,32,82955,36628,688,72,No
CUST103912,31,57345,39594,732,240,No
CUST103913,57,65512,17958,743,360,No
CUST103914,45,92356,21680,729,36,No
CUST103915,38,50842,34000,533,36,No
CUST103916,39,63386,37947,764,84,No
CUST103917,43,79144,26662,787,60,No
CUST103918,58,21461,19049,646,12,No
CUST103919,38,15000,17894,697,48,No
CUST103920,46,78653,46849,618,180,No
CUST103921,26,82300,67861,544,120,No
CUST103922,24,121606,141425,628,60,No
CUST103923,64,73952,76284,642,60,No
CUST103924,49,90493,60047,655,72,No
CUST103925,54,65113,61043,613,36,No
CUST103926,37,77431,25408,629,60,No
CUST103927,63,111681,79528,679,12,Yes
CUST103928,63,16900,8096,626,60,No
CUST103929,36,80340,29016,718,48,No
CUST103930,22,123390,77277,728,84,No
CUST103931,54,77051,25505,847,72,No
CUST103932,28,111264,100025,759,60,No
CUST103933,33,54270,35614,697,12,No
CUST103934,62,69199,50594,637,36,No
CUST103935,28,70838,24537,701,72,No
CUST103936,50,15000,5097,703,24,No
CUST103937,52,40796,31960,644,24,Yes
CUST103938,56,42578,50455,735,84,Yes
CUST103939,50,90552,26826,582,120,Yes
CUST103940,21,91804,44592,663,48,No
CUST103941,63,78101,83526,719,60,Yes
CUST103942,59,90603,24669,660,240,No
CUST103943,37,65896,70897,666,240,No
CUST103944,40,100048,72463,670,48,No
CUST103945,44,70220,42712,622,180,No
CUST103946,42,71447,36415,762,72,No
CUST103947,49,63360,31497,609,360,No
CUST103948,42,87111,44061,702,60,No
CUST103949,64,59470,64513,709,120,No
CUST103950,29,94411,87216,614,120,No
CUST103951,57,41696,36264,685,60,Yes
CUST103952,30,42527,42474,616,120,No
CUST103953,56,87186,39854,777,36,No
CUST103954,57,67786,55452,600,24,No
CUST103955,48,58653,38715,634,60,No
CUST103956,48,92251,90631,594,240,No
CUST103957,62,54818,27916,585,60,Yes
CUST103958,63,64995,54802,791,72,No
CUST103959,41,104981,113612,718,72,No
CUST103960,44,108479,65321,690,36,Yes
CUST103961,62,109310,29144,634,60,No
CUST103962,60,62947,45073,744,120,No
CUST103963,22,100768,55017,622,360,No
CUST103964,28,46276,40363,736,36,No
CUST103965,47,47327,54475,619,60,No
CUST103966,42,15000,10284,635,24,No
CUST103967,57,111822,74495,733,36,No
CUST103968,47,48401,41363,740,60,No
CUST103969,49,66837,20285,722,60,No
CUST103970,23,47242,21425,607,36,No
CUST103971,64,87379,97775,649,36,No
CUST103972,33,60609,52726,691,120,No
CUST103973,65,37380,7979,621,360,Yes
CUST103974,30,81042,32792,776,48,No
CUST103975,56,34157,30155,512,84,Yes
CUST103976,29,49065,47318,625,36,No
CUST103977,47,17328,18019,644,240,No
CUST103978,54,34401,16931,481,84,No
CUST103979,21,74463,84220,582,180,Yes
CUST103980,52,20887,15727,724,12,No
CUST103981,45,32971,29560,682,72,No
CUST103982,49,69941,55725,790,60,No
CUST103983,27,56410,18206,788,48,No
CUST103984,23,119801,139342,710,36,No
CUST103985,40,115847,37404,702,72,No
CUST103986,40,48302,21972,685,120,No
CUST103987,50,83928,85072,494,12,Yes
CUST103988,55,88732,72636,582,72,Yes
CUST103989,55,55063,57164,687,36,No
CUST103990,59,32611,23341,723,36,No
CUST103991,47,69693,40212,700,72,No
CUST103992,46,65679,73682,618,48,Yes
CUST103993,34,59106,13964,746,60,No
CUST103994,37,81058,85608,784,48,Yes
CUST103995,38,51232,22072,746,84,No
CUST103996,65,41200,43208,749,60,No
CUST103997,49,72727,24669,641,360,No
CUST103998,40,79649,62144,755,48,No
CUST103999,47,40584,44160,690,120,No
CUST104000,38,93202,62775,716,36,No
CUST104001,24,25738,24363,706,60,Yes
CUST104002,21,55547,55806,671,60,Yes
CUST104003,21,63550,59514,620,48,No
CUST104004,46,54094,60874,674,60,No
CUST104005,65,55873,36141,749,36,No
CUST104006,40,116777,43572,649,12,No
CUST104007,43,48728,12075,743,36,No
CUST104008,30,131031,58500,732,120,No
CUST104009,31,80928,27774,659,120,No
CUST104010,61,72301,54800,777,48,No
CUST104011,61,81906,31529,655,60,No
CUST104012,25,133248,31837,786,12,No
CUST104013,21,45160,10657,710,36,No
CUST104014,37,41990,43316,679,120,Yes
CUST104015,42,51128,40465,618,72,No
CUST104016,54,70804,39515,674,36,No
CUST104017,65,26856,29387,666,36,No
CUST104018,61,70558,19065,592,180,No
CUST104019,49,112339,132596,665,36,No
CUST104020,24,73785,60230,624,48,No
CUST104021,25,62683,24037,721,84,No
CUST104022,31,54546,47950,771,72,No
CUST104023,41,92463,89077,594,60,Yes
CUST104024,55,49354,31061,800,180,No
CUST104025,32,116160,123319,671,36,No
CUST104026,46,118334,41504,612,120,No
CUST104027,39,76419,36592,733,36,No
CUST104028,65,69712,20460,649,72,No
CUST104029,27,95766,39348,674,180,No
CUST104030,27,97370,42719,652,60,No
CUST104031,46,49850,55714,623,120,Yes
CUST104032,60,56836,15807,731,180,No
CUST104033,25,36941,23177,660,36,No
CUST104034,41,80227,58758,579,120,Yes
CUST104035,34,86666,95219,719,240,No
CUST104036,24,36252,43419,596,72,Yes
CUST104037,43,58620,55888,599,36,No
CUST104038,62,36319,42522,763,24,Yes
CUST104039,40,47530,46917,596,36,Yes
CUST104040,35,83775,97447,518,24,No
CUST104041,65,51663,46872,724,60,No
CUST104042,49,62479,17479,659,24,No
CUST104043,28,29317,17646,665,36,No
CUST104044,61,74675,63220,658,60,No
CUST104045,39,68893,37941,696,60,Yes
CUST104046,59,51776,24510,627,72,No
CUST104047,48,65275,50745,783,120,No
CUST104048,47,74507,84454,577,12,No
CUST104049,24,49628,11662,711,24,No
CUST104050,35,33093,32075,725,24,Yes
CUST104051,55,115139,106242,627,60,No
CUST104052,57,54168,63049,608,12,No
CUST104053,21,67581,76415,751,120,No
CUST104054,23,95271,91673,611,36,No
CUST104055,44,158226,113987,638,240,No
CUST104056,47,38888,15721,742,60,No
CUST104057,60,81246,60547,682,60,No
CUST104058,56,52311,50499,554,120,Yes
CUST104059,54,56530,61938,802,120,No
CUST104060,49,51995,51460,643,72,No
CUST104061,44,41859,16545,652,240,No
CUST104062,44,68968,55153,698,60,No
CUST104063,62,33137,17635,724,180,No
CUST104064,24,93670,19596,817,60,No
CUST104065,23,71375,28566,564,180,No
CUST104066,54,80561,25233,738,36,No
CUST104067,43,58345,60837,732,48,No
CUST104068,43,60820,27886,670,84,No
CUST104069,65,77189,37413,735,36,No
CUST104070,25,40899,47440,745,36,No
CUST104071,51,61050,35353,583,48,No
CUST104072,61,48510,10167,802,84,No
CUST104073,26,47736,23097,571,180,No
CUST104074,57,17254,5509,601,84,No
CUST104075,30,103483,31336,662,180,No
CUST104076,60,52837,14662,815,60,No
CUST104077,27,99084,78599,658,24,No
CUST104078,59,96720,37658,678,24,No
CUST104079,58,37850,21243,780,60,Yes
CUST104080,41,42790,45444,659,48,No
CUST104081,40,134013,83669,598,36,Yes
CUST104082,23,113773,126936,651,60,No
CUST104083,42,69212,48306,776,84,No
CUST104084,24,76434,45771,685,60,Yes
CUST104085,48,54229,51539,815,180,Yes
CUST104086,32,80809,22075,732,120,No
CUST104087,58,52070,15073,635,120,No
CUST104088,56,19191,16350,684,360,Yes
CUST104089,61,36961,25390,620,48,No
CUST104090,25,70527,69851,633,84,No
CUST104091,33,41723,46574,850,180,No
CUST104092,43,68318,40196,751,72,No
CUST104093,50,43133,34352,740,120,No
CUST104094,57,50441,35344,636,60,No
CUST104095,45,91329,107915,790,72,No
CUST104096,47,76187,78555,757,24,No
CUST104097,34,69758,77553,812,360,No
CUST104098,56,91974,41787,808,180,No
CUST104099,59,82015,79762,576,180,No
CUST104100,36,106164,49416,602,84,No
CUST104101,42,58504,23913,610,36,No
CUST104102,41,59259,67808,614,12,Yes
CUST104103,41,37472,8218,703,180,Yes
CUST104104,28,59275,69078,640,60,No
CUST104105,36,94119,32872,825,36,No
CUST104106,51,102500,104492,813,72,No
CUST104107,62,94008,44741,680,60,No
CUST104108,30,25145,13847,817,84,Yes
CUST104109,52,97079,40458,784,60,No
CUST104110,54,24037,18881,648,84,Yes
CUST104111,29,92453,50673,539,180,No
CUST104112,37,60805,52134,665,36,No
CUST104113,31,87563,18883,635,48,No
CUST104114,52,36689,9700,694,60,No
CUST104115,30,99279,29750,686,360,No
CUST104116,42,33376,20660,684,60,No
CUST104117,37,53289,54077,717,60,No
CUST104118,24,45048,49020,595,84,No
CUST104119,45,26143,11629,709,60,No
CUST104120,41,72363,56036,649,360,No
CUST104121,57,115152,111509,694,180,No
CUST104122,58,136673,66810,747,60,No
CUST104123,21,72429,44110,594,84,No
CUST104124,45,97917,70889,660,24,Yes
CUST104125,56,75802,25384,672,84,No
CUST104126,37,82472,18637,644,120,No
CUST104127,61,61446,21679,743,48,No
CUST104128,44,74877,61912,630,36,Yes
CUST104129,22,83437,22830,641,240,No
CUST104130,60,55539,21643,630,60,No
CUST104131,35,68063,36608,756,84,No
CUST104132,52,68539,19045,646,12,No
CUST104133,59,90660,35511,712,60,No
CUST104134,26,43349,48172,818,180,No
CUST104135,21,68711,15068,675,60,No
CUST104136,43,117800,100534,758,72,Yes
CUST104137,59,99102,57916,797,36,No
CUST104138,37,103729,90519,752,60,No
CUST104139,54,70611,55690,679,240,No
CUST104140,61,78025,33043,725,72,No
CUST104141,49,95056,99544,590,240,No
CUST104142,29,109006,75426,625,240,No
CUST104143,33,21210,21688,638,240,Yes
CUST104144,26,37114,22492,837,180,Yes
CUST104145,26,102736,121710,623,12,No
CUST104146,40,63078,61217,622,240,No
CUST104147,23,53207,62037,607,36,No
CUST104148,37,38646,27606,719,12,No
CUST104149,32,56125,37811,690,24,No
CUST104150,65,34941,33385,756,48,No
CUST104151,21,122277,132095,727,72,Yes
CUST104152,37,69439,80837,583,60,Yes
CUST104153,23,68551,35959,623,12,No
CUST104154,46,84702,84592,776,60,Yes
CUST104155,35,94059,38625,666,60,Yes
CUST104156,56,93647,69821,763,120,No
CUST104157,52,96841,36785,670,36,No
CUST104158,52,54229,29685,612,36,No
CUST104159,24,62553,70770,659,36,No
CUST104160,38,89226,30880,612,48,Yes
CUST104161,39,56815,47293,640,72,No
CUST104162,63,69872,55405,694,60,No
CUST104163,55,79969,25649,716,48,No
CUST104164,60,89630,47144,569,60,Yes
CUST104165,34,25558,19500,679,60,No
CUST104166,53,87869,34021,639,360,No
CUST104167,34,64157,64197,635,36,No
CUST104168,54,87686,102782,689,180,No
CUST104169,24,89423,37089,641,120,No
CUST104170,44,110198,42637,777,12,No
CUST104171,49,103836,68006,763,360,No
CUST104172,39,103664,98249,763,120,No
CUST104173,26,106092,51094,645,84,No
CUST104174,53,77284,16993,613,60,No
CUST104175,60,70805,52482,686,60,No
CUST104176,39,91820,106199,669,36,No
CUST104177,21,88302,52211,637,12,No
CUST104178,25,62273,38618,598,180,No
CUST104179,47,80121,93654,677,180,No
CUST104180,36,69123,61838,652,36,No
CUST104181,26,48652,44720,728,120,No
CUST104182,60,102262,77995,727,120,No
CUST104183,33,71380,83844,757,36,Yes
CUST104184,55,121218,107747,592,60,Yes
CUST104185,39,29363,32153,708,60,No
CUST104186,32,56081,50438,629,120,No
CUST104187,36,70816,66221,595,180,No
CUST104188,63,98435,48274,650,24,No
CUST104189,30,79987,40272,755,72,No
CUST104190,45,77762,76439,654,120,No
CUST104191,40,41818,20771,790,120,No
CUST104192,51,41076,31332,718,36,No
CUST104193,24,78063,35078,652,60,No
CUST104194,64,35897,36507,761,180,Yes
CUST104195,43,56703,17606,711,48,No
CUST104196,22,82523,84953,615,60,No
CUST104197,42,45442,36478,810,180,No
CUST104198,57,110134,42612,698,24,No
CUST104199,28,100598,74647,681,180,No
CUST104200,27,30715,14820,620,48,Yes
CUST104201,34,46691,24441,763,12,No
CUST104202,23,15000,8273,716,36,No
CUST104203,36,50435,13281,724,24,No
CUST104204,39,89160,105740,644,24,No
CUST104205,38,59653,13812,738,84,No
CUST104206,36,81520,70311,744,36,No
CUST104207,28,31942,18246,633,240,No
CUST104208,53,89949,76098,581,60,No
CUST104209,32,56122,31218,721,60,No
CUST104210,31,70304,61428,570,60,Yes
CUST104211,25,67678,62889,691,84,Yes
CUST104212,47,38211,34029,649,60,Yes
CUST104213,32,41173,12927,765,24,No
CUST104214,37,94195,80715,653,180,No
CUST104215,26,79975,38387,758,60,No
CUST104216,53,96251,22022,644,24,No
CUST104217,25,78116,48028,750,60,No
CUST104218,48,73575,46613,824,84,No
CUST104219,34,26850,17914,605,36,No
CUST104220,25,63241,57222,700,180,No
CUST104221,53,69315,35271,850,84,No
CUST104222,61,118828,61230,685,84,No
CUST104223,39,87174,22713,684,60,No
CUST104224,42,108402,96133,735,360,Yes
CUST104225,25,84938,65218,683,36,No
CUST104226,22,52217,28689,560,72,No
CUST104227,50,72928,66014,759,48,Yes
CUST104228,59,75906,55970,540,120,Yes
CUST104229,24,46521,31134,651,12,No
CUST104230,53,60390,42957,765,12,No
CUST104231,33,64856,54242,655,180,No
CUST104232,40,110140,94721,631,60,No
CUST104233,27,17981,8792,742,48,No
CUST104234,35,100145,34124,620,72,No
CUST104235,43,46580,16612,594,120,Yes
CUST104236,34,35698,29965,699,36,No
CUST104237,43,99499,106750,667,36,No
CUST104238,39,88297,53817,593,360,No
CUST104239,49,101363,37456,725,72,No
CUST104240,40,90018,86111,713,60,Yes
CUST104241,49,121496,125443,655,180,Yes
CUST104242,44,83968,90734,660,60,Yes
CUST104243,38,66088,53322,713,36,No
CUST104244,30,78573,83345,763,36,No
CUST104245,61,101087,21776,660,60,No
CUST104246,28,50516,15520,726,180,No
CUST104247,46,53703,15712,720,24,No
CUST104248,49,62276,56833,742,36,No
CUST104249,30,17385,5000,683,180,No
CUST104250,37,73452,51149,616,24,No
CUST104251,22,22847,15369,648,72,Yes
CUST104252,26,71326,36426,704,36,No
CUST104253,25,91632,98083,807,72,No
CUST104254,48,58078,21514,646,60,No
CUST104255,61,111928,61836,736,24,No
CUST104256,25,33487,32622,657,72,No
CUST104257,38,99782,22992,688,84,Yes
CUST104258,46,86878,75840,786,84,Yes
CUST104259,40,27099,27543,734,72,Yes
CUST104260,61,137770,155993,593,60,No
CUST104261,47,68406,73625,640,60,Yes
CUST104262,32,48063,24963,768,72,No
CUST104263,27,34823,27384,690,84,No
CUST104264,23,64500,17885,600,84,No
CUST104265,30,66815,30593,623,72,No
CUST104266,54,72566,21351,729,36,No
CUST104267,45,62555,32228,750,36,No
CUST104268,55,85831,92284,681,36,No
CUST104269,36,60309,32999,850,240,No
CUST104270,22,21626,16477,738,120,Yes
CUST104271,44,66266,41972,663,60,No
CUST104272,30,15000,9884,623,36,No
CUST104273,58,78844,92214,612,24,No
CUST104274,42,45517,22583,703,180,No
CUST104275,46,74084,61292,646,180,No
CUST104276,63,102852,63775,797,24,Yes
CUST104277,59,46281,12086,783,120,No
CUST104278,47,96531,66542,724,60,No
CUST104279,49,59165,59954,597,48,No
CUST104280,58,113830,34007,633,120,No
CUST104281,40,60871,16410,768,72,No
CUST104282,47,48988,17324,641,120,No
CUST104283,61,87181,84077,759,24,Yes
CUST104284,40,59105,54613,713,48,No
CUST104285,64,48964,37458,684,48,No
CUST104286,39,58054,38793,631,48,No
CUST104287,40,68885,74969,673,60,No
CUST104288,55,103555,100106,693,48,No
CUST104289,22,21648,21907,752,60,Yes
CUST104290,50,70577,71513,618,60,No
CUST104291,54,85623,72156,662,120,No
CUST104292,42,74836,49243,683,72,No
CUST104293,23,102747,109392,726,84,No
CUST104294,26,68141,76727,616,36,No
CUST104295,35,65386,14634,588,48,Yes
CUST104296,47,84808,21334,727,12,No
CUST104297,30,72483,83989,574,24,No
CUST104298,29,60240,28744,770,36,No
CUST104299,53,82904,88987,669,24,Yes
CUST104300,52,53687,31611,572,72,No
CUST104301,26,54721,17461,646,360,No
CUST104302,61,56800,15929,707,24,No
CUST104303,56,103827,37015,643,180,No
CUST104304,22,15000,6748,681,24,No
CUST104305,49,79890,55006,732,84,No
CUST104306,24,70857,63877,666,84,No
CUST104307,21,27978,33193,614,240,No
CUST104308,39,77743,49873,659,24,No
CUST104309,46,81894,58815,779,48,No
CUST104310,45,84741,61167,798,24,No
CUST104311,30,15000,11092,539,60,No
CUST104312,35,104160,74760,756,240,No
CUST104313,42,51557,10764,698,120,No
CUST104314,41,87164,17583,745,120,No
CUST104315,42,88527,26352,641,60,No
CUST104316,56,48083,14500,556,180,No
CUST104317,54,86511,78284,721,60,No
CUST104318,50,60363,24442,614,36,No
CUST104319,45,18216,19941,583,180,No
CUST104320,65,99194,111951,588,36,Yes
CUST104321,48,50624,59528,722,24,Yes
CUST104322,21,48638,55403,690,24,No
CUST104323,65,59923,28277,735,72,No
CUST104324,24,76806,54515,727,72,No
CUST104325,27,68568,25744,651,36,No
CUST104326,29,83702,84222,675,120,Yes
CUST104327,56,36513,39742,644,120,No
CUST104328,39,51440,54078,665,240,No
CUST104329,21,67100,42499,612,72,No
CUST104330,30,117447,112593,707,120,No
CUST104331,56,67155,19984,755,120,No
CUST104332,29,97131,23335,623,36,No
CUST104333,65,70964,67645,770,48,No
CUST104334,62,57909,36214,688,60,No
CUST104335,52,63832,76314,697,12,No
CUST104336,52,65790,19556,561,48,No
CUST104337,26,85091,89824,553,60,No
CUST104338,58,104365,70966,690,24,No
CUST104339,37,78992,81137,735,24,No
CUST104340,30,99677,101384,633,60,Yes
CUST104341,47,45880,51202,797,120,Yes
CUST104342,55,59634,29689,731,180,No
CUST104343,41,51892,59665,616,60,Yes
CUST104344,45,77861,27381,682,60,No
CUST104345,48,61026,17207,850,60,No
CUST104346,35,88244,55736,593,36,No
CUST104347,24,46725,48048,717,36,No
CUST104348,49,71076,47864,657,120,No
CUST104349,29,87171,89724,729,60,No
CUST104350,47,18367,17076,769,120,No
CUST104351,46,123041,50376,653,120,No
CUST104352,39,62921,72289,758,36,No
CUST104353,48,19374,5052,835,60,No
CUST104354,37,73952,81220,685,60,Yes
CUST104355,63,70836,35733,735,60,No
CUST104356,61,67953,47577,639,60,No
CUST104357,62,94780,58987,681,360,No
CUST104358,40,88686,32977,668,180,No
CUST104359,65,77447,43227,736,240,No
CUST104360,60,81254,31927,764,12,No
CUST104361,59,67391,27218,672,36,No
CUST104362,43,114387,44274,787,24,No
CUST104363,52,33020,22751,787,36,Yes
CUST104364,53,73491,73339,739,60,No
CUST104365,25,71626,55078,644,84,No
CUST104366,63,90332,98752,637,60,No
CUST104367,54,48904,40910,623,240,Yes
CUST104368,60,26408,23486,746,240,Yes
CUST104369,31,73921,64134,595,36,Yes
CUST104370,23,77031,50028,727,180,No
CUST104371,53,107240,95373,604,60,Yes
CUST104372,31,38241,10314,738,60,Yes
CUST104373,36,98867,104784,681,120,No
CUST104374,38,129185,126319,773,24,No
CUST104375,50,60556,26961,760,180,No
CUST104376,30,37726,36520,780,84,Yes
CUST104377,38,59826,12722,782,180,No
CUST104378,58,70350,29353,690,360,No
CUST104379,39,84095,22297,599,60,Yes
CUST104380,56,55215,54123,606,24,No
CUST104381,33,108880,104076,534,36,Yes
CUST104382,23,42137,42712,604,48,No
CUST104383,30,26520,5423,685,24,Yes
CUST104384,58,97668,68488,641,180,No
CUST104385,21,15000,13573,667,48,No
CUST104386,47,64897,23064,714,360,No
CUST104387,28,147942,125720,659,120,No
CUST104388,62,69699,19802,601,36,No
CUST104389,37,41981,16008,676,60,No
CUST104390,29,68565,46336,617,60,No
CUST104391,26,68730,58666,661,60,Yes
CUST104392,63,74016,25600,774,60,No
CUST104393,45,86557,33344,661,12,No
CUST104394,59,44022,17805,804,84,Yes
CUST104395,48,112189,49217,780,60,No
CUST104396,53,76128,32473,639,120,No
CUST104397,57,88170,52474,602,180,No
CUST104398,29,54296,46357,676,36,No
CUST104399,38,102160,65181,761,12,No
CUST104400,41,63574,62047,646,120,No
CUST104401,22,76939,70728,744,360,No
CUST104402,63,46672,15240,765,60,No
CUST104403,58,45077,11217,626,36,No
CUST104404,60,87205,94002,633,36,No
CUST104405,56,58910,16485,730,48,No
CUST104406,63,48654,16948,691,48,No
CUST104407,57,53920,11977,632,60,No
CUST104408,35,87474,72458,655,84,No
CUST104409,48,54274,42462,675,36,No
CUST104410,38,67059,79593,570,24,Yes
CUST104411,54,70376,76494,734,60,No
CUST104412,42,22066,13479,646,180,No
CUST104413,31,33222,18989,485,60,Yes
CUST104414,33,78407,38957,678,360,No
CUST104415,24,51574,18175,628,60,No
CUST104416,42,96418,32597,798,36,No
CUST104417,27,94170,31291,639,36,No
CUST104418,63,87979,27636,603,84,No
CUST104419,44,115494,50876,716,60,No
CUST104420,24,67923,34414,634,72,No
CUST104421,48,86222,100154,625,120,No
CUST104422,35,55390,43120,716,120,No
CUST104423,21,131309,155942,607,12,No
CUST104424,23,119591,68462,578,180,No
CUST104425,34,70297,46229,801,60,No
CUST104426,58,79665,41791,721,60,No
CUST104427,21,103982,39813,662,60,No
CUST104428,58,66322,22759,680,72,No
CUST104429,58,53584,61358,715,36,No
CUST104430,41,91850,109009,748,60,No
CUST104431,49,71961,17624,627,48,No
CUST104432,25,74575,26127,706,48,No
CUST104433,30,49143,30642,645,24,No
CUST104434,48,27058,10453,667,36,No
CUST104435,41,75904,42801,691,36,No
CUST104436,27,92624,30482,680,60,No
CUST104437,23,64355,42250,731,180,No
CUST104438,65,105911,49958,714,36,No
CUST104439,40,52402,28921,574,60,No
CUST104440,39,43632,12841,585,48,No
CUST104441,55,68319,42913,654,120,No
CUST104442,24,67935,80385,808,24,No
CUST104443,25,89249,47198,620,36,No
CUST104444,21,50626,54495,665,36,No
CUST104445,24,104202,108703,642,360,No
CUST104446,32,119173,137294,641,72,No
CUST104447,47,69021,68338,692,36,Yes
CUST104448,62,101243,87028,778,36,No
CUST104449,43,43588,46054,712,36,Yes
CUST104450,45,96881,26705,624,24,Yes
CUST104451,41,96182,63752,850,120,No
CUST104452,44,91586,108919,686,60,Yes
CUST104453,45,69611,67495,640,72,Yes
CUST104454,65,15000,17431,779,48,No
CUST104455,52,53957,52858,647,60,No
CUST104456,52,54352,58422,796,36,No
CUST104457,25,45544,41287,619,48,No
CUST104458,56,73056,70170,780,84,No
CUST104459,62,59526,43048,694,36,No
CUST104460,62,49385,55520,770,72,No
CUST104461,59,43530,44620,813,180,No
CUST104462,36,52112,54399,601,24,Yes
CUST104463,53,98037,85587,769,180,No
CUST104464,41,53474,26982,581,24,No
CUST104465,29,57127,13461,607,48,No
CUST104466,26,58583,66530,624,72,No
CUST104467,65,78475,61691,715,60,No
CUST104468,55,81406,40552,682,24,No
CUST104469,59,15000,5237,668,120,Yes
CUST104470,42,95541,98362,690,360,No
CUST104471,61,105909,109777,721,36,Yes
CUST104472,25,43745,44380,727,180,Yes
CUST104473,62,45693,38614,757,60,No
CUST104474,43,58744,33250,807,240,No
CUST104475,37,51100,25758,679,36,No
CUST104476,32,75598,15766,644,120,No
CUST104477,43,21337,22054,723,24,No
CUST104478,36,42052,12087,600,180,No
CUST104479,23,108480,90120,632,84,No
CUST104480,50,46795,32947,750,60,No
CUST104481,42,101086,73458,671,36,No
CUST104482,29,78883,88878,595,180,No
CUST104483,49,24768,5737,576,72,Yes
CUST104484,57,85883,83598,683,60,No
CUST104485,43,67058,16902,760,60,Yes
CUST104486,33,58613,13959,759,180,No
CUST104487,52,76124,47944,688,48,No
CUST104488,43,81866,21537,821,24,No
CUST104489,65,87690,86738,673,240,Yes
CUST104490,37,99456,72559,670,60,No
CUST104491,60,80203,18370,500,48,No
CUST104492,41,35609,8564,649,36,Yes
CUST104493,22,58159,47264,740,180,No
CUST104494,57,143576,144454,789,36,No
CUST104495,26,88112,56198,622,72,No
CUST104496,64,129232,97516,712,180,No
CUST104497,38,104886,104868,753,12,No
CUST104498,50,76045,61635,681,180,Yes
CUST104499,42,77535,32934,520,60,No
CUST104500,53,69085,56170,697,84,No
CUST104501,50,26555,21995,733,60,Yes
CUST104502,37,70451,65809,614,84,Yes
CUST104503,63,100267,82307,662,36,No
CUST104504,52,55009,64319,599,12,Yes
CUST104505,62,80299,31902,500,240,Yes
CUST104506,34,91290,105083,752,12,No
CUST104507,30,47258,34892,680,180,No
CUST104508,56,58717,51199,792,36,Yes
CUST104509,54,44552,13342,740,60,No
CUST104510,29,49446,28707,655,180,No
CUST104511,62,37810,36652,674,36,No
CUST104512,48,47489,43068,720,180,Yes
CUST104513,31,105486,25331,748,60,No
CUST104514,34,47113,35174,703,60,No
CUST104515,59,73161,21091,757,84,No
CUST104516,39,57428,68676,659,48,No
CUST104517,35,99472,109150,610,48,No
CUST104518,48,102779,22722,675,120,No
CUST104519,44,91602,96974,694,48,No
CUST104520,28,77653,86927,596,36,Yes
CUST104521,63,64224,35551,586,180,No
CUST104522,29,40203,36967,711,180,No
CUST104523,53,118588,76146,652,60,Yes
CUST104524,53,51008,43624,668,60,Yes
CUST104525,39,86591,46787,655,84,No
CUST104526,23,96489,50421,786,60,No
CUST104527,30,56118,35042,768,60,No
CUST104528,60,95950,33157,593,360,No
CUST104529,62,89105,91880,643,36,Yes
CUST104530,21,113199,62112,740,72,No
CUST104531,49,58266,34968,722,180,No
CUST104532,54,37853,41413,677,84,No
CUST104533,33,57363,39960,600,180,No
CUST104534,21,75221,55984,632,48,No
CUST104535,54,71455,82638,644,36,No
CUST104536,49,60164,65382,699,180,No
CUST104537,33,22270,8228,799,60,Yes
CUST104538,49,81762,55043,632,120,No
CUST104539,59,119309,139746,608,36,No
CUST104540,44,81606,46709,672,120,No
CUST104541,46,85228,48714,752,60,No
CUST104542,37,84311,33305,579,36,Yes
CUST104543,27,79926,25123,782,60,No
CUST104544,33,93292,87723,668,84,Yes
CUST104545,25,79884,77490,629,12,No
CUST104546,46,62183,72693,568,72,No
CUST104547,23,50100,48768,729,60,No
CUST104548,27,63776,28275,668,36,No
CUST104549,59,77853,18694,692,120,No
CUST104550,21,62098,73613,617,48,No
CUST104551,37,77858,42078,658,36,No
CUST104552,63,80979,41459,646,60,No
CUST104553,45,90829,100453,673,84,No
CUST104554,23,102070,80135,633,240,No
CUST104555,35,71950,29850,573,36,Yes
CUST104556,49,37306,40630,850,60,No
CUST104557,63,61372,73239,585,24,Yes
CUST104558,52,71102,20383,693,120,No
CUST104559,46,24106,25607,556,60,No
CUST104560,36,104717,61837,540,120,No
CUST104561,45,73559,53262,687,48,No
CUST104562,48,79534,88666,692,180,No
CUST104563,29,104138,122193,768,60,Yes
CUST104564,21,54246,25071,708,240,No
CUST104565,49,84351,34824,670,24,No
CUST104566,42,67253,18866,614,60,No
CUST104567,36,65398,49820,785,120,No
CUST104568,61,50695,10829,745,72,No
CUST104569,64,111640,68312,593,12,Yes
CUST104570,61,60612,16570,683,360,No
CUST104571,27,87487,52949,690,48,No
CUST104572,34,23125,5548,656,36,No
CUST104573,49,99500,103004,734,60,Yes
CUST104574,39,96305,39460,738,60,No
CUST104575,39,72436,38269,667,120,Yes
CUST104576,22,64326,68832,660,60,No
CUST104577,61,80000,75701,785,60,No
CUST104578,65,127220,53310,745,60,No
CUST104579,35,25919,7047,685,60,Yes
CUST104580,23,89551,82000,566,240,No
CUST104581,31,47210,27887,704,180,No
CUST104582,50,69502,67144,729,60,Yes
CUST104583,60,63803,41172,487,12,Yes
CUST104584,38,59292,32374,698,240,No
CUST104585,22,69738,45414,651,24,No
CUST104586,52,41646,39504,665,36,Yes
CUST104587,28,95730,105516,616,36,Yes
CUST104588,42,25146,6281,670,36,No
CUST104589,26,83494,60459,777,180,No
CUST104590,32,61837,14398,649,72,No
CUST104591,60,40727,27222,748,360,No
CUST104592,56,75060,81461,624,36,No
CUST104593,35,31076,17452,733,60,No
CUST104594,48,70993,80396,680,360,No
CUST104595,65,34428,28596,705,180,No
CUST104596,38,81532,92470,681,120,No
CUST104597,22,46891,44883,725,36,No
CUST104598,33,58725,17819,500,120,No
CUST104599,65,77349,33349,581,48,No
CUST104600,35,50686,30116,709,60,No
CUST104601,40,68551,25371,537,72,No
CUST104602,49,32154,22344,643,72,No
CUST104603,62,85772,57585,676,120,No
CUST104604,49,114123,131956,622,84,No
CUST104605,23,139805,88598,632,24,No
CUST104606,39,72279,71240,699,60,Yes
CUST104607,23,89705,102435,751,84,No
CUST104608,34,25484,27446,613,48,No
CUST104609,60,107568,43960,640,48,No
CUST104610,24,89406,62229,629,24,No
CUST104611,31,57902,31715,511,60,No
CUST104612,51,100930,60544,690,360,No
CUST104613,63,63638,35689,745,48,No
CUST104614,52,58549,60092,751,60,No
CUST104615,47,81883,53399,619,120,No
CUST104616,50,43416,31420,592,12,No
CUST104617,63,95541,112972,682,240,No
CUST104618,22,43600,11335,738,60,No
CUST104619,29,43749,30097,691,180,Yes
CUST104620,48,47258,46032,700,12,Yes
CUST104621,51,88988,31249,760,36,No
CUST104622,54,54581,44294,628,48,No
CUST104623,35,36300,15953,665,48,No
CUST104624,45,54858,58556,794,180,No
CUST104625,56,69199,36475,666,12,No
CUST104626,28,40476,21414,591,84,No
CUST104627,29,41208,32892,633,36,No
CUST104628,57,122782,47095,614,180,No
CUST104629,65,48486,23510,705,120,No
CUST104630,59,61924,38184,617,60,No
CUST104631,52,60819,33672,699,36,No
CUST104632,37,59466,43106,628,72,No
CUST104633,55,85534,68396,531,36,No
CUST104634,57,93704,71840,701,36,No
CUST104635,39,62351,53258,690,72,No
CUST104636,64,39088,19847,716,360,No
CUST104637,49,101861,33250,633,180,No
CUST104638,27,67616,64966,625,72,No
CUST104639,48,113258,119009,708,60,No
CUST104640,29,15000,6855,786,360,No
CUST104641,48,74885,45462,681,60,No
CUST104642,26,117965,82407,710,60,No
CUST104643,49,61168,44856,657,240,No
CUST104644,37,64363,55319,572,36,No
CUST104645,36,77388,18697,748,24,No
CUST104646,43,56030,51630,744,72,No
CUST104647,51,62198,16294,730,24,No
CUST104648,23,61555,41137,667,60,No
CUST104649,41,54314,55817,722,60,No
CUST104650,46,100721,65591,743,60,No
CUST104651,56,81527,28460,793,360,No
CUST104652,62,76266,90378,749,36,No
CUST104653,57,90214,98269,684,60,No
CUST104654,42,63391,61573,588,36,No
CUST104655,62,50645,30970,691,72,Yes
CUST104656,32,54934,21086,698,120,No
CUST104657,62,70045,79950,730,60,No
CUST104658,33,43520,31872,775,36,Yes
CUST104659,31,57493,60503,673,72,No
CUST104660,36,57097,30952,827,60,No
CUST104661,28,123114,65901,557,36,No
CUST104662,60,15000,17783,709,60,No
CUST104663,60,65510,47287,624,60,No
CUST104664,65,113142,38547,546,360,No
CUST104665,22,73046,30656,666,180,No
CUST104666,50,88835,60581,578,120,No
CUST104667,50,72496,17578,669,180,No
CUST104668,32,53317,35324,682,120,No
CUST104669,30,15000,9284,758,240,Yes
CUST104670,64,75136,73583,574,24,Yes
CUST104671,31,50610,28086,744,60,Yes
CUST104672,35,49992,59118,687,120,No
CUST104673,36,57525,21904,752,72,No
CUST104674,37,113622,89873,650,36,No
CUST104675,46,130121,37696,587,48,No
CUST104676,22,75430,70441,595,48,No
CUST104677,32,58381,69751,590,36,Yes
CUST104678,46,40569,41345,713,48,Yes
CUST104679,43,81714,61752,783,60,No
CUST104680,38,114573,78453,640,180,No
CUST104681,52,63816,66051,724,120,No
CUST104682,58,15000,17040,573,180,No
CUST104683,23,86751,103165,693,180,No
CUST104684,58,94635,56453,727,60,No
CUST104685,23,30354,36149,579,48,Yes
CUST104686,50,74412,26485,666,24,No
CUST104687,21,81281,36865,730,240,No
CUST104688,50,68172,19703,475,24,Yes
CUST104689,65,50231,23696,773,120,No
CUST104690,52,95398,92339,705,60,Yes
CUST104691,48,59916,63087,730,240,Yes
CUST104692,41,32870,32176,651,60,No
CUST104693,33,18763,15593,559,180,Yes
CUST104694,47,101521,72483,717,48,No
CUST104695,56,85417,77619,674,48,Yes
CUST104696,27,72199,42658,682,72,No
CUST104697,42,58993,61430,756,360,No
CUST104698,30,56775,49802,733,60,No
CUST104699,59,43107,38702,814,240,No
CUST104700,35,59214,43578,691,120,No
CUST104701,35,16998,18447,632,120,No
CUST104702,24,51598,23323,667,60,No
CUST104703,52,62227,36163,709,60,No
CUST104704,43,85247,83341,751,36,Yes
CUST104705,26,69002,47801,577,360,Yes
CUST104706,44,89873,97891,681,360,No
CUST104707,40,103728,56677,793,120,No
CUST104708,57,96454,54914,663,48,No
CUST104709,40,81763,89018,745,36,No
CUST104710,32,70297,46703,715,360,No
CUST104711,53,45480,32569,747,24,No
CUST104712,48,88499,47149,623,180,No
CUST104713,28,111994,53384,624,48,No
CUST104714,21,78553,67237,681,60,No
CUST104715,57,117931,37719,573,180,No
CUST104716,42,31861,34387,661,24,No
CUST104717,26,41146,40290,698,48,No
CUST104718,41,91380,35707,805,360,No
CUST104719,52,76607,68488,708,84,No
CUST104720,55,102845,82547,724,120,No
CUST104721,35,69613,26769,762,120,No
CUST104722,25,48301,22856,612,24,No
CUST104723,26,64660,39377,668,36,Yes
CUST104724,45,31683,28491,850,60,No
CUST104725,60,41785,35046,674,60,No
CUST104726,49,94311,69058,758,60,No
CUST104727,27,91820,88919,747,120,Yes
CUST104728,60,79075,75749,577,12,No
CUST104729,33,26973,22060,702,84,Yes
CUST104730,58,61040,60246,690,12,No
CUST104731,38,39375,21037,703,24,Yes
CUST104732,22,99413,107490,627,60,No
CUST104733,28,55407,45152,602,180,Yes
CUST104734,31,42856,43814,647,36,Yes
CUST104735,53,70745,52796,673,60,No
CUST104736,58,53996,22594,763,84,No
CUST104737,47,107094,79508,807,36,No
CUST104738,40,51630,29486,778,60,No
CUST104739,32,35019,31430,740,240,Yes
CUST104740,63,16177,10932,610,60,Yes
CUST104741,51,69230,71730,651,36,No
CUST104742,47,55952,49130,695,72,Yes
CUST104743,52,34277,30320,636,72,Yes
CUST104744,30,99731,41603,720,12,No
CUST104745,23,86681,102652,730,24,No
CUST104746,65,69295,72183,718,36,No
CUST104747,47,104108,102963,752,36,No
CUST104748,55,86563,45897,617,36,No
CUST104749,51,49429,36362,745,60,No
CUST104750,35,44019,14839,631,60,No
CUST104751,36,90450,66795,614,180,No
CUST104752,33,79909,27640,717,72,No
CUST104753,55,74244,55909,765,180,No
CUST104754,31,48838,41450,714,60,No
CUST104755,41,85199,50284,681,24,No
CUST104756,31,51113,35705,702,60,No
CUST104757,50,67450,72553,690,180,No
CUST104758,55,106174,32761,601,36,No
CUST104759,42,53479,53037,593,24,Yes
CUST104760,58,30675,11373,674,48,No
CUST104761,51,43686,10341,686,60,No
CUST104762,34,94857,36574,681,48,No
CUST104763,44,76368,73698,727,36,Yes
CUST104764,52,66778,40409,665,36,No
CUST104765,56,57273,61426,719,84,No
CUST104766,52,82134,59523,670,60,No
CUST104767,35,48772,10840,808,72,No
CUST104768,63,77642,71175,686,60,Yes
CUST104769,55,51719,16045,844,60,No
CUST104770,23,47559,47054,705,36,No
CUST104771,36,54063,19901,665,60,No
CUST104772,25,60615,33062,617,12,No
CUST104773,41,68779,66115,579,60,Yes
CUST104774,30,75886,87590,611,72,No
CUST104775,39,15000,8572,618,36,No
CUST104776,45,49809,51273,708,36,Yes
CUST104777,24,60211,23530,643,36,No
CUST104778,49,107627,108400,693,24,No
CUST104779,39,43000,36872,770,48,No
CUST104780,63,74070,29091,674,360,No
CUST104781,22,107376,53957,826,48,No
CUST104782,30,37176,12334,598,60,Yes
CUST104783,63,79849,46549,669,84,No
CUST104784,45,49943,20159,642,84,No
CUST104785,40,57384,48432,746,240,No
CUST104786,39,49922,59632,523,180,No
CUST104787,43,51704,10962,579,120,No
CUST104788,44,138048,102282,672,360,No
CUST104789,31,91111,70490,789,36,No
CUST104790,54,97543,108683,696,72,No
CUST104791,48,82300,58104,585,180,No
CUST104792,25,29844,22195,596,72,Yes
CUST104793,25,79874,53648,797,360,No
CUST104794,41,96823,45401,637,24,No
CUST104795,32,48665,12460,614,60,No
CUST104796,24,94133,57295,783,360,No
CUST104797,62,87608,22129,751,60,No
CUST104798,40,116301,87283,769,120,No
CUST104799,58,59555,30212,613,12,No
CUST104800,45,42560,31222,573,84,No
CUST104801,34,60959,20378,689,240,No
CUST104802,31,105889,119933,703,60,No
CUST104803,52,24290,26586,706,12,No
CUST104804,31,18291,7133,783,12,Yes
CUST104805,38,72235,39256,559,180,No
CUST104806,47,58935,47943,740,120,Yes
CUST104807,38,70193,20755,603,24,No
CUST104808,43,93633,51926,740,24,No
CUST104809,31,56186,25346,647,180,No
CUST104810,41,23175,25852,623,180,Yes
CUST104811,64,121112,127472,637,24,No
CUST104812,25,45069,35146,579,48,No
CUST104813,43,43524,31352,683,120,No
CUST104814,61,97593,110351,626,60,No
CUST104815,45,60388,68385,735,360,Yes
CUST104816,61,68415,80000,725,60,No
CUST104817,30,82070,26704,798,84,No
CUST104818,42,97090,35007,706,60,No
CUST104819,39,61663,54062,716,240,No
CUST104820,21,107999,80074,778,60,No
CUST104821,27,16605,5000,636,36,Yes
CUST104822,24,88995,23314,576,48,No
CUST104823,21,49012,53329,694,180,No
CUST104824,35,104307,111491,580,60,No
CUST104825,60,73551,40988,850,48,No
CUST104826,32,53177,58019,782,60,No
CUST104827,42,86571,68709,831,36,No
CUST104828,42,92330,92875,684,12,No
CUST104829,37,86047,53989,719,48,No
CUST104830,49,44258,13870,648,72,No
CUST104831,34,57900,36693,742,120,No
CUST104832,40,69898,45944,595,180,Yes
CUST104833,53,68969,51792,502,240,No
CUST104834,63,88744,27119,625,60,No
CUST104835,35,19627,23384,578,120,No
CUST104836,32,78358,34802,783,24,No
CUST104837,60,62750,25009,807,24,No
CUST104838,40,49037,35640,582,24,No
CUST104839,50,51438,37921,770,60,No
CUST104840,58,64637,41356,747,36,No
CUST104841,23,15000,14578,570,48,Yes
CUST104842,48,52468,37601,653,84,No
CUST104843,46,48105,38950,639,48,No
CUST104844,50,83320,76967,732,60,No
CUST104845,33,49862,11220,594,60,No
CUST104846,33,64622,49801,673,36,No
CUST104847,22,108557,117697,632,24,No
CUST104848,57,94859,20621,713,36,No
CUST104849,58,92557,56014,665,24,Yes
CUST104850,22,57503,64761,643,72,No
CUST104851,56,83576,46230,665,120,No
CUST104852,46,64153,42259,823,48,No
CUST104853,31,65098,76916,651,60,No
CUST104854,28,80242,32043,607,180,No
CUST104855,64,55075,14609,721,36,No
CUST104856,60,107325,113703,670,24,No
CUST104857,63,65997,70516,581,60,No
CUST104858,42,85459,57435,836,84,No
CUST104859,40,106390,75985,655,72,No
CUST104860,28,95791,99221,654,120,No
CUST104861,49,34777,32640,691,24,No
CUST104862,60,81122,37734,801,60,No
CUST104863,46,91268,19795,562,36,No
CUST104864,50,92297,62734,699,120,No
CUST104865,37,42168,44652,826,180,Yes
CUST104866,40,53574,58708,689,48,No
CUST104867,36,94864,109684,594,24,Yes
CUST104868,63,50956,55010,637,36,No
CUST104869,27,62508,48759,694,24,No
CUST104870,36,109397,70518,773,48,No
CUST104871,65,68805,67075,656,60,Yes
CUST104872,47,51831,48712,738,360,No
CUST104873,43,48060,35475,580,60,Yes
CUST104874,44,78318,22503,579,36,No
CUST104875,29,36671,41295,646,36,Yes
CUST104876,55,63817,41839,781,36,No
CUST104877,40,78331,44126,685,36,Yes
CUST104878,57,102479,85013,700,120,Yes
CUST104879,62,86689,75752,699,24,Yes
CUST104880,37,52148,21417,758,360,No
CUST104881,51,99460,103134,637,60,No
CUST104882,28,62512,30627,728,60,No
CUST104883,35,39107,15122,622,48,No
CUST104884,51,65699,39840,819,84,No
CUST104885,50,105954,98597,624,60,No
CUST104886,40,74131,86397,618,48,No
CUST104887,59,70313,70966,718,36,No
CUST104888,32,110930,126499,686,240,Yes
CUST104889,37,34216,11654,703,48,No
CUST104890,62,37860,10267,696,60,No
CUST104891,50,29604,22431,604,48,No
CUST104892,49,79316,38888,793,24,No
CUST104893,39,74162,76243,743,36,No
CUST104894,31,108568,94670,775,36,No
CUST104895,54,76087,89077,643,84,No
CUST104896,27,59896,27240,709,60,No
CUST104897,64,70045,48036,694,120,No
CUST104898,54,72943,51151,759,120,No
CUST104899,40,28206,12387,761,36,No
CUST104900,58,137758,108842,694,72,No
CUST104901,44,82997,53391,574,120,No
CUST104902,30,75250,48666,805,72,No
CUST104903,52,85379,48046,719,72,No
CUST104904,35,87735,19032,637,120,Yes
CUST104905,57,66486,48009,708,24,No
CUST104906,40,54219,29021,574,120,No
CUST104907,23,84986,17109,754,36,No
CUST104908,57,79643,40454,577,72,No
CUST104909,60,49753,23813,665,36,No
CUST104910,28,105476,62595,697,180,No
CUST104911,60,77334,25663,753,60,No
CUST104912,64,88245,62450,687,84,No
CUST104913,43,104798,93526,724,120,Yes
CUST104914,60,70547,58567,678,180,No
CUST104915,31,77924,78217,678,120,No
CUST104916,28,90251,58844,686,36,No
CUST104917,49,51878,37305,667,180,No
CUST104918,50,71351,72093,562,72,No
CUST104919,30,73139,45909,626,72,No
CUST104920,59,46099,41563,697,240,No
CUST104921,48,127941,81192,663,36,No
CUST104922,56,34818,21508,669,36,No
CUST104923,33,37547,36053,657,60,Yes
CUST104924,52,102856,38554,620,120,No
CUST104925,56,87832,47305,645,60,No
CUST104926,57,44351,18812,659,72,No
CUST104927,46,85182,47626,680,60,No
CUST104928,42,106696,45919,708,72,No
CUST104929,24,69243,53968,667,180,No
CUST104930,51,134971,134724,608,36,Yes
CUST104931,38,26898,26538,582,84,Yes
CUST104932,58,87346,49307,850,120,No
CUST104933,44,99163,117881,601,60,Yes
CUST104934,43,92284,73260,644,48,No
CUST104935,42,64891,38896,716,12,No
CUST104936,22,62739,64969,705,120,Yes
CUST104937,51,81104,75417,716,48,No
CUST104938,31,90394,85809,649,48,No
CUST104939,48,85062,33696,697,48,No
CUST104940,52,96001,64160,684,60,No
CUST104941,25,44528,47281,658,120,No
CUST104942,58,64306,45274,697,120,No
CUST104943,30,46500,41081,754,60,No
CUST104944,60,60347,47549,678,84,No
CUST104945,44,95381,99421,679,120,Yes
CUST104946,55,72700,35228,755,48,No
CUST104947,64,135171,104822,747,24,No
CUST104948,43,74835,24189,791,180,No
CUST104949,37,71492,63643,557,84,Yes
CUST104950,21,72655,67712,743,84,No
CUST104951,51,54055,13127,722,24,No
CUST104952,51,68554,60039,618,180,No
CUST104953,62,98195,60359,698,72,No
CUST104954,62,72849,23610,754,180,No
CUST104955,54,50164,31097,622,360,No
CUST104956,29,46873,18479,711,360,No
CUST104957,42,58745,36161,741,180,Yes
CUST104958,33,71847,41983,605,12,No
CUST104959,45,99840,93689,670,180,No
CUST104960,38,36488,35547,701,24,Yes
CUST104961,32,62004,50039,624,180,No
CUST104962,60,73608,16392,618,48,No
CUST104963,37,24157,27322,671,72,No
CUST104964,35,49160,43567,736,12,Yes
CUST104965,62,53003,12413,725,120,No
CUST104966,35,50101,51045,620,24,Yes
CUST104967,35,74797,29939,726,60,No
CUST104968,59,65986,51418,621,180,No
CUST104969,33,56118,37410,567,84,Yes
CUST104970,37,80699,50020,654,12,No
CUST104971,52,113077,123222,759,60,Yes
CUST104972,29,110981,70735,726,12,No
CUST104973,60,21931,6039,680,84,Yes
CUST104974,40,84427,96807,651,360,No
CUST104975,46,65549,73450,653,84,No
CUST104976,47,73879,65341,688,36,No
CUST104977,41,60043,40102,605,48,Yes
CUST104978,38,72940,21361,656,360,No
CUST104979,33,73785,73102,665,36,Yes
CUST104980,36,55526,15296,585,72,No
CUST104981,29,47591,12783,621,60,No
CUST104982,32,58783,43346,709,120,No
CUST104983,64,75856,27318,681,180,No
CUST104984,58,84975,17652,658,48,No
CUST104985,39,91334,56911,616,84,No
CUST104986,27,57645,19439,790,60,No
CUST104987,55,77096,27794,621,36,No
CUST104988,38,94063,26047,698,36,No
CUST104989,36,99140,40161,646,60,No
CUST104990,59,68529,62737,683,36,Yes
CUST104991,24,64477,65053,712,180,Yes
CUST104992,45,74778,48795,584,24,No
CUST104993,52,41257,29150,680,24,No
CUST104994,60,65160,15160,763,48,No
CUST104995,33,88615,23865,803,24,No
CUST104996,65,86049,39373,671,60,No
CUST104997,37,63243,47046,683,60,No
CUST104998,57,75443,70883,835,120,No
CUST104999,26,49384,39754,759,360,No
