trip_id,rider_id,distance_km,duration_min,fare_amount,ride_date,surge_flag,hour,day_of_week,month,zone_name,population_density,traffic_index,avg_speed_kmph,zone_type,traffic_level,payment_mode_Cash,payment_mode_Credit Card,payment_mode_UPI,payment_mode_Wallet,zone_Zone_1,zone_Zone_10,zone_Zone_2,zone_Zone_3,zone_Zone_4,zone_Zone_5,zone_Zone_6,zone_Zone_7,zone_Zone_8,zone_Zone_9,fare_log,distance_log,duration_sqrt,is_peak_hour,name,age,gender,city,signup_date,total_rides,cancelled_rides,avg_rating,ride_frequency,avg_ride_distance,avg_ride_fare,days_since_signup,ride_cancellation_rate
T00001,R0037,11.83,74.59,104.88,2023-11-13,0,0,0,11,Zone_10,2440,1.54,35.4,Industrial,1.0,True,False,False,False,False,True,False,False,False,False,False,False,False,False,4.662306377358901,2.551786178627545,8.636550237218563,0,Aadhya Iyer,32,2,Ahmedabad,2020-11-21,489,6,3.36,High,0.15969325153374234,2.6884662576687117,2089,0.012269938650306749
T00002,R0104,3.86,35.59,40.48,2023-07-28,0,0,4,7,Zone_9,11037,1.83,56.1,Mixed,1.0,True,False,False,False,False,False,False,False,False,False,False,False,False,True,3.7252113833613265,1.5810384379124023,5.965735495309862,0,Diya Gupta,52,1,Kolkata,2021-05-27,328,1,3.7,High,0.14234756097560977,2.3335060975609756,1902,0.003048780487804878
T00003,R0045,4.7,31.03,46.39,2024-01-14,0,0,6,1,Zone_8,4516,1.93,31.0,Business,1.0,True,False,False,False,False,False,False,False,False,False,False,False,True,False,3.858411235979497,1.7404661748405046,5.570457790882182,0,Saanvi Iyer,34,2,Ahmedabad,2023-07-12,100,16,4.88,Low,0.8753,15.298499999999999,1126,0.16
T00004,R0089,11.06,59.48,257.64,2023-12-13,0,0,2,12,Zone_2,6371,0.91,58.4,Residential,0.0,True,False,False,False,False,False,True,False,False,False,False,False,False,False,5.555437133417177,2.4898941912990393,7.712327793863536,0,Saanvi Reddy,48,2,Surat,2022-09-21,308,6,3.91,Medium,0.29165584415584417,4.595941558441559,1420,0.01948051948051948
T00005,R0003,7.28,67.59,72.74,2023-03-15,0,0,2,3,Zone_5,2590,1.31,43.9,Business,0.0,False,False,True,False,False,False,False,False,False,True,False,False,False,False,4.300545392805998,2.1138429683971687,8.221313763626833,0,Kavya Reddy,34,1,Pune,2023-05-04,45,9,3.76,Low,1.5040000000000002,21.593555555555557,1195,0.2
T00006,R0255,14.58,80.74,282.52,2024-02-10,0,0,5,2,Zone_2,6371,0.91,58.4,Residential,0.0,False,False,True,False,False,False,True,False,False,False,False,False,False,False,5.647282667416716,2.7459880404426023,8.985543945694106,0,Reyansh Sharma,37,0,Bengaluru,2021-07-06,475,42,3.12,High,0.15162105263157893,2.6573052631578946,1862,0.08842105263157894
T00007,R0224,4.48,40.07,58.38,2023-08-21,0,0,0,8,Zone_4,4038,2.46,48.2,Business,2.0,False,True,False,False,False,False,False,False,True,False,False,False,False,False,4.083957469335614,1.7011051009599243,6.330086887239385,0,Ishaan Sharma,29,0,Ahmedabad,2020-08-04,200,1,4.31,Medium,0.20855,2.5707,2198,0.005
T00008,R0039,11.75,96.11,102.35,2024-03-10,0,0,6,3,Zone_3,12971,2.11,38.0,Business,2.0,False,False,False,True,False,False,False,True,False,False,False,False,False,False,4.638121286127777,2.545531271604435,9.803570778037969,0,Aadhya Iyer,24,1,Chennai,2023-11-18,190,14,4.2,Medium,0.17821052631578946,2.674,997,0.07368421052631578
T00009,R0223,9.71,66.61,175.75,2024-05-20,0,0,0,5,Zone_5,2590,1.31,43.9,Business,0.0,False,True,False,False,False,False,False,False,False,True,False,False,False,False,5.174736304776682,2.3711778844596574,8.161494961096281,0,Meera Ghosh,30,0,Surat,2019-11-29,158,10,4.04,Low,0.3569620253164557,6.248164556962026,2447,0.06329113924050633
T00010,R0236,7.37,51.09,98.34,2023-03-01,0,0,2,3,Zone_5,2590,1.31,43.9,Business,0.0,False,False,True,False,False,False,False,False,False,True,False,False,False,False,4.598548309679204,2.124653884501384,7.147726911403373,0,Arjun Gupta,28,1,Ahmedabad,2020-08-10,61,1,3.36,Low,0.8198360655737704,12.599016393442623,2192,0.01639344262295082
T00011,R0191,13.88,88.3,172.04,2023-09-09,0,0,5,9,Zone_10,2440,1.54,35.4,Industrial,1.0,False,True,False,False,False,True,False,False,False,False,False,False,False,False,5.153522781644804,2.700018029404946,9.396807968666806,0,Meera Gupta,33,2,Surat,2020-08-14,87,6,4.56,Low,0.9559770114942528,15.24735632183908,2188,0.06896551724137931
T00012,R0199,11.4,64.9,139.35,2023-12-15,0,0,4,12,Zone_1,4921,2.43,30.9,Residential,2.0,False,False,False,True,True,False,False,False,False,False,False,False,False,False,4.9441393028078915,2.517696472610991,8.056053624449133,0,Aarav Das,29,1,Ahmedabad,2021-08-03,344,27,3.91,High,0.24752906976744188,4.652616279069767,1834,0.07848837209302326
T00013,R0248,2.98,18.82,37.95,2023-12-12,0,0,1,12,Zone_6,14627,0.54,37.6,Mixed,0.0,False,False,False,True,False,False,False,False,False,False,True,False,False,False,3.6622787723167574,1.3812818192963463,4.338202392696772,0,Vivaan Ghosh,18,0,Chennai,2021-10-24,104,12,3.65,Low,0.5549999999999999,9.03519230769231,1752,0.11538461538461539
T00014,R0300,11.2,70.93,249.44,2024-08-10,0,0,5,8,Zone_2,6371,0.91,58.4,Residential,0.0,True,False,False,False,False,False,True,False,False,False,False,False,False,False,5.52321937087711,2.501435951739211,8.421995013059554,0,Saanvi Iyer,38,0,Kolkata,2023-07-08,291,7,3.67,Medium,0.1885910652920962,3.4253264604810996,1130,0.024054982817869417
T00015,R0270,14.87,91.83,265.53,2023-08-24,0,0,3,8,Zone_10,2440,1.54,35.4,Industrial,1.0,False,True,False,False,False,True,False,False,False,False,False,False,False,False,5.585486807626805,2.7644305345383176,9.582797086446107,0,Aadhya Reddy,35,1,Hyderabad,2022-01-02,455,64,3.08,High,0.12975824175824174,2.420945054945055,1682,0.14065934065934066
T00016,R0216,7.35,63.51,145.73,2024-08-04,0,0,6,8,Zone_2,6371,0.91,58.4,Residential,0.0,True,False,False,False,False,False,True,False,False,False,False,False,False,False,4.988594163219376,2.122261538862764,7.969316156358712,0,Ishaan Ghosh,44,0,Chennai,2019-08-01,335,24,3.4,High,0.0884776119402985,1.4891940298507462,2567,0.07164179104477612
T00017,R0168,6.76,56.32,83.57,2023-12-03,0,0,6,12,Zone_3,12971,2.11,38.0,Business,2.0,True,False,False,False,False,False,False,True,False,False,False,False,False,False,4.437579593794131,2.048982334195127,7.504665215717488,0,Diya Das,23,1,Pune,2019-10-08,471,74,4.03,High,0.0743524416135881,1.2087261146496815,2499,0.15711252653927812
T00018,R0126,4.65,39.61,69.81,2024-01-19,0,0,4,1,Zone_6,14627,0.54,37.6,Mixed,0.0,False,False,True,False,False,False,False,False,False,False,True,False,False,False,4.260000233663683,1.7316555451583497,6.293647591023825,0,Diya Reddy,29,0,Surat,2022-09-25,411,20,3.65,High,0.08686131386861315,1.009537712895377,1416,0.04866180048661801
T00019,R0255,7.93,62.56,100.85,2023-05-26,0,0,4,5,Zone_1,4921,2.43,30.9,Residential,2.0,False,True,False,False,True,False,False,False,False,False,False,False,False,False,4.623501142672815,2.189416394888408,7.909487973314076,0,Reyansh Sharma,37,0,Bengaluru,2021-07-06,475,42,3.12,High,0.15162105263157893,2.6573052631578946,1862,0.08842105263157894
T00020,R0061,11.43,81.48,227.77,2023-06-19,0,0,0,6,Zone_2,6371,0.91,58.4,Residential,0.0,False,False,True,False,False,False,True,False,False,False,False,False,False,False,5.432717132027692,2.5201129055226197,9.026627277117406,0,Meera Reddy,25,1,Mumbai,2020-08-20,168,25,3.69,Medium,0.20517857142857143,3.5520238095238095,2182,0.1488095238095238
T00021,R0289,3.91,32.07,79.0,2024-08-15,0,0,3,8,Zone_4,4038,2.46,48.2,Business,2.0,True,False,False,False,False,False,False,False,True,False,False,False,False,False,4.382026634673881,1.5912739418064292,5.6630380539071075,0,Aarav Gupta,21,2,Chennai,2021-09-30,322,14,4.17,Medium,0.2053726708074534,3.8337888198757764,1776,0.043478260869565216
T00022,R0112,1.27,9.05,17.63,2024-03-28,0,0,3,3,Zone_10,2440,1.54,35.4,Industrial,1.0,False,True,False,False,False,True,False,False,False,False,False,False,False,False,2.924773184613497,0.8197798314933114,3.0083217912982647,0,Meera Nair,41,0,Delhi,2020-11-13,311,11,3.24,Medium,0.28787781350482317,3.6986173633440513,2097,0.03536977491961415
T00023,R0153,6.12,47.77,118.69,2024-02-26,0,0,0,2,Zone_3,12971,2.11,38.0,Business,2.0,False,False,True,False,False,False,False,True,False,False,False,False,False,False,4.784905066885279,1.9629077254238845,6.911584478250989,0,Aadhya Ghosh,20,1,Mumbai,2020-05-04,76,14,4.54,Low,0.3794736842105263,6.065131578947368,2290,0.18421052631578946
T00024,R0214,1.1,10.71,13.4,2023-01-10,0,0,1,1,Zone_3,12971,2.11,38.0,Business,2.0,True,False,False,False,False,False,False,True,False,False,False,False,False,False,2.667228206581955,0.7419373447293773,3.2726136343907144,0,Aarav Kumar,20,0,Kolkata,2022-09-14,210,2,4.53,Medium,0.1940952380952381,3.2461428571428574,1427,0.009523809523809525
T00025,R0272,10.62,56.33,170.34,2023-01-15,0,0,6,1,Zone_2,6371,0.91,58.4,Residential,0.0,False,False,True,False,False,False,True,False,False,False,False,False,False,False,5.143649886535898,2.4527277514237653,7.505331438384317,0,Kavya Ghosh,21,1,Kolkata,2020-01-15,432,4,4.79,High,0.09326388888888888,1.6012962962962962,2400,0.009259259259259259
T00026,R0045,5.87,48.76,86.71,2024-02-14,0,0,2,2,Zone_3,12971,2.11,38.0,Business,2.0,False,True,False,False,False,False,False,True,False,False,False,False,False,False,4.47403591796329,1.927164106234258,6.982836100038436,0,Saanvi Iyer,34,2,Ahmedabad,2023-07-12,100,16,4.88,Low,0.8753,15.298499999999999,1126,0.16
T00027,R0096,0.78,5.31,10.51,2023-01-12,0,0,3,1,Zone_9,11037,1.83,56.1,Mixed,1.0,False,False,True,False,False,False,False,False,False,False,False,False,False,True,2.4432162227337915,0.5766133643039938,2.3043437243605824,0,Reyansh Das,40,0,Kolkata,2019-12-28,121,3,4.46,Low,0.2265289256198347,2.933471074380165,2418,0.024793388429752067
T00028,R0191,6.26,58.43,134.46,2023-05-14,0,0,6,5,Zone_1,4921,2.43,30.9,Residential,2.0,False,False,True,False,True,False,False,False,False,False,False,False,False,False,4.908676393786758,1.9823798288367047,7.643951857514541,0,Meera Gupta,33,2,Surat,2020-08-14,87,6,4.56,Low,0.9559770114942528,15.24735632183908,2188,0.06896551724137931
T00029,R0197,7.04,42.69,72.84,2024-06-13,0,0,3,6,Zone_6,14627,0.54,37.6,Mixed,0.0,False,True,False,False,False,False,False,False,False,False,True,False,False,False,4.301900590194597,2.0844290831908747,6.5337584895678535,0,Saanvi Das,29,0,Bengaluru,2020-10-08,475,87,3.87,High,0.14964210526315788,2.048421052631579,2133,0.1831578947368421
T00030,R0284,10.25,88.43,216.17,2024-03-15,0,0,4,3,Zone_1,4921,2.43,30.9,Residential,2.0,True,False,False,False,True,False,False,False,False,False,False,False,False,False,5.38068045697316,2.4203681286504293,9.403722667114339,0,Vivaan Das,28,0,Surat,2019-07-31,135,19,4.95,Low,0.45118518518518513,7.306148148148148,2568,0.14074074074074075
T00031,R0251,7.27,44.39,170.59,2023-04-08,0,0,5,4,Zone_1,4921,2.43,30.9,Residential,2.0,False,True,False,False,True,False,False,False,False,False,False,False,False,False,5.14510791029753,2.1126345090356,6.662582082045969,0,Vivaan Iyer,46,0,Mumbai,2020-01-13,213,26,4.48,Medium,0.18032863849765257,3.5801877934272297,2402,0.12206572769953052
T00032,R0228,17.34,154.38,192.42,2023-11-30,0,0,3,11,Zone_5,2590,1.31,43.9,Business,0.0,False,False,True,False,False,False,False,False,False,True,False,False,False,False,5.264863990288817,2.9090844668283187,12.424974849069113,0,Kavya Ghosh,21,0,Pune,2020-05-18,10,0,4.84,Low,3.844,67.522,2276,0.0
T00033,R0083,5.41,34.07,133.62,2024-04-19,1,0,4,4,Zone_10,2440,1.54,35.4,Industrial,1.0,True,False,False,False,False,True,False,False,False,False,False,False,False,False,4.902455994582567,1.8578592709325787,5.836951259004995,0,Kavya Patel,45,0,Mumbai,2021-12-31,475,39,4.4,High,0.19498947368421055,2.9796421052631583,1684,0.08210526315789474
T00034,R0105,7.69,72.38,65.12,2024-06-21,0,0,4,6,Zone_8,4516,1.93,31.0,Business,1.0,False,False,True,False,False,False,False,False,False,False,False,False,True,False,4.191471272952824,2.162172939277301,8.50764362206128,0,Diya Das,31,0,Jaipur,2020-09-28,346,9,3.69,High,0.27514450867052026,3.7604624277456646,2143,0.02601156069364162
T00035,R0221,7.49,44.42,65.75,2023-08-15,0,0,1,8,Zone_4,4038,2.46,48.2,Business,2.0,False,True,False,False,False,False,False,False,True,False,False,False,False,False,4.200954297280359,2.138889000323256,6.664833081180653,0,Diya Patel,21,0,Delhi,2021-01-13,106,1,4.41,Low,0.5540566037735849,8.615943396226415,2036,0.009433962264150943
T00036,R0081,6.59,49.9,125.55,2023-07-29,0,0,5,7,Zone_1,4921,2.43,30.9,Residential,2.0,False,True,False,False,True,False,False,False,False,False,False,False,False,False,4.840637486991133,2.0268315914075385,7.063993204979744,0,Diya Reddy,42,2,Mumbai,2022-01-31,114,2,3.9,Low,0.46421052631578946,7.123421052631579,1653,0.017543859649122806
T00037,R0067,8.71,57.85,106.26,2024-06-07,0,0,4,6,Zone_10,2440,1.54,35.4,Industrial,1.0,True,False,False,False,False,True,False,False,False,False,False,False,False,False,4.675255793554779,2.2731562823032334,7.605918747922567,0,Saanvi Iyer,32,1,Pune,2022-07-24,348,9,3.38,High,0.32491379310344826,5.3069252873563215,1479,0.02586206896551724
T00038,R0026,10.71,65.12,172.96,2023-10-27,0,0,4,10,Zone_1,4921,2.43,30.9,Residential,2.0,True,False,False,False,True,False,False,False,False,False,False,False,False,False,5.158825387729438,2.460443177609626,8.069696400732806,0,Aarav Kumar,26,0,Surat,2020-04-17,44,5,3.17,Low,1.8020454545454547,22.11795454545455,2307,0.11363636363636363
T00039,R0077,14.7,144.74,322.96,2024-03-07,0,0,3,3,Zone_5,2590,1.31,43.9,Business,0.0,False,False,False,True,False,False,False,False,False,True,False,False,False,False,5.780620051380789,2.7536607123542622,12.030793822520607,0,Reyansh Das,28,1,Mumbai,2019-09-07,406,72,3.79,High,0.3617241379310345,5.7729556650246305,2530,0.17733990147783252
T00040,R0110,0.15,1.26,3.27,2024-08-15,0,0,3,8,Zone_9,11037,1.83,56.1,Mixed,1.0,False,False,True,False,False,False,False,False,False,False,False,False,False,True,1.451613827240533,0.1397619423751587,1.1224972160321824,0,Vivaan Patel,19,0,Kolkata,2023-02-04,224,28,4.43,Medium,0.26571428571428574,4.226249999999999,1284,0.125
T00041,R0056,5.45,34.13,108.87,2024-02-24,0,0,5,2,Zone_1,4921,2.43,30.9,Residential,2.0,True,False,False,False,True,False,False,False,False,False,False,False,False,False,4.699297848712789,1.864080130807681,5.842088667591412,0,Meera Patel,40,2,Hyderabad,2021-02-26,93,13,3.25,Low,0.7120430107526882,9.976236559139785,1992,0.13978494623655913
T00042,R0120,5.76,45.5,57.73,2024-02-25,0,0,6,2,Zone_4,4038,2.46,48.2,Business,2.0,False,True,False,False,False,False,False,False,True,False,False,False,False,False,4.072950669534428,1.9110228900548727,6.745368781616021,0,Ishaan Gupta,18,2,Surat,2020-07-12,311,15,4.55,Medium,0.21929260450160773,3.260289389067524,2221,0.04823151125401929
T00043,R0178,12.69,71.08,174.11,2023-08-07,0,0,0,8,Zone_2,6371,0.91,58.4,Residential,0.0,True,False,False,False,False,False,True,False,False,False,False,False,False,False,5.165414347883809,2.6166656393003573,8.430895563343197,0,Saanvi Ghosh,27,1,Delhi,2021-05-15,56,7,3.13,Low,1.1296428571428572,18.581071428571427,1914,0.125
T00044,R0164,6.22,35.17,149.59,2024-04-02,0,0,1,4,Zone_3,12971,2.11,38.0,Business,2.0,False,False,True,False,False,False,False,True,False,False,False,False,False,False,5.0145609120987285,1.9768549529047348,5.930430001273095,0,Aadhya Ghosh,37,2,Ahmedabad,2022-07-06,249,23,4.02,Medium,0.40273092369477914,7.062208835341366,1497,0.09236947791164658
T00045,R0221,1.48,7.57,22.98,2024-07-11,0,0,3,7,Zone_9,11037,1.83,56.1,Mixed,1.0,False,True,False,False,False,False,False,False,False,False,False,False,False,True,3.177220149599368,0.9082585601768908,2.751363298439521,0,Diya Patel,21,0,Delhi,2021-01-13,106,1,4.41,Low,0.5540566037735849,8.615943396226415,2036,0.009433962264150943
T00046,R0247,8.44,82.23,70.49,2023-08-13,0,0,6,8,Zone_2,6371,0.91,58.4,Residential,0.0,True,False,False,False,False,False,True,False,False,False,False,False,False,False,4.26955757977876,2.244955980157409,9.068075870878012,0,Aadhya Das,37,1,Bengaluru,2021-05-11,249,47,4.92,Medium,0.5360642570281124,9.507791164658634,1918,0.18875502008032127
T00047,R0207,7.83,61.12,158.67,2023-09-03,0,0,6,9,Zone_1,4921,2.43,30.9,Residential,2.0,True,False,False,False,True,False,False,False,False,False,False,False,False,False,5.07310918535161,2.178155014615869,7.8179281142768255,0,Ishaan Iyer,31,1,Mumbai,2023-12-06,47,3,3.93,Low,1.3504255319148937,26.20127659574468,979,0.06382978723404255
T00048,R0077,8.9,76.5,91.12,2023-08-03,0,0,3,8,Zone_10,2440,1.54,35.4,Industrial,1.0,False,False,False,True,False,True,False,False,False,False,False,False,False,False,4.523092074952484,2.2925347571405443,8.74642784226795,0,Reyansh Das,28,1,Mumbai,2019-09-07,406,72,3.79,High,0.3617241379310345,5.7729556650246305,2530,0.17733990147783252
T00049,R0115,2.8,27.94,33.7,2024-08-08,0,0,3,8,Zone_6,14627,0.54,37.6,Mixed,0.0,False,False,True,False,False,False,False,False,False,False,True,False,False,False,3.5467396869528134,1.33500106673234,5.285830114561004,0,Aarav Ghosh,40,0,Bengaluru,2020-03-01,170,15,4.4,Medium,0.49105882352941177,8.388058823529413,2354,0.08823529411764706
T00050,R0010,16.6,90.94,193.05,2023-03-20,0,0,0,3,Zone_3,12971,2.11,38.0,Business,2.0,True,False,False,False,False,False,False,True,False,False,False,False,False,False,5.268115857814915,2.8678989020441064,9.536246641105713,0,Vivaan Gupta,25,0,Surat,2023-05-14,173,1,3.38,Medium,0.49277456647398843,6.962485549132948,1185,0.005780346820809248
T00051,R0230,6.38,47.94,95.38,2023-07-18,0,0,1,7,Zone_3,12971,2.11,38.0,Business,2.0,False,False,False,True,False,False,False,True,False,False,False,False,False,False,4.5682987112121864,1.998773638612381,6.923871749245504,0,Kavya Gupta,32,1,Chennai,2022-11-22,183,23,3.65,Medium,0.32054644808743166,4.962950819672131,1358,0.12568306010928962
T00052,R0032,7.06,36.36,101.01,2024-05-24,0,0,4,5,Zone_1,4921,2.43,30.9,Residential,2.0,False,False,True,False,True,False,False,False,False,False,False,False,False,False,4.625070847694428,2.0869135565185366,6.029925372672534,0,Kavya Reddy,18,0,Mumbai,2023-09-20,213,24,4.0,Medium,0.3107511737089202,6.473192488262911,1056,0.11267605633802817
T00053,R0082,3.5,24.24,60.44,2024-07-22,0,0,0,7,Zone_3,12971,2.11,38.0,Business,2.0,False,True,False,False,False,False,False,True,False,False,False,False,False,False,4.118061088839417,1.5040773967762742,4.923413450036469,0,Kavya Singh,26,2,Pune,2022-12-27,274,23,3.15,Medium,0.08985401459854014,1.0863503649635036,1323,0.08394160583941605
T00054,R0228,3.34,32.09,80.26,2023-01-13,0,0,4,1,Zone_7,11070,0.64,45.2,Industrial,0.0,False,False,True,False,False,False,False,False,False,False,False,True,False,False,4.397653890559581,1.4678743481123135,5.664803615307419,0,Kavya Ghosh,21,0,Pune,2020-05-18,10,0,4.84,Low,3.844,67.522,2276,0.0
T00055,R0266,1.89,14.21,45.33,2024-01-23,0,0,1,1,Zone_9,11037,1.83,56.1,Mixed,1.0,False,True,False,False,False,False,False,False,False,False,False,False,False,True,3.835789699428557,1.0612565021243408,3.769615364994153,0,Diya Reddy,29,2,Chennai,2020-09-25,98,13,3.9,Low,0.7445918367346939,12.729081632653061,2146,0.1326530612244898
T00056,R0158,6.03,42.1,137.35,2023-08-05,0,0,5,8,Zone_3,12971,2.11,38.0,Business,2.0,True,False,False,False,False,False,False,True,False,False,False,False,False,False,4.929786706232935,1.9501867058225735,6.488451279003334,0,Aarav Iyer,27,1,Ahmedabad,2020-07-26,441,60,3.57,High,0.057732426303854875,0.8727210884353742,2207,0.1360544217687075
T00057,R0154,3.21,21.26,61.28,2023-01-05,0,0,3,1,Zone_5,2590,1.31,43.9,Business,0.0,False,False,False,True,False,False,False,False,False,True,False,False,False,False,4.131640346965797,1.43746264769429,4.610856753359402,0,Kavya Patel,18,2,Kolkata,2019-03-25,466,79,4.68,High,0.2974678111587983,4.419570815450644,2696,0.16952789699570817
T00058,R0020,18.28,161.83,161.65,2024-01-26,0,0,4,1,Zone_10,2440,1.54,35.4,Industrial,1.0,True,False,False,False,False,True,False,False,False,False,False,False,False,False,5.091600652919361,2.9590682891823996,12.721242077721813,0,Diya Das,35,0,Chennai,2019-09-17,274,21,4.03,Medium,0.19653284671532847,2.722846715328467,2520,0.07664233576642336
T00059,R0043,1.44,8.19,13.38,2023-12-21,0,0,3,12,Zone_10,2440,1.54,35.4,Industrial,1.0,False,False,True,False,False,True,False,False,False,False,False,False,False,False,2.6658383522929006,0.8919980393051105,2.8618176042508368,0,Diya Kumar,28,1,Ahmedabad,2021-12-10,85,16,4.68,Low,0.7901176470588235,10.147058823529411,1705,0.18823529411764706
T00060,R0146,2.36,17.35,27.83,2024-03-25,0,0,0,3,Zone_4,4038,2.46,48.2,Business,2.0,False,False,True,False,False,False,False,False,True,False,False,False,False,False,3.3614165116503107,1.2119409739751128,4.165333119931706,0,Kavya Gupta,30,1,Surat,2020-04-15,80,11,3.89,Low,0.843,11.730875000000001,2309,0.1375
T00061,R0235,5.99,44.78,54.34,2024-02-15,0,0,3,2,Zone_8,4516,1.93,31.0,Business,1.0,False,True,False,False,False,False,False,False,False,False,False,False,True,False,4.01349597435878,1.944480556245719,6.691786009728643,0,Aarav Ghosh,34,2,Delhi,2021-02-15,284,8,4.06,Medium,0.1959507042253521,2.9790845070422534,2003,0.028169014084507043
T00062,R0292,11.37,99.93,252.52,2023-04-04,0,0,1,4,Zone_3,12971,2.11,38.0,Business,2.0,False,False,True,False,False,False,False,True,False,False,False,False,False,False,5.535442715382666,2.5152741864043966,9.996499387285532,0,Diya Patel,37,0,Jaipur,2020-06-28,141,19,4.39,Low,0.5628368794326241,8.070141843971632,2235,0.1347517730496454
T00063,R0143,5.93,33.28,124.07,2023-07-09,0,0,6,7,Zone_7,11070,0.64,45.2,Industrial,0.0,False,False,False,True,False,False,False,False,False,False,False,True,False,False,4.828873580560815,1.9358598132018119,5.768882040742383,0,Meera Kumar,42,2,Kolkata,2023-03-28,74,13,4.56,Low,0.6636486486486486,11.666486486486486,1232,0.17567567567567569
T00064,R0243,11.38,101.38,252.89,2023-02-10,0,0,4,2,Zone_7,11070,0.64,45.2,Industrial,0.0,True,False,False,False,False,False,False,False,False,False,False,True,False,False,5.536901102350124,2.5160822672564502,10.0687635785135,0,Ishaan Patel,33,1,Jaipur,2023-02-06,315,11,3.7,Medium,0.1755873015873016,3.011206349206349,1282,0.03492063492063492
T00065,R0215,3.07,22.86,73.11,2024-04-15,0,0,0,4,Zone_7,11070,0.64,45.2,Industrial,0.0,False,False,True,False,False,False,False,False,False,False,False,True,False,False,4.305550475963267,1.4036429994545037,4.7812132351527685,0,Saanvi Gupta,26,0,Hyderabad,2020-02-28,438,48,3.24,High,0.04143835616438356,0.8495433789954339,2356,0.1095890410958904
T00066,R0207,8.3,62.92,184.22,2023-01-26,0,0,3,1,Zone_3,12971,2.11,38.0,Business,2.0,False,True,False,False,False,False,False,True,False,False,False,False,False,False,5.221544307742123,2.2300144001592104,7.932212806020776,0,Ishaan Iyer,31,1,Mumbai,2023-12-06,47,3,3.93,Low,1.3504255319148937,26.20127659574468,979,0.06382978723404255
T00067,R0032,16.72,100.34,379.63,2024-05-03,0,0,4,5,Zone_6,14627,0.54,37.6,Mixed,0.0,False,False,False,True,False,False,False,False,False,False,True,False,False,False,5.94182777466688,2.8746939451769347,10.016985574512923,0,Kavya Reddy,18,0,Mumbai,2023-09-20,213,24,4.0,Medium,0.3107511737089202,6.473192488262911,1056,0.11267605633802817
T00068,R0211,3.16,20.03,65.53,2023-01-05,0,0,3,1,Zone_6,14627,0.54,37.6,Mixed,0.0,False,False,True,False,False,False,False,False,False,False,True,False,False,False,4.197652973753796,1.425515074273172,4.47548880012005,0,Arjun Reddy,36,0,Mumbai,2021-04-04,435,17,3.63,High,0.10593103448275862,1.4847816091954023,1955,0.03908045977011494
T00069,R0077,10.1,58.97,178.77,2023-02-03,0,0,4,2,Zone_10,2440,1.54,35.4,Industrial,1.0,True,False,False,False,False,True,False,False,False,False,False,False,False,False,5.191678256058324,2.4069451083182885,7.679192665899196,0,Reyansh Das,28,1,Mumbai,2019-09-07,406,72,3.79,High,0.3617241379310345,5.7729556650246305,2530,0.17733990147783252
T00070,R0156,9.03,63.18,120.06,2023-08-31,0,0,3,8,Zone_9,11037,1.83,56.1,Mixed,1.0,True,False,False,False,False,False,False,False,False,False,False,False,False,True,4.7962862904635415,2.305580601973844,7.948584779695062,0,Ishaan Iyer,33,0,Jaipur,2022-07-07,255,18,4.28,Medium,0.09482352941176471,1.8989411764705884,1496,0.07058823529411765
T00071,R0232,3.26,29.24,56.16,2024-03-01,0,0,4,3,Zone_2,6371,0.91,58.4,Residential,0.0,False,False,False,True,False,False,True,False,False,False,False,False,False,False,4.045854353061666,1.449269160281279,5.407402333838309,0,Meera Das,38,1,Jaipur,2022-12-08,172,15,3.94,Medium,0.541860465116279,8.667674418604651,1342,0.0872093023255814
T00072,R0263,5.06,48.17,44.44,2023-07-21,0,0,4,7,Zone_9,11037,1.83,56.1,Mixed,1.0,False,False,True,False,False,False,False,False,False,False,False,False,False,True,3.816392774412896,1.801709800081223,6.940461079784253,0,Ishaan Das,31,2,Chennai,2020-12-30,297,21,3.84,Medium,0.3522558922558922,5.2110101010101015,2050,0.0707070707070707
T00073,R0025,13.66,115.24,116.48,2024-02-23,0,0,4,2,Zone_9,11037,1.83,56.1,Mixed,1.0,True,False,False,False,False,False,False,False,False,False,False,False,False,True,4.766268106330419,2.6851226964585053,10.734989520255713,0,Meera Das,21,0,Mumbai,2021-10-22,42,3,4.01,Low,1.125,17.129285714285714,1754,0.07142857142857142
T00074,R0048,8.68,58.17,87.92,2023-10-09,0,0,0,10,Zone_7,11070,0.64,45.2,Industrial,0.0,False,False,False,True,False,False,False,False,False,False,False,True,False,False,4.487737089095996,2.2700619012884857,7.626925986267338,0,Kavya Sharma,35,1,Hyderabad,2019-05-31,207,1,3.02,Medium,0.14072463768115942,2.4457971014492754,2629,0.004830917874396135
T00075,R0008,1.94,14.17,31.82,2023-01-04,0,0,2,1,Zone_5,2590,1.31,43.9,Business,0.0,True,False,False,False,False,False,False,False,False,True,False,False,False,False,3.4910380856619447,1.0784095813505903,3.7643060449437424,0,Ishaan Ghosh,28,0,Jaipur,2022-10-01,215,23,4.02,Medium,0.22441860465116278,4.1547441860465115,1410,0.10697674418604651
T00076,R0055,11.45,113.56,134.34,2023-11-11,0,0,5,11,Zone_1,4921,2.43,30.9,Residential,2.0,True,False,False,False,True,False,False,False,False,False,False,False,False,False,4.90779013080408,2.5217206229107165,10.656453443805777,0,Kavya Singh,32,1,Delhi,2021-11-07,425,12,4.19,High,0.16870588235294118,2.610729411764706,1738,0.02823529411764706
T00077,R0115,5.6,54.45,54.1,2023-11-26,0,0,6,11,Zone_4,4038,2.46,48.2,Business,2.0,False,False,False,True,False,False,False,False,True,False,False,False,False,False,4.009149716158869,1.8870696490323797,7.379024325749306,0,Aarav Ghosh,40,0,Bengaluru,2020-03-01,170,15,4.4,Medium,0.49105882352941177,8.388058823529413,2354,0.08823529411764706
T00078,R0220,9.8,70.64,194.44,2024-06-02,0,0,6,6,Zone_4,4038,2.46,48.2,Business,2.0,False,True,False,False,False,False,False,False,True,False,False,False,False,False,5.275253426949485,2.379546134130174,8.404760555780278,0,Meera Ghosh,32,0,Kolkata,2023-04-18,491,63,3.78,High,0.11364562118126273,2.2715478615071283,1211,0.12830957230142567
T00079,R0080,9.88,54.31,143.26,2023-03-23,0,0,3,3,Zone_10,2440,1.54,35.4,Industrial,1.0,False,True,False,False,False,True,False,False,False,False,False,False,False,False,4.971617227075527,2.3869262414277967,7.369531871157082,0,Reyansh Kumar,19,0,Mumbai,2021-05-15,34,6,4.6,Low,1.6208823529411764,24.814117647058826,1914,0.17647058823529413
T00080,R0020,2.41,13.57,55.01,2023-08-16,0,0,2,8,Zone_2,6371,0.91,58.4,Residential,0.0,False,True,False,False,False,False,True,False,False,False,False,False,False,False,4.025530246221741,1.2267122912954254,3.6837480912787726,0,Diya Das,35,0,Chennai,2019-09-17,274,21,4.03,Medium,0.19653284671532847,2.722846715328467,2520,0.07664233576642336
T00081,R0278,11.95,92.3,279.75,2023-01-06,0,0,4,1,Zone_5,2590,1.31,43.9,Business,0.0,False,False,True,False,False,False,False,False,False,True,False,False,False,False,5.637464593618552,2.5610957881455465,9.60728889958036,0,Aarav Reddy,20,0,Mumbai,2021-09-02,382,58,4.27,High,0.25536649214659685,5.527120418848168,1804,0.1518324607329843
T00082,R0264,2.96,24.84,67.86,2023-08-03,0,0,3,8,Zone_9,11037,1.83,56.1,Mixed,1.0,False,True,False,False,False,False,False,False,False,False,False,False,False,True,4.232075457910378,1.3762440252663892,4.983974317750845,0,Aadhya Das,27,2,Delhi,2019-02-06,401,54,3.59,High,0.031022443890274313,0.47408977556109727,2743,0.13466334164588528
T00083,R0213,1.47,10.77,19.52,2023-01-22,0,0,6,1,Zone_1,4921,2.43,30.9,Residential,2.0,True,False,False,False,True,False,False,False,False,False,False,False,False,False,3.021400020302569,0.9042181506398859,3.281767816284388,0,Kavya Ghosh,29,0,Chennai,2019-06-04,456,26,3.74,High,0.13396929824561402,2.3342105263157893,2625,0.05701754385964912
T00084,R0129,3.59,30.5,29.92,2023-10-16,0,0,0,10,Zone_7,11070,0.64,45.2,Industrial,0.0,True,False,False,False,False,False,False,False,False,False,False,True,False,False,3.4314032237192214,1.5238800240724537,5.522680508593631,0,Vivaan Singh,35,1,Hyderabad,2022-10-08,158,10,3.9,Low,0.5688607594936709,9.54620253164557,1403,0.06329113924050633
T00085,R0042,6.27,52.47,156.34,2023-01-22,1,0,6,1,Zone_3,12971,2.11,38.0,Business,2.0,True,False,False,False,False,False,False,True,False,False,False,False,False,False,5.0584090689010965,1.9837562915454279,7.243617880589782,0,Arjun Reddy,18,0,Chennai,2021-05-20,23,4,3.03,Low,2.0069565217391303,32.10782608695652,1909,0.17391304347826086
T00086,R0254,8.55,54.29,70.74,2023-01-20,0,0,4,1,Zone_2,6371,0.91,58.4,Residential,0.0,False,False,False,True,False,False,True,False,False,False,False,False,False,False,4.273048472104136,2.256541154492639,7.368174807915458,0,Meera Kumar,18,1,Delhi,2020-03-09,363,70,3.68,High,0.2269146005509642,3.346005509641873,2346,0.1928374655647383
T00087,R0227,4.14,37.02,34.19,2023-04-03,0,0,0,4,Zone_7,11070,0.64,45.2,Industrial,0.0,False,True,False,False,False,False,False,False,False,False,False,True,False,False,3.5607619513334936,1.6370530794670737,6.084406298070503,0,Arjun Nair,25,2,Pune,2020-07-11,320,23,4.12,Medium,0.0885,1.58815625,2222,0.071875
T00088,R0145,11.72,88.45,158.4,2023-11-29,0,0,2,11,Zone_3,12971,2.11,38.0,Business,2.0,False,True,False,False,False,False,False,True,False,False,False,False,False,False,5.071416766356115,2.543175557911976,9.404786015641186,0,Saanvi Nair,36,0,Jaipur,2022-12-09,222,43,4.3,Medium,0.20873873873873874,2.948918918918919,1341,0.19369369369369369
T00089,R0154,9.26,64.5,184.33,2023-02-15,0,0,2,2,Zone_3,12971,2.11,38.0,Business,2.0,False,True,False,False,False,False,False,True,False,False,False,False,False,False,5.222138019809219,2.3282528397426234,8.031189202104505,0,Kavya Patel,18,2,Kolkata,2019-03-25,466,79,4.68,High,0.2974678111587983,4.419570815450644,2696,0.16952789699570817
T00090,R0009,4.53,39.15,79.95,2024-07-12,0,0,4,7,Zone_7,11070,0.64,45.2,Industrial,0.0,True,False,False,False,False,False,False,False,False,False,False,True,False,False,4.393831680123644,1.7101878155342434,6.256996084384263,0,Diya Patel,42,0,Ahmedabad,2019-12-15,172,21,4.11,Medium,0.37720930232558136,5.327848837209302,2431,0.12209302325581395
T00091,R0205,12.44,87.74,134.42,2023-02-27,0,0,0,2,Zone_1,4921,2.43,30.9,Residential,2.0,False,False,False,True,True,False,False,False,False,False,False,False,False,False,4.908381060057499,2.5982353350950036,9.366963221877194,0,Diya Singh,31,2,Surat,2019-05-12,100,14,4.66,Low,0.25549999999999995,2.659,2648,0.14
T00092,R0059,13.81,120.47,115.41,2024-01-22,0,0,0,1,Zone_4,4038,2.46,48.2,Business,2.0,True,False,False,False,False,False,False,False,True,False,False,False,False,False,4.75711844226015,2.6953026282797072,10.975882652433926,0,Aarav Sharma,43,1,Delhi,2021-08-02,357,11,3.27,High,0.09803921568627451,1.4979831932773109,1835,0.03081232492997199
T00093,R0119,7.51,47.47,142.75,2024-04-21,0,0,6,4,Zone_4,4038,2.46,48.2,Business,2.0,False,False,True,False,False,False,False,False,True,False,False,False,False,False,4.96807567967746,2.1412419425852827,6.8898476035395735,0,Saanvi Iyer,47,1,Hyderabad,2023-05-05,30,1,4.39,Low,0.9743333333333334,13.516666666666667,1194,0.03333333333333333
T00094,R0271,6.93,58.93,105.07,2024-04-18,0,0,3,4,Zone_7,11070,0.64,45.2,Industrial,0.0,False,False,False,True,False,False,False,False,False,False,False,True,False,False,4.664099253517379,2.0706530356467567,7.676587783644502,0,Saanvi Iyer,22,1,Bengaluru,2022-10-07,58,6,4.37,Low,1.1210344827586207,16.013448275862068,1404,0.10344827586206896
T00095,R0004,0.87,6.04,16.87,2024-04-09,0,0,1,4,Zone_3,12971,2.11,38.0,Business,2.0,False,False,True,False,False,False,False,True,False,False,False,False,False,False,2.8831233291713367,0.6259384308664953,2.4576411454889016,0,Aarav Nair,19,2,Kolkata,2019-07-28,464,5,3.19,High,0.08019396551724138,1.4720474137931034,2571,0.010775862068965518
T00096,R0298,5.96,50.55,107.7,2023-02-16,0,0,3,2,Zone_5,2590,1.31,43.9,Business,0.0,True,False,False,False,False,False,False,False,False,True,False,False,False,False,4.688591794127164,1.9401794743463283,7.109852319141376,0,Vivaan Singh,35,0,Ahmedabad,2020-03-25,65,11,3.88,Low,0.9721538461538463,15.421692307692307,2330,0.16923076923076924
T00097,R0061,6.54,53.61,149.53,2023-12-24,0,0,6,12,Zone_4,4038,2.46,48.2,Business,2.0,False,False,True,False,False,False,False,False,True,False,False,False,False,False,5.014162399872412,2.020222182019865,7.321885003194191,0,Meera Reddy,25,1,Mumbai,2020-08-20,168,25,3.69,Medium,0.20517857142857143,3.5520238095238095,2182,0.1488095238095238
T00098,R0127,9.23,58.17,197.25,2023-09-07,0,0,3,9,Zone_8,4516,1.93,31.0,Business,1.0,False,False,False,True,False,False,False,False,False,False,False,False,True,False,5.289528860514958,2.325324579963535,7.626925986267338,0,Vivaan Kumar,38,1,Chennai,2020-03-17,43,2,4.83,Low,1.6467441860465117,32.56906976744186,2338,0.046511627906976744
T00099,R0290,7.16,64.31,116.82,2023-07-01,0,0,5,7,Zone_2,6371,0.91,58.4,Residential,0.0,False,True,False,False,False,False,True,False,False,False,False,False,False,False,4.7691580360935415,2.0992441689760155,8.019351594736323,0,Saanvi Kumar,34,2,Chennai,2020-05-06,169,4,4.28,Medium,0.40366863905325445,6.376745562130178,2288,0.023668639053254437
T00100,R0127,9.22,64.89,200.69,2023-04-02,0,0,6,4,Zone_4,4038,2.46,48.2,Business,2.0,False,False,False,True,False,False,False,False,True,False,False,False,False,False,5.306731865149055,2.3243465847755584,8.055432949258531,0,Vivaan Kumar,38,1,Chennai,2020-03-17,43,2,4.83,Low,1.6467441860465117,32.56906976744186,2338,0.046511627906976744
T00101,R0296,15.67,121.5,379.63,2024-01-11,1,0,3,1,Zone_7,11070,0.64,45.2,Industrial,0.0,True,False,False,False,False,False,False,False,False,False,False,True,False,False,5.94182777466688,2.813610696762703,11.022703842524301,0,Reyansh Patel,37,2,Hyderabad,2021-02-20,390,58,3.97,High,0.20374358974358978,3.349897435897436,1998,0.14871794871794872
T00102,R0088,5.35,53.28,125.86,2023-05-10,0,0,2,5,Zone_5,2590,1.31,43.9,Business,0.0,False,True,False,False,False,False,False,False,False,True,False,False,False,False,4.843084116205751,1.8484548129046001,7.299315036357863,0,Diya Iyer,22,2,Jaipur,2019-07-07,438,0,4.78,High,0.1421232876712329,2.0405479452054793,2592,0.0
T00103,R0247,5.55,40.75,125.3,2024-04-15,0,0,0,4,Zone_5,2590,1.31,43.9,Business,0.0,False,False,True,False,False,False,False,False,False,True,False,False,False,False,4.838660029356445,1.8794650496471605,6.383572667401852,0,Aadhya Das,37,1,Bengaluru,2021-05-11,249,47,4.92,Medium,0.5360642570281124,9.507791164658634,1918,0.18875502008032127
T00104,R0021,1.45,8.94,13.26,2023-06-28,0,0,2,6,Zone_1,4921,2.43,30.9,Residential,2.0,False,False,True,False,True,False,False,False,False,False,False,False,False,False,2.65745841498615,0.8960880245566356,2.9899832775452104,0,Diya Ghosh,37,0,Pune,2019-05-08,380,17,3.91,High,0.09136842105263157,1.7853684210526317,2652,0.04473684210526316
T00105,R0210,7.96,45.79,63.84,2024-06-22,0,0,5,6,Zone_5,2590,1.31,43.9,Business,0.0,False,False,True,False,False,False,False,False,False,True,False,False,False,False,4.171922696867475,2.192770226986839,6.766830868286867,0,Meera Iyer,34,2,Mumbai,2022-01-02,94,5,3.4,Low,0.43127659574468086,5.512659574468086,1682,0.05319148936170213
T00106,R0073,12.88,86.01,193.62,2023-10-13,0,0,4,10,Zone_1,4921,2.43,30.9,Residential,2.0,False,False,False,True,True,False,False,False,False,False,False,False,False,False,5.271048939393843,2.6304489550786583,9.274157643689264,0,Meera Das,41,2,Ahmedabad,2021-06-19,490,30,3.01,High,0.16042857142857142,2.6034693877551023,1879,0.061224489795918366
T00107,R0051,0.76,6.83,9.71,2023-05-22,0,0,0,5,Zone_3,12971,2.11,38.0,Business,2.0,False,True,False,False,False,False,False,True,False,False,False,False,False,False,2.3711778844596574,0.5653138090500605,2.613426869074396,0,Aarav Nair,21,1,Kolkata,2020-04-05,213,14,4.02,Medium,0.2778403755868545,5.169107981220657,2319,0.06572769953051644
T00108,R0185,4.67,31.35,52.05,2024-02-03,0,0,5,2,Zone_5,2590,1.31,43.9,Business,0.0,True,False,False,False,False,False,False,False,False,True,False,False,False,False,3.971234865059992,1.7351891177396608,5.599107071667768,0,Vivaan Sharma,27,1,Delhi,2021-08-27,201,12,4.05,Medium,0.21756218905472638,3.7018905472636816,1810,0.05970149253731343
T00109,R0162,8.18,49.59,93.5,2024-01-14,0,0,6,1,Zone_2,6371,0.91,58.4,Residential,0.0,False,True,False,False,False,False,True,False,False,False,False,False,False,False,4.548599834499697,2.217027204632399,7.042016756583302,0,Meera Patel,30,1,Hyderabad,2023-08-14,394,38,4.28,High,0.13484771573604062,2.3779187817258887,1093,0.09644670050761421
T00110,R0075,12.25,116.83,202.81,2023-06-30,0,0,4,6,Zone_4,4038,2.46,48.2,Business,2.0,False,True,False,False,False,False,False,False,True,False,False,False,False,False,5.317188187298288,2.583997552432231,10.808792717042916,0,Diya Reddy,18,0,Mumbai,2021-04-30,108,7,4.83,Low,0.43657407407407406,6.526018518518519,1929,0.06481481481481481
T00111,R0046,9.91,84.04,230.69,2023-03-31,0,0,4,3,Zone_8,4516,1.93,31.0,Business,1.0,False,False,False,True,False,False,False,False,False,False,False,False,True,False,5.445400271249282,2.3896797998449792,9.167333309092673,0,Vivaan Singh,31,0,Kolkata,2019-08-16,31,4,3.87,Low,2.581290322580645,41.82,2552,0.12903225806451613
T00112,R0148,9.63,81.74,205.35,2024-07-23,0,0,1,7,Zone_1,4921,2.43,30.9,Residential,2.0,True,False,False,False,True,False,False,False,False,False,False,False,False,False,5.329573756198591,2.363680192353857,9.041017641836564,0,Aarav Kumar,44,1,Ahmedabad,2019-09-30,412,34,3.36,High,0.056286407766990294,0.9918203883495146,2507,0.0825242718446602
T00113,R0100,6.88,66.15,85.07,2024-04-29,0,0,0,4,Zone_5,2590,1.31,43.9,Business,0.0,False,True,False,False,False,False,False,False,False,True,False,False,False,False,4.455160918661383,2.064327903869788,8.133265027035575,0,Ishaan Gupta,28,1,Delhi,2021-05-24,383,60,3.79,High,0.26488250652741513,4.327650130548303,1905,0.1566579634464752
T00114,R0038,10.41,99.21,165.03,2023-12-29,0,0,4,12,Zone_3,12971,2.11,38.0,Business,2.0,False,False,False,True,False,False,False,True,False,False,False,False,False,False,5.112168494919695,2.4344901638739844,9.960421677820673,0,Aarav Singh,37,2,Kolkata,2023-02-11,68,7,4.07,Low,0.43720588235294117,6.673970588235294,1277,0.10294117647058823
T00115,R0165,13.07,83.36,253.42,2024-07-07,0,0,6,7,Zone_7,11070,0.64,45.2,Industrial,0.0,False,True,False,False,False,False,False,False,False,False,False,True,False,False,5.538986444728065,2.644044871126298,9.130169768410662,0,Meera Reddy,37,0,Kolkata,2021-12-09,34,5,3.27,Low,1.3738235294117647,22.932352941176468,1706,0.14705882352941177
T00116,R0215,0.54,3.96,5.27,2023-12-09,0,0,5,12,Zone_2,6371,0.91,58.4,Residential,0.0,False,False,True,False,False,False,True,False,False,False,False,False,False,False,1.8357763546448294,0.43178241642553783,1.98997487421324,0,Saanvi Gupta,26,0,Hyderabad,2020-02-28,438,48,3.24,High,0.04143835616438356,0.8495433789954339,2356,0.1095890410958904
T00117,R0093,11.64,60.74,173.51,2024-08-16,0,0,4,8,Zone_5,2590,1.31,43.9,Business,0.0,False,True,False,False,False,False,False,False,False,True,False,False,False,False,5.16198204659078,2.5368663887187113,7.793587107359486,0,Diya Patel,33,2,Surat,2019-05-30,119,18,3.77,Low,0.6012605042016808,9.999075630252099,2630,0.15126050420168066
T00118,R0266,7.51,43.35,88.93,2023-05-02,0,0,1,5,Zone_2,6371,0.91,58.4,Residential,0.0,True,False,False,False,False,False,True,False,False,False,False,False,False,False,4.499031589926425,2.1412419425852827,6.5840716885526085,0,Diya Reddy,29,2,Chennai,2020-09-25,98,13,3.9,Low,0.7445918367346939,12.729081632653061,2146,0.1326530612244898
T00119,R0108,5.35,31.23,133.14,2023-06-30,1,0,4,6,Zone_7,11070,0.64,45.2,Industrial,0.0,False,False,False,True,False,False,False,False,False,False,False,True,False,False,4.898884030671591,1.8484548129046001,5.588380803059147,0,Reyansh Gupta,18,1,Pune,2019-05-31,184,32,4.88,Medium,0.23695652173913045,4.754836956521739,2629,0.17391304347826086
T00120,R0175,4.22,29.16,40.82,2024-03-04,0,0,0,3,Zone_2,6371,0.91,58.4,Residential,0.0,True,False,False,False,False,False,True,False,False,False,False,False,False,False,3.7333746940004877,1.6524974018945473,5.4,0,Diya Patel,35,1,Chennai,2022-08-18,98,8,3.48,Low,0.7169387755102041,12.928877551020408,1454,0.08163265306122448
T00121,R0236,1.1,6.91,17.89,2023-12-29,0,0,4,12,Zone_5,2590,1.31,43.9,Business,0.0,False,False,False,True,False,False,False,False,False,True,False,False,False,False,2.9386326815134183,0.7419373447293773,2.6286878856189833,0,Arjun Gupta,28,1,Ahmedabad,2020-08-10,61,1,3.36,Low,0.8198360655737704,12.599016393442623,2192,0.01639344262295082
T00122,R0278,16.49,126.69,379.63,2023-11-14,0,0,1,11,Zone_1,4921,2.43,30.9,Residential,2.0,True,False,False,False,True,False,False,False,False,False,False,False,False,False,5.94182777466688,2.8616292890305104,11.255665240224586,0,Aarav Reddy,20,0,Mumbai,2021-09-02,382,58,4.27,High,0.25536649214659685,5.527120418848168,1804,0.1518324607329843
T00123,R0009,4.56,34.92,49.82,2023-10-27,0,0,4,10,Zone_10,2440,1.54,35.4,Industrial,1.0,False,True,False,False,False,True,False,False,False,False,False,False,False,False,3.928289977892018,1.715598108262491,5.909314681077663,0,Diya Patel,42,0,Ahmedabad,2019-12-15,172,21,4.11,Medium,0.37720930232558136,5.327848837209302,2431,0.12209302325581395
T00124,R0297,2.58,13.39,49.39,2024-05-25,0,0,5,5,Zone_8,4516,1.93,31.0,Business,1.0,False,False,True,False,False,False,False,False,False,False,False,False,True,False,3.9197927426925068,1.275362800412609,3.6592348927063973,0,Saanvi Gupta,47,1,Pune,2023-09-20,396,46,3.87,High,0.059898989898989896,1.0166161616161615,1056,0.11616161616161616
T00125,R0002,5.72,41.44,129.43,2024-03-30,0,0,5,3,Zone_9,11037,1.83,56.1,Mixed,1.0,False,True,False,False,False,False,False,False,False,False,False,False,False,True,4.8708366843821915,1.9050881545350582,6.437390775772433,0,Ishaan Nair,39,0,Mumbai,2019-11-23,70,5,4.12,Low,1.0812857142857142,16.794428571428572,2453,0.07142857142857142
T00126,R0287,4.27,31.04,69.77,2023-07-13,0,0,3,7,Zone_1,4921,2.43,30.9,Residential,2.0,True,False,False,False,True,False,False,False,False,False,False,False,False,False,4.259435182087693,1.6620303625532709,5.571355310873647,0,Saanvi Singh,18,2,Delhi,2021-12-17,320,34,3.33,Medium,0.12587500000000001,2.3166874999999996,1698,0.10625
T00127,R0098,8.62,43.67,118.52,2024-04-15,0,0,0,4,Zone_8,4516,1.93,31.0,Business,1.0,False,False,True,False,False,False,False,False,False,False,False,False,True,False,4.783483721384507,2.263844264677615,6.608328079022711,0,Diya Singh,21,2,Bengaluru,2023-04-29,286,56,3.5,Medium,0.24779720279720283,3.7473776223776225,1200,0.1958041958041958
T00128,R0113,15.58,134.76,327.97,2024-08-23,0,0,4,8,Zone_10,2440,1.54,35.4,Industrial,1.0,False,False,False,True,False,True,False,False,False,False,False,False,False,False,5.795966561197395,2.8081971497071487,11.60861748874516,0,Aadhya Singh,26,2,Chennai,2019-03-09,423,26,4.61,High,0.1300709219858156,2.591702127659574,2712,0.061465721040189124
T00129,R0047,5.07,29.05,108.85,2023-03-14,0,0,1,3,Zone_4,4038,2.46,48.2,Business,2.0,False,False,False,True,False,False,False,False,True,False,False,False,False,False,4.699115798830619,1.803358605071407,5.389805191284746,0,Reyansh Iyer,51,0,Bengaluru,2021-10-07,69,3,4.86,Low,0.9018840579710146,16.592318840579708,1769,0.043478260869565216
T00130,R0297,8.77,55.57,193.03,2024-01-21,0,0,6,1,Zone_6,14627,0.54,37.6,Mixed,0.0,False,False,True,False,False,False,False,False,False,False,True,False,False,False,5.268012786283181,2.2793164660546914,7.454528824815154,0,Saanvi Gupta,47,1,Pune,2023-09-20,396,46,3.87,High,0.059898989898989896,1.0166161616161615,1056,0.11616161616161616
T00131,R0246,2.26,19.77,54.11,2024-04-15,0,0,0,4,Zone_1,4921,2.43,30.9,Residential,2.0,False,False,False,True,True,False,False,False,False,False,False,False,False,False,4.009331187895144,1.1817271953786161,4.446346815083142,0,Vivaan Das,29,2,Mumbai,2021-03-31,240,34,4.79,Medium,0.34891666666666665,6.460624999999999,1959,0.14166666666666666
T00132,R0220,15.6,79.16,238.5,2023-01-24,0,0,1,1,Zone_1,4921,2.43,30.9,Residential,2.0,False,True,False,False,True,False,False,False,False,False,False,False,False,False,5.4785534168509695,2.8094026953624978,8.89719056781409,0,Meera Ghosh,32,0,Kolkata,2023-04-18,491,63,3.78,High,0.11364562118126273,2.2715478615071283,1211,0.12830957230142567
T00133,R0060,8.95,80.7,77.22,2023-07-28,0,0,4,7,Zone_4,4038,2.46,48.2,Business,2.0,True,False,False,False,False,False,False,False,True,False,False,False,False,False,4.359525369327368,2.2975725511705014,8.983317872590282,0,Aarav Nair,40,0,Hyderabad,2023-08-01,123,7,4.57,Low,0.38422764227642275,5.954308943089431,1106,0.056910569105691054
T00134,R0039,2.59,13.62,50.28,2023-07-30,0,0,6,7,Zone_9,11037,1.83,56.1,Mixed,1.0,False,False,True,False,False,False,False,False,False,False,False,False,False,True,3.9373008126124147,1.2781522025001875,3.690528417449187,0,Aadhya Iyer,24,1,Chennai,2023-11-18,190,14,4.2,Medium,0.17821052631578946,2.674,997,0.07368421052631578
T00135,R0233,12.52,86.28,309.0,2024-01-13,1,0,5,1,Zone_9,11037,1.83,56.1,Mixed,1.0,False,True,False,False,False,False,False,False,False,False,False,False,False,True,5.736572297479192,2.604170070614818,9.288702815786497,0,Ishaan Iyer,30,2,Hyderabad,2023-11-23,469,41,4.37,High,0.1903411513859275,3.3757569296375265,992,0.08742004264392324
T00136,R0009,14.0,100.64,155.38,2023-03-17,0,0,4,3,Zone_3,12971,2.11,38.0,Business,2.0,False,True,False,False,False,False,False,True,False,False,False,False,False,False,5.052288942696368,2.70805020110221,10.031948963187562,0,Diya Patel,42,0,Ahmedabad,2019-12-15,172,21,4.11,Medium,0.37720930232558136,5.327848837209302,2431,0.12209302325581395
T00137,R0003,8.81,55.8,71.01,2023-01-25,0,0,2,1,Zone_10,2440,1.54,35.4,Industrial,1.0,False,False,True,False,False,True,False,False,False,False,False,False,False,False,4.276804998260776,2.2834022735772717,7.469939758793239,0,Kavya Reddy,34,1,Pune,2023-05-04,45,9,3.76,Low,1.5040000000000002,21.593555555555557,1195,0.2
T00138,R0132,0.2,1.98,3.5,2023-12-18,0,0,0,12,Zone_1,4921,2.43,30.9,Residential,2.0,False,False,False,True,True,False,False,False,False,False,False,False,False,False,1.5040773967762742,0.18232155679395465,1.407124727947029,0,Aadhya Iyer,23,1,Surat,2022-12-09,484,25,3.32,High,0.1433884297520661,2.2561776859504135,1341,0.05165289256198347
T00139,R0053,16.93,85.55,323.75,2023-03-09,0,0,3,3,Zone_7,11070,0.64,45.2,Industrial,0.0,False,False,True,False,False,False,False,False,False,False,False,True,False,False,5.783055655550709,2.8864752876170416,9.249324299644812,0,Arjun Reddy,45,0,Delhi,2019-09-16,63,7,4.85,Low,0.6984126984126984,11.318095238095237,2521,0.1111111111111111
T00140,R0101,9.55,63.77,164.23,2024-07-18,0,0,3,7,Zone_2,6371,0.91,58.4,Residential,0.0,False,True,False,False,False,False,True,False,False,False,False,False,False,False,5.1073384426629,2.3561258599220753,7.985612061701971,0,Aarav Singh,37,0,Delhi,2020-11-01,228,29,3.03,Medium,0.19864035087719298,2.9445614035087715,2109,0.12719298245614036
T00141,R0112,13.85,137.6,135.59,2023-08-24,0,0,3,8,Zone_4,4038,2.46,48.2,Business,2.0,True,False,False,False,False,False,False,False,True,False,False,False,False,False,4.9169837380148005,2.6979998652487085,11.730302638892145,0,Meera Nair,41,0,Delhi,2020-11-13,311,11,3.24,Medium,0.28787781350482317,3.6986173633440513,2097,0.03536977491961415
T00142,R0277,5.25,37.61,93.01,2023-02-11,0,0,5,2,Zone_8,4516,1.93,31.0,Business,1.0,True,False,False,False,False,False,False,False,False,False,False,False,True,False,4.543401159590459,1.8325814637483102,6.132699242584786,0,Kavya Gupta,42,0,Jaipur,2021-01-22,433,16,3.06,High,0.20076212471131638,3.2397228637413393,2027,0.03695150115473441
T00143,R0278,6.01,35.02,140.33,2024-01-21,0,0,6,1,Zone_1,4921,2.43,30.9,Residential,2.0,True,False,False,False,True,False,False,False,False,False,False,False,False,False,4.9510975813800595,1.9473377010464987,5.917769850205397,0,Aarav Reddy,20,0,Mumbai,2021-09-02,382,58,4.27,High,0.25536649214659685,5.527120418848168,1804,0.1518324607329843
T00144,R0227,8.55,47.24,140.57,2023-05-11,0,0,3,5,Zone_2,6371,0.91,58.4,Residential,0.0,False,True,False,False,False,False,True,False,False,False,False,False,False,False,4.952794294406406,2.256541154492639,6.8731361109758335,0,Arjun Nair,25,2,Pune,2020-07-11,320,23,4.12,Medium,0.0885,1.58815625,2222,0.071875
T00145,R0182,13.57,111.94,176.46,2023-09-26,0,0,1,9,Zone_6,14627,0.54,37.6,Mixed,0.0,False,False,True,False,False,False,False,False,False,False,True,False,False,False,5.178745231407191,2.6789646202071133,10.580170130957253,0,Meera Patel,43,1,Jaipur,2020-09-30,8,0,4.4,Low,6.19125,104.47625,2141,0.0
T00146,R0288,8.71,64.91,143.0,2024-07-17,0,0,2,7,Zone_2,6371,0.91,58.4,Residential,0.0,False,False,False,True,False,False,True,False,False,False,False,False,False,False,4.969813299576001,2.2731562823032334,8.056674251823763,0,Diya Ghosh,42,1,Ahmedabad,2021-08-30,43,5,4.56,Low,1.2111627906976743,18.50232558139535,1807,0.11627906976744186
T00147,R0043,1.72,11.0,28.33,2023-08-04,0,0,4,8,Zone_6,14627,0.54,37.6,Mixed,0.0,False,False,False,True,False,False,False,False,False,False,True,False,False,False,3.3786108829893595,1.000631880307906,3.3166247903554,0,Diya Kumar,28,1,Ahmedabad,2021-12-10,85,16,4.68,Low,0.7901176470588235,10.147058823529411,1705,0.18823529411764706
T00148,R0162,9.31,67.23,101.61,2023-06-10,0,0,5,6,Zone_3,12971,2.11,38.0,Business,2.0,False,True,False,False,False,False,False,True,False,False,False,False,False,False,4.630935393874117,2.333114298028869,8.19939022122987,0,Meera Patel,30,1,Hyderabad,2023-08-14,394,38,4.28,High,0.13484771573604062,2.3779187817258887,1093,0.09644670050761421
T00149,R0232,16.15,114.77,160.8,2023-09-24,0,0,6,9,Zone_4,4038,2.46,48.2,Business,2.0,False,True,False,False,False,False,False,False,True,False,False,False,False,False,5.086361004624392,2.8419981736119486,10.713076122197583,0,Meera Das,38,1,Jaipur,2022-12-08,172,15,3.94,Medium,0.541860465116279,8.667674418604651,1342,0.0872093023255814
T00150,R0240,8.33,48.26,75.22,2023-06-12,0,0,0,6,Zone_9,11037,1.83,56.1,Mixed,1.0,False,False,False,True,False,False,False,False,False,False,False,False,False,True,4.333623895445714,2.2332350148592526,6.9469417731833625,0,Aarav Iyer,30,1,Delhi,2020-05-18,174,2,4.07,Medium,0.5294252873563219,7.0199425287356325,2276,0.011494252873563218
T00151,R0260,8.65,81.15,195.04,2023-05-30,0,0,1,5,Zone_6,14627,0.54,37.6,Mixed,0.0,False,False,False,True,False,False,False,False,False,False,True,False,False,False,5.278318720041347,2.2669579153508947,9.008329478876759,0,Reyansh Das,55,2,Mumbai,2019-07-17,63,3,4.24,Low,0.5998412698412698,10.94063492063492,2582,0.047619047619047616
T00152,R0238,1.69,9.88,31.89,2023-01-25,0,0,2,1,Zone_7,11070,0.64,45.2,Industrial,0.0,False,False,True,False,False,False,False,False,False,False,False,True,False,False,3.4931686602009657,0.9895411936137477,3.1432467291003423,0,Reyansh Patel,30,2,Pune,2019-04-22,362,56,4.91,High,0.10698895027624308,1.6299171270718231,2668,0.15469613259668508
T00153,R0252,0.99,7.74,20.96,2023-02-06,0,0,0,2,Zone_10,2440,1.54,35.4,Industrial,1.0,False,False,True,False,False,True,False,False,False,False,False,False,False,False,3.08922261664133,0.688134638736401,2.7820855486487113,0,Reyansh Gupta,38,2,Ahmedabad,2020-09-23,392,47,4.83,High,0.25614795918367345,4.290943877551021,2148,0.11989795918367346
T00154,R0096,4.81,27.53,43.26,2023-05-01,0,0,0,5,Zone_8,4516,1.93,31.0,Business,1.0,False,False,True,False,False,False,False,False,False,False,False,False,True,False,3.7900813346229034,1.7595805708638197,5.246903848937962,0,Reyansh Das,40,0,Kolkata,2019-12-28,121,3,4.46,Low,0.2265289256198347,2.933471074380165,2418,0.024793388429752067
T00155,R0134,6.37,46.88,146.78,2024-01-08,0,0,0,1,Zone_3,12971,2.11,38.0,Business,2.0,True,False,False,False,False,False,False,True,False,False,False,False,False,False,4.995724681360501,1.9974177062012453,6.846897107449476,0,Aadhya Singh,34,1,Jaipur,2022-07-30,410,29,4.59,High,0.13614634146341464,2.644878048780488,1473,0.07073170731707316
T00156,R0272,8.52,83.6,139.92,2023-02-14,0,0,1,2,Zone_10,2440,1.54,35.4,Industrial,1.0,True,False,False,False,False,True,False,False,False,False,False,False,False,False,4.948192353473037,2.253394848803274,9.143303560529969,0,Kavya Ghosh,21,1,Kolkata,2020-01-15,432,4,4.79,High,0.09326388888888888,1.6012962962962962,2400,0.009259259259259259
T00157,R0191,8.83,65.91,137.29,2023-02-01,0,0,2,2,Zone_3,12971,2.11,38.0,Business,2.0,False,False,False,True,False,False,False,True,False,False,False,False,False,False,4.929352929476567,2.285438934159075,8.118497397917917,0,Meera Gupta,33,2,Surat,2020-08-14,87,6,4.56,Low,0.9559770114942528,15.24735632183908,2188,0.06896551724137931
T00158,R0193,16.01,120.0,245.9,2024-03-14,0,0,3,3,Zone_4,4038,2.46,48.2,Business,2.0,True,False,False,False,False,False,False,False,True,False,False,False,False,False,5.508983396351134,2.8338014064077703,10.954451150103322,0,Kavya Singh,33,0,Chennai,2022-01-03,389,68,4.41,High,0.14419023136246786,2.5851928020565555,1681,0.17480719794344474
T00159,R0156,8.29,54.53,194.79,2024-02-27,0,0,1,2,Zone_9,11037,1.83,56.1,Mixed,1.0,False,False,False,True,False,False,False,False,False,False,False,False,False,True,5.277042656269182,2.2289385528257473,7.384443106964803,0,Ishaan Iyer,33,0,Jaipur,2022-07-07,255,18,4.28,Medium,0.09482352941176471,1.8989411764705884,1496,0.07058823529411765
T00160,R0284,13.32,86.84,297.22,2023-07-04,0,0,1,7,Zone_6,14627,0.54,37.6,Mixed,0.0,False,False,False,True,False,False,False,False,False,False,True,False,False,False,5.697831469162762,2.6616571615324998,9.318798205777396,0,Vivaan Das,28,0,Surat,2019-07-31,135,19,4.95,Low,0.45118518518518513,7.306148148148148,2568,0.14074074074074075
T00161,R0052,7.8,77.99,101.69,2023-11-24,0,0,4,11,Zone_9,11037,1.83,56.1,Mixed,1.0,False,False,True,False,False,False,False,False,False,False,False,False,False,True,4.631714741210204,2.174751721484161,8.831194709664146,0,Reyansh Singh,23,2,Hyderabad,2021-03-09,40,7,4.74,Low,0.76475,12.866499999999998,1981,0.175
T00162,R0040,15.24,117.92,127.82,2023-11-05,0,0,6,11,Zone_8,4516,1.93,31.0,Business,1.0,False,True,False,False,False,False,False,False,False,False,False,False,True,False,4.858416081118745,2.787477334733532,10.859097568398582,0,Aarav Gupta,34,2,Surat,2023-05-05,485,36,4.41,High,0.1658762886597938,2.352061855670103,1194,0.07422680412371134
T00163,R0200,1.35,10.81,33.27,2023-12-31,1,0,6,12,Zone_2,6371,0.91,58.4,Residential,0.0,True,False,False,False,False,False,True,False,False,False,False,False,False,False,3.5342703358865175,0.8544153281560676,3.2878564445547194,0,Kavya Kumar,30,2,Bengaluru,2021-11-15,443,87,3.6,High,0.09022573363431151,1.1048532731376977,1730,0.1963882618510158
T00164,R0098,5.01,36.18,75.78,2023-01-26,0,0,3,1,Zone_9,11037,1.83,56.1,Mixed,1.0,False,False,False,True,False,False,False,False,False,False,False,False,False,True,4.340944189572651,1.7934247485471162,6.014981296729027,0,Diya Singh,21,2,Bengaluru,2023-04-29,286,56,3.5,Medium,0.24779720279720283,3.7473776223776225,1200,0.1958041958041958
T00165,R0055,12.92,113.26,307.72,2024-04-22,0,0,0,4,Zone_3,12971,2.11,38.0,Business,2.0,False,False,False,True,False,False,False,True,False,False,False,False,False,False,5.7324347172293635,2.6333266549062735,10.64236815751081,0,Kavya Singh,32,1,Delhi,2021-11-07,425,12,4.19,High,0.16870588235294118,2.610729411764706,1738,0.02823529411764706
T00166,R0230,7.14,50.26,122.74,2023-02-24,0,0,4,2,Zone_8,4516,1.93,31.0,Business,1.0,True,False,False,False,False,False,False,False,False,False,False,False,True,False,4.818182590102842,2.096790180014449,7.089428749906441,0,Kavya Gupta,32,1,Chennai,2022-11-22,183,23,3.65,Medium,0.32054644808743166,4.962950819672131,1358,0.12568306010928962
T00167,R0287,12.66,78.42,300.95,2024-03-27,0,0,2,3,Zone_9,11037,1.83,56.1,Mixed,1.0,False,False,True,False,False,False,False,False,False,False,False,False,False,True,5.71026144075391,2.614471854142644,8.855506761332183,0,Saanvi Singh,18,2,Delhi,2021-12-17,320,34,3.33,Medium,0.12587500000000001,2.3166874999999996,1698,0.10625
T00168,R0131,9.93,63.88,156.99,2024-01-19,0,0,4,1,Zone_9,11037,1.83,56.1,Mixed,1.0,True,False,False,False,False,False,False,False,False,False,False,False,False,True,5.062531739884758,2.391511302188447,7.992496481075234,0,Reyansh Ghosh,24,1,Surat,2019-10-22,99,7,3.6,Low,0.2724242424242424,4.396262626262627,2485,0.0707070707070707
T00169,R0043,12.73,83.5,211.73,2024-03-09,0,0,5,3,Zone_1,4921,2.43,30.9,Residential,2.0,False,False,False,True,True,False,False,False,False,False,False,False,False,False,5.360023755984015,2.6195832197798796,9.137833441248533,0,Diya Kumar,28,1,Ahmedabad,2021-12-10,85,16,4.68,Low,0.7901176470588235,10.147058823529411,1705,0.18823529411764706
T00170,R0120,11.07,101.93,252.84,2024-08-05,0,0,0,8,Zone_10,2440,1.54,35.4,Industrial,1.0,False,False,False,True,False,True,False,False,False,False,False,False,False,False,5.53670414727494,2.4907230351094403,10.09603882718366,0,Ishaan Gupta,18,2,Surat,2020-07-12,311,15,4.55,Medium,0.21929260450160773,3.260289389067524,2221,0.04823151125401929
T00171,R0279,11.37,105.02,253.41,2023-10-17,0,0,1,10,Zone_7,11070,0.64,45.2,Industrial,0.0,False,True,False,False,False,False,False,False,False,False,False,True,False,False,5.5389471388695215,2.5152741864043966,10.24792661956554,0,Diya Singh,25,2,Pune,2022-04-21,454,84,3.73,High,0.09151982378854624,1.5398017621145372,1573,0.18502202643171806
T00172,R0084,15.46,79.01,340.61,2023-07-23,0,0,6,7,Zone_9,11037,1.83,56.1,Mixed,1.0,True,False,False,False,False,False,False,False,False,False,False,False,False,True,5.8336697354906235,2.800933195248924,8.888756943465156,0,Kavya Sharma,38,1,Jaipur,2019-07-21,366,6,4.67,High,0.20464480874316943,3.923060109289618,2578,0.01639344262295082
T00173,R0015,12.93,82.38,257.06,2023-08-31,0,0,3,8,Zone_7,11070,0.64,45.2,Industrial,0.0,False,False,True,False,False,False,False,False,False,False,False,True,False,False,5.5531921160237,2.6340447877917144,9.076342875850383,0,Saanvi Patel,28,2,Chennai,2022-12-19,46,1,3.87,Low,0.6521739130434783,12.996739130434783,1331,0.021739130434782608
T00174,R0080,12.97,93.21,158.32,2023-09-23,0,0,5,9,Zone_7,11070,0.64,45.2,Industrial,0.0,False,True,False,False,False,False,False,False,False,False,False,True,False,False,5.070914758313443,2.6369121732688705,9.654532614269838,0,Reyansh Kumar,19,0,Mumbai,2021-05-15,34,6,4.6,Low,1.6208823529411764,24.814117647058826,1914,0.17647058823529413
T00175,R0300,8.1,68.75,147.3,2023-10-02,0,0,0,10,Zone_2,6371,0.91,58.4,Residential,0.0,False,False,False,True,False,False,True,False,False,False,False,False,False,False,4.999237249143887,2.2082744135228043,8.2915619758885,0,Saanvi Iyer,38,0,Kolkata,2023-07-08,291,7,3.67,Medium,0.1885910652920962,3.4253264604810996,1130,0.024054982817869417
T00176,R0040,5.09,29.36,48.22,2023-09-04,0,0,0,9,Zone_1,4921,2.43,30.9,Residential,2.0,True,False,False,False,True,False,False,False,False,False,False,False,False,False,3.89630004496291,1.8066480817218056,5.418486873657627,0,Aarav Gupta,34,2,Surat,2023-05-05,485,36,4.41,High,0.1658762886597938,2.352061855670103,1194,0.07422680412371134
T00177,R0147,4.7,29.3,99.31,2023-06-06,0,0,1,6,Zone_10,2440,1.54,35.4,Industrial,1.0,True,False,False,False,False,True,False,False,False,False,False,False,False,False,4.608265390895394,1.7404661748405046,5.412947441089743,0,Saanvi Nair,35,2,Mumbai,2022-08-29,239,21,3.91,Medium,0.26589958158995813,4.27531380753138,1443,0.08786610878661087
T00178,R0019,11.75,101.41,164.45,2023-04-26,0,0,2,4,Zone_3,12971,2.11,38.0,Business,2.0,True,False,False,False,False,False,False,True,False,False,False,False,False,False,5.1086690343676215,2.545531271604435,10.070253224224304,0,Kavya Patel,40,2,Mumbai,2023-04-02,266,24,4.08,Medium,0.14567669172932332,2.3796616541353384,1227,0.09022556390977443
T00179,R0270,4.19,36.56,98.82,2024-01-02,0,0,1,1,Zone_3,12971,2.11,38.0,Business,2.0,False,True,False,False,False,False,False,True,False,False,False,False,False,False,4.603368564041463,1.6467336971777973,6.04648658313239,0,Aadhya Reddy,35,1,Hyderabad,2022-01-02,455,64,3.08,High,0.12975824175824174,2.420945054945055,1682,0.14065934065934066
T00180,R0281,1.46,11.89,33.0,2023-05-23,0,0,1,5,Zone_7,11070,0.64,45.2,Industrial,0.0,False,False,False,True,False,False,False,False,False,False,False,True,False,False,3.5263605246161616,0.9001613499442714,3.448187929913334,0,Arjun Iyer,21,0,Jaipur,2020-10-15,268,17,4.74,Medium,0.1422761194029851,2.050858208955224,2126,0.06343283582089553
T00181,R0057,3.18,19.42,75.71,2024-03-09,0,0,5,3,Zone_10,2440,1.54,35.4,Industrial,1.0,False,True,False,False,False,True,False,False,False,False,False,False,False,False,4.3400320779712045,1.430311246536665,4.406812907306141,0,Aadhya Reddy,39,1,Bengaluru,2023-06-04,407,11,3.66,High,0.24648648648648647,3.8921621621621623,1164,0.02702702702702703
T00182,R0051,6.76,49.58,154.69,2023-07-18,0,0,1,7,Zone_8,4516,1.93,31.0,Business,1.0,False,True,False,False,False,False,False,False,False,False,False,False,True,False,5.047866850701583,2.048982334195127,7.041306696913578,0,Aarav Nair,21,1,Kolkata,2020-04-05,213,14,4.02,Medium,0.2778403755868545,5.169107981220657,2319,0.06572769953051644
T00183,R0023,5.16,48.34,100.06,2024-03-11,0,0,0,3,Zone_7,11070,0.64,45.2,Industrial,0.0,False,True,False,False,False,False,False,False,False,False,False,True,False,False,4.615714399863762,1.8180767775454285,6.952697318307479,0,Meera Iyer,24,2,Jaipur,2019-10-09,176,32,3.21,Medium,0.36880681818181815,6.793295454545454,2498,0.18181818181818182
T00184,R0125,14.29,104.09,309.14,2023-09-12,0,0,1,9,Zone_7,11070,0.64,45.2,Industrial,0.0,False,False,False,True,False,False,False,False,False,False,False,True,False,False,5.737023808436003,2.727199019940971,10.202450685987166,0,Saanvi Ghosh,44,1,Ahmedabad,2023-04-22,99,19,3.89,Low,0.5633333333333332,11.28040404040404,1207,0.1919191919191919
T00185,R0103,11.0,74.86,89.96,2023-03-08,0,0,2,3,Zone_4,4038,2.46,48.2,Business,2.0,False,False,True,False,False,False,False,False,True,False,False,False,False,False,4.510419849442281,2.4849066497880004,8.652167358529306,0,Ishaan Gupta,37,2,Surat,2022-11-24,175,14,3.07,Medium,0.40817142857142863,7.065371428571429,1356,0.08
T00186,R0222,17.92,173.85,213.11,2024-07-25,0,0,3,7,Zone_6,14627,0.54,37.6,Mixed,0.0,False,False,False,True,False,False,False,False,False,False,True,False,False,False,5.366489901651086,2.9402195636237325,13.185218997043622,0,Aarav Singh,27,1,Surat,2022-08-28,475,12,3.44,High,0.16642105263157894,2.7908000000000004,1444,0.02526315789473684
T00187,R0282,13.31,103.62,240.96,2024-05-01,0,0,2,5,Zone_9,11037,1.83,56.1,Mixed,1.0,False,False,False,True,False,False,False,False,False,False,False,False,False,True,5.488772423238713,2.6609585935683597,10.179390944452424,0,Reyansh Kumar,22,2,Bengaluru,2022-05-02,319,3,4.47,Medium,0.29112852664576805,4.387931034482759,1562,0.009404388714733543
T00188,R0050,13.15,88.72,164.35,2024-08-14,0,0,2,8,Zone_1,4921,2.43,30.9,Residential,2.0,False,False,True,False,True,False,False,False,False,False,False,False,False,False,5.108064439427801,2.649714624089247,9.419129471453294,0,Diya Das,49,1,Ahmedabad,2022-10-06,330,41,3.42,High,0.1821212121212121,2.775181818181818,1405,0.12424242424242424
T00189,R0076,19.25,97.76,276.55,2024-06-21,0,0,4,6,Zone_10,2440,1.54,35.4,Industrial,1.0,True,False,False,False,False,True,False,False,False,False,False,False,False,False,5.626001097136171,3.0081547935525483,9.88736567544662,0,Reyansh Reddy,40,1,Bengaluru,2022-01-02,137,13,3.34,Low,0.4143795620437956,6.3124817518248175,1682,0.0948905109489051
T00190,R0115,5.15,36.77,125.32,2023-12-02,1,0,5,12,Zone_6,14627,0.54,37.6,Mixed,0.0,False,False,True,False,False,False,False,False,False,False,True,False,False,False,4.838818369947386,1.8164520818184267,6.063827174318213,0,Aarav Ghosh,40,0,Bengaluru,2020-03-01,170,15,4.4,Medium,0.49105882352941177,8.388058823529413,2354,0.08823529411764706
T00191,R0272,0.48,4.4,11.34,2024-07-01,0,0,0,7,Zone_9,11037,1.83,56.1,Mixed,1.0,False,False,True,False,False,False,False,False,False,False,False,False,False,True,2.5128460184772416,0.3920420877760237,2.0976176963403033,0,Kavya Ghosh,21,1,Kolkata,2020-01-15,432,4,4.79,High,0.09326388888888888,1.6012962962962962,2400,0.009259259259259259
T00192,R0110,6.84,51.48,83.3,2023-03-24,0,0,4,3,Zone_2,6371,0.91,58.4,Residential,0.0,True,False,False,False,False,False,True,False,False,False,False,False,False,False,4.4343818650078095,2.0592388343623163,7.174956445860839,0,Vivaan Patel,19,0,Kolkata,2023-02-04,224,28,4.43,Medium,0.26571428571428574,4.226249999999999,1284,0.125
T00193,R0158,3.88,31.14,76.98,2023-10-18,0,0,2,10,Zone_7,11070,0.64,45.2,Industrial,0.0,True,False,False,False,False,False,False,False,False,False,False,True,False,False,4.356452383554451,1.5851452198650557,5.580322571321482,0,Aarav Iyer,27,1,Ahmedabad,2020-07-26,441,60,3.57,High,0.057732426303854875,0.8727210884353742,2207,0.1360544217687075
T00194,R0189,6.72,37.27,98.74,2023-07-09,0,0,6,7,Zone_10,2440,1.54,35.4,Industrial,1.0,False,True,False,False,False,True,False,False,False,False,False,False,False,False,4.602566800117977,2.0438143640366846,6.104916051838878,0,Reyansh Gupta,29,0,Delhi,2019-09-16,238,42,3.28,Medium,0.30264705882352944,6.2214285714285715,2521,0.17647058823529413
T00195,R0223,2.75,20.37,46.02,2024-02-05,0,0,0,2,Zone_9,11037,1.83,56.1,Mixed,1.0,False,False,False,True,False,False,False,False,False,False,False,False,False,True,3.8505730431119236,1.3217558399823195,4.513313638558703,0,Meera Ghosh,30,0,Surat,2019-11-29,158,10,4.04,Low,0.3569620253164557,6.248164556962026,2447,0.06329113924050633
T00196,R0185,10.84,92.85,164.56,2024-06-22,0,0,5,6,Zone_7,11070,0.64,45.2,Industrial,0.0,False,False,True,False,False,False,False,False,False,False,False,True,False,False,5.109333666880532,2.4714836294558595,9.635870484808313,0,Vivaan Sharma,27,1,Delhi,2021-08-27,201,12,4.05,Medium,0.21756218905472638,3.7018905472636816,1810,0.05970149253731343
T00197,R0187,10.56,80.12,167.39,2023-05-24,0,0,2,5,Zone_5,2590,1.31,43.9,Business,0.0,True,False,False,False,False,False,False,False,False,True,False,False,False,False,5.126282717622217,2.4475508632442313,8.9509776002401,0,Saanvi Reddy,27,2,Surat,2022-08-05,357,38,4.71,High,0.21170868347338936,3.818879551820728,1467,0.10644257703081232
T00198,R0247,7.87,60.68,112.59,2023-05-13,0,0,5,5,Zone_4,4038,2.46,48.2,Business,2.0,False,False,True,False,False,False,False,False,True,False,False,False,False,False,4.73259547424333,2.1826747963214883,7.789736837660179,0,Aadhya Das,37,1,Bengaluru,2021-05-11,249,47,4.92,Medium,0.5360642570281124,9.507791164658634,1918,0.18875502008032127
T00199,R0051,9.56,52.34,228.89,2024-02-02,0,0,4,2,Zone_6,14627,0.54,37.6,Mixed,0.0,False,False,True,False,False,False,False,False,False,False,True,False,False,False,5.4376009336504225,2.3570732782781154,7.234638899074369,0,Aarav Nair,21,1,Kolkata,2020-04-05,213,14,4.02,Medium,0.2778403755868545,5.169107981220657,2319,0.06572769953051644
T00200,R0223,7.29,64.81,133.2,2023-05-16,0,0,1,5,Zone_1,4921,2.43,30.9,Residential,2.0,False,True,False,False,True,False,False,False,False,False,False,False,False,False,4.8993312245375815,2.1150499691472033,8.050465825031493,0,Meera Ghosh,30,0,Surat,2019-11-29,158,10,4.04,Low,0.3569620253164557,6.248164556962026,2447,0.06329113924050633
T00201,R0100,11.76,78.75,188.51,2023-12-12,0,0,1,12,Zone_10,2440,1.54,35.4,Industrial,1.0,False,False,True,False,False,True,False,False,False,False,False,False,False,False,5.244441793578718,2.546315277916644,8.874119674649425,0,Ishaan Gupta,28,1,Delhi,2021-05-24,383,60,3.79,High,0.26488250652741513,4.327650130548303,1905,0.1566579634464752
T00202,R0295,8.35,45.08,97.01,2024-08-08,0,0,3,8,Zone_2,6371,0.91,58.4,Residential,0.0,True,False,False,False,False,False,True,False,False,False,False,False,False,False,4.585069514281089,2.2353763433005955,6.714164132637808,0,Kavya Gupta,18,0,Delhi,2019-05-29,98,18,3.59,Low,0.45683673469387753,5.34734693877551,2631,0.1836734693877551
T00203,R0098,6.67,55.29,86.4,2023-03-21,0,0,1,3,Zone_1,4921,2.43,30.9,Residential,2.0,True,False,False,False,True,False,False,False,False,False,False,False,False,False,4.470495282661489,2.0373166153791646,7.4357245780085215,0,Diya Singh,21,2,Bengaluru,2023-04-29,286,56,3.5,Medium,0.24779720279720283,3.7473776223776225,1200,0.1958041958041958
T00204,R0124,12.65,71.89,238.72,2024-02-11,0,0,6,2,Zone_6,14627,0.54,37.6,Mixed,0.0,False,True,False,False,False,False,False,False,False,False,True,False,False,False,5.479471575589985,2.613739521630969,8.478797084492587,0,Aadhya Das,37,2,Hyderabad,2022-06-09,419,25,3.59,High,0.10162291169451074,1.5354415274463007,1524,0.059665871121718374
T00205,R0024,14.3,71.55,222.77,2024-08-06,0,0,1,8,Zone_2,6371,0.91,58.4,Residential,0.0,False,False,True,False,False,False,True,False,False,False,False,False,False,False,5.410618738635182,2.72785282839839,8.45872330792301,0,Meera Kumar,41,2,Chennai,2019-07-10,140,16,3.49,Low,0.2212142857142857,3.4135,2589,0.11428571428571428
T00206,R0167,14.69,126.65,200.33,2023-06-23,0,0,4,6,Zone_5,2590,1.31,43.9,Business,0.0,False,False,False,True,False,False,False,False,False,True,False,False,False,False,5.304945352838257,2.753023566744941,11.253888216967503,0,Kavya Nair,44,1,Hyderabad,2022-08-25,117,5,4.75,Low,0.5496581196581197,9.192735042735043,1447,0.042735042735042736
T00207,R0246,3.05,27.75,62.86,2024-07-06,0,0,5,7,Zone_2,6371,0.91,58.4,Residential,0.0,True,False,False,False,False,False,True,False,False,False,False,False,False,False,4.156693187286636,1.3987168811184478,5.267826876426369,0,Vivaan Das,29,2,Mumbai,2021-03-31,240,34,4.79,Medium,0.34891666666666665,6.460624999999999,1959,0.14166666666666666
T00208,R0287,5.33,52.14,47.6,2023-09-15,0,0,4,9,Zone_5,2590,1.31,43.9,Business,0.0,True,False,False,False,False,False,False,False,False,True,False,False,False,False,3.883623530906448,1.8453002361560848,7.2208032794142785,0,Saanvi Singh,18,2,Delhi,2021-12-17,320,34,3.33,Medium,0.12587500000000001,2.3166874999999996,1698,0.10625
T00209,R0284,0.51,2.85,10.2,2023-08-11,0,0,4,8,Zone_7,11070,0.64,45.2,Industrial,0.0,False,False,False,True,False,False,False,False,False,False,False,True,False,False,2.4159137783010487,0.412109650826833,1.6881943016134133,0,Vivaan Das,28,0,Surat,2019-07-31,135,19,4.95,Low,0.45118518518518513,7.306148148148148,2568,0.14074074074074075
T00210,R0065,6.81,66.23,169.57,2024-04-24,1,0,2,4,Zone_10,2440,1.54,35.4,Industrial,1.0,False,False,True,False,False,True,False,False,False,False,False,False,False,False,5.139145769652782,2.0554049638515948,8.138181615078395,0,Meera Nair,43,2,Mumbai,2023-06-28,180,32,4.52,Medium,0.13622222222222222,2.370611111111111,1140,0.17777777777777778
T00211,R0092,10.08,81.12,86.38,2024-07-11,0,0,3,7,Zone_10,2440,1.54,35.4,Industrial,1.0,False,False,False,True,False,True,False,False,False,False,False,False,False,False,4.47026642352329,2.405141681319138,9.006664199358163,0,Aarav Nair,21,1,Surat,2019-07-18,252,23,4.51,Medium,0.22694444444444448,3.415357142857143,2581,0.09126984126984126
T00212,R0193,7.34,58.06,132.45,2023-01-16,0,0,0,1,Zone_5,2590,1.31,43.9,Business,0.0,False,False,False,True,False,False,False,False,False,True,False,False,False,False,4.8937268758505335,2.1210632163706555,7.619711280619496,0,Kavya Singh,33,0,Chennai,2022-01-03,389,68,4.41,High,0.14419023136246786,2.5851928020565555,1681,0.17480719794344474
T00213,R0070,17.65,151.29,379.63,2023-08-14,0,0,0,8,Zone_1,4921,2.43,30.9,Residential,2.0,True,False,False,False,True,False,False,False,False,False,False,False,False,False,5.94182777466688,2.9258461460898246,12.299999999999999,0,Meera Reddy,33,1,Bengaluru,2023-01-03,310,6,3.54,Medium,0.2897096774193548,5.337709677419355,1316,0.01935483870967742
T00214,R0127,5.97,42.78,71.24,2023-09-04,0,0,0,9,Zone_5,2590,1.31,43.9,Business,0.0,False,True,False,False,False,False,False,False,False,True,False,False,False,False,4.27999390910873,1.9416152247724325,6.540642170307133,0,Vivaan Kumar,38,1,Chennai,2020-03-17,43,2,4.83,Low,1.6467441860465117,32.56906976744186,2338,0.046511627906976744
T00215,R0132,2.56,18.78,54.82,2023-02-12,0,0,6,2,Zone_7,11070,0.64,45.2,Industrial,0.0,False,False,False,True,False,False,False,False,False,False,False,True,False,False,4.022132228108176,1.269760544863939,4.3335897360040905,0,Aadhya Iyer,23,1,Surat,2022-12-09,484,25,3.32,High,0.1433884297520661,2.2561776859504135,1341,0.05165289256198347
T00216,R0266,10.84,100.15,237.72,2023-07-01,0,0,5,7,Zone_6,14627,0.54,37.6,Mixed,0.0,False,False,False,True,False,False,False,False,False,False,True,False,False,False,5.475291317015396,2.4714836294558595,10.007497189607399,0,Diya Reddy,29,2,Chennai,2020-09-25,98,13,3.9,Low,0.7445918367346939,12.729081632653061,2146,0.1326530612244898
T00217,R0149,8.75,46.78,158.78,2023-12-03,0,0,6,12,Zone_4,4038,2.46,48.2,Business,2.0,False,False,False,True,False,False,False,False,True,False,False,False,False,False,5.073797869053896,2.277267285009756,6.839590631024637,0,Diya Reddy,30,1,Jaipur,2019-09-14,89,8,4.57,Low,0.4766292134831461,7.428314606741573,2523,0.0898876404494382
T00218,R0091,10.75,99.03,209.14,2023-05-09,0,0,1,5,Zone_10,2440,1.54,35.4,Industrial,1.0,True,False,False,False,False,True,False,False,False,False,False,False,False,False,5.347773975260629,2.463853240590168,9.951381813597546,0,Meera Das,41,2,Surat,2022-04-16,334,43,3.4,High,0.14934131736526945,2.7054191616766468,1578,0.12874251497005987
T00219,R0273,9.52,62.91,231.76,2024-02-09,1,0,4,2,Zone_8,4516,1.93,31.0,Business,1.0,False,False,True,False,False,False,False,False,False,False,False,False,True,False,5.450007879788469,2.3532782073095637,7.931582439841371,0,Aadhya Nair,43,1,Delhi,2022-09-17,289,48,3.76,Medium,0.2589965397923875,3.313044982698962,1424,0.16608996539792387
T00220,R0166,9.22,87.28,208.55,2024-04-06,0,0,5,4,Zone_1,4921,2.43,30.9,Residential,2.0,False,True,False,False,True,False,False,False,False,False,False,False,False,False,5.344962374371081,2.3243465847755584,9.34237657130133,0,Reyansh Sharma,24,2,Chennai,2021-03-16,349,63,4.29,High,0.12366762177650428,1.7994555873925502,1974,0.18051575931232092
T00221,R0270,2.61,18.59,38.99,2023-10-26,0,0,3,10,Zone_1,4921,2.43,30.9,Residential,2.0,False,False,True,False,True,False,False,False,False,False,False,False,False,False,3.688629422858727,1.2837077723447896,4.31161222746202,0,Aadhya Reddy,35,1,Hyderabad,2022-01-02,455,64,3.08,High,0.12975824175824174,2.420945054945055,1682,0.14065934065934066
T00222,R0283,4.37,22.07,62.46,2024-03-04,0,0,0,3,Zone_1,4921,2.43,30.9,Residential,2.0,False,False,True,False,True,False,False,False,False,False,False,False,False,False,4.150409786155049,1.6808279085207734,4.697871858618538,0,Diya Nair,19,1,Surat,2023-06-15,245,45,3.55,Medium,0.22844897959183674,4.135632653061225,1153,0.1836734693877551
T00223,R0260,5.05,27.22,67.14,2023-06-16,0,0,4,6,Zone_8,4516,1.93,31.0,Business,1.0,False,False,False,True,False,False,False,False,False,False,False,False,True,False,4.22156441223282,1.80005827204275,5.217278984298233,0,Reyansh Das,55,2,Mumbai,2019-07-17,63,3,4.24,Low,0.5998412698412698,10.94063492063492,2582,0.047619047619047616
T00224,R0084,6.26,43.28,123.04,2023-03-13,0,0,0,3,Zone_1,4921,2.43,30.9,Residential,2.0,True,False,False,False,True,False,False,False,False,False,False,False,False,False,4.820604094232248,1.9823798288367047,6.5787536813594105,0,Kavya Sharma,38,1,Jaipur,2019-07-21,366,6,4.67,High,0.20464480874316943,3.923060109289618,2578,0.01639344262295082
T00225,R0230,5.76,28.81,115.75,2024-01-07,0,0,6,1,Zone_8,4516,1.93,31.0,Business,1.0,False,False,True,False,False,False,False,False,False,False,False,False,True,False,4.760034896549007,1.9110228900548727,5.367494760127856,0,Kavya Gupta,32,1,Chennai,2022-11-22,183,23,3.65,Medium,0.32054644808743166,4.962950819672131,1358,0.12568306010928962
T00226,R0282,10.06,93.03,113.24,2023-08-30,0,0,2,8,Zone_8,4516,1.93,31.0,Business,1.0,False,False,True,False,False,False,False,False,False,False,False,False,True,False,4.738301498591274,2.403334996094189,9.645206063117573,0,Reyansh Kumar,22,2,Bengaluru,2022-05-02,319,3,4.47,Medium,0.29112852664576805,4.387931034482759,1562,0.009404388714733543
T00227,R0067,11.0,56.68,274.82,2023-07-18,1,0,1,7,Zone_6,14627,0.54,37.6,Mixed,0.0,False,False,True,False,False,False,False,False,False,False,True,False,False,False,5.619748479046192,2.4849066497880004,7.528612089887485,0,Saanvi Iyer,32,1,Pune,2022-07-24,348,9,3.38,High,0.32491379310344826,5.3069252873563215,1479,0.02586206896551724
T00228,R0139,2.34,21.45,50.18,2023-12-16,0,0,5,12,Zone_9,11037,1.83,56.1,Mixed,1.0,False,False,True,False,False,False,False,False,False,False,False,False,False,True,3.935348830731643,1.205970806988609,4.631414470763764,0,Diya Gupta,44,2,Kolkata,2023-10-09,155,7,4.39,Low,0.38012903225806455,6.466,1037,0.04516129032258064
T00229,R0202,11.43,101.31,137.08,2024-05-27,0,0,0,5,Zone_2,6371,0.91,58.4,Residential,0.0,True,False,False,False,False,False,True,False,False,False,False,False,False,False,4.9278332273351175,2.5201129055226197,10.065286881157437,0,Aadhya Reddy,27,1,Ahmedabad,2021-10-28,317,0,4.72,Medium,0.23249211356466878,2.86794952681388,1748,0.0
T00230,R0040,10.93,60.73,105.22,2023-08-23,0,0,2,8,Zone_5,2590,1.31,43.9,Business,0.0,False,False,True,False,False,False,False,False,False,True,False,False,False,False,4.665512414994253,2.4790562361098245,7.792945527847606,0,Aarav Gupta,34,2,Surat,2023-05-05,485,36,4.41,High,0.1658762886597938,2.352061855670103,1194,0.07422680412371134
T00231,R0026,10.33,93.77,103.48,2023-08-22,0,0,1,8,Zone_5,2590,1.31,43.9,Business,0.0,True,False,False,False,False,False,False,False,False,True,False,False,False,False,4.648995665528121,2.427454075039915,9.683491106000975,0,Aarav Kumar,26,0,Surat,2020-04-17,44,5,3.17,Low,1.8020454545454547,22.11795454545455,2307,0.11363636363636363
T00232,R0263,0.91,5.48,15.01,2023-09-17,0,0,6,9,Zone_8,4516,1.93,31.0,Business,1.0,False,False,False,True,False,False,False,False,False,False,False,False,True,False,2.773213527008623,0.6471032420585384,2.340939982143925,0,Ishaan Das,31,2,Chennai,2020-12-30,297,21,3.84,Medium,0.3522558922558922,5.2110101010101015,2050,0.0707070707070707
T00233,R0089,10.2,86.91,111.34,2023-12-14,0,0,3,12,Zone_2,6371,0.91,58.4,Residential,0.0,True,False,False,False,False,False,True,False,False,False,False,False,False,False,4.721529987104287,2.4159137783010487,9.322553298319082,0,Saanvi Reddy,48,2,Surat,2022-09-21,308,6,3.91,Medium,0.29165584415584417,4.595941558441559,1420,0.01948051948051948
T00234,R0169,8.41,64.65,179.19,2024-03-02,0,0,5,3,Zone_6,14627,0.54,37.6,Mixed,0.0,True,False,False,False,False,False,False,False,False,False,True,False,False,False,5.194011849738723,2.2417729535972883,8.040522371090077,0,Reyansh Kumar,32,1,Delhi,2023-02-21,497,81,4.19,High,0.14167002012072433,2.841871227364185,1267,0.16297786720321933
T00235,R0133,12.8,120.24,107.26,2023-09-22,0,0,4,9,Zone_7,11070,0.64,45.2,Industrial,0.0,True,False,False,False,False,False,False,False,False,False,False,True,False,False,4.6845357413688316,2.624668592163159,10.965400129498239,0,Diya Kumar,25,0,Delhi,2019-07-13,155,11,4.4,Low,0.4186451612903226,5.272709677419355,2586,0.07096774193548387
T00236,R0067,16.92,98.41,247.24,2023-08-31,0,0,3,8,Zone_2,6371,0.91,58.4,Residential,0.0,False,False,True,False,False,False,True,False,False,False,False,False,False,False,5.514396020140125,2.8859174075467844,9.920181449953423,0,Saanvi Iyer,32,1,Pune,2022-07-24,348,9,3.38,High,0.32491379310344826,5.3069252873563215,1479,0.02586206896551724
T00237,R0176,15.94,123.81,128.13,2023-12-22,0,0,4,12,Zone_8,4516,1.93,31.0,Business,1.0,True,False,False,False,False,False,False,False,False,False,False,False,True,False,4.86081964885856,2.8296776892239084,11.126994203287786,0,Kavya Gupta,43,1,Mumbai,2019-05-24,260,13,3.95,Medium,0.3502307692307692,6.3002692307692305,2636,0.05
T00238,R0073,8.56,81.63,170.79,2023-12-27,0,0,2,12,Zone_4,4038,2.46,48.2,Business,2.0,False,True,False,False,False,False,False,False,True,False,False,False,False,False,5.1462728006383545,2.25758772706331,9.034932207825358,0,Meera Das,41,2,Ahmedabad,2021-06-19,490,30,3.01,High,0.16042857142857142,2.6034693877551023,1879,0.061224489795918366
T00239,R0121,7.99,55.69,194.69,2024-07-22,1,0,0,7,Zone_1,4921,2.43,30.9,Residential,2.0,False,False,True,False,True,False,False,False,False,False,False,False,False,False,5.276531774476115,2.196112848483529,7.462573282722254,0,Diya Iyer,29,1,Pune,2023-07-13,378,10,4.17,High,0.23269841269841268,3.8740211640211637,1125,0.026455026455026454
T00240,R0062,11.16,77.6,131.63,2023-03-19,0,0,6,3,Zone_8,4516,1.93,31.0,Business,1.0,False,True,False,False,False,False,False,False,False,False,False,False,True,False,4.887563296506261,2.498151876538021,8.809086218218097,0,Kavya Sharma,38,1,Jaipur,2019-05-13,57,3,3.58,Low,1.1587719298245613,15.605438596491227,2647,0.05263157894736842
T00241,R0057,2.42,24.09,30.44,2023-09-24,0,0,6,9,Zone_2,6371,0.91,58.4,Residential,0.0,False,False,True,False,False,False,True,False,False,False,False,False,False,False,3.448080967561006,1.2296405510745139,4.90815647672321,0,Aadhya Reddy,39,1,Bengaluru,2023-06-04,407,11,3.66,High,0.24648648648648647,3.8921621621621623,1164,0.02702702702702703
T00242,R0252,0.75,4.34,7.02,2024-02-08,0,0,3,2,Zone_2,6371,0.91,58.4,Residential,0.0,False,False,True,False,False,False,True,False,False,False,False,False,False,False,2.081938421878423,0.5596157879354227,2.083266665599966,0,Reyansh Gupta,38,2,Ahmedabad,2020-09-23,392,47,4.83,High,0.25614795918367345,4.290943877551021,2148,0.11989795918367346
T00243,R0162,5.64,46.77,85.06,2023-12-22,0,0,4,12,Zone_2,6371,0.91,58.4,Residential,0.0,False,False,True,False,False,False,True,False,False,False,False,False,False,False,4.455044727410454,1.8931119634883424,6.838859554048468,0,Meera Patel,30,1,Hyderabad,2023-08-14,394,38,4.28,High,0.13484771573604062,2.3779187817258887,1093,0.09644670050761421
T00244,R0076,14.1,117.87,299.16,2023-09-25,0,0,0,9,Zone_1,4921,2.43,30.9,Residential,2.0,False,False,True,False,True,False,False,False,False,False,False,False,False,False,5.70431566581786,2.714694743820879,10.85679510721281,0,Reyansh Reddy,40,1,Bengaluru,2022-01-02,137,13,3.34,Low,0.4143795620437956,6.3124817518248175,1682,0.0948905109489051
T00245,R0202,6.34,58.22,58.89,2023-01-25,0,0,2,1,Zone_4,4038,2.46,48.2,Business,2.0,False,False,True,False,False,False,False,False,True,False,False,False,False,False,4.092509546276371,1.9933388426264242,7.630203142774116,0,Aadhya Reddy,27,1,Ahmedabad,2021-10-28,317,0,4.72,Medium,0.23249211356466878,2.86794952681388,1748,0.0
T00246,R0157,15.51,145.17,288.59,2023-12-16,0,0,5,12,Zone_8,4516,1.93,31.0,Business,1.0,False,True,False,False,False,False,False,False,False,False,False,False,True,False,5.668466129528634,2.8039662579320366,12.04865137681392,0,Kavya Nair,36,0,Hyderabad,2021-11-23,319,27,4.65,Medium,0.3570532915360502,5.880658307210031,1722,0.08463949843260188
T00247,R0056,5.94,56.15,62.89,2023-03-13,0,0,0,3,Zone_1,4921,2.43,30.9,Residential,2.0,True,False,False,False,True,False,False,False,False,False,False,False,False,False,4.157162854614252,1.937301774518713,7.493330367733695,0,Meera Patel,40,2,Hyderabad,2021-02-26,93,13,3.25,Low,0.7120430107526882,9.976236559139785,1992,0.13978494623655913
T00248,R0011,0.06,0.36,3.27,2023-10-12,1,0,3,10,Zone_7,11070,0.64,45.2,Industrial,0.0,True,False,False,False,False,False,False,False,False,False,False,True,False,False,1.451613827240533,0.05826890812397577,0.6,0,Vivaan Nair,26,1,Chennai,2020-04-14,208,34,4.0,Medium,0.4276923076923077,7.8547115384615385,2310,0.16346153846153846
T00249,R0082,7.38,41.21,121.67,2023-09-12,0,0,1,9,Zone_5,2590,1.31,43.9,Business,0.0,True,False,False,False,False,False,False,False,False,True,False,False,False,False,4.80949782304466,2.1258479144939915,6.419501538281613,0,Kavya Singh,26,2,Pune,2022-12-27,274,23,3.15,Medium,0.08985401459854014,1.0863503649635036,1323,0.08394160583941605
T00250,R0019,12.44,100.53,277.71,2023-10-23,0,0,0,10,Zone_2,6371,0.91,58.4,Residential,0.0,False,False,False,True,False,False,True,False,False,False,False,False,False,False,5.630171814719692,2.5982353350950036,10.026464980241043,0,Kavya Patel,40,2,Mumbai,2023-04-02,266,24,4.08,Medium,0.14567669172932332,2.3796616541353384,1227,0.09022556390977443
T00251,R0098,7.65,60.38,105.72,2024-01-16,0,0,1,1,Zone_8,4516,1.93,31.0,Business,1.0,False,True,False,False,False,False,False,False,False,False,False,False,True,False,4.670208582167313,2.157559320943788,7.770456872024965,0,Diya Singh,21,2,Bengaluru,2023-04-29,286,56,3.5,Medium,0.24779720279720283,3.7473776223776225,1200,0.1958041958041958
T00252,R0095,7.52,46.67,157.71,2024-04-18,0,0,3,4,Zone_9,11037,1.83,56.1,Mixed,1.0,False,True,False,False,False,False,False,False,False,False,False,False,False,True,5.067078637519467,2.1424163408412245,6.831544481301428,0,Kavya Iyer,29,0,Chennai,2020-10-07,481,77,4.26,High,0.23856548856548856,3.907713097713098,2134,0.1600831600831601
T00253,R0183,7.39,49.26,151.29,2024-05-18,0,0,5,5,Zone_2,6371,0.91,58.4,Residential,0.0,False,False,True,False,False,False,True,False,False,False,False,False,False,False,5.0257865978636,2.127040520479115,7.018546858146634,0,Arjun Patel,43,2,Jaipur,2022-08-27,406,66,3.79,High,0.14231527093596058,2.0964039408866997,1445,0.1625615763546798
T00254,R0199,0.81,7.51,9.48,2023-12-30,0,0,5,12,Zone_5,2590,1.31,43.9,Business,0.0,False,False,False,True,False,False,False,False,False,True,False,False,False,False,2.349468678892896,0.5933268452777344,2.7404379212089442,0,Aarav Das,29,1,Ahmedabad,2021-08-03,344,27,3.91,High,0.24752906976744188,4.652616279069767,1834,0.07848837209302326
T00255,R0189,13.79,108.02,332.1,2023-11-18,0,0,5,11,Zone_3,12971,2.11,38.0,Business,2.0,False,True,False,False,False,False,False,True,False,False,False,False,False,False,5.808442745199634,2.6939512767227085,10.393267051317405,0,Reyansh Gupta,29,0,Delhi,2019-09-16,238,42,3.28,Medium,0.30264705882352944,6.2214285714285715,2521,0.17647058823529413
T00256,R0089,4.59,37.26,55.71,2024-02-14,0,0,2,2,Zone_9,11037,1.83,56.1,Mixed,1.0,False,False,True,False,False,False,False,False,False,False,False,False,False,True,4.037950562025936,1.7209792871670078,6.104096984812741,0,Saanvi Reddy,48,2,Surat,2022-09-21,308,6,3.91,Medium,0.29165584415584417,4.595941558441559,1420,0.01948051948051948
T00257,R0248,13.45,76.93,208.47,2023-06-24,0,0,5,6,Zone_5,2590,1.31,43.9,Business,0.0,False,False,False,True,False,False,False,False,False,True,False,False,False,False,5.344580531017675,2.670694414558441,8.770974860299168,0,Vivaan Ghosh,18,0,Chennai,2021-10-24,104,12,3.65,Low,0.5549999999999999,9.03519230769231,1752,0.11538461538461539
T00258,R0036,7.65,72.54,96.95,2024-07-05,0,0,4,7,Zone_5,2590,1.31,43.9,Business,0.0,False,True,False,False,False,False,False,False,False,True,False,False,False,False,4.58445714439055,2.157559320943788,8.517041739947034,0,Aadhya Das,30,0,Surat,2022-03-16,177,15,4.9,Medium,0.36819209039548023,5.884293785310734,1609,0.0847457627118644
T00259,R0277,13.34,120.48,265.12,2024-04-28,0,0,6,4,Zone_8,4516,1.93,31.0,Business,1.0,False,True,False,False,False,False,False,False,False,False,False,False,True,False,5.583947334873687,2.663052835171474,10.976338187209794,0,Kavya Gupta,42,0,Jaipur,2021-01-22,433,16,3.06,High,0.20076212471131638,3.2397228637413393,2027,0.03695150115473441
T00260,R0030,9.72,89.48,187.93,2024-01-22,0,0,0,1,Zone_8,4516,1.93,31.0,Business,1.0,False,False,True,False,False,False,False,False,False,False,False,False,True,False,5.2413765760852264,2.372111155642656,9.459386872308373,0,Saanvi Patel,25,2,Mumbai,2021-01-08,442,58,3.72,High,0.1833710407239819,3.5865384615384617,2041,0.13122171945701358
T00261,R0297,7.47,64.32,112.52,2023-03-15,0,0,2,3,Zone_7,11070,0.64,45.2,Industrial,0.0,False,False,True,False,False,False,False,False,False,False,False,True,False,False,4.731979032851787,2.136530508663963,8.019975062305368,0,Saanvi Gupta,47,1,Pune,2023-09-20,396,46,3.87,High,0.059898989898989896,1.0166161616161615,1056,0.11616161616161616
T00262,R0258,9.13,74.19,153.15,2023-10-21,0,0,5,10,Zone_4,4038,2.46,48.2,Business,2.0,False,False,False,True,False,False,False,False,True,False,False,False,False,False,5.037926154332159,2.315501318260592,8.613361713059541,0,Vivaan Nair,32,0,Jaipur,2020-01-29,313,39,3.76,Medium,0.09338658146964858,1.5953674121405752,2386,0.12460063897763578
T00263,R0171,0.64,4.35,8.82,2024-04-14,0,0,6,4,Zone_5,2590,1.31,43.9,Business,0.0,False,False,True,False,False,False,False,False,False,True,False,False,False,False,2.2844211223663744,0.49469624183610705,2.085665361461421,0,Kavya Singh,23,0,Jaipur,2019-05-13,276,19,4.3,Medium,0.043913043478260874,0.518550724637681,2647,0.06884057971014493
T00264,R0194,8.03,50.32,196.06,2023-08-26,1,0,5,8,Zone_8,4516,1.93,31.0,Business,1.0,False,False,False,True,False,False,False,False,False,False,False,False,True,False,5.283508250894329,2.200552367428894,7.093659140387279,0,Arjun Iyer,30,2,Jaipur,2023-02-10,10,2,4.06,Low,4.361,68.455,1278,0.2
T00265,R0247,16.58,92.71,367.35,2023-02-15,0,0,2,2,Zone_10,2440,1.54,35.4,Industrial,1.0,True,False,False,False,False,True,False,False,False,False,False,False,False,False,5.909033573128823,2.866761892257031,9.628603221651622,0,Aadhya Das,37,1,Bengaluru,2021-05-11,249,47,4.92,Medium,0.5360642570281124,9.507791164658634,1918,0.18875502008032127
T00266,R0029,14.54,94.52,264.43,2023-08-18,0,0,4,8,Zone_7,11070,0.64,45.2,Industrial,0.0,False,False,False,True,False,False,False,False,False,False,False,True,False,False,5.581351152435311,2.7434173449395014,9.722139682189306,0,Kavya Iyer,30,1,Surat,2022-07-24,4,0,3.69,Low,14.942499999999999,284.4425,1479,0.0
T00267,R0276,3.07,28.47,50.2,2023-07-26,0,0,2,7,Zone_3,12971,2.11,38.0,Business,2.0,True,False,False,False,False,False,False,True,False,False,False,False,False,False,3.9357395320454622,1.4036429994545037,5.33572862878164,0,Aadhya Ghosh,26,2,Chennai,2022-11-07,196,1,3.63,Medium,0.1556122448979592,2.5521428571428575,1373,0.00510204081632653
T00268,R0181,10.53,91.09,114.62,2023-09-16,0,0,5,9,Zone_9,11037,1.83,56.1,Mixed,1.0,False,False,False,True,False,False,False,False,False,False,False,False,False,True,4.75030895165433,2.4449523342809676,9.544108130150246,0,Arjun Patel,32,1,Hyderabad,2019-01-09,349,32,3.75,High,0.08501432664756446,1.329484240687679,2771,0.09169054441260745
T00269,R0234,9.24,82.63,141.91,2023-08-09,0,0,2,8,Zone_7,11070,0.64,45.2,Industrial,0.0,False,True,False,False,False,False,False,False,False,False,False,True,False,False,4.962215061493703,2.3263016196113617,9.090104509850258,0,Saanvi Nair,32,2,Pune,2022-12-01,183,31,3.98,Medium,0.34677595628415303,6.222677595628415,1349,0.16939890710382513
T00270,R0129,12.09,107.4,169.03,2023-05-25,0,0,3,5,Zone_4,4038,2.46,48.2,Business,2.0,False,True,False,False,False,False,False,False,True,False,False,False,False,False,5.135974892069394,2.5718485799218085,10.363397126425292,0,Vivaan Singh,35,1,Hyderabad,2022-10-08,158,10,3.9,Low,0.5688607594936709,9.54620253164557,1403,0.06329113924050633
T00271,R0186,8.47,61.46,150.05,2023-11-14,0,0,1,11,Zone_9,11037,1.83,56.1,Mixed,1.0,False,False,False,True,False,False,False,False,False,False,False,False,False,True,5.017610907832681,2.248128907197987,7.839642849007856,0,Ishaan Sharma,18,2,Hyderabad,2020-12-11,373,19,3.26,High,0.18386058981233244,2.5169436997319035,2069,0.05093833780160858
T00272,R0268,6.83,55.86,110.21,2024-06-12,0,0,2,6,Zone_5,2590,1.31,43.9,Business,0.0,False,True,False,False,False,False,False,False,False,True,False,False,False,False,4.71142030583075,2.057962510002712,7.473954776421918,0,Ishaan Kumar,34,1,Chennai,2022-10-16,10,0,4.6,Low,4.252,72.60799999999999,1395,0.0
T00273,R0157,14.65,125.74,288.9,2023-03-18,0,0,5,3,Zone_9,11037,1.83,56.1,Mixed,1.0,False,False,True,False,False,False,False,False,False,False,False,False,False,True,5.66953603592761,2.750470916986162,11.21338485917611,0,Kavya Nair,36,0,Hyderabad,2021-11-23,319,27,4.65,Medium,0.3570532915360502,5.880658307210031,1722,0.08463949843260188
T00274,R0088,9.08,47.12,207.15,2023-11-08,0,0,2,11,Zone_10,2440,1.54,35.4,Industrial,1.0,False,True,False,False,False,True,False,False,False,False,False,False,False,False,5.3382589736409845,2.3105532626432224,6.864400920692205,0,Diya Iyer,22,2,Jaipur,2019-07-07,438,0,4.78,High,0.1421232876712329,2.0405479452054793,2592,0.0
T00275,R0018,14.28,111.85,278.59,2024-07-03,0,0,2,7,Zone_7,11070,0.64,45.2,Industrial,0.0,True,False,False,False,False,False,False,False,False,False,False,True,False,False,5.633324244340946,2.7265447837383743,10.575916035975323,0,Aarav Reddy,49,0,Delhi,2023-01-09,446,86,3.29,High,0.12150224215246637,2.3415470852017934,1310,0.19282511210762332
T00276,R0099,12.87,123.91,270.61,2024-03-13,0,0,2,3,Zone_3,12971,2.11,38.0,Business,2.0,False,False,False,True,False,False,False,True,False,False,False,False,False,False,5.604367213857996,2.6297282343267403,11.131486872830601,0,Diya Gupta,35,2,Mumbai,2021-08-21,80,8,3.7,Low,0.867125,16.033250000000002,1816,0.1
T00277,R0250,6.38,48.44,91.22,2023-09-27,0,0,2,9,Zone_10,2440,1.54,35.4,Industrial,1.0,False,False,False,True,False,True,False,False,False,False,False,False,False,False,4.52417702677856,1.998773638612381,6.959885056522126,0,Aadhya Iyer,34,0,Jaipur,2021-02-01,163,31,4.63,Low,0.46208588957055213,6.91601226993865,2017,0.1901840490797546
T00278,R0045,7.16,58.69,62.36,2023-02-02,0,0,3,2,Zone_6,14627,0.54,37.6,Mixed,0.0,False,True,False,False,False,False,False,False,False,False,True,False,False,False,4.14883274750617,2.0992441689760155,7.6609398901179215,0,Saanvi Iyer,34,2,Ahmedabad,2023-07-12,100,16,4.88,Low,0.8753,15.298499999999999,1126,0.16
T00279,R0254,17.65,102.86,180.18,2023-02-16,0,0,3,2,Zone_2,6371,0.91,58.4,Residential,0.0,False,False,True,False,False,False,True,False,False,False,False,False,False,False,5.1994910122411415,2.9258461460898246,10.14199191480648,0,Meera Kumar,18,1,Delhi,2020-03-09,363,70,3.68,High,0.2269146005509642,3.346005509641873,2346,0.1928374655647383
T00280,R0006,8.96,56.76,197.75,2023-02-04,0,0,5,2,Zone_8,4516,1.93,31.0,Business,1.0,True,False,False,False,False,False,False,False,False,False,False,False,True,False,5.292047753534441,2.298577071596507,7.533923280734945,0,Aarav Das,45,0,Jaipur,2023-06-30,248,13,4.64,Medium,0.255,4.417056451612903,1138,0.05241935483870968
T00281,R0173,4.21,33.25,38.42,2023-07-13,0,0,3,7,Zone_3,12971,2.11,38.0,Business,2.0,False,False,True,False,False,False,False,True,False,False,False,False,False,False,3.674273301724574,1.6505798557652755,5.766281297335398,0,Saanvi Ghosh,26,2,Mumbai,2020-01-15,389,55,4.28,High,0.1286375321336761,2.2145758354755785,2400,0.14138817480719795
T00282,R0234,2.0,17.63,21.3,2024-01-11,0,0,3,1,Zone_8,4516,1.93,31.0,Business,1.0,False,False,False,True,False,False,False,False,False,False,False,False,True,False,3.104586678466073,1.0986122886681098,4.198809355043403,0,Saanvi Nair,32,2,Pune,2022-12-01,183,31,3.98,Medium,0.34677595628415303,6.222677595628415,1349,0.16939890710382513
T00283,R0232,12.87,74.19,128.37,2024-03-24,0,0,6,3,Zone_2,6371,0.91,58.4,Residential,0.0,False,True,False,False,False,False,True,False,False,False,False,False,False,False,4.86267651592981,2.6297282343267403,8.613361713059541,0,Meera Das,38,1,Jaipur,2022-12-08,172,15,3.94,Medium,0.541860465116279,8.667674418604651,1342,0.0872093023255814
T00284,R0129,8.8,75.07,115.67,2024-01-03,0,0,2,1,Zone_1,4921,2.43,30.9,Residential,2.0,False,False,False,True,True,False,False,False,False,False,False,False,False,False,4.759349436835766,2.2823823856765264,8.664294547163086,0,Vivaan Singh,35,1,Hyderabad,2022-10-08,158,10,3.9,Low,0.5688607594936709,9.54620253164557,1403,0.06329113924050633
T00285,R0133,4.04,28.1,81.2,2024-06-12,0,0,2,6,Zone_9,11037,1.83,56.1,Mixed,1.0,False,True,False,False,False,False,False,False,False,False,False,False,False,True,4.409155302062135,1.6174060820832772,5.300943312279429,0,Diya Kumar,25,0,Delhi,2019-07-13,155,11,4.4,Low,0.4186451612903226,5.272709677419355,2586,0.07096774193548387
T00286,R0127,11.37,66.58,179.05,2024-08-23,0,0,4,8,Zone_4,4038,2.46,48.2,Business,2.0,False,True,False,False,False,False,False,False,True,False,False,False,False,False,5.193234590094884,2.5152741864043966,8.15965685553014,0,Vivaan Kumar,38,1,Chennai,2020-03-17,43,2,4.83,Low,1.6467441860465117,32.56906976744186,2338,0.046511627906976744
T00287,R0237,8.8,81.48,147.6,2023-09-02,0,0,5,9,Zone_5,2590,1.31,43.9,Business,0.0,False,True,False,False,False,False,False,False,False,True,False,False,False,False,5.001258132283659,2.2823823856765264,9.026627277117406,0,Aadhya Nair,40,1,Chennai,2022-12-13,36,3,3.71,Low,2.7047222222222222,48.88055555555556,1337,0.08333333333333333
T00288,R0180,0.3,2.4,6.82,2024-01-07,0,0,6,1,Zone_2,6371,0.91,58.4,Residential,0.0,False,True,False,False,False,False,True,False,False,False,False,False,False,False,2.05668455455722,0.262364264467491,1.5491933384829668,0,Diya Kumar,33,1,Hyderabad,2019-12-03,44,4,4.53,Low,0.12840909090909092,1.929318181818182,2443,0.09090909090909091
T00289,R0277,10.94,104.91,138.1,2024-08-15,0,0,3,8,Zone_1,4921,2.43,30.9,Residential,2.0,False,True,False,False,True,False,False,False,False,False,False,False,False,False,4.935193098929397,2.479894107964456,10.24255827418131,0,Kavya Gupta,42,0,Jaipur,2021-01-22,433,16,3.06,High,0.20076212471131638,3.2397228637413393,2027,0.03695150115473441
T00290,R0068,14.67,124.27,256.47,2024-04-21,0,0,6,4,Zone_1,4921,2.43,30.9,Residential,2.0,False,False,False,True,True,False,False,False,False,False,False,False,False,False,5.550903208462204,2.7517480563679295,11.147645491313401,0,Meera Singh,30,0,Ahmedabad,2022-08-31,456,70,4.97,High,0.15745614035087718,2.4136622807017547,1441,0.15350877192982457
T00291,R0169,20.8,164.64,379.11,2023-02-18,0,0,5,2,Zone_10,2440,1.54,35.4,Industrial,1.0,False,False,True,False,False,True,False,False,False,False,False,False,False,False,5.940460684515219,3.0819099697950434,12.831211945876351,0,Reyansh Kumar,32,1,Delhi,2023-02-21,497,81,4.19,High,0.14167002012072433,2.841871227364185,1267,0.16297786720321933
T00292,R0190,8.17,66.73,198.59,2024-08-05,1,0,0,8,Zone_4,4038,2.46,48.2,Business,2.0,True,False,False,False,False,False,False,False,True,False,False,False,False,False,5.2962652624219055,2.2159372862683733,8.16884324736373,0,Saanvi Iyer,35,2,Surat,2020-09-25,274,47,4.12,Medium,0.25543795620437953,4.08,2146,0.17153284671532848
T00293,R0109,9.16,66.29,213.82,2023-05-12,0,0,4,5,Zone_10,2440,1.54,35.4,Industrial,1.0,False,False,True,False,False,True,False,False,False,False,False,False,False,False,5.369800468169901,2.318458442150336,8.141867107733951,0,Vivaan Kumar,35,0,Delhi,2022-11-19,62,5,3.35,Low,0.6974193548387098,11.13532258064516,1361,0.08064516129032258
T00294,R0094,16.03,147.85,146.27,2023-01-12,0,0,3,1,Zone_6,14627,0.54,37.6,Mixed,0.0,False,False,False,True,False,False,False,False,False,False,True,False,False,False,4.992267636738071,2.834976494674597,12.159358535712318,0,Diya Iyer,41,2,Delhi,2023-04-13,480,62,4.87,High,0.09941666666666667,1.5616666666666668,1216,0.12916666666666668
T00295,R0229,8.84,79.58,96.2,2023-04-08,0,0,5,4,Zone_1,4921,2.43,30.9,Residential,2.0,False,False,False,True,True,False,False,False,False,False,False,False,False,False,4.576770711466393,2.286455711064162,8.920762299265686,0,Reyansh Ghosh,22,0,Mumbai,2020-11-23,146,16,4.43,Low,0.26493150684931505,4.715753424657534,2087,0.1095890410958904
T00296,R0084,9.38,67.84,183.0,2023-12-18,0,0,0,12,Zone_5,2590,1.31,43.9,Business,0.0,True,False,False,False,False,False,False,False,False,True,False,False,False,False,5.214935757608986,2.3398808777377424,8.2365041127896,0,Kavya Sharma,38,1,Jaipur,2019-07-21,366,6,4.67,High,0.20464480874316943,3.923060109289618,2578,0.01639344262295082
T00297,R0013,4.85,41.88,92.68,2023-12-07,0,0,3,12,Zone_7,11070,0.64,45.2,Industrial,0.0,False,False,False,True,False,False,False,False,False,False,False,True,False,False,4.539884719289462,1.766441661243765,6.471475874945375,0,Ishaan Gupta,43,0,Kolkata,2019-04-01,6,0,3.91,Low,13.418333333333335,238.80666666666664,2689,0.0
T00298,R0222,1.03,6.71,22.09,2023-08-10,0,0,3,8,Zone_10,2440,1.54,35.4,Industrial,1.0,False,False,False,True,False,True,False,False,False,False,False,False,False,False,3.139399623366404,0.708035793053696,2.5903667693977237,0,Aarav Singh,27,1,Surat,2022-08-28,475,12,3.44,High,0.16642105263157894,2.7908000000000004,1444,0.02526315789473684
T00299,R0110,12.56,73.2,187.1,2023-12-07,0,0,3,12,Zone_3,12971,2.11,38.0,Business,2.0,False,False,False,True,False,False,False,True,False,False,False,False,False,False,5.236973736306985,2.6071242825122494,8.555699854482976,0,Vivaan Patel,19,0,Kolkata,2023-02-04,224,28,4.43,Medium,0.26571428571428574,4.226249999999999,1284,0.125
T00300,R0030,1.63,9.91,36.07,2023-09-08,0,0,4,9,Zone_10,2440,1.54,35.4,Industrial,1.0,False,False,True,False,False,True,False,False,False,False,False,False,False,False,3.612808017162641,0.9669838461896731,3.1480152477394387,0,Saanvi Patel,25,2,Mumbai,2021-01-08,442,58,3.72,High,0.1833710407239819,3.5865384615384617,2041,0.13122171945701358
T00301,R0037,13.7,92.43,300.6,2024-01-21,0,0,6,1,Zone_10,2440,1.54,35.4,Industrial,1.0,False,False,False,True,False,True,False,False,False,False,False,False,False,False,5.709101636133801,2.6878474937846906,9.614052215377239,0,Aadhya Iyer,32,2,Ahmedabad,2020-11-21,489,6,3.36,High,0.15969325153374234,2.6884662576687117,2089,0.012269938650306749
T00302,R0191,4.06,26.03,73.11,2023-05-07,0,0,6,5,Zone_8,4516,1.93,31.0,Business,1.0,False,True,False,False,False,False,False,False,False,False,False,False,True,False,4.305550475963267,1.6213664832993742,5.101960407529639,0,Meera Gupta,33,2,Surat,2020-08-14,87,6,4.56,Low,0.9559770114942528,15.24735632183908,2188,0.06896551724137931
T00303,R0047,9.33,90.48,95.23,2024-01-23,0,0,1,1,Zone_2,6371,0.91,58.4,Residential,0.0,True,False,False,False,False,False,True,False,False,False,False,False,False,False,4.566741159368309,2.3350522831315472,9.512097560475292,0,Reyansh Iyer,51,0,Bengaluru,2021-10-07,69,3,4.86,Low,0.9018840579710146,16.592318840579708,1769,0.043478260869565216
T00304,R0153,6.14,51.22,62.16,2023-06-15,0,0,3,6,Zone_4,4038,2.46,48.2,Business,2.0,True,False,False,False,False,False,False,False,True,False,False,False,False,False,4.145671189387441,1.965712776351493,7.1568149340331555,0,Aadhya Ghosh,20,1,Mumbai,2020-05-04,76,14,4.54,Low,0.3794736842105263,6.065131578947368,2290,0.18421052631578946
T00305,R0037,13.87,104.8,212.4,2023-05-15,0,0,0,5,Zone_6,14627,0.54,37.6,Mixed,0.0,False,False,True,False,False,False,False,False,False,False,True,False,False,False,5.363168338867653,2.6993457604720636,10.237187113655782,0,Aadhya Iyer,32,2,Ahmedabad,2020-11-21,489,6,3.36,High,0.15969325153374234,2.6884662576687117,2089,0.012269938650306749
T00306,R0164,9.5,52.89,128.05,2024-01-14,0,0,6,1,Zone_10,2440,1.54,35.4,Industrial,1.0,False,False,True,False,False,True,False,False,False,False,False,False,False,False,4.860199926164623,2.3513752571634776,7.2725511342306834,0,Aadhya Ghosh,37,2,Ahmedabad,2022-07-06,249,23,4.02,Medium,0.40273092369477914,7.062208835341366,1497,0.09236947791164658
T00307,R0090,17.8,146.74,379.63,2024-03-08,0,0,4,3,Zone_4,4038,2.46,48.2,Business,2.0,False,False,False,True,False,False,False,False,True,False,False,False,False,False,5.94182777466688,2.9338568698359038,12.113628688382354,0,Kavya Iyer,33,0,Mumbai,2021-01-31,152,25,4.51,Low,0.7113815789473685,12.63078947368421,2018,0.16447368421052633
T00308,R0074,2.58,22.59,36.36,2023-04-16,0,0,6,4,Zone_3,12971,2.11,38.0,Business,2.0,False,True,False,False,False,False,False,True,False,False,False,False,False,False,3.620600613360642,1.275362800412609,4.752893855326458,0,Vivaan Ghosh,23,1,Kolkata,2023-09-11,199,22,4.89,Medium,0.2321105527638191,4.106884422110553,1065,0.11055276381909548
T00309,R0080,10.07,64.41,162.79,2023-01-19,0,0,3,1,Zone_4,4038,2.46,48.2,Business,2.0,False,False,False,True,False,False,False,False,True,False,False,False,False,False,5.098585119494288,2.4042387467205457,8.025584090893322,0,Reyansh Kumar,19,0,Mumbai,2021-05-15,34,6,4.6,Low,1.6208823529411764,24.814117647058826,1914,0.17647058823529413
T00310,R0004,8.24,60.17,80.25,2024-07-23,0,0,1,7,Zone_5,2590,1.31,43.9,Business,0.0,False,False,True,False,False,False,False,False,False,True,False,False,False,False,4.3975308212098465,2.2235418856535927,7.756932383358772,0,Aarav Nair,19,2,Kolkata,2019-07-28,464,5,3.19,High,0.08019396551724138,1.4720474137931034,2571,0.010775862068965518
T00311,R0007,9.4,56.5,111.17,2023-06-17,0,0,5,6,Zone_1,4921,2.43,30.9,Residential,2.0,False,True,False,False,True,False,False,False,False,False,False,False,False,False,4.720015577657132,2.341805806147327,7.516648189186454,0,Ishaan Ghosh,18,0,Mumbai,2021-03-26,458,82,4.03,High,0.08650655021834062,1.3033187772925765,1964,0.17903930131004367
T00312,R0027,15.98,118.94,161.91,2023-02-26,0,0,6,2,Zone_5,2590,1.31,43.9,Business,0.0,True,False,False,False,False,False,False,False,False,True,False,False,False,False,5.093197901078078,2.8320361808832013,10.90596167240652,0,Ishaan Iyer,39,1,Jaipur,2019-10-05,403,61,3.98,High,0.14349875930521092,2.052803970223325,2502,0.1513647642679901
T00313,R0017,10.93,83.99,142.44,2023-12-01,0,0,4,12,Zone_8,4516,1.93,31.0,Business,1.0,False,False,True,False,False,False,False,False,False,False,False,False,True,False,4.965916829296877,2.4790562361098245,9.164605828948673,0,Meera Das,49,0,Mumbai,2023-03-18,288,21,3.83,Medium,0.19437500000000002,2.820520833333333,1242,0.07291666666666667
T00314,R0173,2.26,18.32,40.95,2023-06-22,0,0,3,6,Zone_3,12971,2.11,38.0,Business,2.0,False,False,True,False,False,False,False,True,False,False,False,False,False,False,3.7364784329132155,1.1817271953786161,4.280186911806539,0,Saanvi Ghosh,26,2,Mumbai,2020-01-15,389,55,4.28,High,0.1286375321336761,2.2145758354755785,2400,0.14138817480719795
T00315,R0080,10.67,101.39,221.3,2023-08-25,0,0,4,8,Zone_5,2590,1.31,43.9,Business,0.0,True,False,False,False,False,False,False,False,False,True,False,False,False,False,5.404027820970151,2.4570214462984645,10.069260151570223,0,Reyansh Kumar,19,0,Mumbai,2021-05-15,34,6,4.6,Low,1.6208823529411764,24.814117647058826,1914,0.17647058823529413
T00316,R0212,5.92,31.63,94.3,2024-05-05,0,0,6,5,Zone_1,4921,2.43,30.9,Residential,2.0,False,False,True,False,True,False,False,False,False,False,False,False,False,False,4.557029810660157,1.9344157696295783,5.624055476255546,0,Aadhya Iyer,36,0,Ahmedabad,2023-09-11,73,12,3.22,Low,0.8024657534246575,15.458767123287672,1065,0.1643835616438356
T00317,R0113,5.63,55.52,108.99,2024-08-23,0,0,4,8,Zone_4,4038,2.46,48.2,Business,2.0,False,False,False,True,False,False,False,False,True,False,False,False,False,False,4.700389452569025,1.891604804197771,7.451174404078864,0,Aadhya Singh,26,2,Chennai,2019-03-09,423,26,4.61,High,0.1300709219858156,2.591702127659574,2712,0.061465721040189124
T00318,R0102,13.23,79.32,207.3,2023-08-18,0,0,4,8,Zone_8,4516,1.93,31.0,Business,1.0,False,False,False,True,False,False,False,False,False,False,False,False,True,False,5.3389793482669266,2.655352412101761,8.906177631284926,0,Aarav Nair,18,0,Chennai,2023-05-13,123,22,4.1,Low,0.29130081300813004,3.9292682926829268,1186,0.17886178861788618
T00319,R0178,4.99,39.38,106.51,2023-12-24,0,0,6,12,Zone_2,6371,0.91,58.4,Residential,0.0,True,False,False,False,False,False,True,False,False,False,False,False,False,False,4.6775838664971365,1.7900914121273581,6.275348595894893,0,Saanvi Ghosh,27,1,Delhi,2021-05-15,56,7,3.13,Low,1.1296428571428572,18.581071428571427,1914,0.125
T00320,R0294,6.1,41.42,74.02,2023-01-15,0,0,6,1,Zone_6,14627,0.54,37.6,Mixed,0.0,False,False,True,False,False,False,False,False,False,False,True,False,False,False,4.317754744653741,1.9600947840472698,6.435837163881635,0,Arjun Reddy,24,1,Surat,2021-04-02,41,7,3.2,Low,1.3824390243902438,20.37560975609756,1957,0.17073170731707318
T00321,R0040,8.16,74.12,71.85,2024-02-03,0,0,5,2,Zone_7,11070,0.64,45.2,Industrial,0.0,False,True,False,False,False,False,False,False,False,False,False,True,False,False,4.288402532641213,2.214846178686039,8.609297300012354,0,Aarav Gupta,34,2,Surat,2023-05-05,485,36,4.41,High,0.1658762886597938,2.352061855670103,1194,0.07422680412371134
T00322,R0094,12.73,115.69,253.21,2023-07-11,0,0,1,7,Zone_7,11070,0.64,45.2,Industrial,0.0,False,False,True,False,False,False,False,False,False,False,False,True,False,False,5.53816069708466,2.6195832197798796,10.75592859775482,0,Diya Iyer,41,2,Delhi,2023-04-13,480,62,4.87,High,0.09941666666666667,1.5616666666666668,1216,0.12916666666666668
T00323,R0150,10.91,87.34,95.48,2024-04-17,0,0,2,4,Zone_7,11070,0.64,45.2,Industrial,0.0,True,False,False,False,False,False,False,False,False,False,False,True,False,False,4.5693357329788755,2.477378383367209,9.34558719396486,0,Ishaan Gupta,33,1,Pune,2022-02-27,215,16,4.95,Medium,0.25795348837209303,3.506232558139535,1626,0.07441860465116279
T00324,R0074,6.83,40.8,78.43,2023-11-03,0,0,4,11,Zone_2,6371,0.91,58.4,Residential,0.0,True,False,False,False,False,False,True,False,False,False,False,False,False,False,4.374876130645041,2.057962510002712,6.387487769068525,0,Vivaan Ghosh,23,1,Kolkata,2023-09-11,199,22,4.89,Medium,0.2321105527638191,4.106884422110553,1065,0.11055276381909548
T00325,R0075,6.64,33.91,133.09,2024-02-28,0,0,2,2,Zone_6,14627,0.54,37.6,Mixed,0.0,False,False,True,False,False,False,False,False,False,False,True,False,False,False,4.898511216291551,2.033397603178429,5.823229344616267,0,Diya Reddy,18,0,Mumbai,2021-04-30,108,7,4.83,Low,0.43657407407407406,6.526018518518519,1929,0.06481481481481481
T00326,R0038,2.2,17.29,35.33,2024-06-10,0,0,0,6,Zone_3,12971,2.11,38.0,Business,2.0,False,False,True,False,False,False,False,True,False,False,False,False,False,False,3.5926438462331105,1.1631508098056809,4.158124577258358,0,Aarav Singh,37,2,Kolkata,2023-02-11,68,7,4.07,Low,0.43720588235294117,6.673970588235294,1277,0.10294117647058823
T00327,R0059,4.2,31.26,68.6,2023-11-23,0,0,3,11,Zone_8,4516,1.93,31.0,Business,1.0,False,False,False,True,False,False,False,False,False,False,False,False,True,False,4.242764567340374,1.6486586255873816,5.591064299397745,0,Aarav Sharma,43,1,Delhi,2021-08-02,357,11,3.27,High,0.09803921568627451,1.4979831932773109,1835,0.03081232492997199
T00328,R0096,4.73,37.52,89.79,2023-08-10,0,0,3,8,Zone_9,11037,1.83,56.1,Mixed,1.0,False,False,True,False,False,False,False,False,False,False,False,False,False,True,4.508549147383666,1.7457155307266483,6.125357132445422,0,Reyansh Das,40,0,Kolkata,2019-12-28,121,3,4.46,Low,0.2265289256198347,2.933471074380165,2418,0.024793388429752067
T00329,R0195,7.25,40.59,150.9,2024-07-06,0,0,5,7,Zone_7,11070,0.64,45.2,Industrial,0.0,False,True,False,False,False,False,False,False,False,False,False,True,False,False,5.023222409601727,2.1102132003465894,6.371028174478591,0,Aadhya Reddy,33,1,Kolkata,2021-05-27,72,10,4.97,Low,0.9766666666666668,14.502361111111112,1902,0.1388888888888889
T00330,R0233,17.93,155.66,164.79,2023-08-01,0,0,1,8,Zone_8,4516,1.93,31.0,Business,1.0,True,False,False,False,False,False,False,False,False,False,False,False,True,False,5.110721927251374,2.9407479652212314,12.476377679438851,0,Ishaan Iyer,30,2,Hyderabad,2023-11-23,469,41,4.37,High,0.1903411513859275,3.3757569296375265,992,0.08742004264392324
T00331,R0014,4.62,33.69,68.83,2023-07-22,0,0,5,7,Zone_5,2590,1.31,43.9,Business,0.0,False,True,False,False,False,False,False,False,False,True,False,False,False,False,4.246063716857944,1.7263316639055997,5.80430874437258,0,Aarav Das,26,0,Ahmedabad,2021-06-08,325,53,3.0,High,0.1298153846153846,2.710769230769231,1890,0.16307692307692306
T00332,R0067,6.52,63.41,59.94,2023-06-29,0,0,3,6,Zone_3,12971,2.11,38.0,Business,2.0,False,False,True,False,False,False,False,True,False,False,False,False,False,False,4.109889773557563,2.017566137961748,7.963039620647382,0,Saanvi Iyer,32,1,Pune,2022-07-24,348,9,3.38,High,0.32491379310344826,5.3069252873563215,1479,0.02586206896551724
T00333,R0256,2.26,18.78,22.4,2024-07-21,0,0,6,7,Zone_3,12971,2.11,38.0,Business,2.0,False,True,False,False,False,False,False,True,False,False,False,False,False,False,3.152736022363656,1.1817271953786161,4.3335897360040905,0,Aadhya Sharma,31,0,Delhi,2021-03-25,265,8,3.65,Medium,0.15641509433962264,2.8445283018867924,1965,0.03018867924528302
T00334,R0178,11.0,61.05,200.36,2024-01-27,0,0,5,1,Zone_10,2440,1.54,35.4,Industrial,1.0,True,False,False,False,False,True,False,False,False,False,False,False,False,False,5.30509435082706,2.4849066497880004,7.813449942247022,0,Saanvi Ghosh,27,1,Delhi,2021-05-15,56,7,3.13,Low,1.1296428571428572,18.581071428571427,1914,0.125
T00335,R0170,0.11,1.02,3.27,2024-05-14,1,0,1,5,Zone_2,6371,0.91,58.4,Residential,0.0,False,False,True,False,False,False,True,False,False,False,False,False,False,False,1.451613827240533,0.10436001532424277,1.0099504938362078,0,Saanvi Kumar,29,2,Bengaluru,2020-05-20,28,3,3.68,Low,1.9110714285714285,33.70392857142857,2274,0.10714285714285714
T00336,R0224,3.47,17.54,72.48,2023-01-08,0,0,6,1,Zone_2,6371,0.91,58.4,Residential,0.0,True,False,False,False,False,False,True,False,False,False,False,False,False,False,4.297013260346925,1.4973884086254776,4.188078318274385,0,Ishaan Sharma,29,0,Ahmedabad,2020-08-04,200,1,4.31,Medium,0.20855,2.5707,2198,0.005
T00337,R0115,13.21,99.53,292.15,2024-05-15,0,0,2,5,Zone_8,4516,1.93,31.0,Business,1.0,False,False,False,True,False,False,False,False,False,False,False,False,True,False,5.680684423410224,2.6539459421090092,9.976472322419383,0,Aarav Ghosh,40,0,Bengaluru,2020-03-01,170,15,4.4,Medium,0.49105882352941177,8.388058823529413,2354,0.08823529411764706
T00338,R0136,2.52,16.42,53.39,2023-02-11,0,0,5,2,Zone_1,4921,2.43,30.9,Residential,2.0,True,False,False,False,True,False,False,False,False,False,False,False,False,False,3.9961803134348695,1.2584609896100056,4.052159917870962,0,Diya Ghosh,34,1,Hyderabad,2019-01-19,339,11,3.82,High,0.0792330383480826,1.0111799410029498,2761,0.032448377581120944
T00339,R0152,8.48,84.12,165.16,2024-05-08,0,0,2,5,Zone_5,2590,1.31,43.9,Business,0.0,False,False,True,False,False,False,False,False,False,True,False,False,False,False,5.112951179567857,2.2491843162669305,9.171695590238482,0,Arjun Patel,34,0,Bengaluru,2021-05-04,143,24,3.91,Low,0.3393706293706294,6.395524475524475,1925,0.16783216783216784
T00340,R0223,12.0,90.38,197.57,2023-09-14,0,0,3,9,Zone_1,4921,2.43,30.9,Residential,2.0,False,False,False,True,True,False,False,False,False,False,False,False,False,False,5.2911416827989415,2.5649493574615367,9.506839643120104,0,Meera Ghosh,30,0,Surat,2019-11-29,158,10,4.04,Low,0.3569620253164557,6.248164556962026,2447,0.06329113924050633
T00341,R0054,15.63,117.8,255.15,2023-08-12,0,0,5,8,Zone_5,2590,1.31,43.9,Business,0.0,True,False,False,False,False,False,False,False,False,True,False,False,False,False,5.5457632103852115,2.8112082932048366,10.853570840972107,0,Meera Iyer,25,2,Mumbai,2021-06-30,267,22,3.58,Medium,0.05853932584269663,0.9556179775280899,1868,0.08239700374531835
T00342,R0105,3.4,31.54,36.83,2023-02-12,0,0,6,2,Zone_5,2590,1.31,43.9,Business,0.0,False,True,False,False,False,False,False,False,False,True,False,False,False,False,3.6331024386449378,1.4816045409242156,5.616048432839588,0,Diya Das,31,0,Jaipur,2020-09-28,346,9,3.69,High,0.27514450867052026,3.7604624277456646,2143,0.02601156069364162
T00343,R0232,4.88,42.08,121.38,2024-06-08,1,0,5,6,Zone_7,11070,0.64,45.2,Industrial,0.0,False,False,True,False,False,False,False,False,False,False,False,True,False,False,4.807130958034395,1.7715567619105355,6.486909896090742,0,Meera Das,38,1,Jaipur,2022-12-08,172,15,3.94,Medium,0.541860465116279,8.667674418604651,1342,0.0872093023255814
T00344,R0036,17.02,161.82,174.34,2023-08-24,0,0,3,8,Zone_8,4516,1.93,31.0,Business,1.0,True,False,False,False,False,False,False,False,False,False,False,False,True,False,5.1667269461604395,2.8914822521801917,12.720849028268514,0,Aadhya Das,30,0,Surat,2022-03-16,177,15,4.9,Medium,0.36819209039548023,5.884293785310734,1609,0.0847457627118644
T00345,R0174,7.87,67.67,133.1,2023-01-22,0,0,6,1,Zone_9,11037,1.83,56.1,Mixed,1.0,True,False,False,False,False,False,False,False,False,False,False,False,False,True,4.898585790287632,2.1826747963214883,8.226177727231525,0,Aadhya Patel,32,1,Kolkata,2019-02-07,320,7,3.8,Medium,0.1941875,2.88059375,2742,0.021875
T00346,R0051,4.32,22.26,93.22,2023-05-04,0,0,3,5,Zone_1,4921,2.43,30.9,Residential,2.0,False,True,False,False,True,False,False,False,False,False,False,False,False,False,4.545632473271895,1.6714733033535532,4.71805044483418,0,Aarav Nair,21,1,Kolkata,2020-04-05,213,14,4.02,Medium,0.2778403755868545,5.169107981220657,2319,0.06572769953051644
T00347,R0140,4.41,35.96,40.09,2023-02-08,0,0,2,2,Zone_4,4038,2.46,48.2,Business,2.0,False,False,True,False,False,False,False,False,True,False,False,False,False,False,3.7157647828953184,1.6882490928583902,5.99666574022598,0,Aadhya Nair,29,0,Delhi,2020-04-17,499,45,4.92,High,0.06975951903807616,1.2386973947895792,2307,0.09018036072144289
T00348,R0155,3.14,26.64,33.21,2023-06-30,0,0,4,6,Zone_3,12971,2.11,38.0,Business,2.0,False,False,False,True,False,False,False,True,False,False,False,False,False,False,3.5325179989895132,1.420695787837223,5.1613951602255765,0,Meera Reddy,23,1,Hyderabad,2019-02-10,353,8,3.14,High,0.17254957507082153,2.639405099150142,2739,0.0226628895184136
T00349,R0018,5.8,30.14,46.49,2023-04-28,0,0,4,4,Zone_9,11037,1.83,56.1,Mixed,1.0,False,False,False,True,False,False,False,False,False,False,False,False,False,True,3.8605191625610304,1.916922612182061,5.489990892524322,0,Aarav Reddy,49,0,Delhi,2023-01-09,446,86,3.29,High,0.12150224215246637,2.3415470852017934,1310,0.19282511210762332
T00350,R0184,13.44,90.43,219.56,2023-10-19,0,0,3,10,Zone_1,4921,2.43,30.9,Residential,2.0,True,False,False,False,True,False,False,False,False,False,False,False,False,False,5.396169766715541,2.67000213346468,9.509468965194639,0,Meera Nair,29,0,Surat,2020-03-04,285,27,3.97,Medium,0.24266666666666664,4.2551578947368425,2351,0.09473684210526316
T00351,R0278,12.44,86.85,295.14,2024-05-17,0,0,4,5,Zone_7,11070,0.64,45.2,Industrial,0.0,False,False,True,False,False,False,False,False,False,False,False,True,False,False,5.690832315480573,2.5982353350950036,9.31933474020544,0,Aarav Reddy,20,0,Mumbai,2021-09-02,382,58,4.27,High,0.25536649214659685,5.527120418848168,1804,0.1518324607329843
T00352,R0190,2.13,11.74,23.56,2024-07-31,0,0,2,7,Zone_1,4921,2.43,30.9,Residential,2.0,False,False,False,True,True,False,False,False,False,False,False,False,False,False,3.2011191032789417,1.1410330045520618,3.4263683398023628,0,Saanvi Iyer,35,2,Surat,2020-09-25,274,47,4.12,Medium,0.25543795620437953,4.08,2146,0.17153284671532848
T00353,R0066,9.07,47.59,170.17,2023-06-11,0,0,6,6,Zone_1,4921,2.43,30.9,Residential,2.0,False,True,False,False,True,False,False,False,False,False,False,False,False,False,5.142657214707572,2.309560706730471,6.898550572402873,0,Arjun Patel,38,0,Bengaluru,2022-06-03,167,28,4.72,Medium,0.25431137724550895,3.449940119760479,1530,0.16766467065868262
T00354,R0094,5.99,57.23,112.32,2023-10-03,0,0,1,10,Zone_5,2590,1.31,43.9,Business,0.0,True,False,False,False,False,False,False,False,False,True,False,False,False,False,4.730215674962316,1.944480556245719,7.565051222562872,0,Diya Iyer,41,2,Delhi,2023-04-13,480,62,4.87,High,0.09941666666666667,1.5616666666666668,1216,0.12916666666666668
T00355,R0042,11.91,74.32,100.52,2024-07-01,0,0,0,7,Zone_3,12971,2.11,38.0,Business,2.0,True,False,False,False,False,False,False,True,False,False,False,False,False,False,4.620255823406132,2.558002204858551,8.620904824900922,0,Arjun Reddy,18,0,Chennai,2021-05-20,23,4,3.03,Low,2.0069565217391303,32.10782608695652,1909,0.17391304347826086
T00356,R0252,7.22,71.74,179.88,2023-01-30,1,0,0,1,Zone_6,14627,0.54,37.6,Mixed,0.0,False,False,True,False,False,False,False,False,False,False,True,False,False,False,5.197833827969714,2.1065702090680882,8.469946871143879,0,Reyansh Gupta,38,2,Ahmedabad,2020-09-23,392,47,4.83,High,0.25614795918367345,4.290943877551021,2148,0.11989795918367346
T00357,R0070,9.86,84.18,174.1,2023-02-03,0,0,4,2,Zone_2,6371,0.91,58.4,Residential,0.0,False,False,True,False,False,False,True,False,False,False,False,False,False,False,5.165357239291806,2.3850863145057892,9.174965939991276,0,Meera Reddy,33,1,Bengaluru,2023-01-03,310,6,3.54,Medium,0.2897096774193548,5.337709677419355,1316,0.01935483870967742
T00358,R0262,7.21,64.54,104.14,2023-10-29,0,0,6,10,Zone_4,4038,2.46,48.2,Business,2.0,False,False,True,False,False,False,False,False,True,False,False,False,False,False,4.655292795391302,2.105352923464337,8.033679107357974,0,Meera Singh,30,1,Ahmedabad,2019-04-21,6,0,3.35,Low,9.936666666666667,161.22666666666666,2669,0.0
T00359,R0266,2.94,23.28,30.06,2024-01-22,0,0,0,1,Zone_6,14627,0.54,37.6,Mixed,0.0,False,False,True,False,False,False,False,False,False,False,True,False,False,False,3.435920817720541,1.3711807233098425,4.824935232725927,0,Diya Reddy,29,2,Chennai,2020-09-25,98,13,3.9,Low,0.7445918367346939,12.729081632653061,2146,0.1326530612244898
T00360,R0135,8.24,46.06,136.7,2024-08-06,0,0,1,8,Zone_8,4516,1.93,31.0,Business,1.0,False,True,False,False,False,False,False,False,False,False,False,False,True,False,4.925077405734609,2.2235418856535927,6.786751800382861,0,Reyansh Patel,38,0,Ahmedabad,2022-02-24,153,8,3.47,Low,0.4352941176470588,6.4845098039215685,1629,0.05228758169934641
T00361,R0205,1.64,12.3,18.88,2024-04-13,0,0,5,4,Zone_8,4516,1.93,31.0,Business,1.0,False,True,False,False,False,False,False,False,False,False,False,False,True,False,2.989714201228428,0.9707789171582248,3.5071355833500366,0,Diya Singh,31,2,Surat,2019-05-12,100,14,4.66,Low,0.25549999999999995,2.659,2648,0.14
T00362,R0011,11.74,95.8,271.65,2024-04-20,0,0,5,4,Zone_8,4516,1.93,31.0,Business,1.0,False,False,True,False,False,False,False,False,False,False,False,False,True,False,5.60818892137207,2.5447466501440172,9.787747442593725,0,Vivaan Nair,26,1,Chennai,2020-04-14,208,34,4.0,Medium,0.4276923076923077,7.8547115384615385,2310,0.16346153846153846
T00363,R0163,4.6,41.6,101.86,2023-01-09,0,0,0,1,Zone_9,11037,1.83,56.1,Mixed,1.0,False,False,False,True,False,False,False,False,False,False,False,False,False,True,4.63336884034677,1.7227665977411035,6.44980619863884,0,Kavya Gupta,33,2,Ahmedabad,2020-02-20,302,21,3.56,Medium,0.06221854304635761,1.0750993377483444,2364,0.0695364238410596
T00364,R0289,4.97,39.77,98.47,2023-10-20,0,0,4,10,Zone_2,6371,0.91,58.4,Residential,0.0,False,True,False,False,False,False,True,False,False,False,False,False,False,False,4.599856091164322,1.7867469274045107,6.3063460101710245,0,Aarav Gupta,21,2,Chennai,2021-09-30,322,14,4.17,Medium,0.2053726708074534,3.8337888198757764,1776,0.043478260869565216
T00365,R0025,7.96,43.83,195.74,2024-03-19,1,0,1,3,Zone_6,14627,0.54,37.6,Mixed,0.0,False,True,False,False,False,False,False,False,False,False,True,False,False,False,5.281883060084612,2.192770226986839,6.620422947214173,0,Meera Das,21,0,Mumbai,2021-10-22,42,3,4.01,Low,1.125,17.129285714285714,1754,0.07142857142857142
T00366,R0096,10.89,105.07,117.8,2024-01-16,0,0,1,1,Zone_6,14627,0.54,37.6,Mixed,0.0,False,True,False,False,False,False,False,False,False,False,True,False,False,False,4.777441406928545,2.4756977107026903,10.250365847129554,0,Reyansh Das,40,0,Kolkata,2019-12-28,121,3,4.46,Low,0.2265289256198347,2.933471074380165,2418,0.024793388429752067
T00367,R0289,7.15,66.44,145.31,2024-05-24,0,0,4,5,Zone_2,6371,0.91,58.4,Residential,0.0,False,True,False,False,False,False,True,False,False,False,False,False,False,False,4.985727658390071,2.0980179272527715,8.151073548925932,0,Aarav Gupta,21,2,Chennai,2021-09-30,322,14,4.17,Medium,0.2053726708074534,3.8337888198757764,1776,0.043478260869565216
T00368,R0046,16.21,93.77,326.52,2024-04-29,0,0,0,4,Zone_5,2590,1.31,43.9,Business,0.0,True,False,False,False,False,False,False,False,False,True,False,False,False,False,5.791549121912979,2.845490610223448,9.683491106000975,0,Vivaan Singh,31,0,Kolkata,2019-08-16,31,4,3.87,Low,2.581290322580645,41.82,2552,0.12903225806451613
T00369,R0176,16.24,81.44,229.65,2024-07-10,0,0,2,7,Zone_3,12971,2.11,38.0,Business,2.0,False,True,False,False,False,False,False,True,False,False,False,False,False,False,5.440901410003829,2.847232265235547,9.024411338142782,0,Kavya Gupta,43,1,Mumbai,2019-05-24,260,13,3.95,Medium,0.3502307692307692,6.3002692307692305,2636,0.05
T00370,R0263,16.58,129.55,182.4,2023-07-30,0,0,6,7,Zone_8,4516,1.93,31.0,Business,1.0,False,False,True,False,False,False,False,False,False,False,False,False,True,False,5.211669559822364,2.866761892257031,11.382003338604326,0,Ishaan Das,31,2,Chennai,2020-12-30,297,21,3.84,Medium,0.3522558922558922,5.2110101010101015,2050,0.0707070707070707
T00371,R0122,6.83,37.86,114.4,2023-04-09,0,0,6,4,Zone_2,6371,0.91,58.4,Residential,0.0,False,False,False,True,False,False,True,False,False,False,False,False,False,False,4.748404354073999,2.057962510002712,6.153048025166064,0,Ishaan Patel,27,0,Kolkata,2022-11-22,324,17,4.98,Medium,0.05098765432098765,1.0863888888888888,1358,0.05246913580246913
T00372,R0039,0.59,3.19,9.63,2023-08-02,0,0,2,8,Zone_5,2590,1.31,43.9,Business,0.0,False,False,True,False,False,False,False,False,False,True,False,False,False,False,2.363680192353857,0.4637340162321401,1.786057109949175,0,Aadhya Iyer,24,1,Chennai,2023-11-18,190,14,4.2,Medium,0.17821052631578946,2.674,997,0.07368421052631578
T00373,R0056,14.1,122.83,199.13,2024-04-20,0,0,5,4,Zone_7,11070,0.64,45.2,Industrial,0.0,False,True,False,False,False,False,False,False,False,False,False,True,False,False,5.2989671553895334,2.714694743820879,11.08286966448672,0,Meera Patel,40,2,Hyderabad,2021-02-26,93,13,3.25,Low,0.7120430107526882,9.976236559139785,1992,0.13978494623655913
T00374,R0168,5.92,56.52,144.08,2023-02-27,1,0,0,2,Zone_8,4516,1.93,31.0,Business,1.0,True,False,False,False,False,False,False,False,False,False,False,False,True,False,4.977285314414702,1.9344157696295783,7.517978451685001,0,Diya Das,23,1,Pune,2019-10-08,471,74,4.03,High,0.0743524416135881,1.2087261146496815,2499,0.15711252653927812
T00375,R0129,8.19,65.45,127.35,2023-11-11,0,0,5,11,Zone_2,6371,0.91,58.4,Residential,0.0,False,False,False,True,False,False,True,False,False,False,False,False,False,False,4.854760907317149,2.2181159363675955,8.090117428072352,0,Vivaan Singh,35,1,Hyderabad,2022-10-08,158,10,3.9,Low,0.5688607594936709,9.54620253164557,1403,0.06329113924050633
T00376,R0110,11.14,68.08,170.22,2024-05-07,0,0,1,5,Zone_1,4921,2.43,30.9,Residential,2.0,True,False,False,False,True,False,False,False,False,False,False,False,False,False,5.142949279314339,2.4965057856313524,8.251060537894507,0,Vivaan Patel,19,0,Kolkata,2023-02-04,224,28,4.43,Medium,0.26571428571428574,4.226249999999999,1284,0.125
T00377,R0197,0.02,0.19,3.27,2024-03-11,1,0,0,3,Zone_4,4038,2.46,48.2,Business,2.0,False,False,True,False,False,False,False,False,True,False,False,False,False,False,1.451613827240533,0.019802627296179712,0.43588989435406733,0,Saanvi Das,29,0,Bengaluru,2020-10-08,475,87,3.87,High,0.14964210526315788,2.048421052631579,2133,0.1831578947368421
T00378,R0053,16.15,86.4,233.26,2023-06-30,0,0,4,6,Zone_6,14627,0.54,37.6,Mixed,0.0,False,True,False,False,False,False,False,False,False,False,True,False,False,False,5.4564316096417285,2.8419981736119486,9.2951600308978,0,Arjun Reddy,45,0,Delhi,2019-09-16,63,7,4.85,Low,0.6984126984126984,11.318095238095237,2521,0.1111111111111111
T00379,R0288,12.37,74.24,206.15,2023-04-21,0,0,4,4,Zone_5,2590,1.31,43.9,Business,0.0,False,False,True,False,False,False,False,False,False,True,False,False,False,False,5.333443168523411,2.5930133911138515,8.616263691415206,0,Diya Ghosh,42,1,Ahmedabad,2021-08-30,43,5,4.56,Low,1.2111627906976743,18.50232558139535,1807,0.11627906976744186
T00380,R0095,9.76,91.81,107.79,2024-06-20,0,0,3,6,Zone_3,12971,2.11,38.0,Business,2.0,False,False,False,True,False,False,False,True,False,False,False,False,False,False,4.689419418432991,2.3758355547336385,9.581753492967767,0,Kavya Iyer,29,0,Chennai,2020-10-07,481,77,4.26,High,0.23856548856548856,3.907713097713098,2134,0.1600831600831601
T00381,R0184,12.45,65.64,223.92,2023-01-16,0,0,0,1,Zone_10,2440,1.54,35.4,Industrial,1.0,False,True,False,False,False,True,False,False,False,False,False,False,False,False,5.415744783424001,2.598979106047848,8.101851640211638,0,Meera Nair,29,0,Surat,2020-03-04,285,27,3.97,Medium,0.24266666666666664,4.2551578947368425,2351,0.09473684210526316
T00382,R0012,10.78,83.18,92.76,2023-05-25,0,0,3,5,Zone_7,11070,0.64,45.2,Industrial,0.0,False,False,True,False,False,False,False,False,False,False,False,True,False,False,4.540738325828703,2.4664031782234406,9.120307012376283,0,Aarav Das,31,0,Hyderabad,2022-01-19,248,11,3.31,Medium,0.11737903225806451,1.4224193548387096,1665,0.04435483870967742
T00383,R0195,8.58,81.92,159.71,2023-11-28,0,0,1,11,Zone_6,14627,0.54,37.6,Mixed,0.0,False,True,False,False,False,False,False,False,False,False,True,False,False,False,5.0796014985609785,2.259677591982769,9.050966799187808,0,Aadhya Reddy,33,1,Kolkata,2021-05-27,72,10,4.97,Low,0.9766666666666668,14.502361111111112,1902,0.1388888888888889
T00384,R0067,6.46,58.17,128.32,2023-01-28,0,0,5,1,Zone_4,4038,2.46,48.2,Business,2.0,False,True,False,False,False,False,False,False,True,False,False,False,False,False,4.862289952857232,2.0095554142156695,7.626925986267338,0,Saanvi Iyer,32,1,Pune,2022-07-24,348,9,3.38,High,0.32491379310344826,5.3069252873563215,1479,0.02586206896551724
T00385,R0110,4.3,21.99,82.52,2024-04-30,0,0,1,4,Zone_3,12971,2.11,38.0,Business,2.0,True,False,False,False,False,False,False,True,False,False,False,False,False,False,4.425086124134329,1.667706820558076,4.689349635077342,0,Vivaan Patel,19,0,Kolkata,2023-02-04,224,28,4.43,Medium,0.26571428571428574,4.226249999999999,1284,0.125
T00386,R0009,9.44,90.19,229.79,2023-08-08,1,0,1,8,Zone_2,6371,0.91,58.4,Residential,0.0,False,False,True,False,False,False,True,False,False,False,False,False,False,False,5.441508206138953,2.3456445824544927,9.496841580230766,0,Diya Patel,42,0,Ahmedabad,2019-12-15,172,21,4.11,Medium,0.37720930232558136,5.327848837209302,2431,0.12209302325581395
T00387,R0275,9.81,51.13,99.7,2024-03-04,0,0,0,3,Zone_3,12971,2.11,38.0,Business,2.0,False,True,False,False,False,False,False,True,False,False,False,False,False,False,4.612145799724517,2.3804716316511167,7.150524456289903,0,Ishaan Das,21,2,Jaipur,2022-10-04,247,17,3.07,Medium,0.13704453441295547,1.3201214574898787,1407,0.06882591093117409
T00388,R0112,13.42,97.7,132.57,2024-08-07,0,0,2,8,Zone_7,11070,0.64,45.2,Industrial,0.0,False,True,False,False,False,False,False,False,False,False,False,True,False,False,4.8946256849890135,2.668616131856803,9.884331034521255,0,Meera Nair,41,0,Delhi,2020-11-13,311,11,3.24,Medium,0.28787781350482317,3.6986173633440513,2097,0.03536977491961415
T00389,R0198,9.0,71.82,152.12,2023-05-25,0,0,3,5,Zone_3,12971,2.11,38.0,Business,2.0,False,False,False,True,False,False,False,True,False,False,False,False,False,False,5.031221927704644,2.302585092994046,8.474668135095321,0,Vivaan Kumar,31,2,Mumbai,2021-12-10,202,23,3.85,Medium,0.19361386138613862,2.9134158415841584,1705,0.11386138613861387
T00390,R0296,3.73,22.49,81.24,2024-01-10,0,0,2,1,Zone_10,2440,1.54,35.4,Industrial,1.0,False,False,True,False,False,True,False,False,False,False,False,False,False,False,4.409641801706855,1.5539252025038417,4.742362280551751,0,Reyansh Patel,37,2,Hyderabad,2021-02-20,390,58,3.97,High,0.20374358974358978,3.349897435897436,1998,0.14871794871794872
T00391,R0094,0.12,0.86,3.27,2024-05-15,1,0,2,5,Zone_2,6371,0.91,58.4,Residential,0.0,False,True,False,False,False,False,True,False,False,False,False,False,False,False,1.451613827240533,0.11332868530700317,0.9273618495495703,0,Diya Iyer,41,2,Delhi,2023-04-13,480,62,4.87,High,0.09941666666666667,1.5616666666666668,1216,0.12916666666666668
T00392,R0014,7.36,66.1,171.59,2023-05-07,0,0,6,5,Zone_1,4921,2.43,30.9,Residential,2.0,False,False,False,True,True,False,False,False,False,False,False,False,False,False,5.150918839543312,2.1234584270966104,8.130190649671137,0,Aarav Das,26,0,Ahmedabad,2021-06-08,325,53,3.0,High,0.1298153846153846,2.710769230769231,1890,0.16307692307692306
T00393,R0173,7.86,54.7,159.7,2023-06-03,0,0,5,6,Zone_7,11070,0.64,45.2,Industrial,0.0,False,True,False,False,False,False,False,False,False,False,False,True,False,False,5.0795392727434665,2.1815467646169897,7.395944834840239,0,Saanvi Ghosh,26,2,Mumbai,2020-01-15,389,55,4.28,High,0.1286375321336761,2.2145758354755785,2400,0.14138817480719795
T00394,R0068,7.51,70.61,110.17,2023-05-28,0,0,6,5,Zone_4,4038,2.46,48.2,Business,2.0,True,False,False,False,False,False,False,False,True,False,False,False,False,False,4.711060561245524,2.1412419425852827,8.402975663418287,0,Meera Singh,30,0,Ahmedabad,2022-08-31,456,70,4.97,High,0.15745614035087718,2.4136622807017547,1441,0.15350877192982457
T00395,R0051,0.35,2.22,3.27,2024-08-15,0,0,3,8,Zone_9,11037,1.83,56.1,Mixed,1.0,True,False,False,False,False,False,False,False,False,False,False,False,False,True,1.451613827240533,0.3001045924503381,1.489966442575134,0,Aarav Nair,21,1,Kolkata,2020-04-05,213,14,4.02,Medium,0.2778403755868545,5.169107981220657,2319,0.06572769953051644
T00396,R0208,13.37,91.14,196.06,2023-01-22,0,0,6,1,Zone_3,12971,2.11,38.0,Business,2.0,False,True,False,False,False,False,False,True,False,False,False,False,False,False,5.283508250894329,2.6651427000909336,9.546727187890099,0,Aadhya Iyer,24,2,Chennai,2020-01-08,356,53,4.75,High,0.13882022471910113,1.691376404494382,2407,0.14887640449438203
T00397,R0256,13.36,71.18,261.94,2024-07-08,0,0,0,7,Zone_1,4921,2.43,30.9,Residential,2.0,False,False,True,False,True,False,False,False,False,False,False,False,False,False,5.571925869268458,2.664446563620078,8.436824046997781,0,Aadhya Sharma,31,0,Delhi,2021-03-25,265,8,3.65,Medium,0.15641509433962264,2.8445283018867924,1965,0.03018867924528302
T00398,R0124,3.88,37.71,93.97,2023-10-02,1,0,0,10,Zone_10,2440,1.54,35.4,Industrial,1.0,True,False,False,False,False,True,False,False,False,False,False,False,False,False,4.553561052254861,1.5851452198650557,6.140846847137616,0,Aadhya Das,37,2,Hyderabad,2022-06-09,419,25,3.59,High,0.10162291169451074,1.5354415274463007,1524,0.059665871121718374
T00399,R0129,12.03,83.87,251.96,2024-06-25,0,0,1,6,Zone_6,14627,0.54,37.6,Mixed,0.0,False,False,False,True,False,False,False,False,False,False,True,False,False,False,5.533231373461162,2.567254391136754,9.158056562393574,0,Vivaan Singh,35,1,Hyderabad,2022-10-08,158,10,3.9,Low,0.5688607594936709,9.54620253164557,1403,0.06329113924050633
T00400,R0254,12.76,94.88,248.24,2024-01-01,0,0,0,1,Zone_3,12971,2.11,38.0,Business,2.0,False,False,True,False,False,False,False,True,False,False,False,False,False,False,5.518416287676021,2.6217658325051976,9.740636529508736,0,Meera Kumar,18,1,Delhi,2020-03-09,363,70,3.68,High,0.2269146005509642,3.346005509641873,2346,0.1928374655647383
T00401,R0273,8.19,69.1,106.28,2024-01-29,0,0,0,1,Zone_2,6371,0.91,58.4,Residential,0.0,False,False,True,False,False,False,True,False,False,False,False,False,False,False,4.675442238973423,2.2181159363675955,8.312640976248161,0,Aadhya Nair,43,1,Delhi,2022-09-17,289,48,3.76,Medium,0.2589965397923875,3.313044982698962,1424,0.16608996539792387
T00402,R0258,3.26,29.49,44.3,2024-06-20,0,0,3,6,Zone_6,14627,0.54,37.6,Mixed,0.0,False,False,False,True,False,False,False,False,False,False,True,False,False,False,3.8133070324889884,1.449269160281279,5.430469592954186,0,Vivaan Nair,32,0,Jaipur,2020-01-29,313,39,3.76,Medium,0.09338658146964858,1.5953674121405752,2386,0.12460063897763578
T00403,R0009,16.07,154.61,132.04,2024-03-08,0,0,4,3,Zone_3,12971,2.11,38.0,Business,2.0,False,True,False,False,False,False,False,True,False,False,False,False,False,False,4.890649834884672,2.837322536806349,12.434226956268734,0,Diya Patel,42,0,Ahmedabad,2019-12-15,172,21,4.11,Medium,0.37720930232558136,5.327848837209302,2431,0.12209302325581395
T00404,R0266,9.9,93.13,150.23,2023-05-02,0,0,1,5,Zone_4,4038,2.46,48.2,Business,2.0,False,False,True,False,False,False,False,False,True,False,False,False,False,False,5.018801856762649,2.388762789235098,9.650388593212192,0,Diya Reddy,29,2,Chennai,2020-09-25,98,13,3.9,Low,0.7445918367346939,12.729081632653061,2146,0.1326530612244898
T00405,R0079,6.74,35.29,90.18,2024-03-01,0,0,4,3,Zone_4,4038,2.46,48.2,Business,2.0,False,False,False,True,False,False,False,False,True,False,False,False,False,False,4.512835574785296,2.046401687601636,5.940538696111658,0,Ishaan Nair,25,1,Bengaluru,2020-09-23,146,28,4.92,Low,0.24972602739726027,4.194589041095891,2148,0.1917808219178082
T00406,R0283,11.86,115.04,274.75,2024-02-27,0,0,1,2,Zone_1,4921,2.43,30.9,Residential,2.0,False,False,False,True,True,False,False,False,False,False,False,False,False,False,5.619494658133612,2.554121718809473,10.725670142233538,0,Diya Nair,19,1,Surat,2023-06-15,245,45,3.55,Medium,0.22844897959183674,4.135632653061225,1153,0.1836734693877551
T00407,R0106,16.11,85.39,157.69,2024-05-08,0,0,2,5,Zone_1,4921,2.43,30.9,Residential,2.0,True,False,False,False,True,False,False,False,False,False,False,False,False,False,5.066952613574751,2.839663087904102,9.240670971309388,0,Aarav Patel,32,2,Bengaluru,2021-11-25,6,1,4.03,Low,6.611666666666667,73.10333333333334,1720,0.16666666666666666
T00408,R0132,5.51,42.54,85.51,2024-02-15,0,0,3,2,Zone_5,2590,1.31,43.9,Business,0.0,False,False,True,False,False,False,False,False,False,True,False,False,False,False,4.460260014192283,1.873339456220478,6.522269543648131,0,Aadhya Iyer,23,1,Surat,2022-12-09,484,25,3.32,High,0.1433884297520661,2.2561776859504135,1341,0.05165289256198347
T00409,R0186,11.46,111.49,132.95,2023-10-10,0,0,1,10,Zone_8,4516,1.93,31.0,Business,1.0,False,False,True,False,False,False,False,False,False,False,False,False,True,False,4.897466595990617,2.522523513359307,10.558882516630252,0,Ishaan Sharma,18,2,Hyderabad,2020-12-11,373,19,3.26,High,0.18386058981233244,2.5169436997319035,2069,0.05093833780160858
T00410,R0098,17.72,114.01,300.05,2023-09-08,0,0,4,9,Zone_10,2440,1.54,35.4,Industrial,1.0,False,False,True,False,False,True,False,False,False,False,False,False,False,False,5.707276363910457,2.929592471049446,10.677546534667972,0,Diya Singh,21,2,Bengaluru,2023-04-29,286,56,3.5,Medium,0.24779720279720283,3.7473776223776225,1200,0.1958041958041958
T00411,R0103,2.42,21.19,39.08,2023-06-18,0,0,6,6,Zone_4,4038,2.46,48.2,Business,2.0,False,True,False,False,False,False,False,False,True,False,False,False,False,False,3.6908774567766094,1.2296405510745139,4.603259714593562,0,Ishaan Gupta,37,2,Surat,2022-11-24,175,14,3.07,Medium,0.40817142857142863,7.065371428571429,1356,0.08
T00412,R0153,5.25,49.11,64.3,2023-01-07,0,0,5,1,Zone_7,11070,0.64,45.2,Industrial,0.0,True,False,False,False,False,False,False,False,False,False,False,True,False,False,4.178992036282385,1.8325814637483102,7.0078527381787925,0,Aadhya Ghosh,20,1,Mumbai,2020-05-04,76,14,4.54,Low,0.3794736842105263,6.065131578947368,2290,0.18421052631578946
T00413,R0172,5.01,40.1,53.07,2024-01-02,0,0,1,1,Zone_8,4516,1.93,31.0,Business,1.0,False,False,True,False,False,False,False,False,False,False,False,False,True,False,3.9902795033939134,1.7934247485471162,6.332456079595025,0,Reyansh Reddy,31,2,Pune,2019-12-24,168,14,3.72,Medium,0.5050595238095238,8.86077380952381,2422,0.08333333333333333
T00414,R0049,7.21,67.64,164.58,2024-02-08,0,0,3,2,Zone_8,4516,1.93,31.0,Business,1.0,False,False,False,True,False,False,False,False,False,False,False,False,True,False,5.10945446171066,2.105352923464337,8.224354077980836,0,Meera Iyer,39,1,Mumbai,2020-05-19,375,55,4.4,High,0.15565333333333334,2.6144,2275,0.14666666666666667
T00415,R0245,6.95,36.19,144.82,2023-07-01,0,0,5,7,Zone_10,2440,1.54,35.4,Industrial,1.0,False,False,True,False,False,True,False,False,False,False,False,False,False,False,4.9823729843782845,2.0731719286662407,6.015812497078013,0,Diya Sharma,35,0,Hyderabad,2020-03-04,265,48,4.73,Medium,0.14988679245283018,2.8352075471698113,2351,0.1811320754716981
T00416,R0123,9.5,49.27,219.89,2024-05-26,0,0,6,5,Zone_8,4516,1.93,31.0,Business,1.0,True,False,False,False,False,False,False,False,False,False,False,False,True,False,5.397664840048735,2.3513752571634776,7.019259220174163,0,Meera Ghosh,32,1,Bengaluru,2023-06-24,156,26,3.31,Low,0.2416666666666667,4.584487179487179,1144,0.16666666666666666
T00417,R0030,3.9,26.49,53.68,2024-04-23,0,0,1,4,Zone_8,4516,1.93,31.0,Business,1.0,True,False,False,False,False,False,False,False,False,False,False,False,True,False,4.001498011855749,1.589235205116581,5.146843692983108,0,Saanvi Patel,25,2,Mumbai,2021-01-08,442,58,3.72,High,0.1833710407239819,3.5865384615384617,2041,0.13122171945701358
T00418,R0261,4.89,34.6,109.0,2023-06-04,0,0,6,6,Zone_3,12971,2.11,38.0,Business,2.0,False,True,False,False,False,False,False,True,False,False,False,False,False,False,4.700480365792417,1.7732559976634952,5.882176467941097,0,Aarav Kumar,31,1,Pune,2022-08-26,477,83,4.24,High,0.10308176100628931,1.3621174004192873,1446,0.1740041928721174
T00419,R0171,9.51,59.25,86.21,2024-07-02,0,0,1,7,Zone_1,4921,2.43,30.9,Residential,2.0,True,False,False,False,True,False,False,False,False,False,False,False,False,False,4.468319003238894,2.3523271848888596,7.697402159170326,0,Kavya Singh,23,0,Jaipur,2019-05-13,276,19,4.3,Medium,0.043913043478260874,0.518550724637681,2647,0.06884057971014493
T00420,R0232,8.77,78.52,188.49,2023-05-16,0,0,1,5,Zone_10,2440,1.54,35.4,Industrial,1.0,True,False,False,False,False,True,False,False,False,False,False,False,False,False,5.244336252681523,2.2793164660546914,8.861151166750288,0,Meera Das,38,1,Jaipur,2022-12-08,172,15,3.94,Medium,0.541860465116279,8.667674418604651,1342,0.0872093023255814
T00421,R0132,12.37,80.33,158.37,2024-04-25,0,0,3,4,Zone_8,4516,1.93,31.0,Business,1.0,False,False,False,True,False,False,False,False,False,False,False,False,True,False,5.071228542871542,2.5930133911138515,8.962700485902673,0,Aadhya Iyer,23,1,Surat,2022-12-09,484,25,3.32,High,0.1433884297520661,2.2561776859504135,1341,0.05165289256198347
T00422,R0298,10.05,61.85,106.57,2024-07-13,0,0,5,7,Zone_1,4921,2.43,30.9,Residential,2.0,True,False,False,False,True,False,False,False,False,False,False,False,False,False,4.678141798443914,2.402430427963762,7.864477096412704,0,Vivaan Singh,35,0,Ahmedabad,2020-03-25,65,11,3.88,Low,0.9721538461538463,15.421692307692307,2330,0.16923076923076924
T00423,R0126,11.86,84.04,104.63,2024-05-13,0,0,0,5,Zone_4,4038,2.46,48.2,Business,2.0,False,True,False,False,False,False,False,False,True,False,False,False,False,False,4.659942421835071,2.554121718809473,9.167333309092673,0,Diya Reddy,29,0,Surat,2022-09-25,411,20,3.65,High,0.08686131386861315,1.009537712895377,1416,0.04866180048661801
T00424,R0224,2.29,16.33,23.04,2024-07-23,0,0,1,7,Zone_9,11037,1.83,56.1,Mixed,1.0,True,False,False,False,False,False,False,False,False,False,False,False,False,True,3.179719109667007,1.1908875647772805,4.04103947023535,0,Ishaan Sharma,29,0,Ahmedabad,2020-08-04,200,1,4.31,Medium,0.20855,2.5707,2198,0.005
T00425,R0280,6.08,41.88,74.74,2023-05-10,0,0,2,5,Zone_7,11070,0.64,45.2,Industrial,0.0,False,False,True,False,False,False,False,False,False,False,False,True,False,False,4.327306422473649,1.9572739077056285,6.471475874945375,0,Saanvi Gupta,26,2,Chennai,2023-05-31,172,23,4.43,Medium,0.29517441860465116,4.2749999999999995,1168,0.13372093023255813
T00426,R0177,17.24,167.72,310.76,2023-10-16,0,0,0,10,Zone_9,11037,1.83,56.1,Mixed,1.0,False,False,True,False,False,False,False,False,False,False,False,False,False,True,5.742233661030454,2.9036169846461855,12.95067565804966,0,Ishaan Reddy,34,2,Bengaluru,2023-02-15,489,63,4.48,High,0.23668711656441715,3.8175051124744375,1273,0.12883435582822086
T00427,R0116,9.96,63.62,227.53,2023-11-16,0,0,3,11,Zone_7,11070,0.64,45.2,Industrial,0.0,False,True,False,False,False,False,False,False,False,False,False,True,False,False,5.431667492744793,2.3942522815198695,7.976214641043708,0,Ishaan Kumar,34,0,Bengaluru,2020-02-08,238,30,4.58,Medium,0.2126470588235294,3.3368067226890754,2376,0.12605042016806722
T00428,R0252,11.74,101.14,211.83,2024-05-16,0,0,3,5,Zone_6,14627,0.54,37.6,Mixed,0.0,True,False,False,False,False,False,False,False,False,False,True,False,False,False,5.360493724974712,2.5447466501440172,10.056838469419702,0,Reyansh Gupta,38,2,Ahmedabad,2020-09-23,392,47,4.83,High,0.25614795918367345,4.290943877551021,2148,0.11989795918367346
T00429,R0022,9.36,52.4,222.66,2023-02-19,0,0,6,2,Zone_7,11070,0.64,45.2,Industrial,0.0,False,False,True,False,False,False,False,False,False,False,False,True,False,False,5.410127041600043,2.337952236831337,7.238784428341543,0,Aarav Nair,43,0,Kolkata,2020-09-14,220,1,3.32,Medium,0.2375,3.760090909090909,2157,0.004545454545454545
T00430,R0108,10.13,52.56,173.97,2024-02-23,0,0,4,2,Zone_6,14627,0.54,37.6,Mixed,0.0,True,False,False,False,False,False,False,False,False,False,True,False,False,False,5.164614530656529,2.4096441652874536,7.249827584156743,0,Reyansh Gupta,18,1,Pune,2019-05-31,184,32,4.88,Medium,0.23695652173913045,4.754836956521739,2629,0.17391304347826086
T00431,R0036,6.85,61.24,133.58,2024-02-26,0,0,0,2,Zone_2,6371,0.91,58.4,Residential,0.0,False,True,False,False,False,False,True,False,False,False,False,False,False,False,4.9021588177601725,2.060513531794317,7.825599018605541,0,Aadhya Das,30,0,Surat,2022-03-16,177,15,4.9,Medium,0.36819209039548023,5.884293785310734,1609,0.0847457627118644
T00432,R0075,25.86,178.53,344.97,2024-06-26,0,0,2,6,Zone_6,14627,0.54,37.6,Mixed,0.0,False,True,False,False,False,False,False,False,False,False,True,False,False,False,5.846352066096299,3.2906381910950917,13.361511890501015,0,Diya Reddy,18,0,Mumbai,2021-04-30,108,7,4.83,Low,0.43657407407407406,6.526018518518519,1929,0.06481481481481481
T00433,R0132,6.02,37.05,97.71,2023-03-20,0,0,0,3,Zone_6,14627,0.54,37.6,Mixed,0.0,False,False,False,True,False,False,False,False,False,False,True,False,False,False,4.5921862584297966,1.9487632180377197,6.08687111741328,0,Aadhya Iyer,23,1,Surat,2022-12-09,484,25,3.32,High,0.1433884297520661,2.2561776859504135,1341,0.05165289256198347
T00434,R0113,7.81,68.77,146.59,2023-05-07,0,0,6,5,Zone_6,14627,0.54,37.6,Mixed,0.0,False,True,False,False,False,False,False,False,False,False,True,False,False,False,4.994438159193685,2.175887439948088,8.292767933567175,0,Aadhya Singh,26,2,Chennai,2019-03-09,423,26,4.61,High,0.1300709219858156,2.591702127659574,2712,0.061465721040189124
T00435,R0118,4.12,33.38,98.53,2024-08-03,0,0,5,8,Zone_3,12971,2.11,38.0,Business,2.0,True,False,False,False,False,False,False,True,False,False,False,False,False,False,4.600459106257972,1.6331544390514163,5.7775427302617155,0,Reyansh Gupta,29,1,Surat,2023-09-26,165,24,4.13,Medium,0.23163636363636364,3.228424242424243,1050,0.14545454545454545
T00436,R0155,13.53,122.37,318.68,2023-07-05,0,0,2,7,Zone_1,4921,2.43,30.9,Residential,2.0,False,True,False,False,True,False,False,False,False,False,False,False,False,False,5.767320495460189,2.6762154775821916,11.062097450302995,0,Meera Reddy,23,1,Hyderabad,2019-02-10,353,8,3.14,High,0.17254957507082153,2.639405099150142,2739,0.0226628895184136
T00437,R0167,5.24,44.91,76.91,2024-02-03,0,0,5,2,Zone_1,4921,2.43,30.9,Residential,2.0,True,False,False,False,True,False,False,False,False,False,False,False,False,False,4.355554314342767,1.8309801823813363,6.701492371106602,0,Kavya Nair,44,1,Hyderabad,2022-08-25,117,5,4.75,Low,0.5496581196581197,9.192735042735043,1447,0.042735042735042736
T00438,R0147,7.7,47.39,74.01,2023-11-17,0,0,4,11,Zone_4,4038,2.46,48.2,Business,2.0,False,False,False,True,False,False,False,False,True,False,False,False,False,False,4.317621437981545,2.163323025660538,6.884039511798287,0,Saanvi Nair,35,2,Mumbai,2022-08-29,239,21,3.91,Medium,0.26589958158995813,4.27531380753138,1443,0.08786610878661087
T00439,R0177,5.36,48.65,47.27,2023-01-29,0,0,6,1,Zone_4,4038,2.46,48.2,Business,2.0,False,False,False,True,False,False,False,False,True,False,False,False,False,False,3.8768102496724017,1.8500283773520307,6.974955196988724,0,Ishaan Reddy,34,2,Bengaluru,2023-02-15,489,63,4.48,High,0.23668711656441715,3.8175051124744375,1273,0.12883435582822086
T00440,R0125,7.31,37.33,145.67,2023-09-22,0,0,4,9,Zone_2,6371,0.91,58.4,Residential,0.0,False,True,False,False,False,False,True,False,False,False,False,False,False,False,4.988185165258664,2.1174596088673567,6.109828148156051,0,Saanvi Ghosh,44,1,Ahmedabad,2023-04-22,99,19,3.89,Low,0.5633333333333332,11.28040404040404,1207,0.1919191919191919
T00441,R0259,6.58,37.19,116.31,2023-05-17,0,0,2,5,Zone_6,14627,0.54,37.6,Mixed,0.0,False,True,False,False,False,False,False,False,False,False,True,False,False,False,4.764820003517629,2.0255131996542803,6.09836043539573,0,Aadhya Das,32,1,Jaipur,2019-06-25,150,27,3.52,Low,0.5316,8.553866666666666,2604,0.18
T00442,R0229,7.78,70.99,182.86,2023-01-12,0,0,3,1,Zone_2,6371,0.91,58.4,Residential,0.0,True,False,False,False,False,False,True,False,False,False,False,False,False,False,5.2141745984356085,2.1724764076470255,8.425556361451747,0,Reyansh Ghosh,22,0,Mumbai,2020-11-23,146,16,4.43,Low,0.26493150684931505,4.715753424657534,2087,0.1095890410958904
T00443,R0015,7.74,59.73,140.85,2024-08-02,0,0,4,8,Zone_10,2440,1.54,35.4,Industrial,1.0,False,True,False,False,False,True,False,False,False,False,False,False,False,False,4.95477016125486,2.167910189667444,7.728518616138541,0,Saanvi Patel,28,2,Chennai,2022-12-19,46,1,3.87,Low,0.6521739130434783,12.996739130434783,1331,0.021739130434782608
T00444,R0188,7.23,46.75,174.1,2024-06-10,0,0,0,6,Zone_6,14627,0.54,37.6,Mixed,0.0,False,False,False,True,False,False,False,False,False,False,True,False,False,False,5.165357239291806,2.1077860146889784,6.837397165588672,0,Vivaan Gupta,24,1,Delhi,2020-07-16,436,64,3.15,High,0.05607798165137615,1.069816513761468,2217,0.14678899082568808
T00445,R0133,7.16,40.94,90.92,2024-04-07,0,0,6,4,Zone_3,12971,2.11,38.0,Business,2.0,False,True,False,False,False,False,False,True,False,False,False,False,False,False,4.5209186335405,2.0992441689760155,6.398437309218556,0,Diya Kumar,25,0,Delhi,2019-07-13,155,11,4.4,Low,0.4186451612903226,5.272709677419355,2586,0.07096774193548387
T00446,R0107,14.54,124.1,302.41,2024-08-13,0,0,1,8,Zone_4,4038,2.46,48.2,Business,2.0,False,False,True,False,False,False,False,False,True,False,False,False,False,False,5.715085026160327,2.7434173449395014,11.140017953306897,0,Reyansh Gupta,33,1,Hyderabad,2020-01-11,179,14,3.66,Medium,0.18195530726256984,3.5079888268156427,2404,0.0782122905027933
T00447,R0081,12.41,72.07,107.14,2023-08-19,0,0,5,8,Zone_4,4038,2.46,48.2,Business,2.0,False,True,False,False,False,False,False,False,True,False,False,False,False,False,4.683426683953859,2.596000697293587,8.48940516172953,0,Diya Reddy,42,2,Mumbai,2022-01-31,114,2,3.9,Low,0.46421052631578946,7.123421052631579,1653,0.017543859649122806
T00448,R0073,12.44,80.29,212.53,2023-01-08,0,0,6,1,Zone_8,4516,1.93,31.0,Business,1.0,False,False,False,True,False,False,False,False,False,False,False,False,True,False,5.363777338019823,2.5982353350950036,8.960468737739115,0,Meera Das,41,2,Ahmedabad,2021-06-19,490,30,3.01,High,0.16042857142857142,2.6034693877551023,1879,0.061224489795918366
T00449,R0151,4.34,40.27,49.93,2024-01-06,0,0,5,1,Zone_7,11070,0.64,45.2,Industrial,0.0,False,False,True,False,False,False,False,False,False,False,False,True,False,False,3.9304521408965134,1.6752256529721035,6.345864795282043,0,Meera Reddy,34,1,Hyderabad,2023-02-25,394,56,5.0,High,0.15967005076142132,2.8274111675126905,1263,0.14213197969543148
T00450,R0296,14.28,140.86,313.9,2024-03-26,0,0,1,3,Zone_3,12971,2.11,38.0,Business,2.0,True,False,False,False,False,False,False,True,False,False,False,False,False,False,5.752255128106979,2.7265447837383743,11.868445559549912,0,Reyansh Patel,37,2,Hyderabad,2021-02-20,390,58,3.97,High,0.20374358974358978,3.349897435897436,1998,0.14871794871794872
T00451,R0064,13.66,132.11,299.48,2024-06-13,0,0,3,6,Zone_2,6371,0.91,58.4,Residential,0.0,True,False,False,False,False,False,True,False,False,False,False,False,False,False,5.705381196019898,2.6851226964585053,11.49391143171027,0,Ishaan Nair,21,0,Bengaluru,2023-09-30,214,2,4.21,Medium,0.26429906542056075,5.103691588785047,1046,0.009345794392523364
T00452,R0087,5.23,26.79,48.52,2023-08-28,0,0,0,8,Zone_3,12971,2.11,38.0,Business,2.0,False,True,False,False,False,False,False,True,False,False,False,False,False,False,3.9023766283763406,1.8293763327993617,5.175905717843014,0,Saanvi Das,26,0,Jaipur,2021-05-11,362,33,3.57,High,0.07339779005524862,1.0319060773480664,1918,0.09116022099447514
T00453,R0230,15.62,115.51,156.82,2023-01-08,0,0,6,1,Zone_4,4038,2.46,48.2,Business,2.0,False,True,False,False,False,False,False,False,True,False,False,False,False,False,5.061455143092889,2.810606789427302,10.747557862137798,0,Kavya Gupta,32,1,Chennai,2022-11-22,183,23,3.65,Medium,0.32054644808743166,4.962950819672131,1358,0.12568306010928962
T00454,R0168,4.58,44.62,41.31,2023-06-18,0,0,6,6,Zone_9,11037,1.83,56.1,Mixed,1.0,False,True,False,False,False,False,False,False,False,False,False,False,False,True,3.7450234647319762,1.7191887763932197,6.679820356865894,0,Diya Das,23,1,Pune,2019-10-08,471,74,4.03,High,0.0743524416135881,1.2087261146496815,2499,0.15711252653927812
T00455,R0262,1.21,8.06,26.79,2023-11-04,0,0,5,11,Zone_8,4516,1.93,31.0,Business,1.0,False,True,False,False,False,False,False,False,False,False,False,False,True,False,3.3246762437544124,0.7929925155296614,2.839013913315678,0,Meera Singh,30,1,Ahmedabad,2019-04-21,6,0,3.35,Low,9.936666666666667,161.22666666666666,2669,0.0
T00456,R0134,13.51,129.59,215.2,2024-04-11,0,0,3,4,Zone_5,2590,1.31,43.9,Business,0.0,False,False,False,True,False,False,False,False,False,True,False,False,False,False,5.376203905205108,2.6748380668960965,11.383760362902937,0,Aadhya Singh,34,1,Jaipur,2022-07-30,410,29,4.59,High,0.13614634146341464,2.644878048780488,1473,0.07073170731707316
T00457,R0035,7.4,67.21,125.26,2024-06-06,0,0,3,6,Zone_4,4038,2.46,48.2,Business,2.0,False,False,True,False,False,False,False,False,True,False,False,False,False,False,4.83834327293948,2.128231705849268,8.19817052762383,0,Reyansh Das,39,1,Kolkata,2022-03-20,392,41,3.49,High,0.07392857142857143,1.0711989795918366,1605,0.10459183673469388
T00458,R0049,12.88,109.54,291.71,2024-08-12,0,0,0,8,Zone_8,4516,1.93,31.0,Business,1.0,False,False,True,False,False,False,False,False,False,False,False,False,True,False,5.679182357787968,2.6304489550786583,10.466135867644754,0,Meera Iyer,39,1,Mumbai,2020-05-19,375,55,4.4,High,0.15565333333333334,2.6144,2275,0.14666666666666667
T00459,R0044,4.23,33.09,33.99,2024-06-11,0,0,1,6,Zone_4,4038,2.46,48.2,Business,2.0,False,True,False,False,False,False,False,False,True,False,False,False,False,False,3.5550623063795967,1.6544112780768316,5.7523908073078625,0,Arjun Gupta,36,0,Hyderabad,2020-08-01,271,5,3.21,Medium,0.37734317343173435,6.127380073800738,2201,0.01845018450184502
T00460,R0033,1.69,14.68,38.42,2023-12-28,0,0,3,12,Zone_1,4921,2.43,30.9,Residential,2.0,False,False,True,False,True,False,False,False,False,False,False,False,False,False,3.674273301724574,0.9895411936137477,3.8314488121336034,0,Diya Iyer,18,0,Chennai,2019-05-22,472,37,3.24,High,0.06792372881355933,1.2849364406779662,2638,0.07838983050847458
T00461,R0045,14.16,107.93,251.3,2023-10-14,0,0,5,10,Zone_1,4921,2.43,30.9,Residential,2.0,False,False,False,True,True,False,False,False,False,False,False,False,False,False,5.530618855647012,2.7186603802142257,10.388936422945324,0,Saanvi Iyer,34,2,Ahmedabad,2023-07-12,100,16,4.88,Low,0.8753,15.298499999999999,1126,0.16
T00462,R0170,0.96,8.71,12.92,2023-10-24,0,0,1,10,Zone_9,11037,1.83,56.1,Mixed,1.0,False,True,False,False,False,False,False,False,False,False,False,False,False,True,2.6333266549062735,0.6729444732424258,2.951270912674741,0,Saanvi Kumar,29,2,Bengaluru,2020-05-20,28,3,3.68,Low,1.9110714285714285,33.70392857142857,2274,0.10714285714285714
T00463,R0039,0.19,0.98,3.37,2024-02-12,0,0,0,2,Zone_8,4516,1.93,31.0,Business,1.0,False,True,False,False,False,False,False,False,False,False,False,False,True,False,1.4747630091074988,0.17395330712343804,0.9899494936611666,0,Aadhya Iyer,24,1,Chennai,2023-11-18,190,14,4.2,Medium,0.17821052631578946,2.674,997,0.07368421052631578
T00464,R0242,1.63,12.85,13.09,2024-03-12,0,0,1,3,Zone_6,14627,0.54,37.6,Mixed,0.0,False,False,False,True,False,False,False,False,False,False,True,False,False,False,2.645465325910589,0.9669838461896731,3.5846896657869842,0,Kavya Iyer,34,1,Ahmedabad,2022-06-05,445,8,4.54,High,0.05903370786516854,0.7375056179775281,1528,0.017977528089887642
T00465,R0294,5.97,39.2,130.88,2023-10-12,0,0,3,10,Zone_5,2590,1.31,43.9,Business,0.0,True,False,False,False,False,False,False,False,False,True,False,False,False,False,4.88189241820353,1.9416152247724325,6.260990336999411,0,Arjun Reddy,24,1,Surat,2021-04-02,41,7,3.2,Low,1.3824390243902438,20.37560975609756,1957,0.17073170731707318
T00466,R0245,2.8,24.45,37.18,2024-05-11,0,0,5,5,Zone_8,4516,1.93,31.0,Business,1.0,False,False,True,False,False,False,False,False,False,False,False,False,True,False,3.6423118182976015,1.33500106673234,4.944694126030447,0,Diya Sharma,35,0,Hyderabad,2020-03-04,265,48,4.73,Medium,0.14988679245283018,2.8352075471698113,2351,0.1811320754716981
T00467,R0251,2.85,18.25,47.1,2023-09-06,0,0,2,9,Zone_8,4516,1.93,31.0,Business,1.0,False,False,True,False,False,False,False,False,False,False,False,False,True,False,3.8732821771117156,1.3480731482996928,4.272001872658765,0,Vivaan Iyer,46,0,Mumbai,2020-01-13,213,26,4.48,Medium,0.18032863849765257,3.5801877934272297,2402,0.12206572769953052
T00468,R0112,7.82,40.71,120.44,2023-11-30,0,0,3,11,Zone_5,2590,1.31,43.9,Business,0.0,False,True,False,False,False,False,False,False,False,True,False,False,False,False,4.79942031364732,2.1770218700187,6.380438856379708,0,Meera Nair,41,0,Delhi,2020-11-13,311,11,3.24,Medium,0.28787781350482317,3.6986173633440513,2097,0.03536977491961415
T00469,R0261,3.18,23.36,70.05,2023-10-18,0,0,2,10,Zone_1,4921,2.43,30.9,Residential,2.0,True,False,False,False,True,False,False,False,False,False,False,False,False,False,4.263383854543109,1.430311246536665,4.833218389437829,0,Aarav Kumar,31,1,Pune,2022-08-26,477,83,4.24,High,0.10308176100628931,1.3621174004192873,1446,0.1740041928721174
T00470,R0181,2.53,19.07,56.62,2024-06-26,0,0,2,6,Zone_5,2590,1.31,43.9,Business,0.0,False,False,False,True,False,False,False,False,False,True,False,False,False,False,4.053869729656382,1.2612978709452054,4.36692111217961,0,Arjun Patel,32,1,Hyderabad,2019-01-09,349,32,3.75,High,0.08501432664756446,1.329484240687679,2771,0.09169054441260745
T00471,R0273,19.66,158.79,212.08,2024-08-15,0,0,3,8,Zone_5,2590,1.31,43.9,Business,0.0,False,True,False,False,False,False,False,False,False,True,False,False,False,False,5.3616676820487985,3.0281994636914926,12.601190419956362,0,Aadhya Nair,43,1,Delhi,2022-09-17,289,48,3.76,Medium,0.2589965397923875,3.313044982698962,1424,0.16608996539792387
T00472,R0120,9.73,83.96,146.57,2023-03-30,0,0,3,3,Zone_5,2590,1.31,43.9,Business,0.0,False,True,False,False,False,False,False,False,False,True,False,False,False,False,4.994302639475358,2.373043556642607,9.162968951164245,0,Ishaan Gupta,18,2,Surat,2020-07-12,311,15,4.55,Medium,0.21929260450160773,3.260289389067524,2221,0.04823151125401929
T00473,R0172,8.26,50.02,199.22,2024-02-18,0,0,6,2,Zone_6,14627,0.54,37.6,Mixed,0.0,False,False,True,False,False,False,False,False,False,False,True,False,False,False,5.2994167619913375,2.225704048658088,7.07248188403477,0,Reyansh Reddy,31,2,Pune,2019-12-24,168,14,3.72,Medium,0.5050595238095238,8.86077380952381,2422,0.08333333333333333
T00474,R0217,0.1,0.67,3.27,2023-08-17,1,0,3,8,Zone_4,4038,2.46,48.2,Business,2.0,False,False,False,True,False,False,False,False,True,False,False,False,False,False,1.451613827240533,0.09531017980432487,0.8185352771872451,0,Kavya Iyer,39,2,Jaipur,2023-03-03,104,5,3.52,Low,0.40807692307692306,7.267596153846155,1257,0.04807692307692308
T00475,R0010,6.77,51.15,72.84,2023-01-12,0,0,3,1,Zone_4,4038,2.46,48.2,Business,2.0,False,False,True,False,False,False,False,False,True,False,False,False,False,False,4.301900590194597,2.050270164379556,7.151922818375489,0,Vivaan Gupta,25,0,Surat,2023-05-14,173,1,3.38,Medium,0.49277456647398843,6.962485549132948,1185,0.005780346820809248
T00476,R0070,8.24,56.92,150.77,2023-06-09,0,0,4,6,Zone_10,2440,1.54,35.4,Industrial,1.0,False,True,False,False,False,True,False,False,False,False,False,False,False,False,5.022366216971954,2.2235418856535927,7.544534445544006,0,Meera Reddy,33,1,Bengaluru,2023-01-03,310,6,3.54,Medium,0.2897096774193548,5.337709677419355,1316,0.01935483870967742
T00477,R0143,0.03,0.22,3.27,2024-07-26,1,0,4,7,Zone_4,4038,2.46,48.2,Business,2.0,False,True,False,False,False,False,False,False,True,False,False,False,False,False,1.451613827240533,0.0295588022415444,0.469041575982343,0,Meera Kumar,42,2,Kolkata,2023-03-28,74,13,4.56,Low,0.6636486486486486,11.666486486486486,1232,0.17567567567567569
T00478,R0237,8.63,63.21,201.88,2023-08-21,0,0,0,8,Zone_8,4516,1.93,31.0,Business,1.0,False,False,True,False,False,False,False,False,False,False,False,False,True,False,5.312614671248861,2.2648832258100344,7.950471684120383,0,Aadhya Nair,40,1,Chennai,2022-12-13,36,3,3.71,Low,2.7047222222222222,48.88055555555556,1337,0.08333333333333333
T00479,R0062,13.96,88.15,160.7,2024-03-02,0,0,5,3,Zone_10,2440,1.54,35.4,Industrial,1.0,False,False,True,False,False,True,False,False,False,False,False,False,False,False,5.085742766583061,2.7053799725463312,9.388823142439099,0,Kavya Sharma,38,1,Jaipur,2019-05-13,57,3,3.58,Low,1.1587719298245613,15.605438596491227,2647,0.05263157894736842
T00480,R0022,6.26,40.23,59.35,2023-05-26,0,0,4,5,Zone_9,11037,1.83,56.1,Mixed,1.0,False,False,True,False,False,False,False,False,False,False,False,False,False,True,4.10016094754354,1.9823798288367047,6.342712353559792,0,Aarav Nair,43,0,Kolkata,2020-09-14,220,1,3.32,Medium,0.2375,3.760090909090909,2157,0.004545454545454545
T00481,R0259,7.01,54.23,151.29,2023-11-19,0,0,6,11,Zone_6,14627,0.54,37.6,Mixed,0.0,False,True,False,False,False,False,False,False,False,False,True,False,False,False,5.0257865978636,2.080690761080268,7.3641021177058645,0,Aadhya Das,32,1,Jaipur,2019-06-25,150,27,3.52,Low,0.5316,8.553866666666666,2604,0.18
T00482,R0004,2.21,18.13,49.89,2023-01-12,0,0,3,1,Zone_10,2440,1.54,35.4,Industrial,1.0,False,True,False,False,False,True,False,False,False,False,False,False,False,False,3.9296664406007413,1.1662709371419244,4.257933771208753,0,Aarav Nair,19,2,Kolkata,2019-07-28,464,5,3.19,High,0.08019396551724138,1.4720474137931034,2571,0.010775862068965518
T00483,R0257,1.0,9.25,20.02,2023-04-14,0,0,4,4,Zone_6,14627,0.54,37.6,Mixed,0.0,False,False,False,True,False,False,False,False,False,False,True,False,False,False,3.045474365448805,0.6931471805599453,3.0413812651491097,0,Arjun Reddy,36,2,Delhi,2023-03-11,459,19,4.82,High,0.12224400871459695,1.7913507625272331,1249,0.04139433551198257
T00484,R0002,13.29,118.88,145.19,2023-11-02,0,0,3,11,Zone_5,2590,1.31,43.9,Business,0.0,True,False,False,False,False,False,False,False,False,True,False,False,False,False,4.9849071455235245,2.659559991941776,10.903210536351208,0,Ishaan Nair,39,0,Mumbai,2019-11-23,70,5,4.12,Low,1.0812857142857142,16.794428571428572,2453,0.07142857142857142
T00485,R0196,4.69,45.53,99.57,2023-06-15,0,0,3,6,Zone_4,4038,2.46,48.2,Business,2.0,False,False,True,False,False,False,False,False,True,False,False,False,False,False,4.610854002456389,1.7387102481382397,6.747592163134936,0,Vivaan Das,18,1,Hyderabad,2019-06-24,51,9,4.93,Low,1.8813725490196078,31.831960784313726,2605,0.17647058823529413
T00486,R0076,3.35,29.26,53.06,2024-05-06,0,0,0,5,Zone_4,4038,2.46,48.2,Business,2.0,False,False,True,False,False,False,False,False,True,False,False,False,False,False,3.9900945408483017,1.4701758451005926,5.409251334519409,0,Reyansh Reddy,40,1,Bengaluru,2022-01-02,137,13,3.34,Low,0.4143795620437956,6.3124817518248175,1682,0.0948905109489051
T00487,R0242,4.54,23.31,73.76,2023-09-19,0,0,1,9,Zone_7,11070,0.64,45.2,Industrial,0.0,True,False,False,False,False,False,False,False,False,False,False,True,False,False,4.314282982587362,1.7119945007591924,4.828043081829324,0,Kavya Iyer,34,1,Ahmedabad,2022-06-05,445,8,4.54,High,0.05903370786516854,0.7375056179775281,1528,0.017977528089887642
T00488,R0086,7.71,51.69,103.17,2024-05-18,0,0,5,5,Zone_5,2590,1.31,43.9,Business,0.0,False,False,False,True,False,False,False,False,False,True,False,False,False,False,4.646024179996357,2.1644717908644115,7.189575787207476,0,Vivaan Patel,23,1,Hyderabad,2019-11-08,337,17,4.56,High,0.19192878338278935,3.352581602373887,2468,0.050445103857566766
T00489,R0037,2.21,13.05,40.52,2024-03-25,0,0,0,3,Zone_8,4516,1.93,31.0,Business,1.0,False,False,True,False,False,False,False,False,False,False,False,False,True,False,3.7261752388576332,1.1662709371419244,3.6124783736376886,0,Aadhya Iyer,32,2,Ahmedabad,2020-11-21,489,6,3.36,High,0.15969325153374234,2.6884662576687117,2089,0.012269938650306749
T00490,R0067,8.63,78.42,161.07,2024-04-29,0,0,0,4,Zone_2,6371,0.91,58.4,Residential,0.0,True,False,False,False,False,False,True,False,False,False,False,False,False,False,5.088028340670028,2.2648832258100344,8.855506761332183,0,Saanvi Iyer,32,1,Pune,2022-07-24,348,9,3.38,High,0.32491379310344826,5.3069252873563215,1479,0.02586206896551724
T00491,R0163,1.2,6.81,16.77,2024-07-06,0,0,5,7,Zone_3,12971,2.11,38.0,Business,2.0,False,False,True,False,False,False,False,True,False,False,False,False,False,False,2.87751164216656,0.7884573603642702,2.6095976701399777,0,Kavya Gupta,33,2,Ahmedabad,2020-02-20,302,21,3.56,Medium,0.06221854304635761,1.0750993377483444,2364,0.0695364238410596
T00492,R0045,11.87,66.9,296.53,2024-07-17,1,0,2,7,Zone_1,4921,2.43,30.9,Residential,2.0,False,False,True,False,True,False,False,False,False,False,False,False,False,False,5.695515060237774,2.554899021608035,8.179242018671413,0,Saanvi Iyer,34,2,Ahmedabad,2023-07-12,100,16,4.88,Low,0.8753,15.298499999999999,1126,0.16
T00493,R0038,2.71,22.93,49.0,2023-03-30,0,0,3,3,Zone_4,4038,2.46,48.2,Business,2.0,False,True,False,False,False,False,False,False,True,False,False,False,False,False,3.912023005428146,1.3110318766193438,4.788527957525152,0,Aarav Singh,37,2,Kolkata,2023-02-11,68,7,4.07,Low,0.43720588235294117,6.673970588235294,1277,0.10294117647058823
T00494,R0296,14.6,144.15,132.06,2023-07-11,0,0,1,7,Zone_3,12971,2.11,38.0,Business,2.0,True,False,False,False,False,False,False,True,False,False,False,False,False,False,4.890800154313742,2.747270914255491,12.006248373242993,0,Reyansh Patel,37,2,Hyderabad,2021-02-20,390,58,3.97,High,0.20374358974358978,3.349897435897436,1998,0.14871794871794872
T00495,R0167,7.95,68.38,178.37,2024-02-10,0,0,5,2,Zone_7,11070,0.64,45.2,Industrial,0.0,False,True,False,False,False,False,False,False,False,False,False,True,False,False,5.189450711560923,2.191653532286764,8.269220035771209,0,Kavya Nair,44,1,Hyderabad,2022-08-25,117,5,4.75,Low,0.5496581196581197,9.192735042735043,1447,0.042735042735042736
T00496,R0295,3.77,21.04,33.34,2024-05-09,0,0,3,5,Zone_10,2440,1.54,35.4,Industrial,1.0,False,False,False,True,False,True,False,False,False,False,False,False,False,False,3.5363108554693294,1.5623463049002497,4.586937976471886,0,Kavya Gupta,18,0,Delhi,2019-05-29,98,18,3.59,Low,0.45683673469387753,5.34734693877551,2631,0.1836734693877551
T00497,R0043,12.56,91.02,170.33,2023-12-11,0,0,0,12,Zone_2,6371,0.91,58.4,Residential,0.0,False,True,False,False,False,False,True,False,False,False,False,False,False,False,5.143591521344882,2.6071242825122494,9.540440241414439,0,Diya Kumar,28,1,Ahmedabad,2021-12-10,85,16,4.68,Low,0.7901176470588235,10.147058823529411,1705,0.18823529411764706
T00498,R0113,1.13,5.93,27.77,2024-01-17,1,0,2,1,Zone_8,4516,1.93,31.0,Business,1.0,False,True,False,False,False,False,False,False,False,False,False,False,True,False,3.3593331775634567,0.7561219797213337,2.435159132377184,0,Aadhya Singh,26,2,Chennai,2019-03-09,423,26,4.61,High,0.1300709219858156,2.591702127659574,2712,0.061465721040189124
T00499,R0100,5.26,43.63,102.93,2023-04-02,0,0,6,4,Zone_5,2590,1.31,43.9,Business,0.0,True,False,False,False,False,False,False,False,False,True,False,False,False,False,4.6437175956003305,1.8341801851120072,6.605300901548695,0,Ishaan Gupta,28,1,Delhi,2021-05-24,383,60,3.79,High,0.26488250652741513,4.327650130548303,1905,0.1566579634464752
T00500,R0033,8.0,50.09,151.72,2024-01-22,0,0,0,1,Zone_9,11037,1.83,56.1,Mixed,1.0,True,False,False,False,False,False,False,False,False,False,False,False,False,True,5.028606179417492,2.1972245773362196,7.077428911688199,0,Diya Iyer,18,0,Chennai,2019-05-22,472,37,3.24,High,0.06792372881355933,1.2849364406779662,2638,0.07838983050847458
T00501,R0048,7.39,40.87,166.35,2024-05-28,0,0,1,5,Zone_10,2440,1.54,35.4,Industrial,1.0,False,False,False,True,False,True,False,False,False,False,False,False,False,False,5.120087427657335,2.127040520479115,6.392964883369843,0,Kavya Sharma,35,1,Hyderabad,2019-05-31,207,1,3.02,Medium,0.14072463768115942,2.4457971014492754,2629,0.004830917874396135
T00502,R0256,2.04,11.32,41.24,2024-06-26,0,0,2,6,Zone_9,11037,1.83,56.1,Mixed,1.0,False,True,False,False,False,False,False,False,False,False,False,False,False,True,3.743367639398006,1.1118575154181303,3.3645207682521443,0,Aadhya Sharma,31,0,Delhi,2021-03-25,265,8,3.65,Medium,0.15641509433962264,2.8445283018867924,1965,0.03018867924528302
T00503,R0195,3.4,17.39,52.47,2024-07-22,0,0,0,7,Zone_5,2590,1.31,43.9,Business,0.0,False,False,True,False,False,False,False,False,False,True,False,False,False,False,3.97912074896064,1.4816045409242156,4.170131892398609,0,Aadhya Reddy,33,1,Kolkata,2021-05-27,72,10,4.97,Low,0.9766666666666668,14.502361111111112,1902,0.1388888888888889
T00504,R0092,8.84,67.65,83.37,2023-02-27,0,0,0,2,Zone_10,2440,1.54,35.4,Industrial,1.0,False,False,False,True,False,True,False,False,False,False,False,False,False,False,4.435211888177536,2.286455711064162,8.224962005991275,0,Aarav Nair,21,1,Surat,2019-07-18,252,23,4.51,Medium,0.22694444444444448,3.415357142857143,2581,0.09126984126984126
T00505,R0126,1.4,13.21,12.73,2024-04-19,0,0,4,4,Zone_5,2590,1.31,43.9,Business,0.0,False,False,True,False,False,False,False,False,False,True,False,False,False,False,2.6195832197798796,0.8754687373538999,3.6345563690772495,0,Diya Reddy,29,0,Surat,2022-09-25,411,20,3.65,High,0.08686131386861315,1.009537712895377,1416,0.04866180048661801
T00506,R0058,14.33,74.67,196.98,2023-07-07,0,0,4,7,Zone_9,11037,1.83,56.1,Mixed,1.0,False,False,False,True,False,False,False,False,False,False,False,False,False,True,5.288166015491662,2.7298116928837226,8.641180474911978,0,Vivaan Reddy,46,1,Kolkata,2021-05-31,480,25,4.32,High,0.15858333333333335,2.1738958333333334,1898,0.052083333333333336
T00507,R0146,10.48,81.92,95.74,2024-02-21,0,0,2,2,Zone_3,12971,2.11,38.0,Business,2.0,False,True,False,False,False,False,False,True,False,False,False,False,False,False,4.572026967394837,2.4406063908914204,9.050966799187808,0,Kavya Gupta,30,1,Surat,2020-04-15,80,11,3.89,Low,0.843,11.730875000000001,2309,0.1375
T00508,R0027,5.43,36.8,93.29,2024-02-22,0,0,3,2,Zone_4,4038,2.46,48.2,Business,2.0,False,False,True,False,False,False,False,False,True,False,False,False,False,False,4.546375139477586,1.860974538249528,6.06630035524124,0,Ishaan Iyer,39,1,Jaipur,2019-10-05,403,61,3.98,High,0.14349875930521092,2.052803970223325,2502,0.1513647642679901
T00509,R0040,6.9,44.89,136.69,2024-01-21,0,0,6,1,Zone_3,12971,2.11,38.0,Business,2.0,False,True,False,False,False,False,False,True,False,False,False,False,False,False,4.925004781456281,2.066862759472976,6.7,0,Aarav Gupta,34,2,Surat,2023-05-05,485,36,4.41,High,0.1658762886597938,2.352061855670103,1194,0.07422680412371134
T00510,R0044,17.31,121.35,305.08,2024-04-04,0,0,3,4,Zone_6,14627,0.54,37.6,Mixed,0.0,False,False,True,False,False,False,False,False,False,False,True,False,False,False,5.7238465056919425,2.907447358686419,11.015897603009932,0,Arjun Gupta,36,0,Hyderabad,2020-08-01,271,5,3.21,Medium,0.37734317343173435,6.127380073800738,2201,0.01845018450184502
T00511,R0255,12.68,79.77,161.39,2023-01-04,0,0,2,1,Zone_1,4921,2.43,30.9,Residential,2.0,False,False,False,True,True,False,False,False,False,False,False,False,False,False,5.090000849476996,2.615934912194404,8.931405264570632,0,Reyansh Sharma,37,0,Bengaluru,2021-07-06,475,42,3.12,High,0.15162105263157893,2.6573052631578946,1862,0.08842105263157894
T00512,R0119,9.9,57.09,121.66,2024-05-21,0,0,1,5,Zone_2,6371,0.91,58.4,Residential,0.0,False,True,False,False,False,False,True,False,False,False,False,False,False,False,4.809416300197838,2.388762789235098,7.555792479945436,0,Saanvi Iyer,47,1,Hyderabad,2023-05-05,30,1,4.39,Low,0.9743333333333334,13.516666666666667,1194,0.03333333333333333
T00513,R0203,0.92,6.6,18.93,2024-02-08,0,0,3,2,Zone_7,11070,0.64,45.2,Industrial,0.0,False,True,False,False,False,False,False,False,False,False,False,True,False,False,2.9922261342247034,0.6523251860396903,2.569046515733026,0,Kavya Gupta,49,0,Bengaluru,2023-07-25,152,9,3.6,Low,0.25513157894736843,4.596381578947369,1113,0.05921052631578947
T00514,R0257,16.15,85.54,168.43,2023-05-20,0,0,5,5,Zone_3,12971,2.11,38.0,Business,2.0,True,False,False,False,False,False,False,True,False,False,False,False,False,False,5.132439862170015,2.8419981736119486,9.248783703817493,0,Arjun Reddy,36,2,Delhi,2023-03-11,459,19,4.82,High,0.12224400871459695,1.7913507625272331,1249,0.04139433551198257
T00515,R0200,13.26,86.99,131.03,2023-11-11,0,0,5,11,Zone_3,12971,2.11,38.0,Business,2.0,True,False,False,False,False,False,False,True,False,False,False,False,False,False,4.88302916949111,2.65745841498615,9.326842981416595,0,Kavya Kumar,30,2,Bengaluru,2021-11-15,443,87,3.6,High,0.09022573363431151,1.1048532731376977,1730,0.1963882618510158
T00516,R0103,7.26,67.64,94.7,2023-09-18,0,0,0,9,Zone_1,4921,2.43,30.9,Residential,2.0,False,True,False,False,True,False,False,False,False,False,False,False,False,False,4.5612182984589085,2.1114245875328868,8.224354077980836,0,Ishaan Gupta,37,2,Surat,2022-11-24,175,14,3.07,Medium,0.40817142857142863,7.065371428571429,1356,0.08
T00517,R0055,5.25,28.74,49.29,2023-07-08,0,0,5,7,Zone_3,12971,2.11,38.0,Business,2.0,False,False,False,True,False,False,False,True,False,False,False,False,False,False,3.9178062501838733,1.8325814637483102,5.360970061472083,0,Kavya Singh,32,1,Delhi,2021-11-07,425,12,4.19,High,0.16870588235294118,2.610729411764706,1738,0.02823529411764706
T00518,R0291,7.06,49.66,112.18,2023-02-23,0,0,3,2,Zone_5,2590,1.31,43.9,Business,0.0,False,False,False,True,False,False,False,False,False,True,False,False,False,False,4.728979471714378,2.0869135565185366,7.046985170979147,0,Arjun Ghosh,23,2,Pune,2021-04-19,499,94,3.46,High,0.09308617234468938,1.59436873747495,1940,0.18837675350701402
T00519,R0180,1.99,19.56,17.39,2023-08-08,0,0,1,8,Zone_7,11070,0.64,45.2,Industrial,0.0,False,True,False,False,False,False,False,False,False,False,False,True,False,False,2.91180703861623,1.095273387402595,4.422668877499196,0,Diya Kumar,33,1,Hyderabad,2019-12-03,44,4,4.53,Low,0.12840909090909092,1.929318181818182,2443,0.09090909090909091
T00520,R0221,5.65,30.29,109.51,2024-04-23,0,0,1,4,Zone_10,2440,1.54,35.4,Industrial,1.0,False,False,True,False,False,True,False,False,False,False,False,False,False,False,4.705106014600691,1.8946168546677629,5.503635162326805,0,Diya Patel,21,0,Delhi,2021-01-13,106,1,4.41,Low,0.5540566037735849,8.615943396226415,2036,0.009433962264150943
T00521,R0240,11.82,111.26,263.6,2024-02-13,0,0,1,2,Zone_10,2440,1.54,35.4,Industrial,1.0,False,False,True,False,False,True,False,False,False,False,False,False,False,False,5.5782192516808555,2.551006451492524,10.547985589675406,0,Aarav Iyer,30,1,Delhi,2020-05-18,174,2,4.07,Medium,0.5294252873563219,7.0199425287356325,2276,0.011494252873563218
T00522,R0131,1.04,5.23,12.62,2024-07-25,0,0,3,7,Zone_2,6371,0.91,58.4,Residential,0.0,True,False,False,False,False,False,True,False,False,False,False,False,False,False,2.611539300721366,0.712949807856125,2.2869193252058544,0,Reyansh Ghosh,24,1,Surat,2019-10-22,99,7,3.6,Low,0.2724242424242424,4.396262626262627,2485,0.0707070707070707
T00523,R0044,6.43,50.8,80.02,2024-01-20,0,0,5,1,Zone_4,4038,2.46,48.2,Business,2.0,False,False,True,False,False,False,False,False,True,False,False,False,False,False,4.394696037774544,2.005525858729668,7.127411872482185,0,Arjun Gupta,36,0,Hyderabad,2020-08-01,271,5,3.21,Medium,0.37734317343173435,6.127380073800738,2201,0.01845018450184502
T00524,R0100,8.57,83.49,71.4,2024-01-08,0,0,0,1,Zone_4,4038,2.46,48.2,Business,2.0,False,False,False,True,False,False,False,False,True,False,False,False,False,False,4.282206299391671,2.258633205464863,9.137286249209883,0,Ishaan Gupta,28,1,Delhi,2021-05-24,383,60,3.79,High,0.26488250652741513,4.327650130548303,1905,0.1566579634464752
T00525,R0207,8.52,62.34,174.3,2023-11-13,0,0,0,11,Zone_3,12971,2.11,38.0,Business,2.0,False,False,False,True,False,False,False,True,False,False,False,False,False,False,5.1664987919271885,2.253394848803274,7.895568377260753,0,Ishaan Iyer,31,1,Mumbai,2023-12-06,47,3,3.93,Low,1.3504255319148937,26.20127659574468,979,0.06382978723404255
T00526,R0207,2.11,18.12,29.03,2023-11-20,0,0,0,11,Zone_3,12971,2.11,38.0,Business,2.0,False,False,False,True,False,False,False,True,False,False,False,False,False,False,3.402196881995239,1.1346227261911428,4.256759330758553,0,Ishaan Iyer,31,1,Mumbai,2023-12-06,47,3,3.93,Low,1.3504255319148937,26.20127659574468,979,0.06382978723404255
T00527,R0292,2.09,13.43,47.71,2024-02-19,0,0,0,2,Zone_1,4921,2.43,30.9,Residential,2.0,False,True,False,False,True,False,False,False,False,False,False,False,False,False,3.8858843478184513,1.128171090909654,3.664696440361739,0,Diya Patel,37,0,Jaipur,2020-06-28,141,19,4.39,Low,0.5628368794326241,8.070141843971632,2235,0.1347517730496454
T00528,R0257,13.45,121.78,305.45,2023-05-08,0,0,0,5,Zone_3,12971,2.11,38.0,Business,2.0,True,False,False,False,False,False,False,True,False,False,False,False,False,False,5.725054609931741,2.670694414558441,11.035397591387452,0,Arjun Reddy,36,2,Delhi,2023-03-11,459,19,4.82,High,0.12224400871459695,1.7913507625272331,1249,0.04139433551198257
T00529,R0015,1.88,10.26,33.99,2024-01-28,0,0,6,1,Zone_7,11070,0.64,45.2,Industrial,0.0,False,False,False,True,False,False,False,False,False,False,False,True,False,False,3.5550623063795967,1.0577902941478545,3.2031234756093934,0,Saanvi Patel,28,2,Chennai,2022-12-19,46,1,3.87,Low,0.6521739130434783,12.996739130434783,1331,0.021739130434782608
T00530,R0112,13.04,99.41,118.18,2023-03-08,0,0,2,3,Zone_1,4921,2.43,30.9,Residential,2.0,True,False,False,False,True,False,False,False,False,False,False,False,False,False,4.780634955318833,2.641910398597665,9.970456358662826,0,Meera Nair,41,0,Delhi,2020-11-13,311,11,3.24,Medium,0.28787781350482317,3.6986173633440513,2097,0.03536977491961415
T00531,R0267,5.59,46.5,122.05,2024-04-24,0,0,2,4,Zone_2,6371,0.91,58.4,Residential,0.0,False,False,True,False,False,False,True,False,False,False,False,False,False,False,4.812590776837065,1.8855533485144158,6.819090848492928,0,Arjun Iyer,37,2,Jaipur,2021-01-01,131,11,4.5,Low,0.3602290076335878,5.203740458015267,2048,0.08396946564885496
T00532,R0263,13.4,77.64,221.62,2023-06-03,0,0,5,6,Zone_1,4921,2.43,30.9,Residential,2.0,False,False,False,True,True,False,False,False,False,False,False,False,False,False,5.405466282065079,2.667228206581955,8.811356308764276,0,Ishaan Das,31,2,Chennai,2020-12-30,297,21,3.84,Medium,0.3522558922558922,5.2110101010101015,2050,0.0707070707070707
T00533,R0172,5.89,32.82,57.12,2023-02-01,0,0,2,2,Zone_7,11070,0.64,45.2,Industrial,0.0,False,False,True,False,False,False,False,False,False,False,False,True,False,False,4.062509838702082,1.9300710850255671,5.728874234961001,0,Reyansh Reddy,31,2,Pune,2019-12-24,168,14,3.72,Medium,0.5050595238095238,8.86077380952381,2422,0.08333333333333333
T00534,R0284,2.17,13.05,51.16,2024-06-07,0,0,4,6,Zone_8,4516,1.93,31.0,Business,1.0,False,False,True,False,False,False,False,False,False,False,False,False,True,False,3.9543159176183975,1.1537315878891892,3.6124783736376886,0,Vivaan Das,28,0,Surat,2019-07-31,135,19,4.95,Low,0.45118518518518513,7.306148148148148,2568,0.14074074074074075
T00535,R0268,12.28,103.14,253.82,2023-11-20,0,0,0,11,Zone_5,2590,1.31,43.9,Business,0.0,False,False,False,True,False,False,False,False,False,True,False,False,False,False,5.540557413553235,2.5862591440482876,10.155786527886454,0,Ishaan Kumar,34,1,Chennai,2022-10-16,10,0,4.6,Low,4.252,72.60799999999999,1395,0.0
T00536,R0008,7.91,52.23,180.63,2023-10-12,0,0,3,10,Zone_6,14627,0.54,37.6,Mixed,0.0,True,False,False,False,False,False,False,False,False,False,True,False,False,False,5.201971650761352,2.187174241482718,7.227032586061862,0,Ishaan Ghosh,28,0,Jaipur,2022-10-01,215,23,4.02,Medium,0.22441860465116278,4.1547441860465115,1410,0.10697674418604651
T00537,R0183,15.24,150.36,141.28,2023-03-22,0,0,2,3,Zone_6,14627,0.54,37.6,Mixed,0.0,False,True,False,False,False,False,False,False,False,False,True,False,False,False,4.957796947080254,2.787477334733532,12.262136844775466,0,Arjun Patel,43,2,Jaipur,2022-08-27,406,66,3.79,High,0.14231527093596058,2.0964039408866997,1445,0.1625615763546798
T00538,R0234,12.46,108.52,224.08,2023-09-02,0,0,5,9,Zone_1,4921,2.43,30.9,Residential,2.0,False,True,False,False,True,False,False,False,False,False,False,False,False,False,5.416455894565078,2.599722324216582,10.417293314484334,0,Saanvi Nair,32,2,Pune,2022-12-01,183,31,3.98,Medium,0.34677595628415303,6.222677595628415,1349,0.16939890710382513
T00539,R0172,6.85,45.73,120.22,2024-03-03,0,0,6,3,Zone_6,14627,0.54,37.6,Mixed,0.0,False,False,True,False,False,False,False,False,False,False,True,False,False,False,4.797607076523139,2.060513531794317,6.762396025078685,0,Reyansh Reddy,31,2,Pune,2019-12-24,168,14,3.72,Medium,0.5050595238095238,8.86077380952381,2422,0.08333333333333333
T00540,R0023,5.75,56.32,70.29,2023-03-02,0,0,3,3,Zone_5,2590,1.31,43.9,Business,0.0,False,True,False,False,False,False,False,False,False,True,False,False,False,False,4.266756065129537,1.9095425048844386,7.504665215717488,0,Meera Iyer,24,2,Jaipur,2019-10-09,176,32,3.21,Medium,0.36880681818181815,6.793295454545454,2498,0.18181818181818182
T00541,R0288,8.12,67.78,81.83,2023-10-21,0,0,5,10,Zone_8,4516,1.93,31.0,Business,1.0,True,False,False,False,False,False,False,False,False,False,False,False,True,False,4.416790314610172,2.21046980408624,8.232860985101109,0,Diya Ghosh,42,1,Ahmedabad,2021-08-30,43,5,4.56,Low,1.2111627906976743,18.50232558139535,1807,0.11627906976744186
T00542,R0238,8.95,74.18,155.25,2023-03-20,0,0,0,3,Zone_2,6371,0.91,58.4,Residential,0.0,False,False,False,True,False,False,True,False,False,False,False,False,False,False,5.051457288616511,2.2975725511705014,8.61278120005379,0,Reyansh Patel,30,2,Pune,2019-04-22,362,56,4.91,High,0.10698895027624308,1.6299171270718231,2668,0.15469613259668508
T00543,R0005,3.59,22.45,59.14,2023-02-19,0,0,6,2,Zone_10,2440,1.54,35.4,Industrial,1.0,False,True,False,False,False,True,False,False,False,False,False,False,False,False,4.096675177560383,1.5238800240724537,4.738143096192854,0,Diya Reddy,27,1,Ahmedabad,2021-05-31,294,30,3.53,Medium,0.17435374149659863,3.1511904761904765,1898,0.10204081632653061
T00544,R0133,12.21,79.45,159.69,2023-01-03,0,0,1,1,Zone_3,12971,2.11,38.0,Business,2.0,True,False,False,False,False,False,False,True,False,False,False,False,False,False,5.079477043053662,2.580974118534234,8.913472948295743,0,Diya Kumar,25,0,Delhi,2019-07-13,155,11,4.4,Low,0.4186451612903226,5.272709677419355,2586,0.07096774193548387
T00545,R0051,6.01,59.55,60.9,2024-08-07,0,0,2,8,Zone_5,2590,1.31,43.9,Business,0.0,False,True,False,False,False,False,False,False,False,True,False,False,False,False,4.12552017969055,1.9473377010464987,7.7168646482881895,0,Aarav Nair,21,1,Kolkata,2020-04-05,213,14,4.02,Medium,0.2778403755868545,5.169107981220657,2319,0.06572769953051644
T00546,R0178,5.88,40.04,144.17,2024-06-27,1,0,3,6,Zone_4,4038,2.46,48.2,Business,2.0,False,False,False,True,False,False,False,False,True,False,False,False,False,False,4.9779054694733365,1.9286186519452522,6.32771680782255,0,Saanvi Ghosh,27,1,Delhi,2021-05-15,56,7,3.13,Low,1.1296428571428572,18.581071428571427,1914,0.125
T00547,R0016,5.3,29.91,48.14,2023-11-08,0,0,2,11,Zone_9,11037,1.83,56.1,Mixed,1.0,False,False,True,False,False,False,False,False,False,False,False,False,False,True,3.894673367093033,1.840549633397487,5.469003565550127,0,Aarav Iyer,28,0,Delhi,2022-01-24,356,51,3.06,High,0.11584269662921348,1.9316853932584273,1660,0.14325842696629212
T00548,R0211,9.16,68.5,91.28,2023-08-10,0,0,3,8,Zone_4,4038,2.46,48.2,Business,2.0,False,False,True,False,False,False,False,False,True,False,False,False,False,False,4.524827433305553,2.318458442150336,8.276472678623424,0,Arjun Reddy,36,0,Mumbai,2021-04-04,435,17,3.63,High,0.10593103448275862,1.4847816091954023,1955,0.03908045977011494
T00549,R0046,4.54,30.89,73.67,2024-05-28,0,0,1,5,Zone_2,6371,0.91,58.4,Residential,0.0,False,False,False,True,False,False,True,False,False,False,False,False,False,False,4.3130784050476105,1.7119945007591924,5.5578772926361015,0,Vivaan Singh,31,0,Kolkata,2019-08-16,31,4,3.87,Low,2.581290322580645,41.82,2552,0.12903225806451613
T00550,R0129,8.67,86.27,133.85,2023-01-05,0,0,3,1,Zone_6,14627,0.54,37.6,Mixed,0.0,False,False,True,False,False,False,False,False,False,False,True,False,False,False,4.904163049585739,2.269028309465203,9.288164511893617,0,Vivaan Singh,35,1,Hyderabad,2022-10-08,158,10,3.9,Low,0.5688607594936709,9.54620253164557,1403,0.06329113924050633
T00551,R0121,21.83,190.53,354.27,2023-11-27,0,0,0,11,Zone_9,11037,1.83,56.1,Mixed,1.0,False,False,False,True,False,False,False,False,False,False,False,False,False,True,5.872878063773937,3.1280754605417043,13.803260484392808,0,Diya Iyer,29,1,Pune,2023-07-13,378,10,4.17,High,0.23269841269841268,3.8740211640211637,1125,0.026455026455026454
T00552,R0005,7.73,64.25,102.14,2024-07-27,0,0,5,7,Zone_2,6371,0.91,58.4,Residential,0.0,False,True,False,False,False,False,True,False,False,False,False,False,False,False,4.636087288622813,2.166765369851511,8.0156097709407,0,Diya Reddy,27,1,Ahmedabad,2021-05-31,294,30,3.53,Medium,0.17435374149659863,3.1511904761904765,1898,0.10204081632653061
T00553,R0292,5.83,32.17,85.19,2024-06-23,0,0,6,6,Zone_7,11070,0.64,45.2,Industrial,0.0,False,False,False,True,False,False,False,False,False,False,False,True,False,False,4.456554161659308,1.9213246735826988,5.671860364994893,0,Diya Patel,37,0,Jaipur,2020-06-28,141,19,4.39,Low,0.5628368794326241,8.070141843971632,2235,0.1347517730496454
T00554,R0143,0.34,2.43,6.66,2023-10-27,0,0,4,10,Zone_6,14627,0.54,37.6,Mixed,0.0,False,False,False,True,False,False,False,False,False,False,True,False,False,False,2.0360119837525,0.29266961396282,1.5588457268119895,0,Meera Kumar,42,2,Kolkata,2023-03-28,74,13,4.56,Low,0.6636486486486486,11.666486486486486,1232,0.17567567567567569
T00555,R0293,8.25,70.59,124.79,2023-01-06,0,0,4,1,Zone_3,12971,2.11,38.0,Business,2.0,True,False,False,False,False,False,False,True,False,False,False,False,False,False,4.834613849850781,2.224623551524334,8.401785524517988,0,Arjun Kumar,39,0,Delhi,2019-10-01,248,44,3.2,Medium,0.09040322580645162,1.6186290322580645,2506,0.1774193548387097
T00556,R0175,2.45,19.43,53.43,2024-06-09,0,0,6,6,Zone_10,2440,1.54,35.4,Industrial,1.0,True,False,False,False,False,True,False,False,False,False,False,False,False,False,3.9969154724461085,1.2383742310432684,4.407947368106838,0,Diya Patel,35,1,Chennai,2022-08-18,98,8,3.48,Low,0.7169387755102041,12.928877551020408,1454,0.08163265306122448
T00557,R0196,6.12,31.21,115.58,2023-01-05,0,0,3,1,Zone_10,2440,1.54,35.4,Industrial,1.0,True,False,False,False,False,True,False,False,False,False,False,False,False,False,4.758577732617404,1.9629077254238845,5.586591089385369,0,Vivaan Das,18,1,Hyderabad,2019-06-24,51,9,4.93,Low,1.8813725490196078,31.831960784313726,2605,0.17647058823529413
T00558,R0145,8.76,84.65,94.17,2023-06-29,0,0,3,6,Zone_5,2590,1.31,43.9,Business,0.0,False,False,False,True,False,False,False,False,False,True,False,False,False,False,4.555664766084252,2.278292400425001,9.200543462209176,0,Saanvi Nair,36,0,Jaipur,2022-12-09,222,43,4.3,Medium,0.20873873873873874,2.948918918918919,1341,0.19369369369369369
T00559,R0010,0.65,4.04,5.95,2023-07-19,0,0,2,7,Zone_1,4921,2.43,30.9,Residential,2.0,False,True,False,False,True,False,False,False,False,False,False,False,False,False,1.9387416595767009,0.5007752879124893,2.009975124224178,0,Vivaan Gupta,25,0,Surat,2023-05-14,173,1,3.38,Medium,0.49277456647398843,6.962485549132948,1185,0.005780346820809248
T00560,R0106,8.79,44.59,85.75,2023-03-08,0,0,2,3,Zone_1,4921,2.43,30.9,Residential,2.0,False,False,True,False,True,False,False,False,False,False,False,False,False,False,4.4630304188269685,2.281361456542419,6.67757440991862,0,Aarav Patel,32,2,Bengaluru,2021-11-25,6,1,4.03,Low,6.611666666666667,73.10333333333334,1720,0.16666666666666666
T00561,R0278,9.52,81.51,158.21,2023-09-18,0,0,0,9,Zone_9,11037,1.83,56.1,Mixed,1.0,False,False,True,False,False,False,False,False,False,False,False,False,False,True,5.070224085507913,2.3532782073095637,9.028288874421332,0,Aarav Reddy,20,0,Mumbai,2021-09-02,382,58,4.27,High,0.25536649214659685,5.527120418848168,1804,0.1518324607329843
T00562,R0242,1.51,13.28,20.21,2024-06-13,0,0,3,6,Zone_10,2440,1.54,35.4,Industrial,1.0,False,False,True,False,False,True,False,False,False,False,False,False,False,False,3.0544727685765913,0.9202827531436926,3.6441734316577197,0,Kavya Iyer,34,1,Ahmedabad,2022-06-05,445,8,4.54,High,0.05903370786516854,0.7375056179775281,1528,0.017977528089887642
T00563,R0211,6.04,52.85,79.74,2023-05-08,0,0,0,5,Zone_5,2590,1.31,43.9,Business,0.0,False,True,False,False,False,False,False,False,False,True,False,False,False,False,4.391234115424795,1.951608170169951,7.269800547470337,0,Arjun Reddy,36,0,Mumbai,2021-04-04,435,17,3.63,High,0.10593103448275862,1.4847816091954023,1955,0.03908045977011494
T00564,R0003,1.15,8.5,17.88,2023-01-26,0,0,3,1,Zone_5,2590,1.31,43.9,Business,0.0,False,False,False,True,False,False,False,False,False,True,False,False,False,False,2.9381031607173544,0.7654678421395714,2.9154759474226504,0,Kavya Reddy,34,1,Pune,2023-05-04,45,9,3.76,Low,1.5040000000000002,21.593555555555557,1195,0.2
T00565,R0139,15.88,90.14,211.49,2023-09-04,0,0,0,9,Zone_9,11037,1.83,56.1,Mixed,1.0,False,False,True,False,False,False,False,False,False,False,False,False,False,True,5.358894928433641,2.826129489167811,9.494208761134336,0,Diya Gupta,44,2,Kolkata,2023-10-09,155,7,4.39,Low,0.38012903225806455,6.466,1037,0.04516129032258064
T00566,R0028,9.65,86.84,188.55,2023-09-29,0,0,4,9,Zone_3,12971,2.11,38.0,Business,2.0,False,False,False,True,False,False,False,True,False,False,False,False,False,False,5.244652841962344,2.365559892155434,9.318798205777396,0,Reyansh Sharma,20,0,Surat,2023-11-11,249,21,3.79,Medium,0.34088353413654615,6.022128514056225,1004,0.08433734939759036
T00567,R0177,7.1,55.19,140.55,2024-02-06,0,0,1,2,Zone_10,2440,1.54,35.4,Industrial,1.0,False,False,False,True,False,True,False,False,False,False,False,False,False,False,4.952653011557909,2.0918640616783932,7.4289972405433025,0,Ishaan Reddy,34,2,Bengaluru,2023-02-15,489,63,4.48,High,0.23668711656441715,3.8175051124744375,1273,0.12883435582822086
T00568,R0067,7.18,67.45,151.87,2023-04-01,0,0,5,4,Zone_7,11070,0.64,45.2,Industrial,0.0,False,False,True,False,False,False,False,False,False,False,False,True,False,False,5.0295878870129425,2.1016921506146558,8.212794895770866,0,Saanvi Iyer,32,1,Pune,2022-07-24,348,9,3.38,High,0.32491379310344826,5.3069252873563215,1479,0.02586206896551724
T00569,R0077,13.66,71.95,231.84,2023-09-16,0,0,5,9,Zone_3,12971,2.11,38.0,Business,2.0,True,False,False,False,False,False,False,True,False,False,False,False,False,False,5.450351522403535,2.6851226964585053,8.482334584299302,0,Reyansh Das,28,1,Mumbai,2019-09-07,406,72,3.79,High,0.3617241379310345,5.7729556650246305,2530,0.17733990147783252
T00570,R0167,7.53,47.67,122.72,2023-08-08,0,0,1,8,Zone_9,11037,1.83,56.1,Mixed,1.0,True,False,False,False,False,False,False,False,False,False,False,False,False,True,4.818020947816869,2.143589361503588,6.904346457123947,0,Kavya Nair,44,1,Hyderabad,2022-08-25,117,5,4.75,Low,0.5496581196581197,9.192735042735043,1447,0.042735042735042736
T00571,R0167,9.65,81.83,191.62,2024-07-24,0,0,2,7,Zone_10,2440,1.54,35.4,Industrial,1.0,False,True,False,False,False,True,False,False,False,False,False,False,False,False,5.260719336132718,2.365559892155434,9.045993588324059,0,Kavya Nair,44,1,Hyderabad,2022-08-25,117,5,4.75,Low,0.5496581196581197,9.192735042735043,1447,0.042735042735042736
T00572,R0086,15.59,152.65,354.96,2024-04-19,0,0,4,4,Zone_3,12971,2.11,38.0,Business,2.0,False,False,False,True,False,False,False,True,False,False,False,False,False,False,5.874818364988662,2.808800104202353,12.355160864998885,0,Vivaan Patel,23,1,Hyderabad,2019-11-08,337,17,4.56,High,0.19192878338278935,3.352581602373887,2468,0.050445103857566766
T00573,R0170,6.27,60.88,114.19,2024-02-15,0,0,3,2,Zone_1,4921,2.43,30.9,Residential,2.0,False,False,True,False,True,False,False,False,False,False,False,False,False,False,4.746582938938415,1.9837562915454279,7.802563681252464,0,Saanvi Kumar,29,2,Bengaluru,2020-05-20,28,3,3.68,Low,1.9110714285714285,33.70392857142857,2274,0.10714285714285714
T00574,R0236,2.54,22.73,20.65,2023-11-05,0,0,6,11,Zone_6,14627,0.54,37.6,Mixed,0.0,False,False,False,True,False,False,False,False,False,False,True,False,False,False,3.075005454448499,1.264126727145683,4.767598976424087,0,Arjun Gupta,28,1,Ahmedabad,2020-08-10,61,1,3.36,Low,0.8198360655737704,12.599016393442623,2192,0.01639344262295082
T00575,R0141,3.88,25.14,92.56,2024-05-26,0,0,6,5,Zone_8,4516,1.93,31.0,Business,1.0,False,False,True,False,False,False,False,False,False,False,False,False,True,False,4.538602941715978,1.5851452198650557,5.01398045468867,0,Arjun Das,25,2,Jaipur,2019-07-08,53,0,4.29,Low,0.5720754716981132,10.239622641509435,2591,0.0
T00576,R0049,15.14,80.45,148.79,2023-08-31,0,0,3,8,Zone_10,2440,1.54,35.4,Industrial,1.0,False,False,False,True,False,True,False,False,False,False,False,False,False,False,5.009234313180627,2.7813006628418027,8.969392398596462,0,Meera Iyer,39,1,Mumbai,2020-05-19,375,55,4.4,High,0.15565333333333334,2.6144,2275,0.14666666666666667
T00577,R0055,8.46,68.07,69.76,2023-01-09,0,0,0,1,Zone_6,14627,0.54,37.6,Mixed,0.0,False,True,False,False,False,False,False,False,False,False,True,False,False,False,4.259293869291585,2.247072383063787,8.250454532933322,0,Kavya Singh,32,1,Delhi,2021-11-07,425,12,4.19,High,0.16870588235294118,2.610729411764706,1738,0.02823529411764706
T00578,R0007,5.49,44.83,83.51,2024-02-09,0,0,4,2,Zone_10,2440,1.54,35.4,Industrial,1.0,False,True,False,False,False,True,False,False,False,False,False,False,False,False,4.436869870556391,1.8702625307159986,6.695520890864279,0,Ishaan Ghosh,18,0,Mumbai,2021-03-26,458,82,4.03,High,0.08650655021834062,1.3033187772925765,1964,0.17903930131004367
T00579,R0249,12.87,127.32,191.9,2024-05-23,0,0,3,5,Zone_1,4921,2.43,30.9,Residential,2.0,False,False,False,True,True,False,False,False,False,False,False,False,False,False,5.262171919911683,2.6297282343267403,11.283616441549224,0,Diya Nair,20,1,Mumbai,2023-03-24,396,48,4.49,High,0.1634090909090909,2.728611111111111,1236,0.12121212121212122
T00580,R0284,12.99,102.01,116.95,2024-06-21,0,0,4,6,Zone_3,12971,2.11,38.0,Business,2.0,False,False,True,False,False,False,False,True,False,False,False,False,False,False,4.770260805853684,2.63834278867739,10.1,0,Vivaan Das,28,0,Surat,2019-07-31,135,19,4.95,Low,0.45118518518518513,7.306148148148148,2568,0.14074074074074075
T00581,R0193,5.62,32.23,112.89,2023-12-21,0,0,3,12,Zone_5,2590,1.31,43.9,Business,0.0,False,False,False,True,False,False,False,False,False,True,False,False,False,False,4.7352330702862595,1.890095369948917,5.677147170894902,0,Kavya Singh,33,0,Chennai,2022-01-03,389,68,4.41,High,0.14419023136246786,2.5851928020565555,1681,0.17480719794344474
T00582,R0177,3.14,17.29,38.14,2024-08-10,0,0,5,8,Zone_5,2590,1.31,43.9,Business,0.0,False,True,False,False,False,False,False,False,False,True,False,False,False,False,3.66714496196793,1.420695787837223,4.158124577258358,0,Ishaan Reddy,34,2,Bengaluru,2023-02-15,489,63,4.48,High,0.23668711656441715,3.8175051124744375,1273,0.12883435582822086
T00583,R0147,0.15,1.49,3.27,2023-02-10,0,0,4,2,Zone_5,2590,1.31,43.9,Business,0.0,False,False,False,True,False,False,False,False,False,True,False,False,False,False,1.451613827240533,0.1397619423751587,1.2206555615733703,0,Saanvi Nair,35,2,Mumbai,2022-08-29,239,21,3.91,Medium,0.26589958158995813,4.27531380753138,1443,0.08786610878661087
T00584,R0104,0.97,6.57,11.09,2024-03-04,0,0,0,3,Zone_5,2590,1.31,43.9,Business,0.0,True,False,False,False,False,False,False,False,False,True,False,False,False,False,2.492378664626701,0.6780335427498971,2.563201123595259,0,Diya Gupta,52,1,Kolkata,2021-05-27,328,1,3.7,High,0.14234756097560977,2.3335060975609756,1902,0.003048780487804878
T00585,R0088,6.68,60.36,76.64,2023-08-03,0,0,3,8,Zone_9,11037,1.83,56.1,Mixed,1.0,False,False,False,True,False,False,False,False,False,False,False,False,False,True,4.35208275830081,2.038619547159581,7.769169839822013,0,Diya Iyer,22,2,Jaipur,2019-07-07,438,0,4.78,High,0.1421232876712329,2.0405479452054793,2592,0.0
T00586,R0040,3.53,33.61,32.14,2024-06-26,0,0,2,6,Zone_3,12971,2.11,38.0,Business,2.0,False,False,True,False,False,False,False,True,False,False,False,False,False,False,3.500741011998417,1.5107219394949425,5.797413216254298,0,Aarav Gupta,34,2,Surat,2023-05-05,485,36,4.41,High,0.1658762886597938,2.352061855670103,1194,0.07422680412371134
T00587,R0176,17.29,129.09,379.63,2024-02-04,0,0,6,2,Zone_9,11037,1.83,56.1,Mixed,1.0,False,False,False,True,False,False,False,False,False,False,False,False,False,True,5.94182777466688,2.906354462402774,11.361778029868388,0,Kavya Gupta,43,1,Mumbai,2019-05-24,260,13,3.95,Medium,0.3502307692307692,6.3002692307692305,2636,0.05
T00588,R0103,8.29,74.64,139.36,2023-06-22,0,0,3,6,Zone_7,11070,0.64,45.2,Industrial,0.0,True,False,False,False,False,False,False,False,False,False,False,True,False,False,4.944210550715014,2.2289385528257473,8.63944442658207,0,Ishaan Gupta,37,2,Surat,2022-11-24,175,14,3.07,Medium,0.40817142857142863,7.065371428571429,1356,0.08
T00589,R0149,1.71,13.77,28.65,2023-10-05,0,0,3,10,Zone_6,14627,0.54,37.6,Mixed,0.0,False,True,False,False,False,False,False,False,False,False,True,False,False,False,3.3894621254437345,0.9969486348916096,3.7107950630558943,0,Diya Reddy,30,1,Jaipur,2019-09-14,89,8,4.57,Low,0.4766292134831461,7.428314606741573,2523,0.0898876404494382
T00590,R0067,15.09,133.2,145.23,2024-06-17,0,0,0,6,Zone_6,14627,0.54,37.6,Mixed,0.0,False,True,False,False,False,False,False,False,False,False,True,False,False,False,4.985180724623787,2.7781979610042917,11.541230437002806,0,Saanvi Iyer,32,1,Pune,2022-07-24,348,9,3.38,High,0.32491379310344826,5.3069252873563215,1479,0.02586206896551724
T00591,R0028,8.81,61.37,116.5,2023-08-24,0,0,3,8,Zone_4,4038,2.46,48.2,Business,2.0,True,False,False,False,False,False,False,False,True,False,False,False,False,False,4.7664383335842135,2.2834022735772717,7.8339006886735545,0,Reyansh Sharma,20,0,Surat,2023-11-11,249,21,3.79,Medium,0.34088353413654615,6.022128514056225,1004,0.08433734939759036
T00592,R0098,11.52,78.71,114.56,2023-02-05,0,0,6,2,Zone_5,2590,1.31,43.9,Business,0.0,False,True,False,False,False,False,False,False,False,True,False,False,False,False,4.749789875598035,2.5273273656719524,8.871865643707642,0,Diya Singh,21,2,Bengaluru,2023-04-29,286,56,3.5,Medium,0.24779720279720283,3.7473776223776225,1200,0.1958041958041958
T00593,R0154,11.41,58.38,228.63,2023-08-24,0,0,3,8,Zone_4,4038,2.46,48.2,Business,2.0,False,False,False,True,False,False,False,False,True,False,False,False,False,False,5.436469317930779,2.5185025992165158,7.6406805979572265,0,Kavya Patel,18,2,Kolkata,2019-03-25,466,79,4.68,High,0.2974678111587983,4.419570815450644,2696,0.16952789699570817
T00594,R0187,9.48,82.32,229.76,2024-07-23,1,0,1,7,Zone_9,11037,1.83,56.1,Mixed,1.0,True,False,False,False,False,False,False,False,False,False,False,False,False,True,5.441378209388689,2.349468678892896,9.073036977771004,0,Saanvi Reddy,27,2,Surat,2022-08-05,357,38,4.71,High,0.21170868347338936,3.818879551820728,1467,0.10644257703081232
T00595,R0175,10.62,80.66,135.0,2024-01-16,0,0,1,1,Zone_2,6371,0.91,58.4,Residential,0.0,True,False,False,False,False,False,True,False,False,False,False,False,False,False,4.912654885736052,2.4527277514237653,8.981091247727083,0,Diya Patel,35,1,Chennai,2022-08-18,98,8,3.48,Low,0.7169387755102041,12.928877551020408,1454,0.08163265306122448
T00596,R0290,9.19,58.17,176.65,2023-09-09,0,0,5,9,Zone_10,2440,1.54,35.4,Industrial,1.0,False,False,True,False,False,True,False,False,False,False,False,False,False,False,5.179815322467036,2.321406847234633,7.626925986267338,0,Saanvi Kumar,34,2,Chennai,2020-05-06,169,4,4.28,Medium,0.40366863905325445,6.376745562130178,2288,0.023668639053254437
T00597,R0019,2.47,20.08,56.95,2023-07-11,0,0,1,7,Zone_5,2590,1.31,43.9,Business,0.0,True,False,False,False,False,False,False,False,False,True,False,False,False,False,4.059580569785761,1.244154593958768,4.481071300481616,0,Kavya Patel,40,2,Mumbai,2023-04-02,266,24,4.08,Medium,0.14567669172932332,2.3796616541353384,1227,0.09022556390977443
T00598,R0077,9.83,57.3,109.08,2023-10-08,0,0,6,10,Zone_8,4516,1.93,31.0,Business,1.0,False,True,False,False,False,False,False,False,False,False,False,False,True,False,4.701207374185033,2.382320061012899,7.569676347110224,0,Reyansh Das,28,1,Mumbai,2019-09-07,406,72,3.79,High,0.3617241379310345,5.7729556650246305,2530,0.17733990147783252
T00599,R0077,13.12,118.75,124.69,2023-08-18,0,0,4,8,Zone_8,4516,1.93,31.0,Business,1.0,False,False,True,False,False,False,False,False,False,False,False,False,True,False,4.8338185579367465,2.647592232065096,10.897247358851684,0,Reyansh Das,28,1,Mumbai,2019-09-07,406,72,3.79,High,0.3617241379310345,5.7729556650246305,2530,0.17733990147783252
T00600,R0058,6.95,59.97,83.74,2023-09-10,0,0,6,9,Zone_9,11037,1.83,56.1,Mixed,1.0,False,False,False,True,False,False,False,False,False,False,False,False,False,True,4.439587745198413,2.0731719286662407,7.744029958619737,0,Vivaan Reddy,46,1,Kolkata,2021-05-31,480,25,4.32,High,0.15858333333333335,2.1738958333333334,1898,0.052083333333333336
T00601,R0070,10.76,96.0,254.15,2024-05-04,0,0,5,5,Zone_3,12971,2.11,38.0,Business,2.0,False,False,False,True,False,False,False,True,False,False,False,False,False,False,5.54185160750998,2.464703942470481,9.797958971132712,0,Meera Reddy,33,1,Bengaluru,2023-01-03,310,6,3.54,Medium,0.2897096774193548,5.337709677419355,1316,0.01935483870967742
T00602,R0268,10.1,100.47,211.34,2023-07-25,0,0,1,7,Zone_10,2440,1.54,35.4,Industrial,1.0,False,False,True,False,False,True,False,False,False,False,False,False,False,False,5.358188763585427,2.4069451083182885,10.023472452199387,0,Ishaan Kumar,34,1,Chennai,2022-10-16,10,0,4.6,Low,4.252,72.60799999999999,1395,0.0
T00603,R0021,17.08,144.62,379.63,2023-04-09,0,0,6,4,Zone_10,2440,1.54,35.4,Industrial,1.0,False,False,False,True,False,True,False,False,False,False,False,False,False,False,5.94182777466688,2.89480635496403,12.025805586321441,0,Diya Ghosh,37,0,Pune,2019-05-08,380,17,3.91,High,0.09136842105263157,1.7853684210526317,2652,0.04473684210526316
T00604,R0290,6.74,55.38,55.87,2023-06-02,0,0,4,6,Zone_6,14627,0.54,37.6,Mixed,0.0,False,True,False,False,False,False,False,False,False,False,True,False,False,False,4.040767961318708,2.046401687601636,7.441773982055623,0,Saanvi Kumar,34,2,Chennai,2020-05-06,169,4,4.28,Medium,0.40366863905325445,6.376745562130178,2288,0.023668639053254437
T00605,R0134,6.54,58.19,156.44,2023-07-10,0,0,0,7,Zone_2,6371,0.91,58.4,Residential,0.0,False,False,False,True,False,False,True,False,False,False,False,False,False,False,5.059044433303943,2.020222182019865,7.62823701781742,0,Aadhya Singh,34,1,Jaipur,2022-07-30,410,29,4.59,High,0.13614634146341464,2.644878048780488,1473,0.07073170731707316
T00606,R0190,7.42,41.81,83.65,2024-06-01,0,0,5,6,Zone_1,4921,2.43,30.9,Residential,2.0,False,False,False,True,True,False,False,False,False,False,False,False,False,False,4.438525108579144,2.130609828254235,6.466065264130885,0,Saanvi Iyer,35,2,Surat,2020-09-25,274,47,4.12,Medium,0.25543795620437953,4.08,2146,0.17153284671532848
T00607,R0232,7.49,65.67,161.66,2024-06-28,0,0,4,6,Zone_7,11070,0.64,45.2,Industrial,0.0,False,False,True,False,False,False,False,False,False,False,False,True,False,False,5.091662132738629,2.138889000323256,8.103702857336268,0,Meera Das,38,1,Jaipur,2022-12-08,172,15,3.94,Medium,0.541860465116279,8.667674418604651,1342,0.0872093023255814
T00608,R0180,3.36,18.11,60.68,2023-09-26,0,0,1,9,Zone_10,2440,1.54,35.4,Industrial,1.0,True,False,False,False,False,True,False,False,False,False,False,False,False,False,4.1219597292550745,1.4724720573609429,4.255584566190643,0,Diya Kumar,33,1,Hyderabad,2019-12-03,44,4,4.53,Low,0.12840909090909092,1.929318181818182,2443,0.09090909090909091
T00609,R0088,4.79,26.77,39.37,2024-02-17,0,0,5,2,Zone_9,11037,1.83,56.1,Mixed,1.0,False,False,True,False,False,False,False,False,False,False,False,False,False,True,3.6980869348648495,1.7561322915849038,5.173973328110612,0,Diya Iyer,22,2,Jaipur,2019-07-07,438,0,4.78,High,0.1421232876712329,2.0405479452054793,2592,0.0
T00610,R0157,9.5,80.41,84.66,2023-09-18,0,0,0,9,Zone_6,14627,0.54,37.6,Mixed,0.0,False,False,False,True,False,False,False,False,False,False,True,False,False,False,4.450385972187225,2.3513752571634776,8.967162315916893,0,Kavya Nair,36,0,Hyderabad,2021-11-23,319,27,4.65,Medium,0.3570532915360502,5.880658307210031,1722,0.08463949843260188
T00611,R0099,7.96,61.42,151.42,2024-01-28,0,0,6,1,Zone_4,4038,2.46,48.2,Business,2.0,False,False,True,False,False,False,False,False,True,False,False,False,False,False,5.026639868237972,2.192770226986839,7.8370912971586595,0,Diya Gupta,35,2,Mumbai,2021-08-21,80,8,3.7,Low,0.867125,16.033250000000002,1816,0.1
T00612,R0247,4.0,39.7,87.48,2024-03-07,0,0,3,3,Zone_8,4516,1.93,31.0,Business,1.0,False,True,False,False,False,False,False,False,False,False,False,False,True,False,4.482776537774025,1.6094379124341003,6.300793600809346,0,Aadhya Das,37,1,Bengaluru,2021-05-11,249,47,4.92,Medium,0.5360642570281124,9.507791164658634,1918,0.18875502008032127
T00613,R0148,4.68,38.57,101.07,2024-08-01,0,0,3,8,Zone_3,12971,2.11,38.0,Business,2.0,True,False,False,False,False,False,False,True,False,False,False,False,False,False,4.625658852415407,1.7369512327330598,6.210475022089695,0,Aarav Kumar,44,1,Ahmedabad,2019-09-30,412,34,3.36,High,0.056286407766990294,0.9918203883495146,2507,0.0825242718446602
T00614,R0252,6.22,32.14,82.7,2024-02-10,0,0,5,2,Zone_5,2590,1.31,43.9,Business,0.0,False,False,True,False,False,False,False,False,False,True,False,False,False,False,4.4272389774954295,1.9768549529047348,5.669215113223347,0,Reyansh Gupta,38,2,Ahmedabad,2020-09-23,392,47,4.83,High,0.25614795918367345,4.290943877551021,2148,0.11989795918367346
T00615,R0249,3.99,20.79,81.77,2023-11-30,0,0,3,11,Zone_1,4921,2.43,30.9,Residential,2.0,False,False,False,True,True,False,False,False,False,False,False,False,False,False,4.416065676897304,1.6074359097634274,4.559605246071199,0,Diya Nair,20,1,Mumbai,2023-03-24,396,48,4.49,High,0.1634090909090909,2.728611111111111,1236,0.12121212121212122
T00616,R0182,5.43,34.75,111.09,2024-01-15,0,0,0,1,Zone_4,4038,2.46,48.2,Business,2.0,False,True,False,False,False,False,False,False,True,False,False,False,False,False,4.719302120033004,1.860974538249528,5.894913061275798,0,Meera Patel,43,1,Jaipur,2020-09-30,8,0,4.4,Low,6.19125,104.47625,2141,0.0
T00617,R0215,5.3,47.72,89.41,2024-05-26,0,0,6,5,Zone_7,11070,0.64,45.2,Industrial,0.0,True,False,False,False,False,False,False,False,False,False,False,True,False,False,4.504354880749275,1.840549633397487,6.907966415668217,0,Saanvi Gupta,26,0,Hyderabad,2020-02-28,438,48,3.24,High,0.04143835616438356,0.8495433789954339,2356,0.1095890410958904
T00618,R0282,12.48,112.31,131.55,2024-03-17,0,0,6,3,Zone_2,6371,0.91,58.4,Residential,0.0,False,False,False,True,False,False,True,False,False,False,False,False,False,False,4.886959932735035,2.601207105484161,10.59764124699454,0,Reyansh Kumar,22,2,Bengaluru,2022-05-02,319,3,4.47,Medium,0.29112852664576805,4.387931034482759,1562,0.009404388714733543
T00619,R0026,13.08,87.75,177.87,2024-07-08,0,0,0,7,Zone_8,4516,1.93,31.0,Business,1.0,False,True,False,False,False,False,False,False,False,False,False,False,True,False,5.186659285005154,2.644755350729896,9.367496997597597,0,Aarav Kumar,26,0,Surat,2020-04-17,44,5,3.17,Low,1.8020454545454547,22.11795454545455,2307,0.11363636363636363
T00620,R0120,12.67,91.94,164.83,2024-07-20,0,0,5,7,Zone_9,11037,1.83,56.1,Mixed,1.0,False,True,False,False,False,False,False,False,False,False,False,False,False,True,5.110963167226007,2.6152036507358583,9.588534820294496,0,Ishaan Gupta,18,2,Surat,2020-07-12,311,15,4.55,Medium,0.21929260450160773,3.260289389067524,2221,0.04823151125401929
T00621,R0261,10.13,63.13,190.94,2023-12-11,0,0,0,12,Zone_4,4038,2.46,48.2,Business,2.0,False,True,False,False,False,False,False,False,True,False,False,False,False,False,5.257182823189481,2.4096441652874536,7.945438943192503,0,Aarav Kumar,31,1,Pune,2022-08-26,477,83,4.24,High,0.10308176100628931,1.3621174004192873,1446,0.1740041928721174
T00622,R0117,4.46,30.63,101.5,2023-07-24,0,0,0,7,Zone_3,12971,2.11,38.0,Business,2.0,True,False,False,False,False,False,False,True,False,False,False,False,False,False,4.629862798578463,1.6974487897568136,5.534437640808685,0,Aadhya Gupta,21,0,Ahmedabad,2021-06-12,369,37,3.16,High,0.07910569105691057,1.3319241192411924,1886,0.1002710027100271
T00623,R0236,12.8,93.31,160.15,2023-06-23,0,0,4,6,Zone_3,12971,2.11,38.0,Business,2.0,False,False,False,True,False,False,False,True,False,False,False,False,False,False,5.082335608261447,2.624668592163159,9.659710140578753,0,Arjun Gupta,28,1,Ahmedabad,2020-08-10,61,1,3.36,Low,0.8198360655737704,12.599016393442623,2192,0.01639344262295082
T00624,R0199,6.43,46.45,157.91,2023-01-31,1,0,1,1,Zone_7,11070,0.64,45.2,Industrial,0.0,False,False,True,False,False,False,False,False,False,False,False,True,False,False,5.068338004224545,2.005525858729668,6.815423684555495,0,Aarav Das,29,1,Ahmedabad,2021-08-03,344,27,3.91,High,0.24752906976744188,4.652616279069767,1834,0.07848837209302326
T00625,R0099,8.12,45.04,125.93,2023-06-06,0,0,1,6,Zone_2,6371,0.91,58.4,Residential,0.0,True,False,False,False,False,False,True,False,False,False,False,False,False,False,4.843635753400086,2.21046980408624,6.711184694225007,0,Diya Gupta,35,2,Mumbai,2021-08-21,80,8,3.7,Low,0.867125,16.033250000000002,1816,0.1
T00626,R0254,14.69,127.86,246.29,2024-04-17,0,0,2,4,Zone_6,14627,0.54,37.6,Mixed,0.0,False,False,False,True,False,False,False,False,False,False,True,False,False,False,5.510561736993246,2.753023566744941,11.30751962191532,0,Meera Kumar,18,1,Delhi,2020-03-09,363,70,3.68,High,0.2269146005509642,3.346005509641873,2346,0.1928374655647383
T00627,R0215,8.42,65.2,194.46,2023-06-11,0,0,6,6,Zone_1,4921,2.43,30.9,Residential,2.0,False,False,False,True,True,False,False,False,False,False,False,False,False,False,5.27535575491069,2.2428350885882717,8.07465169527454,0,Saanvi Gupta,26,0,Hyderabad,2020-02-28,438,48,3.24,High,0.04143835616438356,0.8495433789954339,2356,0.1095890410958904
T00628,R0011,9.24,53.33,173.78,2023-01-17,0,0,1,1,Zone_9,11037,1.83,56.1,Mixed,1.0,False,False,False,True,False,False,False,False,False,False,False,False,False,True,5.163528040199398,2.3263016196113617,7.302739212103908,0,Vivaan Nair,26,1,Chennai,2020-04-14,208,34,4.0,Medium,0.4276923076923077,7.8547115384615385,2310,0.16346153846153846
T00629,R0202,0.94,9.32,8.98,2023-07-30,0,0,6,7,Zone_2,6371,0.91,58.4,Residential,0.0,False,True,False,False,False,False,True,False,False,False,False,False,False,False,2.300583090323373,0.6626879730752367,3.0528675044947495,0,Aadhya Reddy,27,1,Ahmedabad,2021-10-28,317,0,4.72,Medium,0.23249211356466878,2.86794952681388,1748,0.0
T00630,R0014,10.44,104.32,248.28,2024-04-02,0,0,1,4,Zone_9,11037,1.83,56.1,Mixed,1.0,False,False,False,True,False,False,False,False,False,False,False,False,False,True,5.518576762682383,2.437115985951652,10.213716267842964,0,Aarav Das,26,0,Ahmedabad,2021-06-08,325,53,3.0,High,0.1298153846153846,2.710769230769231,1890,0.16307692307692306
T00631,R0223,3.1,23.61,60.84,2023-01-12,0,0,3,1,Zone_1,4921,2.43,30.9,Residential,2.0,False,False,True,False,True,False,False,False,False,False,False,False,False,False,4.124550404279167,1.410986973710262,4.859012245302536,0,Meera Ghosh,30,0,Surat,2019-11-29,158,10,4.04,Low,0.3569620253164557,6.248164556962026,2447,0.06329113924050633
T00632,R0296,13.06,98.26,211.91,2024-08-04,0,0,6,8,Zone_1,4921,2.43,30.9,Residential,2.0,True,False,False,False,True,False,False,False,False,False,False,False,False,False,5.360869541205001,2.643333886382519,9.912618221237011,0,Reyansh Patel,37,2,Hyderabad,2021-02-20,390,58,3.97,High,0.20374358974358978,3.349897435897436,1998,0.14871794871794872
T00633,R0073,7.08,40.86,147.7,2023-10-16,0,0,0,10,Zone_5,2590,1.31,43.9,Business,0.0,False,False,False,True,False,False,False,False,False,True,False,False,False,False,5.001930853466109,2.089391872533004,6.3921827257987545,0,Meera Das,41,2,Ahmedabad,2021-06-19,490,30,3.01,High,0.16042857142857142,2.6034693877551023,1879,0.061224489795918366
T00634,R0154,3.18,26.38,41.28,2024-03-16,0,0,5,3,Zone_2,6371,0.91,58.4,Residential,0.0,False,True,False,False,False,False,True,False,False,False,False,False,False,False,3.7443141610020367,1.430311246536665,5.136146415358503,0,Kavya Patel,18,2,Kolkata,2019-03-25,466,79,4.68,High,0.2974678111587983,4.419570815450644,2696,0.16952789699570817
T00635,R0275,6.21,54.65,58.18,2024-07-02,0,0,1,7,Zone_10,2440,1.54,35.4,Industrial,1.0,False,True,False,False,False,True,False,False,False,False,False,False,False,False,4.080583646972063,1.9754689512968577,7.392563831310488,0,Ishaan Das,21,2,Jaipur,2022-10-04,247,17,3.07,Medium,0.13704453441295547,1.3201214574898787,1407,0.06882591093117409
T00636,R0156,6.86,62.33,169.38,2023-02-15,1,0,2,2,Zone_10,2440,1.54,35.4,Industrial,1.0,False,False,False,True,False,True,False,False,False,False,False,False,False,False,5.138031236614695,2.061786606441115,7.894935085230276,0,Ishaan Iyer,33,0,Jaipur,2022-07-07,255,18,4.28,Medium,0.09482352941176471,1.8989411764705884,1496,0.07058823529411765
T00637,R0097,10.43,91.42,172.22,2023-06-23,0,0,4,6,Zone_9,11037,1.83,56.1,Mixed,1.0,True,False,False,False,False,False,False,False,False,False,False,False,False,True,5.1545624629028985,2.4362414778067194,9.561380653441217,0,Aarav Iyer,23,2,Bengaluru,2021-01-25,478,5,3.28,High,0.1452510460251046,2.3370292887029285,2024,0.010460251046025104
T00638,R0074,11.35,102.24,272.71,2024-07-10,0,0,2,7,Zone_10,2440,1.54,35.4,Industrial,1.0,True,False,False,False,False,True,False,False,False,False,False,False,False,False,5.612069151732869,2.513656063073986,10.11137972781163,0,Vivaan Ghosh,23,1,Kolkata,2023-09-11,199,22,4.89,Medium,0.2321105527638191,4.106884422110553,1065,0.11055276381909548
T00639,R0291,6.36,52.12,77.79,2023-09-19,0,0,1,9,Zone_2,6371,0.91,58.4,Residential,0.0,False,False,False,True,False,False,True,False,False,False,False,False,False,False,4.366786085257597,1.9960599327407849,7.219418259112018,0,Arjun Ghosh,23,2,Pune,2021-04-19,499,94,3.46,High,0.09308617234468938,1.59436873747495,1940,0.18837675350701402
T00640,R0105,13.06,111.2,238.26,2023-12-14,0,0,3,12,Zone_2,6371,0.91,58.4,Residential,0.0,True,False,False,False,False,False,True,False,False,False,False,False,False,False,5.477550826742758,2.643333886382519,10.545141061171254,0,Diya Das,31,0,Jaipur,2020-09-28,346,9,3.69,High,0.27514450867052026,3.7604624277456646,2143,0.02601156069364162
T00641,R0298,7.84,51.89,109.17,2024-08-07,0,0,2,8,Zone_2,6371,0.91,58.4,Residential,0.0,True,False,False,False,False,False,True,False,False,False,False,False,False,False,4.702024627351974,2.179286876649552,7.2034713853808015,0,Vivaan Singh,35,0,Ahmedabad,2020-03-25,65,11,3.88,Low,0.9721538461538463,15.421692307692307,2330,0.16923076923076924
T00642,R0064,4.43,26.39,92.16,2024-06-01,0,0,5,6,Zone_6,14627,0.54,37.6,Mixed,0.0,True,False,False,False,False,False,False,False,False,False,True,False,False,False,4.53431844501614,1.691939133945844,5.137119815616529,0,Ishaan Nair,21,0,Bengaluru,2023-09-30,214,2,4.21,Medium,0.26429906542056075,5.103691588785047,1046,0.009345794392523364
T00643,R0216,2.44,13.98,20.76,2023-01-13,0,0,4,1,Zone_2,6371,0.91,58.4,Residential,0.0,True,False,False,False,False,False,True,False,False,False,False,False,False,False,3.080073421987742,1.235471471385307,3.7389838191679834,0,Ishaan Ghosh,44,0,Chennai,2019-08-01,335,24,3.4,High,0.0884776119402985,1.4891940298507462,2567,0.07164179104477612
T00644,R0113,1.73,14.83,27.56,2023-01-07,0,0,5,1,Zone_3,12971,2.11,38.0,Business,2.0,True,False,False,False,False,False,False,True,False,False,False,False,False,False,3.3520071374713836,1.0043016091968684,3.850973902793941,0,Aadhya Singh,26,2,Chennai,2019-03-09,423,26,4.61,High,0.1300709219858156,2.591702127659574,2712,0.061465721040189124
T00645,R0115,12.8,66.54,204.15,2024-02-23,0,0,4,2,Zone_1,4921,2.43,30.9,Residential,2.0,False,True,False,False,True,False,False,False,False,False,False,False,False,False,5.323741418888195,2.624668592163159,8.157205403813245,0,Aarav Ghosh,40,0,Bengaluru,2020-03-01,170,15,4.4,Medium,0.49105882352941177,8.388058823529413,2354,0.08823529411764706
T00646,R0174,12.15,64.55,263.3,2024-02-10,0,0,5,2,Zone_7,11070,0.64,45.2,Industrial,0.0,False,False,True,False,False,False,False,False,False,False,False,True,False,False,5.577084821610244,2.5764217586237734,8.034301463101817,0,Aadhya Patel,32,1,Kolkata,2019-02-07,320,7,3.8,Medium,0.1941875,2.88059375,2742,0.021875
T00647,R0056,4.12,38.92,80.46,2024-02-10,0,0,5,2,Zone_6,14627,0.54,37.6,Mixed,0.0,False,False,True,False,False,False,False,False,False,False,True,False,False,False,4.400112102220266,1.6331544390514163,6.238589584192889,0,Meera Patel,40,2,Hyderabad,2021-02-26,93,13,3.25,Low,0.7120430107526882,9.976236559139785,1992,0.13978494623655913
T00648,R0110,13.89,96.27,200.61,2023-03-20,0,0,0,3,Zone_8,4516,1.93,31.0,Business,1.0,True,False,False,False,False,False,False,False,False,False,False,False,True,False,5.30633513814162,2.7006898466959175,9.81172767661231,0,Vivaan Patel,19,0,Kolkata,2023-02-04,224,28,4.43,Medium,0.26571428571428574,4.226249999999999,1284,0.125
T00649,R0278,8.51,72.63,199.06,2024-07-30,0,0,1,7,Zone_10,2440,1.54,35.4,Industrial,1.0,False,False,False,True,False,True,False,False,False,False,False,False,False,False,5.2986173215570345,2.252343876557299,8.522323626805074,0,Aarav Reddy,20,0,Mumbai,2021-09-02,382,58,4.27,High,0.25536649214659685,5.527120418848168,1804,0.1518324607329843
T00650,R0183,5.89,52.13,120.01,2023-02-09,0,0,3,2,Zone_3,12971,2.11,38.0,Business,2.0,True,False,False,False,False,False,False,True,False,False,False,False,False,False,4.7958731868099616,1.9300710850255671,7.220110802473879,0,Arjun Patel,43,2,Jaipur,2022-08-27,406,66,3.79,High,0.14231527093596058,2.0964039408866997,1445,0.1625615763546798
T00651,R0253,4.54,40.37,36.81,2023-09-16,0,0,5,9,Zone_9,11037,1.83,56.1,Mixed,1.0,True,False,False,False,False,False,False,False,False,False,False,False,False,True,3.6325736179028416,1.7119945007591924,6.353739056650029,0,Ishaan Gupta,26,1,Surat,2021-08-19,173,24,3.16,Medium,0.28797687861271676,4.304104046242775,1818,0.13872832369942195
T00652,R0051,4.11,36.54,92.07,2024-03-14,0,0,3,3,Zone_2,6371,0.91,58.4,Residential,0.0,True,False,False,False,False,False,True,False,False,False,False,False,False,False,4.533351898197619,1.631199404215613,6.044832503882965,0,Aarav Nair,21,1,Kolkata,2020-04-05,213,14,4.02,Medium,0.2778403755868545,5.169107981220657,2319,0.06572769953051644
T00653,R0076,10.36,60.83,106.01,2023-10-31,0,0,1,10,Zone_7,11070,0.64,45.2,Industrial,0.0,False,False,False,True,False,False,False,False,False,False,False,True,False,False,4.67292228803891,2.4300984132930052,7.7993589480161765,0,Reyansh Reddy,40,1,Bengaluru,2022-01-02,137,13,3.34,Low,0.4143795620437956,6.3124817518248175,1682,0.0948905109489051
T00654,R0091,11.25,78.11,193.37,2024-07-13,0,0,5,7,Zone_6,14627,0.54,37.6,Mixed,0.0,False,True,False,False,False,False,False,False,False,False,True,False,False,False,5.269763559129975,2.505525936990736,8.83798619596116,0,Meera Das,41,2,Surat,2022-04-16,334,43,3.4,High,0.14934131736526945,2.7054191616766468,1578,0.12874251497005987
T00655,R0299,9.19,69.59,159.7,2023-12-19,0,0,1,12,Zone_4,4038,2.46,48.2,Business,2.0,False,False,False,True,False,False,False,False,True,False,False,False,False,False,5.0795392727434665,2.321406847234633,8.342062095189654,0,Ishaan Gupta,33,2,Kolkata,2020-09-04,457,0,3.92,High,0.06540481400437637,1.0091903719912472,2167,0.0
T00656,R0073,2.25,11.5,41.0,2023-02-08,0,0,2,2,Zone_10,2440,1.54,35.4,Industrial,1.0,False,True,False,False,False,True,False,False,False,False,False,False,False,False,3.7376696182833684,1.1786549963416462,3.391164991562634,0,Meera Das,41,2,Ahmedabad,2021-06-19,490,30,3.01,High,0.16042857142857142,2.6034693877551023,1879,0.061224489795918366
T00657,R0101,9.48,67.16,153.7,2023-07-18,0,0,1,7,Zone_6,14627,0.54,37.6,Mixed,0.0,False,True,False,False,False,False,False,False,False,False,True,False,False,False,5.04148775757902,2.349468678892896,8.19512049941915,0,Aarav Singh,37,0,Delhi,2020-11-01,228,29,3.03,Medium,0.19864035087719298,2.9445614035087715,2109,0.12719298245614036
T00658,R0034,10.83,85.4,175.44,2024-06-29,0,0,5,6,Zone_4,4038,2.46,48.2,Business,2.0,False,False,True,False,False,False,False,False,True,False,False,False,False,False,5.172980875236739,2.4706386779902956,9.241212041718338,0,Arjun Iyer,26,2,Chennai,2019-04-23,484,48,3.1,High,0.047231404958677684,0.8786157024793388,2667,0.09917355371900827
T00659,R0235,4.65,41.2,54.67,2023-03-24,0,0,4,3,Zone_8,4516,1.93,31.0,Business,1.0,True,False,False,False,False,False,False,False,False,False,False,False,True,False,4.019441402195416,1.7316555451583497,6.418722614352485,0,Aarav Ghosh,34,2,Delhi,2021-02-15,284,8,4.06,Medium,0.1959507042253521,2.9790845070422534,2003,0.028169014084507043
T00660,R0298,8.22,44.79,124.91,2023-05-08,0,0,0,5,Zone_4,4038,2.46,48.2,Business,2.0,False,True,False,False,False,False,False,False,True,False,False,False,False,False,4.835567366013609,2.2213750375685026,6.692533152700851,0,Vivaan Singh,35,0,Ahmedabad,2020-03-25,65,11,3.88,Low,0.9721538461538463,15.421692307692307,2330,0.16923076923076924
T00661,R0232,1.32,10.7,16.12,2024-05-24,0,0,4,5,Zone_1,4921,2.43,30.9,Residential,2.0,True,False,False,False,True,False,False,False,False,False,False,False,False,False,2.840247370713596,0.8415671856782186,3.271085446759225,0,Meera Das,38,1,Jaipur,2022-12-08,172,15,3.94,Medium,0.541860465116279,8.667674418604651,1342,0.0872093023255814
T00662,R0263,1.85,9.39,39.72,2023-11-22,0,0,2,11,Zone_1,4921,2.43,30.9,Residential,2.0,False,False,True,False,True,False,False,False,False,False,False,False,False,False,3.7067193722422673,1.0473189942805592,3.0643106892089125,0,Ishaan Das,31,2,Chennai,2020-12-30,297,21,3.84,Medium,0.3522558922558922,5.2110101010101015,2050,0.0707070707070707
T00663,R0219,6.38,39.23,98.44,2023-05-12,0,0,4,5,Zone_1,4921,2.43,30.9,Residential,2.0,False,False,False,True,True,False,False,False,False,False,False,False,False,False,4.599554447202456,1.998773638612381,6.263385665915839,0,Vivaan Sharma,25,0,Pune,2021-04-13,498,83,4.15,High,0.025783132530120483,0.3268473895582329,1946,0.16666666666666666
T00664,R0164,6.45,40.09,156.9,2024-05-09,1,0,3,5,Zone_1,4921,2.43,30.9,Residential,2.0,False,False,False,True,True,False,False,False,False,False,False,False,False,False,5.061961921261596,2.0082140323914683,6.331666447310692,0,Aadhya Ghosh,37,2,Ahmedabad,2022-07-06,249,23,4.02,Medium,0.40273092369477914,7.062208835341366,1497,0.09236947791164658
T00665,R0068,9.76,72.89,188.8,2023-03-14,0,0,1,3,Zone_6,14627,0.54,37.6,Mixed,0.0,True,False,False,False,False,False,False,False,False,False,True,False,False,False,5.245970886175828,2.3758355547336385,8.537564055396597,0,Meera Singh,30,0,Ahmedabad,2022-08-31,456,70,4.97,High,0.15745614035087718,2.4136622807017547,1441,0.15350877192982457
T00666,R0078,2.07,20.62,19.63,2023-10-30,0,0,0,10,Zone_6,14627,0.54,37.6,Mixed,0.0,False,False,True,False,False,False,False,False,False,False,True,False,False,False,3.0267463270831603,1.1216775615991057,4.540925015897091,0,Saanvi Sharma,30,2,Jaipur,2023-01-02,97,9,3.62,Low,0.025670103092783503,0.26979381443298966,1317,0.09278350515463918
T00667,R0169,6.29,59.47,147.72,2024-03-28,0,0,3,3,Zone_8,4516,1.93,31.0,Business,1.0,True,False,False,False,False,False,False,False,False,False,False,False,True,False,5.0020653434131885,1.986503546020567,7.71167945391923,0,Reyansh Kumar,32,1,Delhi,2023-02-21,497,81,4.19,High,0.14167002012072433,2.841871227364185,1267,0.16297786720321933
T00668,R0131,5.55,47.04,109.67,2023-04-12,0,0,2,4,Zone_10,2440,1.54,35.4,Industrial,1.0,False,False,True,False,False,True,False,False,False,False,False,False,False,False,4.706552800276694,1.8794650496471605,6.858571279792899,0,Reyansh Ghosh,24,1,Surat,2019-10-22,99,7,3.6,Low,0.2724242424242424,4.396262626262627,2485,0.0707070707070707
T00669,R0079,10.64,67.67,180.0,2024-06-22,0,0,5,6,Zone_5,2590,1.31,43.9,Business,0.0,False,True,False,False,False,False,False,False,False,True,False,False,False,False,5.198497031265826,2.454447442303292,8.226177727231525,0,Ishaan Nair,25,1,Bengaluru,2020-09-23,146,28,4.92,Low,0.24972602739726027,4.194589041095891,2148,0.1917808219178082
T00670,R0225,15.11,116.09,132.56,2024-03-19,0,0,1,3,Zone_2,6371,0.91,58.4,Residential,0.0,False,False,False,True,False,False,True,False,False,False,False,False,False,False,4.894550815075454,2.779440197188883,10.774506949276148,0,Ishaan Sharma,39,0,Delhi,2020-06-15,465,9,4.08,High,0.10393548387096774,1.4471397849462366,2248,0.01935483870967742
T00671,R0083,16.6,148.36,220.66,2023-11-30,0,0,3,11,Zone_5,2590,1.31,43.9,Business,0.0,False,True,False,False,False,False,False,False,False,True,False,False,False,False,5.401144676347507,2.8678989020441064,12.18031198286809,0,Kavya Patel,45,0,Mumbai,2021-12-31,475,39,4.4,High,0.19498947368421055,2.9796421052631583,1684,0.08210526315789474
T00672,R0033,0.16,1.45,3.59,2023-02-08,0,0,2,2,Zone_4,4038,2.46,48.2,Business,2.0,False,False,False,True,False,False,False,False,True,False,False,False,False,False,1.5238800240724537,0.1484200051182733,1.2041594578792296,0,Diya Iyer,18,0,Chennai,2019-05-22,472,37,3.24,High,0.06792372881355933,1.2849364406779662,2638,0.07838983050847458
T00673,R0226,7.76,47.47,102.43,2023-11-25,0,0,5,11,Zone_7,11070,0.64,45.2,Industrial,0.0,False,False,False,True,False,False,False,False,False,False,False,True,False,False,4.638895055389712,2.1701959049483,6.8898476035395735,0,Aarav Iyer,20,2,Surat,2021-07-30,266,2,3.25,Medium,0.2000375939849624,3.408571428571429,1838,0.007518796992481203
T00674,R0155,2.44,16.42,55.16,2023-03-24,0,0,4,3,Zone_9,11037,1.83,56.1,Mixed,1.0,False,True,False,False,False,False,False,False,False,False,False,False,False,True,4.028204759717555,1.235471471385307,4.052159917870962,0,Meera Reddy,23,1,Hyderabad,2019-02-10,353,8,3.14,High,0.17254957507082153,2.639405099150142,2739,0.0226628895184136
T00675,R0299,7.68,47.46,127.94,2023-09-01,0,0,4,9,Zone_5,2590,1.31,43.9,Business,0.0,False,True,False,False,False,False,False,False,False,True,False,False,False,False,4.859347179882474,2.1610215286722587,6.889121859859935,0,Ishaan Gupta,33,2,Kolkata,2020-09-04,457,0,3.92,High,0.06540481400437637,1.0091903719912472,2167,0.0
T00676,R0222,10.11,73.39,124.06,2024-04-22,0,0,0,4,Zone_5,2590,1.31,43.9,Business,0.0,False,False,False,True,False,False,False,False,False,True,False,False,False,False,4.828793622139152,2.4078456036515385,8.566796367370944,0,Aarav Singh,27,1,Surat,2022-08-28,475,12,3.44,High,0.16642105263157894,2.7908000000000004,1444,0.02526315789473684
T00677,R0237,8.41,50.53,176.08,2023-12-01,0,0,4,12,Zone_5,2590,1.31,43.9,Business,0.0,False,True,False,False,False,False,False,False,False,True,False,False,False,False,5.17660160786394,2.2417729535972883,7.108445681019163,0,Aadhya Nair,40,1,Chennai,2022-12-13,36,3,3.71,Low,2.7047222222222222,48.88055555555556,1337,0.08333333333333333
T00678,R0285,7.75,65.69,99.93,2023-02-19,0,0,6,2,Zone_5,2590,1.31,43.9,Business,0.0,False,True,False,False,False,False,False,False,False,True,False,False,False,False,4.614427207250769,2.169053700369523,8.104936767180853,0,Diya Iyer,29,0,Chennai,2019-01-10,244,16,4.97,Medium,0.25774590163934424,4.5302459016393435,2770,0.06557377049180328
T00679,R0247,15.42,104.22,310.8,2023-10-22,0,0,6,10,Zone_4,4038,2.46,48.2,Business,2.0,False,False,False,True,False,False,False,False,True,False,False,False,False,False,5.742361956623676,2.7985001040242823,10.208819716304133,0,Aadhya Das,37,1,Bengaluru,2021-05-11,249,47,4.92,Medium,0.5360642570281124,9.507791164658634,1918,0.18875502008032127
T00680,R0093,11.6,84.1,156.54,2024-05-14,0,0,1,5,Zone_5,2590,1.31,43.9,Business,0.0,False,False,False,True,False,False,False,False,False,True,False,False,False,False,5.059679394275178,2.533696813957432,9.1706052144883,0,Diya Patel,33,2,Surat,2019-05-30,119,18,3.77,Low,0.6012605042016808,9.999075630252099,2630,0.15126050420168066
T00681,R0288,6.64,65.31,66.38,2023-08-13,0,0,6,8,Zone_2,6371,0.91,58.4,Residential,0.0,False,False,False,True,False,False,True,False,False,False,False,False,False,False,4.2103482379784065,2.033397603178429,8.08146026408594,0,Diya Ghosh,42,1,Ahmedabad,2021-08-30,43,5,4.56,Low,1.2111627906976743,18.50232558139535,1807,0.11627906976744186
T00682,R0263,8.12,48.79,66.14,2024-07-02,0,0,1,7,Zone_4,4038,2.46,48.2,Business,2.0,False,True,False,False,False,False,False,False,True,False,False,False,False,False,4.206779991551889,2.21046980408624,6.984983894040129,0,Ishaan Das,31,2,Chennai,2020-12-30,297,21,3.84,Medium,0.3522558922558922,5.2110101010101015,2050,0.0707070707070707
T00683,R0143,12.35,76.72,167.95,2024-02-16,0,0,4,2,Zone_3,12971,2.11,38.0,Business,2.0,False,False,False,True,False,False,False,True,False,False,False,False,False,False,5.129602813160299,2.5915163848462583,8.758995376183275,0,Meera Kumar,42,2,Kolkata,2023-03-28,74,13,4.56,Low,0.6636486486486486,11.666486486486486,1232,0.17567567567567569
T00684,R0129,11.05,109.43,172.84,2024-06-24,0,0,0,6,Zone_8,4516,1.93,31.0,Business,1.0,False,True,False,False,False,False,False,False,False,False,False,False,True,False,5.158135335948174,2.489064659936664,10.460879504133484,0,Vivaan Singh,35,1,Hyderabad,2022-10-08,158,10,3.9,Low,0.5688607594936709,9.54620253164557,1403,0.06329113924050633
T00685,R0293,5.87,55.88,88.65,2024-08-11,0,0,6,8,Zone_1,4921,2.43,30.9,Residential,2.0,True,False,False,False,True,False,False,False,False,False,False,False,False,False,4.495913200051142,1.927164106234258,7.475292636412303,0,Arjun Kumar,39,0,Delhi,2019-10-01,248,44,3.2,Medium,0.09040322580645162,1.6186290322580645,2506,0.1774193548387097
T00686,R0183,0.88,5.24,15.53,2023-01-26,0,0,3,1,Zone_6,14627,0.54,37.6,Mixed,0.0,True,False,False,False,False,False,False,False,False,False,True,False,False,False,2.805176911832933,0.6312717768418579,2.2891046284519194,0,Arjun Patel,43,2,Jaipur,2022-08-27,406,66,3.79,High,0.14231527093596058,2.0964039408866997,1445,0.1625615763546798
T00687,R0011,2.08,18.39,45.79,2023-06-28,0,0,2,6,Zone_10,2440,1.54,35.4,Industrial,1.0,False,True,False,False,False,True,False,False,False,False,False,False,False,False,3.845669504878125,1.1249295969854831,4.288356328478313,0,Vivaan Nair,26,1,Chennai,2020-04-14,208,34,4.0,Medium,0.4276923076923077,7.8547115384615385,2310,0.16346153846153846
T00688,R0240,8.73,81.6,82.5,2023-12-16,0,0,5,12,Zone_1,4921,2.43,30.9,Residential,2.0,True,False,False,False,True,False,False,False,False,False,False,False,False,False,4.42484663185681,2.2752138961979136,9.033271832508971,0,Aarav Iyer,30,1,Delhi,2020-05-18,174,2,4.07,Medium,0.5294252873563219,7.0199425287356325,2276,0.011494252873563218
T00689,R0023,0.93,5.95,23.2,2023-03-31,1,0,4,3,Zone_9,11037,1.83,56.1,Mixed,1.0,False,False,False,True,False,False,False,False,False,False,False,False,False,True,3.186352633162641,0.6575200029167941,2.4392621835300936,0,Meera Iyer,24,2,Jaipur,2019-10-09,176,32,3.21,Medium,0.36880681818181815,6.793295454545454,2498,0.18181818181818182
T00690,R0139,7.24,42.34,63.2,2024-04-12,0,0,4,4,Zone_7,11070,0.64,45.2,Industrial,0.0,False,False,True,False,False,False,False,False,False,False,False,True,False,False,4.162003210695915,2.1090003439213802,6.5069193939989765,0,Diya Gupta,44,2,Kolkata,2023-10-09,155,7,4.39,Low,0.38012903225806455,6.466,1037,0.04516129032258064
T00691,R0233,5.73,45.95,133.37,2024-08-03,0,0,5,8,Zone_9,11037,1.83,56.1,Mixed,1.0,False,True,False,False,False,False,False,False,False,False,False,False,False,True,4.9005971888873185,1.9065751436566365,6.7786429320329304,0,Ishaan Iyer,30,2,Hyderabad,2023-11-23,469,41,4.37,High,0.1903411513859275,3.3757569296375265,992,0.08742004264392324
T00692,R0100,13.0,103.45,297.72,2023-09-29,0,0,4,9,Zone_8,4516,1.93,31.0,Business,1.0,True,False,False,False,False,False,False,False,False,False,False,False,True,False,5.699506679793412,2.6390573296152584,10.171037311896953,0,Ishaan Gupta,28,1,Delhi,2021-05-24,383,60,3.79,High,0.26488250652741513,4.327650130548303,1905,0.1566579634464752
T00693,R0007,1.41,10.2,30.52,2024-05-08,0,0,2,5,Zone_8,4516,1.93,31.0,Business,1.0,True,False,False,False,False,False,False,False,False,False,False,False,True,False,3.4506222649896783,0.8796267475025635,3.1937438845342623,0,Ishaan Ghosh,18,0,Mumbai,2021-03-26,458,82,4.03,High,0.08650655021834062,1.3033187772925765,1964,0.17903930131004367
T00694,R0139,1.66,12.39,22.71,2024-01-02,0,0,1,1,Zone_10,2440,1.54,35.4,Industrial,1.0,False,True,False,False,False,True,False,False,False,False,False,False,False,False,3.165896900077314,0.9783261227936076,3.5199431813596083,0,Diya Gupta,44,2,Kolkata,2023-10-09,155,7,4.39,Low,0.38012903225806455,6.466,1037,0.04516129032258064
T00695,R0210,5.9,41.55,120.7,2023-07-07,0,0,4,7,Zone_3,12971,2.11,38.0,Business,2.0,True,False,False,False,False,False,False,True,False,False,False,False,False,False,4.801558999993482,1.9315214116032138,6.445928947793328,0,Meera Iyer,34,2,Mumbai,2022-01-02,94,5,3.4,Low,0.43127659574468086,5.512659574468086,1682,0.05319148936170213
T00696,R0212,11.17,61.83,259.1,2023-05-30,0,0,1,5,Zone_5,2590,1.31,43.9,Business,0.0,False,False,True,False,False,False,False,False,False,True,False,False,False,False,5.5610661724546055,2.498973906999436,7.863205453248694,0,Aadhya Iyer,36,0,Ahmedabad,2023-09-11,73,12,3.22,Low,0.8024657534246575,15.458767123287672,1065,0.1643835616438356
T00697,R0020,13.35,124.39,176.41,2023-06-27,0,0,1,6,Zone_10,2440,1.54,35.4,Industrial,1.0,True,False,False,False,False,True,False,False,False,False,False,False,False,False,5.178463438072558,2.66374994220563,11.153026495081951,0,Diya Das,35,0,Chennai,2019-09-17,274,21,4.03,Medium,0.19653284671532847,2.722846715328467,2520,0.07664233576642336
T00698,R0225,3.45,32.28,76.58,2023-08-29,0,0,1,8,Zone_8,4516,1.93,31.0,Business,1.0,False,False,True,False,False,False,False,False,False,False,False,False,True,False,4.351309662011821,1.4929040961781488,5.681549084536717,0,Ishaan Sharma,39,0,Delhi,2020-06-15,465,9,4.08,High,0.10393548387096774,1.4471397849462366,2248,0.01935483870967742
T00699,R0008,10.35,92.59,230.94,2023-10-31,0,0,1,10,Zone_1,4921,2.43,30.9,Residential,2.0,False,False,True,False,True,False,False,False,False,False,False,False,False,False,5.446478717528557,2.4292177439274116,9.622369770487934,0,Ishaan Ghosh,28,0,Jaipur,2022-10-01,215,23,4.02,Medium,0.22441860465116278,4.1547441860465115,1410,0.10697674418604651
T00700,R0057,2.44,14.61,25.52,2024-01-19,0,0,4,1,Zone_5,2590,1.31,43.9,Business,0.0,False,False,True,False,False,False,False,False,False,True,False,False,False,False,3.277899165317662,1.235471471385307,3.8223029707232783,0,Aadhya Reddy,39,1,Bengaluru,2023-06-04,407,11,3.66,High,0.24648648648648647,3.8921621621621623,1164,0.02702702702702703
T00701,R0185,4.26,26.43,98.86,2023-09-16,0,0,5,9,Zone_3,12971,2.11,38.0,Business,2.0,False,True,False,False,False,False,False,True,False,False,False,False,False,False,4.603769205072463,1.6601310267496185,5.141011573610781,0,Vivaan Sharma,27,1,Delhi,2021-08-27,201,12,4.05,Medium,0.21756218905472638,3.7018905472636816,1810,0.05970149253731343
T00702,R0166,10.84,82.23,127.69,2024-07-11,0,0,3,7,Zone_9,11037,1.83,56.1,Mixed,1.0,True,False,False,False,False,False,False,False,False,False,False,False,False,True,4.857406411505574,2.4714836294558595,9.068075870878012,0,Reyansh Sharma,24,2,Chennai,2021-03-16,349,63,4.29,High,0.12366762177650428,1.7994555873925502,1974,0.18051575931232092
T00703,R0169,11.59,84.56,254.99,2023-04-12,0,0,2,4,Zone_6,14627,0.54,37.6,Mixed,0.0,False,False,False,True,False,False,False,False,False,False,True,False,False,False,5.545138381216603,2.532902848056256,9.19565114605812,0,Reyansh Kumar,32,1,Delhi,2023-02-21,497,81,4.19,High,0.14167002012072433,2.841871227364185,1267,0.16297786720321933
T00704,R0269,3.0,15.1,55.4,2023-11-03,0,0,4,11,Zone_8,4516,1.93,31.0,Business,1.0,False,False,False,True,False,False,False,False,False,False,False,False,True,False,4.032469158504013,1.3862943611198906,3.8858718455450894,0,Aadhya Sharma,41,1,Mumbai,2019-05-19,423,16,3.41,High,0.14907801418439717,3.4486288416075648,2641,0.037825059101654845
T00705,R0268,10.37,72.86,110.81,2023-07-31,0,0,0,7,Zone_10,2440,1.54,35.4,Industrial,1.0,True,False,False,False,False,True,False,False,False,False,False,False,False,False,4.716801002159277,2.4309783077624445,8.53580693314932,0,Ishaan Kumar,34,1,Chennai,2022-10-16,10,0,4.6,Low,4.252,72.60799999999999,1395,0.0
T00706,R0290,1.34,7.33,25.26,2023-09-16,0,0,5,9,Zone_5,2590,1.31,43.9,Business,0.0,True,False,False,False,False,False,False,False,False,True,False,False,False,False,3.26804686887465,0.8501509293696101,2.7073972741361767,0,Saanvi Kumar,34,2,Chennai,2020-05-06,169,4,4.28,Medium,0.40366863905325445,6.376745562130178,2288,0.023668639053254437
T00707,R0147,6.99,65.49,96.35,2023-11-13,0,0,0,11,Zone_8,4516,1.93,31.0,Business,1.0,False,True,False,False,False,False,False,False,False,False,False,False,True,False,4.578312731818208,2.0781907597781832,8.092589202474075,0,Saanvi Nair,35,2,Mumbai,2022-08-29,239,21,3.91,Medium,0.26589958158995813,4.27531380753138,1443,0.08786610878661087
T00708,R0127,2.33,15.08,27.27,2023-02-27,0,0,0,2,Zone_3,12971,2.11,38.0,Business,2.0,False,False,True,False,False,False,False,True,False,False,False,False,False,False,3.341801171705499,1.2029723039923526,3.8832975677895196,0,Vivaan Kumar,38,1,Chennai,2020-03-17,43,2,4.83,Low,1.6467441860465117,32.56906976744186,2338,0.046511627906976744
T00709,R0120,3.96,21.4,34.72,2024-05-01,0,0,2,5,Zone_5,2590,1.31,43.9,Business,0.0,False,False,False,True,False,False,False,False,False,True,False,False,False,False,3.575710756008298,1.601405740736836,4.626013402488151,0,Ishaan Gupta,18,2,Surat,2020-07-12,311,15,4.55,Medium,0.21929260450160773,3.260289389067524,2221,0.04823151125401929
T00710,R0104,1.62,8.4,39.64,2024-02-14,1,0,2,2,Zone_6,14627,0.54,37.6,Mixed,0.0,False,False,True,False,False,False,False,False,False,False,True,False,False,False,3.7047528032702264,0.9631743177730056,2.898275349237888,0,Diya Gupta,52,1,Kolkata,2021-05-27,328,1,3.7,High,0.14234756097560977,2.3335060975609756,1902,0.003048780487804878
T00711,R0138,10.77,59.63,129.77,2023-07-06,0,0,3,7,Zone_10,2440,1.54,35.4,Industrial,1.0,False,False,True,False,False,True,False,False,False,False,False,False,False,False,4.873440054918411,2.4655539212721855,7.722046360907192,0,Ishaan Das,46,1,Kolkata,2022-07-28,13,0,3.53,Low,2.4038461538461537,40.113846153846154,1475,0.0
T00712,R0186,10.77,97.47,91.35,2024-06-27,0,0,3,6,Zone_2,6371,0.91,58.4,Residential,0.0,False,False,False,True,False,False,True,False,False,False,False,False,False,False,4.5255857066452485,2.4655539212721855,9.8726896031426,0,Ishaan Sharma,18,2,Hyderabad,2020-12-11,373,19,3.26,High,0.18386058981233244,2.5169436997319035,2069,0.05093833780160858
T00713,R0155,4.54,30.68,56.41,2023-04-13,0,0,3,4,Zone_5,2590,1.31,43.9,Business,0.0,False,False,True,False,False,False,False,False,False,True,False,False,False,False,4.050218504179545,1.7119945007591924,5.5389529696504916,0,Meera Reddy,23,1,Hyderabad,2019-02-10,353,8,3.14,High,0.17254957507082153,2.639405099150142,2739,0.0226628895184136
T00714,R0099,9.88,70.11,193.24,2023-01-25,0,0,2,1,Zone_10,2440,1.54,35.4,Industrial,1.0,True,False,False,False,False,True,False,False,False,False,False,False,False,False,5.2690945078711335,2.3869262414277967,8.373171442171717,0,Diya Gupta,35,2,Mumbai,2021-08-21,80,8,3.7,Low,0.867125,16.033250000000002,1816,0.1
T00715,R0085,9.31,81.46,121.48,2024-05-31,0,0,4,5,Zone_4,4038,2.46,48.2,Business,2.0,False,True,False,False,False,False,False,False,True,False,False,False,False,False,4.807947751349428,2.333114298028869,9.02551937563706,0,Aadhya Ghosh,29,0,Chennai,2022-09-17,94,12,4.95,Low,0.46797872340425534,5.4245744680851065,1424,0.1276595744680851
T00716,R0202,7.36,39.52,103.51,2024-04-23,0,0,1,4,Zone_4,4038,2.46,48.2,Business,2.0,False,False,False,True,False,False,False,False,True,False,False,False,False,False,4.649282760606412,2.1234584270966104,6.286493458200685,0,Aadhya Reddy,27,1,Ahmedabad,2021-10-28,317,0,4.72,Medium,0.23249211356466878,2.86794952681388,1748,0.0
T00717,R0281,18.79,108.29,303.19,2024-07-06,0,0,5,7,Zone_9,11037,1.83,56.1,Mixed,1.0,False,False,False,True,False,False,False,False,False,False,False,False,False,True,5.717652506175064,2.9851767596144745,10.406248123122953,0,Arjun Iyer,21,0,Jaipur,2020-10-15,268,17,4.74,Medium,0.1422761194029851,2.050858208955224,2126,0.06343283582089553
T00718,R0019,3.8,22.43,34.99,2023-07-19,0,0,2,7,Zone_5,2590,1.31,43.9,Business,0.0,True,False,False,False,False,False,False,False,False,True,False,False,False,False,3.5832411220909393,1.5686159179138452,4.736032094485847,0,Kavya Patel,40,2,Mumbai,2023-04-02,266,24,4.08,Medium,0.14567669172932332,2.3796616541353384,1227,0.09022556390977443
T00719,R0088,8.07,64.32,70.11,2023-03-30,0,0,3,3,Zone_9,11037,1.83,56.1,Mixed,1.0,False,False,True,False,False,False,False,False,False,False,False,False,False,True,4.2642279738954265,2.2049722641270453,8.019975062305368,0,Diya Iyer,22,2,Jaipur,2019-07-07,438,0,4.78,High,0.1421232876712329,2.0405479452054793,2592,0.0
T00720,R0142,6.09,35.44,97.92,2024-05-10,0,0,4,5,Zone_8,4516,1.93,31.0,Business,1.0,False,False,True,False,False,False,False,False,False,False,False,False,True,False,4.594311442653216,1.958685340544036,5.9531504264548865,0,Meera Nair,33,0,Kolkata,2021-03-04,78,5,3.48,Low,0.3476923076923077,5.378205128205129,1986,0.0641025641025641
T00721,R0236,6.14,39.16,117.18,2024-02-14,0,0,2,2,Zone_8,4516,1.93,31.0,Business,1.0,False,False,False,True,False,False,False,False,False,False,False,False,True,False,4.772208885917529,1.965712776351493,6.257795138864806,0,Arjun Gupta,28,1,Ahmedabad,2020-08-10,61,1,3.36,Low,0.8198360655737704,12.599016393442623,2192,0.01639344262295082
T00722,R0068,8.8,66.49,101.39,2024-08-05,0,0,0,8,Zone_10,2440,1.54,35.4,Industrial,1.0,False,False,False,True,False,True,False,False,False,False,False,False,False,False,4.628789051586725,2.2823823856765264,8.154140052758475,0,Meera Singh,30,0,Ahmedabad,2022-08-31,456,70,4.97,High,0.15745614035087718,2.4136622807017547,1441,0.15350877192982457
T00723,R0030,6.53,57.16,158.88,2023-01-23,1,0,0,1,Zone_1,4921,2.43,30.9,Residential,2.0,True,False,False,False,True,False,False,False,False,False,False,False,False,False,5.074423533843123,2.018895041811802,7.560423268574319,0,Saanvi Patel,25,2,Mumbai,2021-01-08,442,58,3.72,High,0.1833710407239819,3.5865384615384617,2041,0.13122171945701358
T00724,R0286,3.7,28.26,54.64,2023-09-08,0,0,4,9,Zone_7,11070,0.64,45.2,Industrial,0.0,False,False,False,True,False,False,False,False,False,False,False,True,False,False,4.018902367055242,1.547562508716013,5.316013544000805,0,Ishaan Nair,26,1,Pune,2023-02-15,29,0,4.48,Low,1.4572413793103447,21.62551724137931,1273,0.0
T00725,R0042,8.62,52.02,140.1,2023-05-08,0,0,0,5,Zone_8,4516,1.93,31.0,Business,1.0,False,True,False,False,False,False,False,False,False,False,False,False,True,False,4.9494688588587685,2.263844264677615,7.212489168102785,0,Arjun Reddy,18,0,Chennai,2021-05-20,23,4,3.03,Low,2.0069565217391303,32.10782608695652,1909,0.17391304347826086
T00726,R0095,13.91,106.66,153.83,2024-03-11,0,0,0,3,Zone_4,4038,2.46,48.2,Business,2.0,False,False,False,True,False,False,False,False,True,False,False,False,False,False,5.042327740828745,2.702032128776647,10.327632836231157,0,Kavya Iyer,29,0,Chennai,2020-10-07,481,77,4.26,High,0.23856548856548856,3.907713097713098,2134,0.1600831600831601
T00727,R0244,12.71,91.86,182.94,2024-04-12,0,0,4,4,Zone_1,4921,2.43,30.9,Residential,2.0,True,False,False,False,True,False,False,False,False,False,False,False,False,False,5.214609617474552,2.6181254935742233,9.584362263604188,0,Aadhya Iyer,24,0,Kolkata,2019-04-22,27,1,3.13,Low,1.307777777777778,24.00777777777778,2668,0.037037037037037035
T00728,R0165,9.02,74.07,124.34,2023-04-25,0,0,1,4,Zone_1,4921,2.43,30.9,Residential,2.0,False,False,True,False,True,False,False,False,False,False,False,False,False,False,4.831030044796529,2.3045830956567186,8.606392972668631,0,Meera Reddy,37,0,Kolkata,2021-12-09,34,5,3.27,Low,1.3738235294117647,22.932352941176468,1706,0.14705882352941177
T00729,R0150,4.32,25.6,72.15,2024-06-18,0,0,1,6,Zone_2,6371,0.91,58.4,Residential,0.0,False,True,False,False,False,False,True,False,False,False,False,False,False,False,4.292512127466133,1.6714733033535532,5.059644256269407,0,Ishaan Gupta,33,1,Pune,2022-02-27,215,16,4.95,Medium,0.25795348837209303,3.506232558139535,1626,0.07441860465116279
T00730,R0083,8.93,76.17,169.27,2023-05-02,0,0,1,5,Zone_9,11037,1.83,56.1,Mixed,1.0,True,False,False,False,False,False,False,False,False,False,False,False,False,True,5.137385412432552,2.295560478057081,8.727542609463445,0,Kavya Patel,45,0,Mumbai,2021-12-31,475,39,4.4,High,0.19498947368421055,2.9796421052631583,1684,0.08210526315789474
T00731,R0235,13.42,107.43,312.14,2023-12-01,0,0,4,12,Zone_1,4921,2.43,30.9,Residential,2.0,False,False,False,True,True,False,False,False,False,False,False,False,False,False,5.746650374883377,2.668616131856803,10.36484442719716,0,Aarav Ghosh,34,2,Delhi,2021-02-15,284,8,4.06,Medium,0.1959507042253521,2.9790845070422534,2003,0.028169014084507043
T00732,R0144,13.96,82.36,302.82,2023-08-03,0,0,3,8,Zone_4,4038,2.46,48.2,Business,2.0,False,True,False,False,False,False,False,False,True,False,False,False,False,False,5.716435420779517,2.7053799725463312,9.075241043630742,0,Ishaan Kumar,34,2,Pune,2021-01-31,194,10,3.52,Medium,0.4354123711340206,8.002319587628865,2018,0.05154639175257732
T00733,R0083,9.8,87.85,105.78,2024-06-30,0,0,6,6,Zone_9,11037,1.83,56.1,Mixed,1.0,False,False,False,True,False,False,False,False,False,False,False,False,False,True,4.67077064307204,2.379546134130174,9.372833082905082,0,Kavya Patel,45,0,Mumbai,2021-12-31,475,39,4.4,High,0.19498947368421055,2.9796421052631583,1684,0.08210526315789474
T00734,R0132,6.18,44.74,54.04,2023-05-15,0,0,0,5,Zone_10,2440,1.54,35.4,Industrial,1.0,True,False,False,False,False,True,False,False,False,False,False,False,False,False,4.008060193625088,1.9712993830601329,6.688796603276257,0,Aadhya Iyer,23,1,Surat,2022-12-09,484,25,3.32,High,0.1433884297520661,2.2561776859504135,1341,0.05165289256198347
T00735,R0046,6.99,49.05,168.24,2023-09-22,0,0,4,9,Zone_5,2590,1.31,43.9,Business,0.0,True,False,False,False,False,False,False,False,False,True,False,False,False,False,5.131317825851867,2.0781907597781832,7.003570517957251,0,Vivaan Singh,31,0,Kolkata,2019-08-16,31,4,3.87,Low,2.581290322580645,41.82,2552,0.12903225806451613
T00736,R0267,11.86,63.25,193.92,2023-02-02,0,0,3,2,Zone_1,4921,2.43,30.9,Residential,2.0,False,True,False,False,True,False,False,False,False,False,False,False,False,False,5.272589217975305,2.554121718809473,7.952986860293433,0,Arjun Iyer,37,2,Jaipur,2021-01-01,131,11,4.5,Low,0.3602290076335878,5.203740458015267,2048,0.08396946564885496
T00737,R0049,11.43,103.54,204.21,2024-07-13,0,0,5,7,Zone_10,2440,1.54,35.4,Industrial,1.0,False,False,False,True,False,True,False,False,False,False,False,False,False,False,5.324033845052673,2.5201129055226197,10.175460677532001,0,Meera Iyer,39,1,Mumbai,2020-05-19,375,55,4.4,High,0.15565333333333334,2.6144,2275,0.14666666666666667
T00738,R0129,0.79,4.2,15.17,2024-03-20,0,0,2,3,Zone_5,2590,1.31,43.9,Business,0.0,False,False,True,False,False,False,False,False,False,True,False,False,False,False,2.783157673589016,0.5822156198526637,2.04939015319192,0,Vivaan Singh,35,1,Hyderabad,2022-10-08,158,10,3.9,Low,0.5688607594936709,9.54620253164557,1403,0.06329113924050633
T00739,R0202,11.29,57.39,225.53,2024-07-15,0,0,0,7,Zone_2,6371,0.91,58.4,Residential,0.0,True,False,False,False,False,False,True,False,False,False,False,False,False,False,5.422877386483444,2.5087859235779435,7.575618786607468,0,Aadhya Reddy,27,1,Ahmedabad,2021-10-28,317,0,4.72,Medium,0.23249211356466878,2.86794952681388,1748,0.0
T00740,R0137,11.56,113.08,192.67,2024-01-24,0,0,2,1,Zone_4,4038,2.46,48.2,Business,2.0,False,False,False,True,False,False,False,False,True,False,False,False,False,False,5.26615567973964,2.5305171610400525,10.633908030446756,0,Arjun Gupta,27,1,Bengaluru,2021-08-10,166,32,3.14,Medium,0.49596385542168675,9.032349397590362,1827,0.1927710843373494
T00741,R0074,3.56,26.1,56.39,2023-04-18,0,0,1,4,Zone_1,4921,2.43,30.9,Residential,2.0,False,True,False,False,True,False,False,False,False,False,False,False,False,False,4.049870072120271,1.5173226235262949,5.10881590977792,0,Vivaan Ghosh,23,1,Kolkata,2023-09-11,199,22,4.89,Medium,0.2321105527638191,4.106884422110553,1065,0.11055276381909548
T00742,R0242,4.18,26.81,42.02,2024-02-03,0,0,5,2,Zone_6,14627,0.54,37.6,Mixed,0.0,False,False,True,False,False,False,False,False,False,False,True,False,False,False,3.761665123839584,1.6448050562713916,5.177837386399847,0,Kavya Iyer,34,1,Ahmedabad,2022-06-05,445,8,4.54,High,0.05903370786516854,0.7375056179775281,1528,0.017977528089887642
T00743,R0157,4.21,41.73,90.77,2024-04-09,0,0,1,4,Zone_2,6371,0.91,58.4,Residential,0.0,True,False,False,False,False,False,True,False,False,False,False,False,False,False,4.519285446830922,1.6505798557652755,6.4598761598036845,0,Kavya Nair,36,0,Hyderabad,2021-11-23,319,27,4.65,Medium,0.3570532915360502,5.880658307210031,1722,0.08463949843260188
T00744,R0229,4.6,43.9,90.14,2024-06-26,0,0,2,6,Zone_8,4516,1.93,31.0,Business,1.0,False,True,False,False,False,False,False,False,False,False,False,False,True,False,4.512396785835737,1.7227665977411035,6.6257075093909785,0,Reyansh Ghosh,22,0,Mumbai,2020-11-23,146,16,4.43,Low,0.26493150684931505,4.715753424657534,2087,0.1095890410958904
T00745,R0060,0.92,7.67,21.17,2024-04-01,0,0,0,4,Zone_1,4921,2.43,30.9,Residential,2.0,False,True,False,False,True,False,False,False,False,False,False,False,False,False,3.09874002362822,0.6523251860396903,2.7694764848252458,0,Aarav Nair,40,0,Hyderabad,2023-08-01,123,7,4.57,Low,0.38422764227642275,5.954308943089431,1106,0.056910569105691054
T00746,R0218,9.57,82.88,146.52,2023-10-24,0,0,1,10,Zone_4,4038,2.46,48.2,Business,2.0,False,True,False,False,False,False,False,False,True,False,False,False,False,False,4.993963759808284,2.3580197998821464,9.103845341392834,0,Arjun Reddy,34,2,Delhi,2019-01-11,160,16,3.87,Low,0.31275,4.5341875,2769,0.1
T00747,R0286,4.07,31.13,74.18,2023-03-16,0,0,3,3,Zone_6,14627,0.54,37.6,Mixed,0.0,True,False,False,False,False,False,False,False,False,False,True,False,False,False,4.319885238136032,1.623340817603092,5.579426493825329,0,Ishaan Nair,26,1,Pune,2023-02-15,29,0,4.48,Low,1.4572413793103447,21.62551724137931,1273,0.0
T00748,R0020,7.65,74.95,122.69,2023-01-03,0,0,1,1,Zone_9,11037,1.83,56.1,Mixed,1.0,False,False,False,True,False,False,False,False,False,False,False,False,False,True,4.817778435386918,2.157559320943788,8.657366805212773,0,Diya Das,35,0,Chennai,2019-09-17,274,21,4.03,Medium,0.19653284671532847,2.722846715328467,2520,0.07664233576642336
T00749,R0105,5.51,42.85,113.07,2024-03-17,0,0,6,3,Zone_8,4516,1.93,31.0,Business,1.0,True,False,False,False,False,False,False,False,False,False,False,False,True,False,4.736812295039806,1.873339456220478,6.545991139621257,0,Diya Das,31,0,Jaipur,2020-09-28,346,9,3.69,High,0.27514450867052026,3.7604624277456646,2143,0.02601156069364162
T00750,R0063,9.28,47.06,182.89,2023-05-17,0,0,2,5,Zone_1,4921,2.43,30.9,Residential,2.0,False,False,True,False,True,False,False,False,False,False,False,False,False,False,5.214337752752762,2.330200260027019,6.860029154456998,0,Diya Iyer,34,1,Surat,2023-04-21,329,33,4.83,High,0.2053191489361702,3.7828571428571425,1208,0.10030395136778116
T00751,R0095,2.95,15.71,41.79,2023-12-23,0,0,5,12,Zone_9,11037,1.83,56.1,Mixed,1.0,True,False,False,False,False,False,False,False,False,False,False,False,False,True,3.7563044304287256,1.3737155789130306,3.963584236521283,0,Kavya Iyer,29,0,Chennai,2020-10-07,481,77,4.26,High,0.23856548856548856,3.907713097713098,2134,0.1600831600831601
T00752,R0081,9.23,88.32,218.67,2024-07-07,0,0,6,7,Zone_4,4038,2.46,48.2,Business,2.0,False,True,False,False,False,False,False,False,True,False,False,False,False,False,5.392126420226094,2.325324579963535,9.397872099576585,0,Diya Reddy,42,2,Mumbai,2022-01-31,114,2,3.9,Low,0.46421052631578946,7.123421052631579,1653,0.017543859649122806
T00753,R0013,9.95,66.91,136.07,2024-06-28,0,0,4,6,Zone_6,14627,0.54,37.6,Mixed,0.0,False,False,True,False,False,False,False,False,False,False,True,False,False,False,4.920491744243289,2.3933394562625097,8.179853299418028,0,Ishaan Gupta,43,0,Kolkata,2019-04-01,6,0,3.91,Low,13.418333333333335,238.80666666666664,2689,0.0
T00754,R0088,12.14,121.09,232.59,2024-07-02,0,0,1,7,Zone_6,14627,0.54,37.6,Mixed,0.0,False,False,True,False,False,False,False,False,False,False,True,False,False,False,5.4535674418185955,2.5756610130564646,11.00409014866745,0,Diya Iyer,22,2,Jaipur,2019-07-07,438,0,4.78,High,0.1421232876712329,2.0405479452054793,2592,0.0
T00755,R0029,17.84,165.01,379.63,2023-11-06,0,0,0,11,Zone_8,4516,1.93,31.0,Business,1.0,True,False,False,False,False,False,False,False,False,False,False,False,True,False,5.94182777466688,2.935982269148217,12.84562182223967,0,Kavya Iyer,30,1,Surat,2022-07-24,4,0,3.69,Low,14.942499999999999,284.4425,1479,0.0
T00756,R0264,2.46,24.21,25.57,2024-02-10,0,0,5,2,Zone_10,2440,1.54,35.4,Industrial,1.0,False,False,False,True,False,True,False,False,False,False,False,False,False,False,3.279782759771722,1.2412685890696329,4.920365840057018,0,Aadhya Das,27,2,Delhi,2019-02-06,401,54,3.59,High,0.031022443890274313,0.47408977556109727,2743,0.13466334164588528
T00757,R0158,9.6,69.01,119.92,2023-10-03,0,0,1,10,Zone_2,6371,0.91,58.4,Residential,0.0,True,False,False,False,False,False,True,False,False,False,False,False,False,False,4.795129169911258,2.3608540011180215,8.307225770376053,0,Aarav Iyer,27,1,Ahmedabad,2020-07-26,441,60,3.57,High,0.057732426303854875,0.8727210884353742,2207,0.1360544217687075
T00758,R0029,4.45,40.55,97.15,2024-08-13,0,0,1,8,Zone_9,11037,1.83,56.1,Mixed,1.0,False,False,True,False,False,False,False,False,False,False,False,False,False,True,4.58649692072247,1.6956156086751528,6.367888189973187,0,Kavya Iyer,30,1,Surat,2022-07-24,4,0,3.69,Low,14.942499999999999,284.4425,1479,0.0
T00759,R0258,1.63,10.31,38.61,2023-12-08,0,0,4,12,Zone_5,2590,1.31,43.9,Business,0.0,False,False,False,True,False,False,False,False,False,True,False,False,False,False,3.6790816116338254,0.9669838461896731,3.2109188716004646,0,Vivaan Nair,32,0,Jaipur,2020-01-29,313,39,3.76,Medium,0.09338658146964858,1.5953674121405752,2386,0.12460063897763578
T00760,R0109,12.21,66.9,141.11,2023-10-25,0,0,2,10,Zone_2,6371,0.91,58.4,Residential,0.0,True,False,False,False,False,False,True,False,False,False,False,False,False,False,4.95660140560377,2.580974118534234,8.179242018671413,0,Vivaan Kumar,35,0,Delhi,2022-11-19,62,5,3.35,Low,0.6974193548387098,11.13532258064516,1361,0.08064516129032258
T00761,R0147,14.66,138.46,271.36,2023-08-28,0,0,0,8,Zone_2,6371,0.91,58.4,Residential,0.0,True,False,False,False,False,False,True,False,False,False,False,False,False,False,5.607124720614766,2.751109690562657,11.766902736064406,0,Saanvi Nair,35,2,Mumbai,2022-08-29,239,21,3.91,Medium,0.26589958158995813,4.27531380753138,1443,0.08786610878661087
T00762,R0168,6.04,35.12,120.34,2024-02-19,0,0,0,2,Zone_2,6371,0.91,58.4,Residential,0.0,False,False,False,True,False,False,True,False,False,False,False,False,False,False,4.798596522514152,1.951608170169951,5.9262129560116215,0,Diya Das,23,1,Pune,2019-10-08,471,74,4.03,High,0.0743524416135881,1.2087261146496815,2499,0.15711252653927812
T00763,R0085,9.05,82.0,95.17,2023-10-12,0,0,3,10,Zone_10,2440,1.54,35.4,Industrial,1.0,True,False,False,False,False,True,False,False,False,False,False,False,False,False,4.56611745872439,2.307572634505085,9.055385138137417,0,Aadhya Ghosh,29,0,Chennai,2022-09-17,94,12,4.95,Low,0.46797872340425534,5.4245744680851065,1424,0.1276595744680851
T00764,R0186,7.68,68.84,68.0,2024-06-14,0,0,4,6,Zone_10,2440,1.54,35.4,Industrial,1.0,False,False,False,True,False,True,False,False,False,False,False,False,False,False,4.23410650459726,2.1610215286722587,8.296987405076615,0,Ishaan Sharma,18,2,Hyderabad,2020-12-11,373,19,3.26,High,0.18386058981233244,2.5169436997319035,2069,0.05093833780160858
T00765,R0201,10.17,51.68,102.51,2023-06-17,0,0,5,6,Zone_9,11037,1.83,56.1,Mixed,1.0,False,True,False,False,False,False,False,False,False,False,False,False,False,True,4.639668226395659,2.413231613081109,7.188880302244572,0,Meera Reddy,37,0,Delhi,2021-04-06,183,15,3.84,Medium,0.3698360655737705,5.856830601092896,1953,0.08196721311475409
T00766,R0279,12.4,102.66,217.64,2024-06-30,0,0,6,6,Zone_8,4516,1.93,31.0,Business,1.0,False,False,True,False,False,False,False,False,False,False,False,False,True,False,5.387426541619813,2.5952547069568657,10.132127121192273,0,Diya Singh,25,2,Pune,2022-04-21,454,84,3.73,High,0.09151982378854624,1.5398017621145372,1573,0.18502202643171806
T00767,R0279,9.72,77.55,114.71,2024-06-02,0,0,6,6,Zone_5,2590,1.31,43.9,Business,0.0,False,False,False,True,False,False,False,False,False,True,False,False,False,False,4.7510870608882465,2.372111155642656,8.806247782114696,0,Diya Singh,25,2,Pune,2022-04-21,454,84,3.73,High,0.09151982378854624,1.5398017621145372,1573,0.18502202643171806
T00768,R0047,9.73,57.22,227.41,2024-08-05,0,0,0,8,Zone_1,4921,2.43,30.9,Residential,2.0,False,False,False,True,True,False,False,False,False,False,False,False,False,False,5.431142259660542,2.373043556642607,7.564390259630977,0,Reyansh Iyer,51,0,Bengaluru,2021-10-07,69,3,4.86,Low,0.9018840579710146,16.592318840579708,1769,0.043478260869565216
T00769,R0042,14.3,136.69,290.49,2023-06-12,0,0,0,6,Zone_9,11037,1.83,56.1,Mixed,1.0,True,False,False,False,False,False,False,False,False,False,False,False,False,True,5.675005699884782,2.72785282839839,11.69144986731757,0,Arjun Reddy,18,0,Chennai,2021-05-20,23,4,3.03,Low,2.0069565217391303,32.10782608695652,1909,0.17391304347826086
T00770,R0154,7.18,62.64,127.03,2023-07-12,0,0,2,7,Zone_1,4921,2.43,30.9,Residential,2.0,False,False,True,False,True,False,False,False,False,False,False,False,False,False,4.852264611458088,2.1016921506146558,7.914543574963751,0,Kavya Patel,18,2,Kolkata,2019-03-25,466,79,4.68,High,0.2974678111587983,4.419570815450644,2696,0.16952789699570817
T00771,R0058,12.62,113.65,150.09,2023-12-27,0,0,2,12,Zone_1,4921,2.43,30.9,Residential,2.0,True,False,False,False,True,False,False,False,False,False,False,False,False,False,5.01787568575175,2.611539300721366,10.660675400742676,0,Vivaan Reddy,46,1,Kolkata,2021-05-31,480,25,4.32,High,0.15858333333333335,2.1738958333333334,1898,0.052083333333333336
T00772,R0006,3.89,37.48,68.34,2023-11-14,0,0,1,11,Zone_5,2590,1.31,43.9,Business,0.0,True,False,False,False,False,False,False,False,False,True,False,False,False,False,4.239021940256878,1.5871923034867808,6.1220911460055865,0,Aarav Das,45,0,Jaipur,2023-06-30,248,13,4.64,Medium,0.255,4.417056451612903,1138,0.05241935483870968
T00773,R0045,16.04,113.26,297.73,2023-08-20,0,0,6,8,Zone_1,4921,2.43,30.9,Residential,2.0,False,False,True,False,True,False,False,False,False,False,False,False,False,False,5.6995401553980685,2.8355635214011694,10.64236815751081,0,Saanvi Iyer,34,2,Ahmedabad,2023-07-12,100,16,4.88,Low,0.8753,15.298499999999999,1126,0.16
T00774,R0199,11.69,79.48,280.26,2023-10-09,0,0,0,10,Zone_4,4038,2.46,48.2,Business,2.0,False,False,False,True,False,False,False,False,True,False,False,False,False,False,5.639279508442102,2.540814281726296,8.915155635209068,0,Aarav Das,29,1,Ahmedabad,2021-08-03,344,27,3.91,High,0.24752906976744188,4.652616279069767,1834,0.07848837209302326
T00775,R0213,5.98,53.94,106.57,2023-02-13,0,0,0,2,Zone_5,2590,1.31,43.9,Business,0.0,False,True,False,False,False,False,False,False,False,True,False,False,False,False,4.678141798443914,1.9430489167742813,7.344385610791416,0,Kavya Ghosh,29,0,Chennai,2019-06-04,456,26,3.74,High,0.13396929824561402,2.3342105263157893,2625,0.05701754385964912
T00776,R0093,2.57,17.8,38.6,2023-09-05,0,0,1,9,Zone_2,6371,0.91,58.4,Residential,0.0,False,False,False,True,False,False,True,False,False,False,False,False,False,False,3.6788291182604347,1.2725655957915476,4.219004621945797,0,Diya Patel,33,2,Surat,2019-05-30,119,18,3.77,Low,0.6012605042016808,9.999075630252099,2630,0.15126050420168066
T00777,R0023,8.0,40.24,164.23,2024-03-17,0,0,6,3,Zone_5,2590,1.31,43.9,Business,0.0,False,True,False,False,False,False,False,False,False,True,False,False,False,False,5.1073384426629,2.1972245773362196,6.343500610861483,0,Meera Iyer,24,2,Jaipur,2019-10-09,176,32,3.21,Medium,0.36880681818181815,6.793295454545454,2498,0.18181818181818182
T00778,R0129,2.09,13.29,35.96,2023-03-04,0,0,5,3,Zone_4,4038,2.46,48.2,Business,2.0,False,False,False,True,False,False,False,False,True,False,False,False,False,False,3.6098362467734835,1.128171090909654,3.645545226711637,0,Vivaan Singh,35,1,Hyderabad,2022-10-08,158,10,3.9,Low,0.5688607594936709,9.54620253164557,1403,0.06329113924050633
T00779,R0193,9.5,68.8,211.56,2023-07-12,0,0,2,7,Zone_1,4921,2.43,30.9,Residential,2.0,True,False,False,False,True,False,False,False,False,False,False,False,False,False,5.359224301451558,2.3513752571634776,8.294576541331088,0,Kavya Singh,33,0,Chennai,2022-01-03,389,68,4.41,High,0.14419023136246786,2.5851928020565555,1681,0.17480719794344474
T00780,R0047,15.26,79.91,310.84,2024-06-30,0,0,6,6,Zone_4,4038,2.46,48.2,Business,2.0,False,False,True,False,False,False,False,False,True,False,False,False,False,False,5.74249023575925,2.7887081041196646,8.939239341241512,0,Reyansh Iyer,51,0,Bengaluru,2021-10-07,69,3,4.86,Low,0.9018840579710146,16.592318840579708,1769,0.043478260869565216
T00781,R0105,8.8,66.42,85.32,2024-03-09,0,0,5,3,Zone_8,4516,1.93,31.0,Business,1.0,True,False,False,False,False,False,False,False,False,False,False,False,True,False,4.458061320949879,2.2823823856765264,8.149846624323676,0,Diya Das,31,0,Jaipur,2020-09-28,346,9,3.69,High,0.27514450867052026,3.7604624277456646,2143,0.02601156069364162
T00782,R0032,7.11,61.63,176.63,2024-05-01,1,0,2,5,Zone_2,6371,0.91,58.4,Residential,0.0,True,False,False,False,False,False,True,False,False,False,False,False,False,False,5.179702735211794,2.0930978681273213,7.850477692471968,0,Kavya Reddy,18,0,Mumbai,2023-09-20,213,24,4.0,Medium,0.3107511737089202,6.473192488262911,1056,0.11267605633802817
T00783,R0076,9.71,57.36,130.03,2023-09-03,0,0,6,9,Zone_8,4516,1.93,31.0,Business,1.0,False,False,False,True,False,False,False,False,False,False,False,False,True,False,4.875426304616494,2.3711778844596574,7.573638491504595,0,Reyansh Reddy,40,1,Bengaluru,2022-01-02,137,13,3.34,Low,0.4143795620437956,6.3124817518248175,1682,0.0948905109489051
T00784,R0173,9.43,91.48,122.19,2023-07-28,0,0,4,7,Zone_1,4921,2.43,30.9,Residential,2.0,False,True,False,False,True,False,False,False,False,False,False,False,False,False,4.813727878973883,2.344686269012681,9.564517760974674,0,Saanvi Ghosh,26,2,Mumbai,2020-01-15,389,55,4.28,High,0.1286375321336761,2.2145758354755785,2400,0.14138817480719795
T00785,R0290,3.81,28.82,70.83,2023-12-02,0,0,5,12,Zone_9,11037,1.83,56.1,Mixed,1.0,False,False,False,True,False,False,False,False,False,False,False,False,False,True,4.27430221608671,1.57069708411767,5.36842621258782,0,Saanvi Kumar,34,2,Chennai,2020-05-06,169,4,4.28,Medium,0.40366863905325445,6.376745562130178,2288,0.023668639053254437
T00786,R0035,9.2,65.36,150.05,2023-12-14,0,0,3,12,Zone_1,4921,2.43,30.9,Residential,2.0,False,True,False,False,True,False,False,False,False,False,False,False,False,False,5.017610907832681,2.322387720290225,8.084553172563094,0,Reyansh Das,39,1,Kolkata,2022-03-20,392,41,3.49,High,0.07392857142857143,1.0711989795918366,1605,0.10459183673469388
T00787,R0183,11.1,92.83,152.12,2024-01-25,0,0,3,1,Zone_7,11070,0.64,45.2,Industrial,0.0,False,False,False,True,False,False,False,False,False,False,False,True,False,False,5.031221927704644,2.4932054526026954,9.634832639957997,0,Arjun Patel,43,2,Jaipur,2022-08-27,406,66,3.79,High,0.14231527093596058,2.0964039408866997,1445,0.1625615763546798
T00788,R0139,6.7,59.38,166.87,2023-05-24,1,0,2,5,Zone_1,4921,2.43,30.9,Residential,2.0,True,False,False,False,True,False,False,False,False,False,False,False,False,False,5.123189870334323,2.0412203288596382,7.705841939723395,0,Diya Gupta,44,2,Kolkata,2023-10-09,155,7,4.39,Low,0.38012903225806455,6.466,1037,0.04516129032258064
T00789,R0045,12.89,105.09,220.17,2024-02-26,0,0,0,2,Zone_8,4516,1.93,31.0,Business,1.0,True,False,False,False,False,False,False,False,False,False,False,False,True,False,5.39893163658063,2.6311691567662523,10.251341375644458,0,Saanvi Iyer,34,2,Ahmedabad,2023-07-12,100,16,4.88,Low,0.8753,15.298499999999999,1126,0.16
T00790,R0062,7.36,54.82,155.33,2024-01-24,0,0,2,1,Zone_10,2440,1.54,35.4,Industrial,1.0,False,True,False,False,False,True,False,False,False,False,False,False,False,False,5.051969157589233,2.1234584270966104,7.404052944165108,0,Kavya Sharma,38,1,Jaipur,2019-05-13,57,3,3.58,Low,1.1587719298245613,15.605438596491227,2647,0.05263157894736842
T00791,R0164,11.83,78.97,286.93,2024-01-06,1,0,5,1,Zone_2,6371,0.91,58.4,Residential,0.0,False,False,True,False,False,False,True,False,False,False,False,False,False,False,5.6627173950376015,2.551786178627545,8.886506625215558,0,Aadhya Ghosh,37,2,Ahmedabad,2022-07-06,249,23,4.02,Medium,0.40273092369477914,7.062208835341366,1497,0.09236947791164658
T00792,R0105,19.37,143.84,283.31,2023-07-05,0,0,2,7,Zone_2,6371,0.91,58.4,Residential,0.0,True,False,False,False,False,False,True,False,False,False,False,False,False,False,5.650065192150214,3.0140632302387145,11.99333148045196,0,Diya Das,31,0,Jaipur,2020-09-28,346,9,3.69,High,0.27514450867052026,3.7604624277456646,2143,0.02601156069364162
T00793,R0161,7.52,58.21,98.63,2023-12-13,0,0,2,12,Zone_7,11070,0.64,45.2,Industrial,0.0,False,False,False,True,False,False,False,False,False,False,False,True,False,False,4.601463324056765,2.1424163408412245,7.62954782408499,0,Aarav Nair,32,2,Surat,2019-03-27,332,50,4.91,High,0.10006024096385542,1.7095180722891565,2694,0.15060240963855423
T00794,R0209,1.71,16.51,37.86,2023-01-20,0,0,4,1,Zone_7,11070,0.64,45.2,Industrial,0.0,False,False,True,False,False,False,False,False,False,False,False,True,False,False,3.659965443949294,0.9969486348916096,4.063249930782009,0,Vivaan Sharma,31,2,Surat,2020-06-11,109,20,3.77,Low,0.5368807339449542,6.743944954128441,2252,0.1834862385321101
T00795,R0296,6.32,48.62,81.7,2023-01-14,0,0,5,1,Zone_4,4038,2.46,48.2,Business,2.0,True,False,False,False,False,False,False,False,True,False,False,False,False,False,4.415219602029645,1.9906103279732201,6.972804313904127,0,Reyansh Patel,37,2,Hyderabad,2021-02-20,390,58,3.97,High,0.20374358974358978,3.349897435897436,1998,0.14871794871794872
T00796,R0172,0.63,5.74,14.05,2024-01-12,0,0,4,1,Zone_1,4921,2.43,30.9,Residential,2.0,False,False,False,True,True,False,False,False,False,False,False,False,False,False,2.711377991194885,0.48858001481867097,2.3958297101421877,0,Reyansh Reddy,31,2,Pune,2019-12-24,168,14,3.72,Medium,0.5050595238095238,8.86077380952381,2422,0.08333333333333333
T00797,R0258,11.06,69.44,227.04,2023-10-18,0,0,2,10,Zone_7,11070,0.64,45.2,Industrial,0.0,True,False,False,False,False,False,False,False,False,False,False,True,False,False,5.429521052163381,2.4898941912990393,8.333066662399863,0,Vivaan Nair,32,0,Jaipur,2020-01-29,313,39,3.76,Medium,0.09338658146964858,1.5953674121405752,2386,0.12460063897763578
T00798,R0259,14.55,107.68,360.46,2024-04-08,1,0,0,4,Zone_1,4921,2.43,30.9,Residential,2.0,False,True,False,False,True,False,False,False,False,False,False,False,False,False,5.890151385407493,2.744060638625243,10.376897416858279,0,Aadhya Das,32,1,Jaipur,2019-06-25,150,27,3.52,Low,0.5316,8.553866666666666,2604,0.18
T00799,R0154,11.48,59.73,237.17,2023-12-15,0,0,4,12,Zone_3,12971,2.11,38.0,Business,2.0,False,False,False,True,False,False,False,True,False,False,False,False,False,False,5.472984704405132,2.5241273629412815,7.728518616138541,0,Kavya Patel,18,2,Kolkata,2019-03-25,466,79,4.68,High,0.2974678111587983,4.419570815450644,2696,0.16952789699570817
T00800,R0175,9.6,93.14,195.74,2024-01-11,0,0,3,1,Zone_7,11070,0.64,45.2,Industrial,0.0,False,False,False,True,False,False,False,False,False,False,False,True,False,False,5.281883060084612,2.3608540011180215,9.65090669315583,0,Diya Patel,35,1,Chennai,2022-08-18,98,8,3.48,Low,0.7169387755102041,12.928877551020408,1454,0.08163265306122448
T00801,R0059,4.78,26.45,113.28,2024-04-09,0,0,1,4,Zone_10,2440,1.54,35.4,Industrial,1.0,True,False,False,False,False,True,False,False,False,False,False,False,False,False,4.738651577362572,1.7544036826842861,5.142956348249516,0,Aarav Sharma,43,1,Delhi,2021-08-02,357,11,3.27,High,0.09803921568627451,1.4979831932773109,1835,0.03081232492997199
T00802,R0292,15.88,155.72,175.8,2024-01-11,0,0,3,1,Zone_9,11037,1.83,56.1,Mixed,1.0,False,False,False,True,False,False,False,False,False,False,False,False,False,True,5.175019150203543,2.826129489167811,12.478781991845198,0,Diya Patel,37,0,Jaipur,2020-06-28,141,19,4.39,Low,0.5628368794326241,8.070141843971632,2235,0.1347517730496454
T00803,R0282,11.77,69.66,114.25,2024-01-15,0,0,0,1,Zone_2,6371,0.91,58.4,Residential,0.0,False,False,False,True,False,False,True,False,False,False,False,False,False,False,4.747103681876758,2.547098670044448,8.346256645946132,0,Reyansh Kumar,22,2,Bengaluru,2022-05-02,319,3,4.47,Medium,0.29112852664576805,4.387931034482759,1562,0.009404388714733543
T00804,R0260,9.42,66.66,191.57,2024-07-16,0,0,1,7,Zone_4,4038,2.46,48.2,Business,2.0,False,False,True,False,False,False,False,False,True,False,False,False,False,False,5.260459723991796,2.343727036325221,8.164557550780078,0,Reyansh Das,55,2,Mumbai,2019-07-17,63,3,4.24,Low,0.5998412698412698,10.94063492063492,2582,0.047619047619047616
T00805,R0207,9.02,86.02,210.79,2023-08-14,0,0,0,8,Zone_9,11037,1.83,56.1,Mixed,1.0,False,False,False,True,False,False,False,False,False,False,False,False,False,True,5.35559521769951,2.3045830956567186,9.274696760541554,0,Ishaan Iyer,31,1,Mumbai,2023-12-06,47,3,3.93,Low,1.3504255319148937,26.20127659574468,979,0.06382978723404255
T00806,R0194,8.56,67.99,187.22,2023-03-03,0,0,4,3,Zone_7,11070,0.64,45.2,Industrial,0.0,False,False,True,False,False,False,False,False,False,False,False,True,False,False,5.237611491430642,2.25758772706331,8.245604889879214,0,Arjun Iyer,30,2,Jaipur,2023-02-10,10,2,4.06,Low,4.361,68.455,1278,0.2
T00807,R0155,10.26,57.9,128.4,2023-08-25,0,0,4,8,Zone_7,11070,0.64,45.2,Industrial,0.0,False,False,True,False,False,False,False,False,False,False,False,True,False,False,4.8629083820668,2.421256622711544,7.60920495189872,0,Meera Reddy,23,1,Hyderabad,2019-02-10,353,8,3.14,High,0.17254957507082153,2.639405099150142,2739,0.0226628895184136
T00808,R0154,4.93,37.07,85.54,2024-01-19,0,0,4,1,Zone_7,11070,0.64,45.2,Industrial,0.0,False,False,False,True,False,False,False,False,False,False,False,True,False,False,4.460606734796738,1.780024213009634,6.088513775955509,0,Kavya Patel,18,2,Kolkata,2019-03-25,466,79,4.68,High,0.2974678111587983,4.419570815450644,2696,0.16952789699570817
T00809,R0011,15.63,95.95,148.68,2023-06-22,0,0,3,6,Zone_4,4038,2.46,48.2,Business,2.0,False,True,False,False,False,False,False,False,True,False,False,False,False,False,5.0084996819658345,2.8112082932048366,9.795407086997457,0,Vivaan Nair,26,1,Chennai,2020-04-14,208,34,4.0,Medium,0.4276923076923077,7.8547115384615385,2310,0.16346153846153846
T00810,R0026,8.76,71.48,84.68,2023-06-25,0,0,6,6,Zone_8,4516,1.93,31.0,Business,1.0,True,False,False,False,False,False,False,False,False,False,False,False,True,False,4.450619426139493,2.278292400425001,8.4545845551393,0,Aarav Kumar,26,0,Surat,2020-04-17,44,5,3.17,Low,1.8020454545454547,22.11795454545455,2307,0.11363636363636363
T00811,R0191,11.0,88.33,181.41,2024-06-15,0,0,5,6,Zone_8,4516,1.93,31.0,Business,1.0,False,False,False,True,False,False,False,False,False,False,False,False,True,False,5.206256900698823,2.4849066497880004,9.398404119849284,0,Meera Gupta,33,2,Surat,2020-08-14,87,6,4.56,Low,0.9559770114942528,15.24735632183908,2188,0.06896551724137931
T00812,R0262,5.83,32.69,70.96,2023-04-17,0,0,0,4,Zone_7,11070,0.64,45.2,Industrial,0.0,False,False,True,False,False,False,False,False,False,False,False,True,False,False,4.2761104090823325,1.9213246735826988,5.717516943569122,0,Meera Singh,30,1,Ahmedabad,2019-04-21,6,0,3.35,Low,9.936666666666667,161.22666666666666,2669,0.0
T00813,R0002,9.87,78.29,150.1,2024-02-19,0,0,0,2,Zone_10,2440,1.54,35.4,Industrial,1.0,False,True,False,False,False,True,False,False,False,False,False,False,False,False,5.017941869278694,2.386006701133118,8.84816365128946,0,Ishaan Nair,39,0,Mumbai,2019-11-23,70,5,4.12,Low,1.0812857142857142,16.794428571428572,2453,0.07142857142857142
T00814,R0040,3.41,27.78,72.45,2023-06-28,0,0,2,6,Zone_2,6371,0.91,58.4,Residential,0.0,False,False,False,True,False,False,True,False,False,False,False,False,False,False,4.296604902619887,1.4838746894587547,5.270673581241775,0,Aarav Gupta,34,2,Surat,2023-05-05,485,36,4.41,High,0.1658762886597938,2.352061855670103,1194,0.07422680412371134
T00815,R0246,2.41,17.89,23.05,2024-04-06,0,0,5,4,Zone_7,11070,0.64,45.2,Industrial,0.0,True,False,False,False,False,False,False,False,False,False,False,True,False,False,3.1801349965517702,1.2267122912954254,4.2296571965113205,0,Vivaan Das,29,2,Mumbai,2021-03-31,240,34,4.79,Medium,0.34891666666666665,6.460624999999999,1959,0.14166666666666666
T00816,R0199,7.84,62.24,192.43,2023-01-18,1,0,2,1,Zone_1,4921,2.43,30.9,Residential,2.0,True,False,False,False,True,False,False,False,False,False,False,False,False,False,5.264915689914006,2.179286876649552,7.889233169326408,0,Aarav Das,29,1,Ahmedabad,2021-08-03,344,27,3.91,High,0.24752906976744188,4.652616279069767,1834,0.07848837209302326
T00817,R0246,1.39,11.53,27.24,2024-06-13,0,0,3,6,Zone_5,2590,1.31,43.9,Business,0.0,False,False,False,True,False,False,False,False,False,True,False,False,False,False,3.3407394126250414,0.8712933659434193,3.395585369269929,0,Vivaan Das,29,2,Mumbai,2021-03-31,240,34,4.79,Medium,0.34891666666666665,6.460624999999999,1959,0.14166666666666666
T00818,R0095,20.2,152.79,379.63,2023-07-14,0,0,4,7,Zone_8,4516,1.93,31.0,Business,1.0,False,False,False,True,False,False,False,False,False,False,False,False,True,False,5.94182777466688,3.054001181677967,12.360825215170708,0,Kavya Iyer,29,0,Chennai,2020-10-07,481,77,4.26,High,0.23856548856548856,3.907713097713098,2134,0.1600831600831601
T00819,R0276,0.34,2.99,5.01,2024-08-18,0,0,6,8,Zone_1,4921,2.43,30.9,Residential,2.0,False,True,False,False,True,False,False,False,False,False,False,False,False,False,1.7934247485471162,0.29266961396282,1.7291616465790582,0,Aadhya Ghosh,26,2,Chennai,2022-11-07,196,1,3.63,Medium,0.1556122448979592,2.5521428571428575,1373,0.00510204081632653
T00820,R0170,9.73,96.07,229.45,2023-03-01,0,0,2,3,Zone_9,11037,1.83,56.1,Mixed,1.0,True,False,False,False,False,False,False,False,False,False,False,False,False,True,5.440033919166517,2.373043556642607,9.801530492734285,0,Saanvi Kumar,29,2,Bengaluru,2020-05-20,28,3,3.68,Low,1.9110714285714285,33.70392857142857,2274,0.10714285714285714
T00821,R0011,16.28,158.5,324.06,2023-01-08,0,0,6,1,Zone_9,11037,1.83,56.1,Mixed,1.0,False,False,True,False,False,False,False,False,False,False,False,False,False,True,5.78400978067503,2.8495497633759097,12.589678312014172,0,Vivaan Nair,26,1,Chennai,2020-04-14,208,34,4.0,Medium,0.4276923076923077,7.8547115384615385,2310,0.16346153846153846
T00822,R0137,10.41,102.5,201.61,2023-10-09,0,0,0,10,Zone_3,12971,2.11,38.0,Business,2.0,False,False,True,False,False,False,False,True,False,False,False,False,False,False,5.31128294893806,2.4344901638739844,10.124228365658293,0,Arjun Gupta,27,1,Bengaluru,2021-08-10,166,32,3.14,Medium,0.49596385542168675,9.032349397590362,1827,0.1927710843373494
T00823,R0051,6.45,58.28,160.96,2023-03-21,1,0,1,3,Zone_2,6371,0.91,58.4,Residential,0.0,False,False,False,True,False,False,True,False,False,False,False,False,False,False,5.0873493911639605,2.0082140323914683,7.634133873596926,0,Aarav Nair,21,1,Kolkata,2020-04-05,213,14,4.02,Medium,0.2778403755868545,5.169107981220657,2319,0.06572769953051644
T00824,R0103,5.24,41.02,100.04,2023-10-13,0,0,4,10,Zone_3,12971,2.11,38.0,Business,2.0,False,False,True,False,False,False,False,True,False,False,False,False,False,False,4.6155164780422355,1.8309801823813363,6.404685784642366,0,Ishaan Gupta,37,2,Surat,2022-11-24,175,14,3.07,Medium,0.40817142857142863,7.065371428571429,1356,0.08
T00825,R0173,11.37,81.72,227.27,2024-04-20,0,0,5,4,Zone_9,11037,1.83,56.1,Mixed,1.0,True,False,False,False,False,False,False,False,False,False,False,False,False,True,5.430529138856541,2.5152741864043966,9.039911503991618,0,Saanvi Ghosh,26,2,Mumbai,2020-01-15,389,55,4.28,High,0.1286375321336761,2.2145758354755785,2400,0.14138817480719795
T00826,R0274,4.0,36.46,49.98,2024-01-02,0,0,1,1,Zone_6,14627,0.54,37.6,Mixed,0.0,True,False,False,False,False,False,False,False,False,False,True,False,False,False,3.9314333989479695,1.6094379124341003,6.038211655780211,0,Reyansh Nair,27,0,Surat,2019-03-18,31,5,3.04,Low,0.9754838709677419,15.392258064516128,2703,0.16129032258064516
T00827,R0123,7.4,53.16,177.79,2023-03-29,0,0,2,3,Zone_8,4516,1.93,31.0,Business,1.0,True,False,False,False,False,False,False,False,False,False,False,False,True,False,5.186211932763729,2.128231705849268,7.291090453423274,0,Meera Ghosh,32,1,Bengaluru,2023-06-24,156,26,3.31,Low,0.2416666666666667,4.584487179487179,1144,0.16666666666666666
T00828,R0217,11.46,102.49,223.52,2024-01-04,0,0,3,1,Zone_1,4921,2.43,30.9,Residential,2.0,False,False,False,True,True,False,False,False,False,False,False,False,False,False,5.413964790073998,2.522523513359307,10.123734488813898,0,Kavya Iyer,39,2,Jaipur,2023-03-03,104,5,3.52,Low,0.40807692307692306,7.267596153846155,1257,0.04807692307692308
T00829,R0219,6.46,44.85,64.33,2024-03-19,0,0,1,3,Zone_8,4516,1.93,31.0,Business,1.0,False,True,False,False,False,False,False,False,False,False,False,False,True,False,4.179451348852659,2.0095554142156695,6.697014260101288,0,Vivaan Sharma,25,0,Pune,2021-04-13,498,83,4.15,High,0.025783132530120483,0.3268473895582329,1946,0.16666666666666666
T00830,R0211,8.44,42.96,70.59,2024-03-29,0,0,4,3,Zone_4,4038,2.46,48.2,Business,2.0,False,False,True,False,False,False,False,False,True,False,False,False,False,False,4.270955399408094,2.244955980157409,6.554387843269576,0,Arjun Reddy,36,0,Mumbai,2021-04-04,435,17,3.63,High,0.10593103448275862,1.4847816091954023,1955,0.03908045977011494
T00831,R0095,6.48,41.54,101.23,2023-12-06,0,0,2,12,Zone_2,6371,0.91,58.4,Residential,0.0,False,False,True,False,False,False,True,False,False,False,False,False,False,False,4.627225176768922,2.012232791986386,6.445153217728808,0,Kavya Iyer,29,0,Chennai,2020-10-07,481,77,4.26,High,0.23856548856548856,3.907713097713098,2134,0.1600831600831601
T00832,R0263,3.15,25.7,27.71,2024-06-23,0,0,6,6,Zone_5,2590,1.31,43.9,Business,0.0,True,False,False,False,False,False,False,False,False,True,False,False,False,False,3.3572454941329726,1.423108334242607,5.06951674225463,0,Ishaan Das,31,2,Chennai,2020-12-30,297,21,3.84,Medium,0.3522558922558922,5.2110101010101015,2050,0.0707070707070707
T00833,R0100,13.95,128.35,249.64,2023-11-23,0,0,3,11,Zone_8,4516,1.93,31.0,Business,1.0,False,False,True,False,False,False,False,False,False,False,False,False,True,False,5.524017646643936,2.7047112998366956,11.329165900453573,0,Ishaan Gupta,28,1,Delhi,2021-05-24,383,60,3.79,High,0.26488250652741513,4.327650130548303,1905,0.1566579634464752
T00834,R0196,14.97,148.09,360.26,2023-11-17,0,0,4,11,Zone_6,14627,0.54,37.6,Mixed,0.0,True,False,False,False,False,False,False,False,False,False,True,False,False,False,5.889597920704412,2.770711962226921,12.169223475637219,0,Vivaan Das,18,1,Hyderabad,2019-06-24,51,9,4.93,Low,1.8813725490196078,31.831960784313726,2605,0.17647058823529413
T00835,R0175,6.42,50.58,90.17,2023-10-25,0,0,2,10,Zone_10,2440,1.54,35.4,Industrial,1.0,False,False,True,False,False,True,False,False,False,False,False,False,False,False,4.5127258955968115,2.004179057179289,7.111961754677819,0,Diya Patel,35,1,Chennai,2022-08-18,98,8,3.48,Low,0.7169387755102041,12.928877551020408,1454,0.08163265306122448
T00836,R0074,6.67,63.51,134.88,2023-11-20,0,0,0,11,Zone_3,12971,2.11,38.0,Business,2.0,False,False,False,True,False,False,False,True,False,False,False,False,False,False,4.911772143292383,2.0373166153791646,7.969316156358712,0,Vivaan Ghosh,23,1,Kolkata,2023-09-11,199,22,4.89,Medium,0.2321105527638191,4.106884422110553,1065,0.11055276381909548
T00837,R0249,7.11,38.44,172.27,2024-01-27,1,0,5,1,Zone_5,2590,1.31,43.9,Business,0.0,True,False,False,False,False,False,False,False,False,True,False,False,False,False,5.154851071522756,2.0930978681273213,6.2,0,Diya Nair,20,1,Mumbai,2023-03-24,396,48,4.49,High,0.1634090909090909,2.728611111111111,1236,0.12121212121212122
T00838,R0064,10.69,67.78,97.49,2023-05-21,0,0,6,5,Zone_5,2590,1.31,43.9,Business,1.0,False,False,False,True,False,False,False,False,False,True,False,False,False,False,4.589955020181611,2.458733775483977,8.232860985101109,0,Ishaan Nair,21,0,Bengaluru,2023-09-30,214,2,4.21,Medium,0.26429906542056075,5.103691588785047,1046,0.009345794392523364
T00839,R0017,3.47,34.41,43.68,2024-03-16,0,0,5,3,Zone_1,4921,2.43,30.9,Residential,2.0,False,False,True,False,True,False,False,False,False,False,False,False,False,False,3.799525974201,1.4973884086254776,5.866003750424985,0,Meera Das,49,0,Mumbai,2023-03-18,288,21,3.83,Medium,0.19437500000000002,2.820520833333333,1242,0.07291666666666667
T00840,R0165,7.56,59.67,80.83,2023-11-18,0,0,5,11,Zone_7,11070,0.64,45.2,Industrial,0.0,True,False,False,False,False,False,False,False,False,False,False,True,False,False,4.4046439245392905,2.1471001901536506,7.72463591375024,0,Meera Reddy,37,0,Kolkata,2021-12-09,34,5,3.27,Low,1.3738235294117647,22.932352941176468,1706,0.14705882352941177
T00841,R0057,9.31,84.72,172.07,2024-05-28,0,0,1,5,Zone_8,4516,1.93,31.0,Business,1.0,False,False,True,False,False,False,False,False,False,False,False,False,True,False,5.153696136936908,2.333114298028869,9.204346799203082,0,Aadhya Reddy,39,1,Bengaluru,2023-06-04,407,11,3.66,High,0.24648648648648647,3.8921621621621623,1164,0.02702702702702703
T00842,R0286,11.21,90.18,256.47,2023-08-18,0,0,4,8,Zone_10,2440,1.54,35.4,Industrial,1.0,True,False,False,False,False,True,False,False,False,False,False,False,False,False,5.550903208462204,2.502255288122613,9.496315074806649,0,Ishaan Nair,26,1,Pune,2023-02-15,29,0,4.48,Low,1.4572413793103447,21.62551724137931,1273,0.0
T00843,R0024,5.9,35.3,53.0,2023-08-07,0,0,0,8,Zone_10,2440,1.54,35.4,Industrial,1.0,False,False,True,False,False,True,False,False,False,False,False,False,False,False,3.9889840465642745,1.9315214116032138,5.941380311005179,0,Meera Kumar,41,2,Chennai,2019-07-10,140,16,3.49,Low,0.2212142857142857,3.4135,2589,0.11428571428571428
T00844,R0195,10.02,77.79,144.86,2023-09-04,0,0,0,9,Zone_9,11037,1.83,56.1,Mixed,1.0,False,False,True,False,False,False,False,False,False,False,False,False,False,True,4.982647257556087,2.3997118037247684,8.81986394452885,0,Aadhya Reddy,33,1,Kolkata,2021-05-27,72,10,4.97,Low,0.9766666666666668,14.502361111111112,1902,0.1388888888888889
T00845,R0121,9.73,85.5,159.08,2023-09-18,0,0,0,9,Zone_2,6371,0.91,58.4,Residential,0.0,False,True,False,False,False,False,True,False,False,False,False,False,False,False,5.075673690275478,2.373043556642607,9.246621004453464,0,Diya Iyer,29,1,Pune,2023-07-13,378,10,4.17,High,0.23269841269841268,3.8740211640211637,1125,0.026455026455026454
T00846,R0069,13.04,76.02,201.73,2024-01-31,0,0,2,1,Zone_8,4516,1.93,31.0,Business,1.0,True,False,False,False,False,False,False,False,False,False,False,False,True,False,5.311875044480103,2.641910398597665,8.718944890294926,0,Diya Singh,22,1,Ahmedabad,2023-02-01,16,1,4.56,Low,0.815,12.608125,1287,0.0625
T00847,R0287,5.37,46.74,100.4,2024-06-29,0,0,5,6,Zone_8,4516,1.93,31.0,Business,1.0,False,False,False,True,False,False,False,False,False,False,False,False,True,False,4.619073091157083,1.851599469584072,6.836665854054885,0,Saanvi Singh,18,2,Delhi,2021-12-17,320,34,3.33,Medium,0.12587500000000001,2.3166874999999996,1698,0.10625
T00848,R0234,5.41,31.94,69.82,2023-12-05,0,0,1,12,Zone_10,2440,1.54,35.4,Industrial,1.0,False,False,False,True,False,True,False,False,False,False,False,False,False,False,4.2601414466837575,1.8578592709325787,5.651548460377917,0,Saanvi Nair,32,2,Pune,2022-12-01,183,31,3.98,Medium,0.34677595628415303,6.222677595628415,1349,0.16939890710382513
T00849,R0218,14.01,112.36,252.18,2023-06-25,0,0,6,6,Zone_3,12971,2.11,38.0,Business,2.0,False,True,False,False,False,False,False,True,False,False,False,False,False,False,5.5341006982086824,2.7087166456453704,10.6,0,Arjun Reddy,34,2,Delhi,2019-01-11,160,16,3.87,Low,0.31275,4.5341875,2769,0.1
T00850,R0078,0.18,1.0,3.27,2023-07-17,0,0,0,7,Zone_3,12971,2.11,38.0,Business,2.0,False,False,True,False,False,False,False,True,False,False,False,False,False,False,1.451613827240533,0.16551443847757338,1.0,0,Saanvi Sharma,30,2,Jaipur,2023-01-02,97,9,3.62,Low,0.025670103092783503,0.26979381443298966,1317,0.09278350515463918
T00851,R0151,16.15,104.49,360.99,2023-05-03,0,0,2,5,Zone_9,11037,1.83,56.1,Mixed,1.0,False,False,True,False,False,False,False,False,False,False,False,False,False,True,5.891616587134821,2.8419981736119486,10.222035022440492,0,Meera Reddy,34,1,Hyderabad,2023-02-25,394,56,5.0,High,0.15967005076142132,2.8274111675126905,1263,0.14213197969543148
T00852,R0237,20.78,119.75,325.43,2023-02-28,0,0,1,2,Zone_10,2440,1.54,35.4,Industrial,1.0,False,True,False,False,False,True,False,False,False,False,False,False,False,False,5.788215530631031,3.0809921175048145,10.943034314119645,0,Aadhya Nair,40,1,Chennai,2022-12-13,36,3,3.71,Low,2.7047222222222222,48.88055555555556,1337,0.08333333333333333
T00853,R0014,10.39,73.68,186.29,2024-05-09,0,0,3,5,Zone_9,11037,1.83,56.1,Mixed,1.0,False,False,True,False,False,False,False,False,False,False,False,False,False,True,5.232658217741762,2.432735777459091,8.583705493549974,0,Aarav Das,26,0,Ahmedabad,2021-06-08,325,53,3.0,High,0.1298153846153846,2.710769230769231,1890,0.16307692307692306
T00854,R0198,12.07,74.81,147.41,2023-05-08,0,0,0,5,Zone_1,4921,2.43,30.9,Residential,2.0,True,False,False,False,True,False,False,False,False,False,False,False,False,False,4.999978713907727,2.570319527636131,8.649277426467485,0,Vivaan Kumar,31,2,Mumbai,2021-12-10,202,23,3.85,Medium,0.19361386138613862,2.9134158415841584,1705,0.11386138613861387
T00855,R0121,0.55,5.44,4.88,2023-03-18,0,0,5,3,Zone_2,6371,0.91,58.4,Residential,0.0,False,False,True,False,False,False,True,False,False,False,False,False,False,False,1.7715567619105355,0.4382549309311553,2.3323807579381204,0,Diya Iyer,29,1,Pune,2023-07-13,378,10,4.17,High,0.23269841269841268,3.8740211640211637,1125,0.026455026455026454
T00856,R0047,4.53,28.41,68.32,2023-09-16,0,0,5,9,Zone_10,2440,1.54,35.4,Industrial,1.0,True,False,False,False,False,True,False,False,False,False,False,False,False,False,4.238733464847405,1.7101878155342434,5.330103188494571,0,Reyansh Iyer,51,0,Bengaluru,2021-10-07,69,3,4.86,Low,0.9018840579710146,16.592318840579708,1769,0.043478260869565216
T00857,R0070,13.29,112.97,182.82,2023-01-31,0,0,1,1,Zone_8,4516,1.93,31.0,Business,1.0,False,False,False,True,False,False,False,False,False,False,False,False,True,False,5.213957017929963,2.659559991941776,10.6287346377638,0,Meera Reddy,33,1,Bengaluru,2023-01-03,310,6,3.54,Medium,0.2897096774193548,5.337709677419355,1316,0.01935483870967742
T00858,R0051,9.81,84.78,203.51,2023-11-03,0,0,4,11,Zone_1,4921,2.43,30.9,Residential,2.0,False,False,True,False,True,False,False,False,False,False,False,False,False,False,5.320616874042804,2.3804716316511167,9.207605551933684,0,Aarav Nair,21,1,Kolkata,2020-04-05,213,14,4.02,Medium,0.2778403755868545,5.169107981220657,2319,0.06572769953051644
T00859,R0077,7.09,47.03,153.29,2024-04-29,0,0,0,4,Zone_10,2440,1.54,35.4,Industrial,1.0,False,True,False,False,False,True,False,False,False,False,False,False,False,False,5.0388339484549345,2.0906287310704004,6.8578422262399705,0,Reyansh Das,28,1,Mumbai,2019-09-07,406,72,3.79,High,0.3617241379310345,5.7729556650246305,2530,0.17733990147783252
T00860,R0173,9.16,68.84,226.07,2023-12-10,1,0,6,12,Zone_2,6371,0.91,58.4,Residential,0.0,False,False,False,True,False,False,True,False,False,False,False,False,False,False,5.425258339989186,2.318458442150336,8.296987405076615,0,Saanvi Ghosh,26,2,Mumbai,2020-01-15,389,55,4.28,High,0.1286375321336761,2.2145758354755785,2400,0.14138817480719795
T00861,R0174,10.53,65.78,127.52,2024-01-14,0,0,6,1,Zone_4,4038,2.46,48.2,Business,2.0,False,False,True,False,False,False,False,False,True,False,False,False,False,False,4.856084534247658,2.4449523342809676,8.110487038396647,0,Aadhya Patel,32,1,Kolkata,2019-02-07,320,7,3.8,Medium,0.1941875,2.88059375,2742,0.021875
T00862,R0007,6.53,49.22,114.54,2023-06-30,0,0,4,6,Zone_3,12971,2.11,38.0,Business,2.0,True,False,False,False,False,False,False,True,False,False,False,False,False,False,4.7496167903531195,2.018895041811802,7.0156966867161525,0,Ishaan Ghosh,18,0,Mumbai,2021-03-26,458,82,4.03,High,0.08650655021834062,1.3033187772925765,1964,0.17903930131004367
T00863,R0026,7.86,60.9,110.73,2023-12-21,0,0,3,12,Zone_7,11070,0.64,45.2,Industrial,0.0,True,False,False,False,False,False,False,False,False,False,False,True,False,False,4.716085246559246,2.1815467646169897,7.803845206050668,0,Aarav Kumar,26,0,Surat,2020-04-17,44,5,3.17,Low,1.8020454545454547,22.11795454545455,2307,0.11363636363636363
T00864,R0074,7.82,71.16,98.63,2023-07-01,0,0,5,7,Zone_9,11037,1.83,56.1,Mixed,1.0,False,False,True,False,False,False,False,False,False,False,False,False,False,True,4.601463324056765,2.1770218700187,8.435638683585257,0,Vivaan Ghosh,23,1,Kolkata,2023-09-11,199,22,4.89,Medium,0.2321105527638191,4.106884422110553,1065,0.11055276381909548
T00865,R0255,2.74,18.84,59.39,2023-12-21,0,0,3,12,Zone_5,2590,1.31,43.9,Business,1.0,False,True,False,False,False,False,False,False,False,True,False,False,False,False,4.10082352831981,1.3190856114264407,4.340506882842141,0,Reyansh Sharma,37,0,Bengaluru,2021-07-06,475,42,3.12,High,0.15162105263157893,2.6573052631578946,1862,0.08842105263157894
T00866,R0147,9.62,51.86,99.1,2023-04-29,0,0,5,4,Zone_2,6371,0.91,58.4,Residential,0.0,False,False,True,False,False,False,True,False,False,False,False,False,False,False,4.6061696863211745,2.362739015813793,7.201388754955532,0,Saanvi Nair,35,2,Mumbai,2022-08-29,239,21,3.91,Medium,0.26589958158995813,4.27531380753138,1443,0.08786610878661087
T00867,R0166,17.02,118.13,218.52,2023-05-22,0,0,0,5,Zone_4,4038,2.46,48.2,Business,2.0,False,False,False,True,False,False,False,False,True,False,False,False,False,False,5.39144334453752,2.8914822521801917,10.868762579061151,0,Reyansh Sharma,24,2,Chennai,2021-03-16,349,63,4.29,High,0.12366762177650428,1.7994555873925502,1974,0.18051575931232092
T00868,R0250,16.66,114.82,137.33,2023-10-09,0,0,0,10,Zone_4,4038,2.46,48.2,Business,2.0,True,False,False,False,False,False,False,False,True,False,False,False,False,False,4.929642134886724,2.8713021951758138,10.715409464878139,0,Aadhya Iyer,34,0,Jaipur,2021-02-01,163,31,4.63,Low,0.46208588957055213,6.91601226993865,2017,0.1901840490797546
T00869,R0286,0.62,4.67,7.34,2024-05-06,0,0,0,5,Zone_5,2590,1.31,43.9,Business,1.0,False,False,True,False,False,False,False,False,False,True,False,False,False,False,2.1210632163706555,0.4824261492442927,2.1610182784974308,0,Ishaan Nair,26,1,Pune,2023-02-15,29,0,4.48,Low,1.4572413793103447,21.62551724137931,1273,0.0
T00870,R0057,10.85,77.61,128.96,2023-06-30,0,0,4,6,Zone_7,11070,0.64,45.2,Industrial,0.0,True,False,False,False,False,False,False,False,False,False,False,True,False,False,4.8672267108008995,2.47232786758114,8.809653795694812,0,Aadhya Reddy,39,1,Bengaluru,2023-06-04,407,11,3.66,High,0.24648648648648647,3.8921621621621623,1164,0.02702702702702703
T00871,R0189,11.38,72.47,243.21,2023-06-27,0,0,1,6,Zone_7,11070,0.64,45.2,Industrial,0.0,False,False,False,True,False,False,False,False,False,False,False,True,False,False,5.4980285108791245,2.5160822672564502,8.512931340026183,0,Reyansh Gupta,29,0,Delhi,2019-09-16,238,42,3.28,Medium,0.30264705882352944,6.2214285714285715,2521,0.17647058823529413
T00872,R0034,5.95,32.62,102.85,2024-05-18,0,0,5,5,Zone_7,11070,0.64,45.2,Industrial,0.0,False,True,False,False,False,False,False,False,False,False,False,True,False,False,4.642947550322122,1.9387416595767009,5.711392124517454,0,Arjun Iyer,26,2,Chennai,2019-04-23,484,48,3.1,High,0.047231404958677684,0.8786157024793388,2667,0.09917355371900827
T00873,R0115,3.18,26.02,27.84,2023-04-25,0,0,1,4,Zone_3,12971,2.11,38.0,Business,2.0,False,False,False,True,False,False,False,True,False,False,False,False,False,False,3.3617633124167483,1.430311246536665,5.10098029794274,0,Aarav Ghosh,40,0,Bengaluru,2020-03-01,170,15,4.4,Medium,0.49105882352941177,8.388058823529413,2354,0.08823529411764706
T00874,R0295,1.4,9.79,20.57,2024-01-30,0,0,1,1,Zone_1,4921,2.43,30.9,Residential,2.0,False,False,True,False,True,False,False,False,False,False,False,False,False,False,3.071303460401065,0.8754687373538999,3.128897569432403,0,Kavya Gupta,18,0,Delhi,2019-05-29,98,18,3.59,Low,0.45683673469387753,5.34734693877551,2631,0.1836734693877551
T00875,R0023,5.78,42.73,81.27,2023-08-16,0,0,2,8,Zone_10,2440,1.54,35.4,Industrial,1.0,False,True,False,False,False,True,False,False,False,False,False,False,False,False,4.410006521180839,1.9139771019523042,6.536818798161686,0,Meera Iyer,24,2,Jaipur,2019-10-09,176,32,3.21,Medium,0.36880681818181815,6.793295454545454,2498,0.18181818181818182
T00876,R0238,9.75,76.65,222.47,2024-08-18,0,0,6,8,Zone_10,2440,1.54,35.4,Industrial,1.0,True,False,False,False,False,True,False,False,False,False,False,False,False,False,5.409277176856294,2.3749057545736716,8.754998572244316,0,Reyansh Patel,30,2,Pune,2019-04-22,362,56,4.91,High,0.10698895027624308,1.6299171270718231,2668,0.15469613259668508
T00877,R0077,7.21,48.52,59.5,2023-08-28,0,0,0,8,Zone_5,2590,1.31,43.9,Business,1.0,False,False,False,True,False,False,False,False,False,True,False,False,False,False,4.102643365036796,2.105352923464337,6.9656299069072,0,Reyansh Das,28,1,Mumbai,2019-09-07,406,72,3.79,High,0.3617241379310345,5.7729556650246305,2530,0.17733990147783252
T00878,R0148,4.95,26.83,42.56,2024-06-10,0,0,0,6,Zone_7,11070,0.64,45.2,Industrial,0.0,False,True,False,False,False,False,False,False,False,False,False,True,False,False,3.77413929806476,1.7833912195575383,5.179768334587948,0,Aarav Kumar,44,1,Ahmedabad,2019-09-30,412,34,3.36,High,0.056286407766990294,0.9918203883495146,2507,0.0825242718446602
T00879,R0039,1.75,16.89,20.55,2023-05-23,0,0,1,5,Zone_9,11037,1.83,56.1,Mixed,1.0,False,False,True,False,False,False,False,False,False,False,False,False,False,True,3.070375816549757,1.0116009116784799,4.109744517606903,0,Aadhya Iyer,24,1,Chennai,2023-11-18,190,14,4.2,Medium,0.17821052631578946,2.674,997,0.07368421052631578
T00880,R0041,9.75,66.7,135.01,2023-10-23,0,0,0,10,Zone_2,6371,0.91,58.4,Residential,0.0,False,False,True,False,False,False,True,False,False,False,False,False,False,False,4.912728412444662,2.3749057545736716,8.167006795638168,0,Aarav Nair,25,2,Pune,2020-04-11,353,8,4.74,High,0.11937677053824362,1.9891218130311614,2313,0.0226628895184136
T00881,R0247,13.33,91.19,299.26,2023-02-01,0,0,2,2,Zone_9,11037,1.83,56.1,Mixed,1.0,False,False,True,False,False,False,False,False,False,False,False,False,False,True,5.7046487659841585,2.6623552418400807,9.54934552731233,0,Aadhya Das,37,1,Bengaluru,2021-05-11,249,47,4.92,Medium,0.5360642570281124,9.507791164658634,1918,0.18875502008032127
T00882,R0194,3.37,20.05,41.32,2024-05-23,0,0,3,5,Zone_2,6371,0.91,58.4,Residential,0.0,False,False,True,False,False,False,True,False,False,False,False,False,False,False,3.7452597875500437,1.4747630091074988,4.4777226354476225,0,Arjun Iyer,30,2,Jaipur,2023-02-10,10,2,4.06,Low,4.361,68.455,1278,0.2
T00883,R0187,10.24,87.48,225.6,2024-06-05,0,0,2,6,Zone_3,12971,2.11,38.0,Business,2.0,False,True,False,False,False,False,False,True,False,False,False,False,False,False,5.423186348593906,2.419478844465545,9.353074360871938,0,Saanvi Reddy,27,2,Surat,2022-08-05,357,38,4.71,High,0.21170868347338936,3.818879551820728,1467,0.10644257703081232
T00884,R0162,1.4,13.58,22.43,2024-02-20,0,0,1,2,Zone_8,4516,1.93,31.0,Business,1.0,False,False,False,True,False,False,False,False,False,False,False,False,True,False,3.1540172525197043,0.8754687373538999,3.6851051545376556,0,Meera Patel,30,1,Hyderabad,2023-08-14,394,38,4.28,High,0.13484771573604062,2.3779187817258887,1093,0.09644670050761421
T00885,R0249,4.71,45.28,52.61,2023-07-13,0,0,3,7,Zone_4,4038,2.46,48.2,Business,2.0,False,False,True,False,False,False,False,False,True,False,False,False,False,False,3.9817356178394463,1.742219023667919,6.729041536504289,0,Diya Nair,20,1,Mumbai,2023-03-24,396,48,4.49,High,0.1634090909090909,2.728611111111111,1236,0.12121212121212122
T00886,R0002,11.65,102.84,246.12,2024-04-04,0,0,3,4,Zone_1,4921,2.43,30.9,Residential,2.0,False,False,False,True,True,False,False,False,False,False,False,False,False,False,5.509874048610326,2.5376572151735295,10.141005867269776,0,Ishaan Nair,39,0,Mumbai,2019-11-23,70,5,4.12,Low,1.0812857142857142,16.794428571428572,2453,0.07142857142857142
T00887,R0101,2.41,16.66,35.05,2024-08-03,0,0,5,8,Zone_1,4921,2.43,30.9,Residential,2.0,True,False,False,False,True,False,False,False,False,False,False,False,False,False,3.584906863730958,1.2267122912954254,4.08166632639171,0,Aarav Singh,37,0,Delhi,2020-11-01,228,29,3.03,Medium,0.19864035087719298,2.9445614035087715,2109,0.12719298245614036
T00888,R0057,4.98,26.52,103.75,2024-06-15,0,0,5,6,Zone_7,11070,0.64,45.2,Industrial,0.0,True,False,False,False,False,False,False,False,False,False,False,True,False,False,4.6515765588022475,1.7884205679625405,5.149757275833493,0,Aadhya Reddy,39,1,Bengaluru,2023-06-04,407,11,3.66,High,0.24648648648648647,3.8921621621621623,1164,0.02702702702702703
T00889,R0259,15.09,102.66,150.23,2023-04-05,0,0,2,4,Zone_3,12971,2.11,38.0,Business,2.0,False,False,True,False,False,False,False,True,False,False,False,False,False,False,5.018801856762649,2.7781979610042917,10.132127121192273,0,Aadhya Das,32,1,Jaipur,2019-06-25,150,27,3.52,Low,0.5316,8.553866666666666,2604,0.18
T00890,R0130,4.34,40.13,47.99,2023-03-04,0,0,5,3,Zone_7,11070,0.64,45.2,Industrial,0.0,True,False,False,False,False,False,False,False,False,False,False,True,False,False,3.8916161956504833,1.6752256529721035,6.334824385884742,0,Diya Ghosh,27,0,Pune,2019-02-16,316,62,3.62,Medium,0.1610759493670886,2.836487341772152,2733,0.1962025316455696
T00891,R0235,3.73,18.95,85.21,2023-10-22,0,0,6,10,Zone_9,11037,1.83,56.1,Mixed,1.0,True,False,False,False,False,False,False,False,False,False,False,False,False,True,4.456786180221833,1.5539252025038417,4.3531597719357835,0,Aarav Ghosh,34,2,Delhi,2021-02-15,284,8,4.06,Medium,0.1959507042253521,2.9790845070422534,2003,0.028169014084507043
T00892,R0058,10.88,98.7,166.96,2023-12-12,0,0,1,12,Zone_1,4921,2.43,30.9,Residential,2.0,False,True,False,False,True,False,False,False,False,False,False,False,False,False,5.123725855815993,2.474856313934499,9.934787365615835,0,Vivaan Reddy,46,1,Kolkata,2021-05-31,480,25,4.32,High,0.15858333333333335,2.1738958333333334,1898,0.052083333333333336
T00893,R0252,17.77,102.14,182.03,2024-01-19,0,0,4,1,Zone_8,4516,1.93,31.0,Business,1.0,False,True,False,False,False,False,False,False,False,False,False,False,True,False,5.209650073831871,2.9322598505984176,10.10643359449811,0,Reyansh Gupta,38,2,Ahmedabad,2020-09-23,392,47,4.83,High,0.25614795918367345,4.290943877551021,2148,0.11989795918367346
T00894,R0067,6.8,59.24,151.6,2024-06-24,0,0,0,6,Zone_7,11070,0.64,45.2,Industrial,0.0,False,True,False,False,False,False,False,False,False,False,False,True,False,False,5.027820118850356,2.0541237336955462,7.696752561957543,0,Saanvi Iyer,32,1,Pune,2022-07-24,348,9,3.38,High,0.32491379310344826,5.3069252873563215,1479,0.02586206896551724
T00895,R0278,11.84,88.76,271.84,2024-04-19,0,0,4,4,Zone_9,11037,1.83,56.1,Mixed,1.0,True,False,False,False,False,False,False,False,False,False,False,False,False,True,5.608885542786519,2.552565298261815,9.421252570651102,0,Aarav Reddy,20,0,Mumbai,2021-09-02,382,58,4.27,High,0.25536649214659685,5.527120418848168,1804,0.1518324607329843
T00896,R0157,14.73,146.17,317.91,2023-08-26,0,0,5,8,Zone_8,4516,1.93,31.0,Business,1.0,True,False,False,False,False,False,False,False,False,False,False,False,True,False,5.7649089313167785,2.7555697170701863,12.090078577081291,0,Kavya Nair,36,0,Hyderabad,2021-11-23,319,27,4.65,Medium,0.3570532915360502,5.880658307210031,1722,0.08463949843260188
T00897,R0201,9.63,65.64,170.7,2023-08-30,0,0,2,8,Zone_3,12971,2.11,38.0,Business,2.0,False,False,False,True,False,False,False,True,False,False,False,False,False,False,5.14574876790343,2.363680192353857,8.101851640211638,0,Meera Reddy,37,0,Delhi,2021-04-06,183,15,3.84,Medium,0.3698360655737705,5.856830601092896,1953,0.08196721311475409
T00898,R0044,6.65,56.17,124.87,2023-02-12,0,0,6,2,Zone_10,2440,1.54,35.4,Industrial,1.0,False,True,False,False,False,True,False,False,False,False,False,False,False,False,4.835249628303414,2.0347056478384444,7.494664769020694,0,Arjun Gupta,36,0,Hyderabad,2020-08-01,271,5,3.21,Medium,0.37734317343173435,6.127380073800738,2201,0.01845018450184502
T00899,R0127,3.62,28.17,64.51,2023-03-15,0,0,2,3,Zone_2,6371,0.91,58.4,Residential,0.0,False,False,True,False,False,False,True,False,False,False,False,False,False,False,4.182202802743785,1.5303947050936475,5.30754180388624,0,Vivaan Kumar,38,1,Chennai,2020-03-17,43,2,4.83,Low,1.6467441860465117,32.56906976744186,2338,0.046511627906976744
T00900,R0276,0.87,6.01,10.08,2023-11-07,0,0,1,11,Zone_7,11070,0.64,45.2,Industrial,0.0,False,True,False,False,False,False,False,False,False,False,False,True,False,False,2.405141681319138,0.6259384308664953,2.4515301344262523,0,Aadhya Ghosh,26,2,Chennai,2022-11-07,196,1,3.63,Medium,0.1556122448979592,2.5521428571428575,1373,0.00510204081632653
T00901,R0127,13.56,93.94,276.55,2024-03-02,0,0,5,3,Zone_3,12971,2.11,38.0,Business,2.0,False,False,False,True,False,False,False,True,False,False,False,False,False,False,5.626001097136171,2.67827804276854,9.692264957170744,0,Vivaan Kumar,38,1,Chennai,2020-03-17,43,2,4.83,Low,1.6467441860465117,32.56906976744186,2338,0.046511627906976744
T00902,R0065,8.9,67.69,181.01,2023-10-14,0,0,5,10,Zone_1,4921,2.43,30.9,Residential,2.0,False,False,False,True,True,False,False,False,False,False,False,False,False,False,5.204061630622316,2.2925347571405443,8.227393268830657,0,Meera Nair,43,2,Mumbai,2023-06-28,180,32,4.52,Medium,0.13622222222222222,2.370611111111111,1140,0.17777777777777778
T00903,R0186,14.66,92.85,179.72,2024-02-09,0,0,4,2,Zone_7,11070,0.64,45.2,Industrial,0.0,False,False,True,False,False,False,False,False,False,False,False,True,False,False,5.196948872159748,2.751109690562657,9.635870484808313,0,Ishaan Sharma,18,2,Hyderabad,2020-12-11,373,19,3.26,High,0.18386058981233244,2.5169436997319035,2069,0.05093833780160858
T00904,R0013,12.94,86.59,291.02,2023-09-01,0,0,4,9,Zone_10,2440,1.54,35.4,Industrial,1.0,False,True,False,False,False,True,False,False,False,False,False,False,False,False,5.676822293073418,2.6347624053323777,9.305374790947434,0,Ishaan Gupta,43,0,Kolkata,2019-04-01,6,0,3.91,Low,13.418333333333335,238.80666666666664,2689,0.0
T00905,R0227,4.92,25.19,109.4,2024-01-24,0,0,2,1,Zone_1,4921,2.43,30.9,Residential,2.0,False,True,False,False,True,False,False,False,False,False,False,False,False,False,4.704110133842995,1.7783364488959144,5.018964036531842,0,Arjun Nair,25,2,Pune,2020-07-11,320,23,4.12,Medium,0.0885,1.58815625,2222,0.071875
T00906,R0165,2.07,17.59,43.41,2023-08-01,0,0,1,8,Zone_3,12971,2.11,38.0,Business,2.0,True,False,False,False,False,False,False,True,False,False,False,False,False,False,3.7934646693040106,1.1216775615991057,4.194043395102153,0,Meera Reddy,37,0,Kolkata,2021-12-09,34,5,3.27,Low,1.3738235294117647,22.932352941176468,1706,0.14705882352941177
T00907,R0037,10.06,91.36,240.09,2023-05-25,0,0,3,5,Zone_7,11070,0.64,45.2,Industrial,0.0,True,False,False,False,False,False,False,False,False,False,False,True,False,False,5.485170307761209,2.403334996094189,9.558242516278817,0,Aadhya Iyer,32,2,Ahmedabad,2020-11-21,489,6,3.36,High,0.15969325153374234,2.6884662576687117,2089,0.012269938650306749
T00908,R0108,4.84,30.09,115.68,2024-03-26,0,0,1,3,Zone_8,4516,1.93,31.0,Business,1.0,False,True,False,False,False,False,False,False,False,False,False,False,True,False,4.759435144999521,1.7647307968401356,5.485435260760991,0,Reyansh Gupta,18,1,Pune,2019-05-31,184,32,4.88,Medium,0.23695652173913045,4.754836956521739,2629,0.17391304347826086
T00909,R0172,9.88,53.08,100.96,2024-08-14,0,0,2,8,Zone_7,11070,0.64,45.2,Industrial,0.0,False,True,False,False,False,False,False,False,False,False,False,True,False,False,4.6245805795079145,2.3869262414277967,7.285602240034794,0,Reyansh Reddy,31,2,Pune,2019-12-24,168,14,3.72,Medium,0.5050595238095238,8.86077380952381,2422,0.08333333333333333
T00910,R0279,4.34,43.01,60.59,2024-05-24,0,0,4,5,Zone_2,6371,0.91,58.4,Residential,0.0,True,False,False,False,False,False,True,False,False,False,False,False,False,False,4.120499519698952,1.6752256529721035,6.558200972827838,0,Diya Singh,25,2,Pune,2022-04-21,454,84,3.73,High,0.09151982378854624,1.5398017621145372,1573,0.18502202643171806
T00911,R0035,3.69,22.16,37.73,2024-03-25,0,0,0,3,Zone_4,4038,2.46,48.2,Business,2.0,False,True,False,False,False,False,False,False,True,False,False,False,False,False,3.6566144935266607,1.5454325824581878,4.707440918375928,0,Reyansh Das,39,1,Kolkata,2022-03-20,392,41,3.49,High,0.07392857142857143,1.0711989795918366,1605,0.10459183673469388
T00912,R0274,7.3,69.3,121.11,2023-05-09,0,0,1,5,Zone_1,4921,2.43,30.9,Residential,2.0,False,False,True,False,True,False,False,False,False,False,False,False,False,False,4.8049222778449305,2.1162555148025524,8.324662155306964,0,Reyansh Nair,27,0,Surat,2019-03-18,31,5,3.04,Low,0.9754838709677419,15.392258064516128,2703,0.16129032258064516
T00913,R0263,12.67,124.91,201.48,2023-12-04,0,0,0,12,Zone_3,12971,2.11,38.0,Business,2.0,False,False,True,False,False,False,False,True,False,False,False,False,False,False,5.3106411162368685,2.6152036507358583,11.176314240392491,0,Ishaan Das,31,2,Chennai,2020-12-30,297,21,3.84,Medium,0.3522558922558922,5.2110101010101015,2050,0.0707070707070707
T00914,R0077,9.53,77.61,180.39,2023-08-25,0,0,4,8,Zone_9,11037,1.83,56.1,Mixed,1.0,False,False,True,False,False,False,False,False,False,False,False,False,False,True,5.200649409369878,2.354228326145884,8.809653795694812,0,Reyansh Das,28,1,Mumbai,2019-09-07,406,72,3.79,High,0.3617241379310345,5.7729556650246305,2530,0.17733990147783252
T00915,R0090,13.89,74.43,250.88,2023-07-23,0,0,6,7,Zone_9,11037,1.83,56.1,Mixed,1.0,False,False,True,False,False,False,False,False,False,False,False,False,False,True,5.528952783620542,2.7006898466959175,8.627282306729043,0,Kavya Iyer,33,0,Mumbai,2021-01-31,152,25,4.51,Low,0.7113815789473685,12.63078947368421,2018,0.16447368421052633
T00916,R0239,1.83,15.84,19.9,2023-07-11,0,0,1,7,Zone_5,2590,1.31,43.9,Business,1.0,True,False,False,False,False,False,False,False,False,True,False,False,False,False,3.039749158970765,1.0402767116551463,3.97994974842648,0,Diya Iyer,36,1,Mumbai,2020-03-13,268,10,3.36,Medium,0.05921641791044776,0.9863059701492537,2342,0.03731343283582089
T00917,R0073,2.71,13.69,46.35,2023-02-07,0,0,1,2,Zone_2,6371,0.91,58.4,Residential,0.0,False,False,True,False,False,False,True,False,False,False,False,False,False,False,3.8575668196320874,1.3110318766193438,3.6999999999999997,0,Meera Das,41,2,Ahmedabad,2021-06-19,490,30,3.01,High,0.16042857142857142,2.6034693877551023,1879,0.061224489795918366
T00918,R0252,7.55,50.09,76.83,2023-09-06,0,0,2,9,Zone_7,11070,0.64,45.2,Industrial,0.0,False,True,False,False,False,False,False,False,False,False,False,True,False,False,4.354526960971297,2.145931282948669,7.077428911688199,0,Reyansh Gupta,38,2,Ahmedabad,2020-09-23,392,47,4.83,High,0.25614795918367345,4.290943877551021,2148,0.11989795918367346
T00919,R0116,18.83,125.22,170.0,2023-12-22,0,0,4,12,Zone_7,11070,0.64,45.2,Industrial,0.0,False,False,True,False,False,False,False,False,False,False,False,True,False,False,5.14166355650266,2.9871959425317045,11.190174261377702,0,Ishaan Kumar,34,0,Bengaluru,2020-02-08,238,30,4.58,Medium,0.2126470588235294,3.3368067226890754,2376,0.12605042016806722
T00920,R0060,11.37,58.78,247.77,2024-05-04,0,0,5,5,Zone_4,4038,2.46,48.2,Business,2.0,False,True,False,False,False,False,False,False,True,False,False,False,False,False,5.516528774816684,2.5152741864043966,7.666811592833099,0,Aarav Nair,40,0,Hyderabad,2023-08-01,123,7,4.57,Low,0.38422764227642275,5.954308943089431,1106,0.056910569105691054
T00921,R0252,2.67,24.93,55.78,2024-01-31,0,0,2,1,Zone_4,4038,2.46,48.2,Business,2.0,False,False,True,False,False,False,False,False,True,False,False,False,False,False,4.039184151044825,1.3001916620664788,4.992995093127972,0,Reyansh Gupta,38,2,Ahmedabad,2020-09-23,392,47,4.83,High,0.25614795918367345,4.290943877551021,2148,0.11989795918367346
T00922,R0147,7.62,72.73,127.17,2023-11-22,0,0,2,11,Zone_2,6371,0.91,58.4,Residential,0.0,True,False,False,False,False,False,True,False,False,False,False,False,False,False,4.853357507741733,2.154085084675602,8.528188553262645,0,Saanvi Nair,35,2,Mumbai,2022-08-29,239,21,3.91,Medium,0.26589958158995813,4.27531380753138,1443,0.08786610878661087
T00923,R0217,9.1,56.24,210.44,2023-01-03,0,0,1,1,Zone_4,4038,2.46,48.2,Business,2.0,True,False,False,False,False,False,False,False,True,False,False,False,False,False,5.353941270296033,2.312535423847214,7.49933330370107,0,Kavya Iyer,39,2,Jaipur,2023-03-03,104,5,3.52,Low,0.40807692307692306,7.267596153846155,1257,0.04807692307692308
T00924,R0174,5.16,48.08,63.21,2024-06-01,0,0,5,6,Zone_3,12971,2.11,38.0,Business,2.0,False,False,True,False,False,False,False,True,False,False,False,False,False,False,4.162158961805957,1.8180767775454285,6.9339743293438865,0,Aadhya Patel,32,1,Kolkata,2019-02-07,320,7,3.8,Medium,0.1941875,2.88059375,2742,0.021875
T00925,R0281,11.07,94.88,147.37,2024-01-04,0,0,3,1,Zone_2,6371,0.91,58.4,Residential,0.0,False,False,True,False,False,False,True,False,False,False,False,False,False,False,4.999709153962702,2.4907230351094403,9.740636529508736,0,Arjun Iyer,21,0,Jaipur,2020-10-15,268,17,4.74,Medium,0.1422761194029851,2.050858208955224,2126,0.06343283582089553
T00926,R0187,7.22,39.11,119.19,2024-03-19,0,0,1,3,Zone_1,4921,2.43,30.9,Residential,2.0,False,False,False,True,True,False,False,False,False,False,False,False,False,False,4.7890738239646975,2.1065702090680882,6.253798845501828,0,Saanvi Reddy,27,2,Surat,2022-08-05,357,38,4.71,High,0.21170868347338936,3.818879551820728,1467,0.10644257703081232
T00927,R0269,6.5,42.38,147.96,2023-05-01,0,0,0,5,Zone_9,11037,1.83,56.1,Mixed,1.0,False,True,False,False,False,False,False,False,False,False,False,False,False,True,5.003677813528757,2.0149030205422647,6.509992319503918,0,Aadhya Sharma,41,1,Mumbai,2019-05-19,423,16,3.41,High,0.14907801418439717,3.4486288416075648,2641,0.037825059101654845
T00928,R0276,14.3,137.43,278.06,2023-04-27,0,0,3,4,Zone_2,6371,0.91,58.4,Residential,0.0,False,False,True,False,False,False,True,False,False,False,False,False,False,False,5.631426812464061,2.72785282839839,11.723054209547954,0,Aadhya Ghosh,26,2,Chennai,2022-11-07,196,1,3.63,Medium,0.1556122448979592,2.5521428571428575,1373,0.00510204081632653
T00929,R0013,0.55,3.71,10.4,2023-09-02,0,0,5,9,Zone_5,2590,1.31,43.9,Business,1.0,True,False,False,False,False,False,False,False,False,True,False,False,False,False,2.4336133554004498,0.4382549309311553,1.9261360284258222,0,Ishaan Gupta,43,0,Kolkata,2019-04-01,6,0,3.91,Low,13.418333333333335,238.80666666666664,2689,0.0
T00930,R0113,3.19,27.81,58.83,2023-09-08,0,0,4,9,Zone_5,2590,1.31,43.9,Business,1.0,False,False,True,False,False,False,False,False,False,True,False,False,False,False,4.09150720740194,1.4327007339340463,5.273518749374084,0,Aadhya Singh,26,2,Chennai,2019-03-09,423,26,4.61,High,0.1300709219858156,2.591702127659574,2712,0.061465721040189124
T00931,R0061,3.91,28.84,90.56,2023-05-19,0,0,4,5,Zone_3,12971,2.11,38.0,Business,2.0,False,False,True,False,False,False,False,True,False,False,False,False,False,False,4.516994495084366,1.5912739418064292,5.370288632839021,0,Meera Reddy,25,1,Mumbai,2020-08-20,168,25,3.69,Medium,0.20517857142857143,3.5520238095238095,2182,0.1488095238095238
T00932,R0247,3.76,19.55,57.91,2023-06-08,0,0,3,6,Zone_1,4921,2.43,30.9,Residential,2.0,False,False,True,False,True,False,False,False,False,False,False,False,False,False,4.076010855533596,1.5602476682433286,4.421538193886829,0,Aadhya Das,37,1,Bengaluru,2021-05-11,249,47,4.92,Medium,0.5360642570281124,9.507791164658634,1918,0.18875502008032127
T00933,R0255,4.36,25.49,79.42,2024-05-04,0,0,5,5,Zone_9,11037,1.83,56.1,Mixed,1.0,False,True,False,False,False,False,False,False,False,False,False,False,False,True,4.387262901469128,1.6789639750827108,5.048762224545735,0,Reyansh Sharma,37,0,Bengaluru,2021-07-06,475,42,3.12,High,0.15162105263157893,2.6573052631578946,1862,0.08842105263157894
T00934,R0216,10.44,55.17,193.77,2023-03-20,0,0,0,3,Zone_3,12971,2.11,38.0,Business,2.0,False,False,True,False,False,False,False,True,False,False,False,False,False,False,5.271819375241808,2.437115985951652,7.427651041883968,0,Ishaan Ghosh,44,0,Chennai,2019-08-01,335,24,3.4,High,0.0884776119402985,1.4891940298507462,2567,0.07164179104477612
T00935,R0113,13.48,132.65,269.7,2024-06-14,0,0,4,6,Zone_5,2590,1.31,43.9,Business,1.0,False,False,False,True,False,False,False,False,False,True,False,False,False,False,5.601011196620256,2.6727683869575705,11.517378173872732,0,Aadhya Singh,26,2,Chennai,2019-03-09,423,26,4.61,High,0.1300709219858156,2.591702127659574,2712,0.061465721040189124
T00936,R0213,12.58,84.71,163.24,2023-12-23,0,0,5,12,Zone_10,2440,1.54,35.4,Industrial,1.0,True,False,False,False,False,True,False,False,False,False,False,False,False,False,5.101328772710678,2.60859812213055,9.203803561571705,0,Kavya Ghosh,29,0,Chennai,2019-06-04,456,26,3.74,High,0.13396929824561402,2.3342105263157893,2625,0.05701754385964912
T00937,R0033,2.9,18.4,33.13,2024-06-15,0,0,5,6,Zone_9,11037,1.83,56.1,Mixed,1.0,True,False,False,False,False,False,False,False,False,False,False,False,False,True,3.530176762918616,1.3609765531356006,4.2895221179054435,0,Diya Iyer,18,0,Chennai,2019-05-22,472,37,3.24,High,0.06792372881355933,1.2849364406779662,2638,0.07838983050847458
T00938,R0011,7.46,58.35,186.41,2023-03-05,1,0,6,3,Zone_9,11037,1.83,56.1,Mixed,1.0,True,False,False,False,False,False,False,False,False,False,False,False,False,True,5.233298730173588,2.135349173618132,7.638717169787085,0,Vivaan Nair,26,1,Chennai,2020-04-14,208,34,4.0,Medium,0.4276923076923077,7.8547115384615385,2310,0.16346153846153846
T00939,R0017,10.26,73.94,165.32,2024-03-19,0,0,1,3,Zone_8,4516,1.93,31.0,Business,1.0,False,True,False,False,False,False,False,False,False,False,False,False,True,False,5.113913643549758,2.421256622711544,8.598837130682265,0,Meera Das,49,0,Mumbai,2023-03-18,288,21,3.83,Medium,0.19437500000000002,2.820520833333333,1242,0.07291666666666667
T00940,R0222,9.2,76.52,164.3,2023-05-05,0,0,4,5,Zone_4,4038,2.46,48.2,Business,2.0,False,True,False,False,False,False,False,False,True,False,False,False,False,False,5.107762004826979,2.322387720290225,8.747571091451615,0,Aarav Singh,27,1,Surat,2022-08-28,475,12,3.44,High,0.16642105263157894,2.7908000000000004,1444,0.02526315789473684
T00941,R0280,14.53,145.24,162.1,2024-05-11,0,0,5,5,Zone_8,4516,1.93,31.0,Business,1.0,False,False,False,True,False,False,False,False,False,False,False,False,True,False,5.094363509626968,2.7427736371605955,12.051555916146263,0,Saanvi Gupta,26,2,Chennai,2023-05-31,172,23,4.43,Medium,0.29517441860465116,4.2749999999999995,1168,0.13372093023255813
T00942,R0201,4.62,40.67,99.35,2024-03-31,0,0,6,3,Zone_1,4921,2.43,30.9,Residential,2.0,True,False,False,False,True,False,False,False,False,False,False,False,False,False,4.608664075242347,1.7263316639055997,6.377303505401009,0,Meera Reddy,37,0,Delhi,2021-04-06,183,15,3.84,Medium,0.3698360655737705,5.856830601092896,1953,0.08196721311475409
T00943,R0046,8.78,60.28,92.28,2024-01-14,0,0,6,1,Zone_4,4038,2.46,48.2,Business,2.0,False,False,False,True,False,False,False,False,True,False,False,False,False,False,4.535605722602182,2.280339484046726,7.764019577512669,0,Vivaan Singh,31,0,Kolkata,2019-08-16,31,4,3.87,Low,2.581290322580645,41.82,2552,0.12903225806451613
T00944,R0218,6.03,55.04,71.04,2024-06-18,0,0,1,6,Zone_2,6371,0.91,58.4,Residential,0.0,True,False,False,False,False,False,True,False,False,False,False,False,False,False,4.277221520307755,1.9501867058225735,7.418894796396563,0,Arjun Reddy,34,2,Delhi,2019-01-11,160,16,3.87,Low,0.31275,4.5341875,2769,0.1
T00945,R0295,9.26,68.11,120.01,2023-04-05,0,0,2,4,Zone_2,6371,0.91,58.4,Residential,0.0,True,False,False,False,False,False,True,False,False,False,False,False,False,False,4.7958731868099616,2.3282528397426234,8.252878285786117,0,Kavya Gupta,18,0,Delhi,2019-05-29,98,18,3.59,Low,0.45683673469387753,5.34734693877551,2631,0.1836734693877551
T00946,R0005,2.61,18.63,43.31,2023-05-17,0,0,2,5,Zone_3,12971,2.11,38.0,Business,2.0,True,False,False,False,False,False,False,True,False,False,False,False,False,False,3.7912103852113983,1.2837077723447896,4.316248370981447,0,Diya Reddy,27,1,Ahmedabad,2021-05-31,294,30,3.53,Medium,0.17435374149659863,3.1511904761904765,1898,0.10204081632653061
T00947,R0246,3.36,31.91,74.45,2023-12-09,0,0,5,12,Zone_9,11037,1.83,56.1,Mixed,1.0,False,True,False,False,False,False,False,False,False,False,False,False,False,True,4.323470185213858,1.4724720573609429,5.64889369699944,0,Vivaan Das,29,2,Mumbai,2021-03-31,240,34,4.79,Medium,0.34891666666666665,6.460624999999999,1959,0.14166666666666666
T00948,R0272,4.35,34.4,107.4,2024-02-13,1,0,1,2,Zone_2,6371,0.91,58.4,Residential,0.0,False,True,False,False,False,False,True,False,False,False,False,False,False,False,4.685828089005546,1.6770965609079151,5.865151319446072,0,Kavya Ghosh,21,1,Kolkata,2020-01-15,432,4,4.79,High,0.09326388888888888,1.6012962962962962,2400,0.009259259259259259
T00949,R0194,5.18,49.09,72.43,2023-11-30,0,0,3,11,Zone_1,4921,2.43,30.9,Residential,2.0,True,False,False,False,True,False,False,False,False,False,False,False,False,False,4.296332571463519,1.8213182714695995,7.006425622241344,0,Arjun Iyer,30,2,Jaipur,2023-02-10,10,2,4.06,Low,4.361,68.455,1278,0.2
T00950,R0209,15.74,117.86,169.17,2024-01-20,0,0,5,1,Zone_3,12971,2.11,38.0,Business,2.0,False,True,False,False,False,False,False,True,False,False,False,False,False,False,5.136797937383345,2.8178010650613294,10.856334556377673,0,Vivaan Sharma,31,2,Surat,2020-06-11,109,20,3.77,Low,0.5368807339449542,6.743944954128441,2252,0.1834862385321101
T00951,R0004,13.88,86.75,306.34,2024-06-01,0,0,5,6,Zone_6,14627,0.54,37.6,Mixed,0.0,False,True,False,False,False,False,False,False,False,False,True,False,False,False,5.727954626627186,2.700018029404946,9.313968005098578,0,Aarav Nair,19,2,Kolkata,2019-07-28,464,5,3.19,High,0.08019396551724138,1.4720474137931034,2571,0.010775862068965518
T00952,R0231,6.94,35.39,72.75,2023-12-21,0,0,3,12,Zone_3,12971,2.11,38.0,Business,2.0,False,False,True,False,False,False,False,True,False,False,False,False,False,False,4.300680995219929,2.0719132752590443,5.948949487094339,0,Ishaan Nair,19,2,Mumbai,2019-08-26,328,22,4.81,High,0.18076219512195124,2.230274390243902,2542,0.06707317073170732
T00953,R0149,8.86,59.47,160.65,2024-03-18,0,0,0,3,Zone_4,4038,2.46,48.2,Business,2.0,True,False,False,False,False,False,False,False,True,False,False,False,False,False,5.0854335041714425,2.288486168614544,7.71167945391923,0,Diya Reddy,30,1,Jaipur,2019-09-14,89,8,4.57,Low,0.4766292134831461,7.428314606741573,2523,0.0898876404494382
T00954,R0179,0.03,0.25,3.27,2023-06-19,1,0,0,6,Zone_7,11070,0.64,45.2,Industrial,0.0,True,False,False,False,False,False,False,False,False,False,False,True,False,False,1.451613827240533,0.0295588022415444,0.5,0,Meera Patel,28,1,Kolkata,2022-04-11,274,14,4.64,Medium,0.09317518248175183,1.6759124087591242,1583,0.051094890510948905
T00955,R0184,7.1,65.16,134.22,2023-07-10,0,0,0,7,Zone_2,6371,0.91,58.4,Residential,0.0,False,False,False,True,False,False,True,False,False,False,False,False,False,False,4.906903081662532,2.0918640616783932,8.072174428244226,0,Meera Nair,29,0,Surat,2020-03-04,285,27,3.97,Medium,0.24266666666666664,4.2551578947368425,2351,0.09473684210526316
T00956,R0083,8.8,70.86,73.86,2023-04-21,0,0,4,4,Zone_6,14627,0.54,37.6,Mixed,0.0,True,False,False,False,False,False,False,False,False,False,True,False,False,False,4.315619702476283,2.2823823856765264,8.417838202293984,0,Kavya Patel,45,0,Mumbai,2021-12-31,475,39,4.4,High,0.19498947368421055,2.9796421052631583,1684,0.08210526315789474
T00957,R0077,13.73,92.67,287.95,2024-08-20,0,0,1,8,Zone_2,6371,0.91,58.4,Residential,0.0,False,False,False,True,False,False,True,False,False,False,False,False,False,False,5.666253662763787,2.689886230474539,9.626525853079086,0,Reyansh Das,28,1,Mumbai,2019-09-07,406,72,3.79,High,0.3617241379310345,5.7729556650246305,2530,0.17733990147783252
T00958,R0217,9.63,84.29,188.14,2023-12-21,0,0,3,12,Zone_9,11037,1.83,56.1,Mixed,1.0,False,False,False,True,False,False,False,False,False,False,False,False,False,True,5.242487481587366,2.363680192353857,9.180958555619343,0,Kavya Iyer,39,2,Jaipur,2023-03-03,104,5,3.52,Low,0.40807692307692306,7.267596153846155,1257,0.04807692307692308
T00959,R0246,10.16,92.18,182.43,2023-08-09,0,0,2,8,Zone_9,11037,1.83,56.1,Mixed,1.0,False,True,False,False,False,False,False,False,False,False,False,False,False,True,5.21183312332626,2.412335956953165,9.601041610158765,0,Vivaan Das,29,2,Mumbai,2021-03-31,240,34,4.79,Medium,0.34891666666666665,6.460624999999999,1959,0.14166666666666666
T00960,R0097,9.49,82.0,235.17,2024-03-20,1,0,2,3,Zone_5,2590,1.31,43.9,Business,1.0,False,False,True,False,False,False,False,False,False,True,False,False,False,False,5.46455188468906,2.3504224224082058,9.055385138137417,0,Aarav Iyer,23,2,Bengaluru,2021-01-25,478,5,3.28,High,0.1452510460251046,2.3370292887029285,2024,0.010460251046025104
T00961,R0248,9.35,59.55,103.62,2023-11-12,0,0,6,11,Zone_8,4516,1.93,31.0,Business,1.0,True,False,False,False,False,False,False,False,False,False,False,False,True,False,4.650334737942465,2.336986519711378,7.7168646482881895,0,Vivaan Ghosh,18,0,Chennai,2021-10-24,104,12,3.65,Low,0.5549999999999999,9.03519230769231,1752,0.11538461538461539
T00962,R0238,1.02,8.88,8.86,2023-03-04,0,0,5,3,Zone_3,12971,2.11,38.0,Business,2.0,True,False,False,False,False,False,False,True,False,False,False,False,False,False,2.288486168614544,0.7030975114131134,2.979932885150268,0,Reyansh Patel,30,2,Pune,2019-04-22,362,56,4.91,High,0.10698895027624308,1.6299171270718231,2668,0.15469613259668508
T00963,R0243,5.92,34.82,101.62,2024-05-09,0,0,3,5,Zone_3,12971,2.11,38.0,Business,2.0,False,False,False,True,False,False,False,True,False,False,False,False,False,False,4.631032845513819,1.9344157696295783,5.900847396772772,0,Ishaan Patel,33,1,Jaipur,2023-02-06,315,11,3.7,Medium,0.1755873015873016,3.011206349206349,1282,0.03492063492063492
T00964,R0137,15.17,87.29,335.54,2024-02-05,0,0,0,2,Zone_1,4921,2.43,30.9,Residential,2.0,False,False,False,True,True,False,False,False,False,False,False,False,False,False,5.8187170127483006,2.783157673589016,9.342911751697113,0,Arjun Gupta,27,1,Bengaluru,2021-08-10,166,32,3.14,Medium,0.49596385542168675,9.032349397590362,1827,0.1927710843373494
T00965,R0050,12.12,115.9,118.59,2023-07-17,0,0,0,7,Zone_3,12971,2.11,38.0,Business,2.0,False,False,False,True,False,False,False,True,False,False,False,False,False,False,4.7840692259807165,2.574137783515943,10.765686229869418,0,Diya Das,49,1,Ahmedabad,2022-10-06,330,41,3.42,High,0.1821212121212121,2.775181818181818,1405,0.12424242424242424
T00966,R0157,10.47,93.11,110.17,2023-02-21,0,0,1,2,Zone_10,2440,1.54,35.4,Industrial,1.0,False,True,False,False,False,True,False,False,False,False,False,False,False,False,4.711060561245524,2.4397349311412793,9.649352309870336,0,Kavya Nair,36,0,Hyderabad,2021-11-23,319,27,4.65,Medium,0.3570532915360502,5.880658307210031,1722,0.08463949843260188
T00967,R0102,8.33,80.15,102.36,2024-04-03,0,0,2,4,Zone_1,4921,2.43,30.9,Residential,2.0,False,True,False,False,True,False,False,False,False,False,False,False,False,False,4.638218040034292,2.2332350148592526,8.952653238007155,0,Aarav Nair,18,0,Chennai,2023-05-13,123,22,4.1,Low,0.29130081300813004,3.9292682926829268,1186,0.17886178861788618
T00968,R0155,11.3,93.89,153.11,2023-08-24,0,0,3,8,Zone_9,11037,1.83,56.1,Mixed,1.0,True,False,False,False,False,False,False,False,False,False,False,False,False,True,5.037666633147286,2.509599262378372,9.689685237405806,0,Meera Reddy,23,1,Hyderabad,2019-02-10,353,8,3.14,High,0.17254957507082153,2.639405099150142,2739,0.0226628895184136
T00969,R0050,3.28,27.7,79.39,2024-07-23,1,0,1,7,Zone_10,2440,1.54,35.4,Industrial,1.0,False,False,False,True,False,True,False,False,False,False,False,False,False,False,4.386889790339869,1.4539530095937052,5.263078946776307,0,Diya Das,49,1,Ahmedabad,2022-10-06,330,41,3.42,High,0.1821212121212121,2.775181818181818,1405,0.12424242424242424
T00970,R0138,0.1,0.9,3.27,2023-07-22,1,0,5,7,Zone_5,2590,1.31,43.9,Business,1.0,False,True,False,False,False,False,False,False,False,True,False,False,False,False,1.451613827240533,0.09531017980432487,0.9486832980505138,0,Ishaan Das,46,1,Kolkata,2022-07-28,13,0,3.53,Low,2.4038461538461537,40.113846153846154,1475,0.0
T00971,R0089,6.09,53.05,135.64,2023-02-13,0,0,0,2,Zone_1,4921,2.43,30.9,Residential,2.0,False,False,False,True,True,False,False,False,False,False,False,False,False,False,4.91734973004026,1.958685340544036,7.283543093852058,0,Saanvi Reddy,48,2,Surat,2022-09-21,308,6,3.91,Medium,0.29165584415584417,4.595941558441559,1420,0.01948051948051948
T00972,R0184,10.69,74.54,173.15,2023-08-08,0,0,1,8,Zone_9,11037,1.83,56.1,Mixed,1.0,False,False,True,False,False,False,False,False,False,False,False,False,False,True,5.159916996812011,2.458733775483977,8.633655077659752,0,Meera Nair,29,0,Surat,2020-03-04,285,27,3.97,Medium,0.24266666666666664,4.2551578947368425,2351,0.09473684210526316
T00973,R0172,8.54,51.74,95.55,2023-11-18,0,0,5,11,Zone_1,4921,2.43,30.9,Residential,2.0,False,False,True,False,True,False,False,False,False,False,False,False,False,False,4.570061008874523,2.255493485460195,7.193052203341778,0,Reyansh Reddy,31,2,Pune,2019-12-24,168,14,3.72,Medium,0.5050595238095238,8.86077380952381,2422,0.08333333333333333
T00974,R0277,13.07,116.12,130.39,2024-02-03,0,0,5,2,Zone_6,14627,0.54,37.6,Mixed,0.0,False,False,False,True,False,False,False,False,False,False,True,False,False,False,4.87816999965373,2.644044871126298,10.775899034419355,0,Kavya Gupta,42,0,Jaipur,2021-01-22,433,16,3.06,High,0.20076212471131638,3.2397228637413393,2027,0.03695150115473441
T00975,R0246,9.76,53.7,109.37,2023-01-14,0,0,5,1,Zone_6,14627,0.54,37.6,Mixed,0.0,False,False,False,True,False,False,False,False,False,False,True,False,False,False,4.703838357784793,2.3758355547336385,7.328028384224504,0,Vivaan Das,29,2,Mumbai,2021-03-31,240,34,4.79,Medium,0.34891666666666665,6.460624999999999,1959,0.14166666666666666
T00976,R0130,8.22,49.88,135.05,2024-06-16,0,0,6,6,Zone_5,2590,1.31,43.9,Business,1.0,False,False,False,True,False,False,False,False,False,True,False,False,False,False,4.913022465229256,2.2213750375685026,7.06257743320383,0,Diya Ghosh,27,0,Pune,2019-02-16,316,62,3.62,Medium,0.1610759493670886,2.836487341772152,2733,0.1962025316455696
T00977,R0201,14.64,93.63,312.43,2023-05-15,0,0,0,5,Zone_1,4921,2.43,30.9,Residential,2.0,False,False,True,False,True,False,False,False,False,False,False,False,False,False,5.747576049654617,2.7498317351171653,9.67625960792702,0,Meera Reddy,37,0,Delhi,2021-04-06,183,15,3.84,Medium,0.3698360655737705,5.856830601092896,1953,0.08196721311475409
T00978,R0085,13.66,124.34,142.31,2024-04-15,0,0,0,4,Zone_5,2590,1.31,43.9,Business,1.0,True,False,False,False,False,False,False,False,False,True,False,False,False,False,4.96501011606998,2.6851226964585053,11.150784725749126,0,Aadhya Ghosh,29,0,Chennai,2022-09-17,94,12,4.95,Low,0.46797872340425534,5.4245744680851065,1424,0.1276595744680851
T00979,R0169,7.51,48.91,168.46,2023-03-24,0,0,4,3,Zone_8,4516,1.93,31.0,Business,1.0,False,False,False,True,False,False,False,False,False,False,False,False,True,False,5.132616910770318,2.1412419425852827,6.993568473962345,0,Reyansh Kumar,32,1,Delhi,2023-02-21,497,81,4.19,High,0.14167002012072433,2.841871227364185,1267,0.16297786720321933
T00980,R0196,2.48,17.97,26.54,2023-07-29,0,0,5,7,Zone_6,14627,0.54,37.6,Mixed,0.0,False,True,False,False,False,False,False,False,False,False,True,False,False,False,3.315639493300509,1.247032293786383,4.2391036788453285,0,Vivaan Das,18,1,Hyderabad,2019-06-24,51,9,4.93,Low,1.8813725490196078,31.831960784313726,2605,0.17647058823529413
T00981,R0190,3.46,20.02,80.21,2023-01-10,0,0,1,1,Zone_6,14627,0.54,37.6,Mixed,0.0,True,False,False,False,False,False,False,False,False,False,True,False,False,False,4.397038392294319,1.4951487660319727,4.474371464239419,0,Saanvi Iyer,35,2,Surat,2020-09-25,274,47,4.12,Medium,0.25543795620437953,4.08,2146,0.17153284671532848
T00982,R0073,7.19,38.88,157.25,2023-04-20,0,0,3,4,Zone_7,11070,0.64,45.2,Industrial,0.0,False,True,False,False,False,False,False,False,False,False,False,True,False,False,5.064176061024286,2.1029138978649784,6.235382907247958,0,Meera Das,41,2,Ahmedabad,2021-06-19,490,30,3.01,High,0.16042857142857142,2.6034693877551023,1879,0.061224489795918366
T00983,R0077,6.17,52.93,83.76,2023-09-16,0,0,5,9,Zone_4,4038,2.46,48.2,Business,2.0,False,False,False,True,False,False,False,False,True,False,False,False,False,False,4.4398237334000985,1.969905654611529,7.275300681071539,0,Reyansh Das,28,1,Mumbai,2019-09-07,406,72,3.79,High,0.3617241379310345,5.7729556650246305,2530,0.17733990147783252
T00984,R0283,16.29,113.75,178.58,2024-06-26,0,0,2,6,Zone_5,2590,1.31,43.9,Business,1.0,False,False,True,False,False,False,False,False,False,True,False,False,False,False,5.1906207910926625,2.850128299695199,10.665364503850771,0,Diya Nair,19,1,Surat,2023-06-15,245,45,3.55,Medium,0.22844897959183674,4.135632653061225,1153,0.1836734693877551
T00985,R0209,0.4,2.19,8.96,2024-01-12,0,0,4,1,Zone_2,6371,0.91,58.4,Residential,0.0,False,False,False,True,False,False,True,False,False,False,False,False,False,False,2.298577071596507,0.33647223662121295,1.4798648586948742,0,Vivaan Sharma,31,2,Surat,2020-06-11,109,20,3.77,Low,0.5368807339449542,6.743944954128441,2252,0.1834862385321101
T00986,R0120,7.68,41.52,120.11,2023-02-25,0,0,5,2,Zone_10,2440,1.54,35.4,Industrial,1.0,False,False,False,True,False,True,False,False,False,False,False,False,False,False,4.7966992235329595,2.1610215286722587,6.443601477434805,0,Ishaan Gupta,18,2,Surat,2020-07-12,311,15,4.55,Medium,0.21929260450160773,3.260289389067524,2221,0.04823151125401929
T00987,R0133,2.67,15.91,57.6,2024-02-27,0,0,1,2,Zone_4,4038,2.46,48.2,Business,2.0,False,False,True,False,False,False,False,False,True,False,False,False,False,False,4.070734696582967,1.3001916620664788,3.988734135035826,0,Diya Kumar,25,0,Delhi,2019-07-13,155,11,4.4,Low,0.4186451612903226,5.272709677419355,2586,0.07096774193548387
T00988,R0289,8.58,80.43,163.1,2023-06-03,0,0,5,6,Zone_2,6371,0.91,58.4,Residential,0.0,False,True,False,False,False,False,True,False,False,False,False,False,False,False,5.100475998096045,2.259677591982769,8.968277426574181,0,Aarav Gupta,21,2,Chennai,2021-09-30,322,14,4.17,Medium,0.2053726708074534,3.8337888198757764,1776,0.043478260869565216
T00989,R0256,9.91,66.8,153.36,2023-09-15,0,0,4,9,Zone_2,6371,0.91,58.4,Residential,0.0,True,False,False,False,False,False,True,False,False,False,False,False,False,False,5.039287536669418,2.3896797998449792,8.17312669668102,0,Aadhya Sharma,31,0,Delhi,2021-03-25,265,8,3.65,Medium,0.15641509433962264,2.8445283018867924,1965,0.03018867924528302
T00990,R0237,5.98,47.26,59.33,2023-02-04,0,0,5,2,Zone_4,4038,2.46,48.2,Business,2.0,False,True,False,False,False,False,False,False,True,False,False,False,False,False,4.09982949245267,1.9430489167742813,6.8745908969188845,0,Aadhya Nair,40,1,Chennai,2022-12-13,36,3,3.71,Low,2.7047222222222222,48.88055555555556,1337,0.08333333333333333
T00991,R0070,10.65,97.69,133.59,2024-02-25,0,0,6,2,Zone_5,2590,1.31,43.9,Business,1.0,False,True,False,False,False,False,False,False,False,True,False,False,False,False,4.902233120245624,2.4553061800117097,9.883825170448938,0,Meera Reddy,33,1,Bengaluru,2023-01-03,310,6,3.54,Medium,0.2897096774193548,5.337709677419355,1316,0.01935483870967742
T00992,R0050,7.01,65.59,137.36,2024-06-14,0,0,4,6,Zone_2,6371,0.91,58.4,Residential,0.0,False,False,True,False,False,False,True,False,False,False,False,False,False,False,4.929858984068968,2.080690761080268,8.098765338000602,0,Diya Das,49,1,Ahmedabad,2022-10-06,330,41,3.42,High,0.1821212121212121,2.775181818181818,1405,0.12424242424242424
T00993,R0280,7.1,40.01,158.37,2023-09-10,0,0,6,9,Zone_3,12971,2.11,38.0,Business,2.0,False,False,True,False,False,False,False,True,False,False,False,False,False,False,5.071228542871542,2.0918640616783932,6.325345840347388,0,Saanvi Gupta,26,2,Chennai,2023-05-31,172,23,4.43,Medium,0.29517441860465116,4.2749999999999995,1168,0.13372093023255813
T00994,R0161,5.91,44.63,125.74,2024-03-17,0,0,6,3,Zone_5,2590,1.31,43.9,Business,1.0,True,False,False,False,False,False,False,False,False,True,False,False,False,False,4.842137743895371,1.9329696377795786,6.680568838055634,0,Aarav Nair,32,2,Surat,2019-03-27,332,50,4.91,High,0.10006024096385542,1.7095180722891565,2694,0.15060240963855423
T00995,R0233,11.25,101.38,171.94,2023-01-19,0,0,3,1,Zone_5,2590,1.31,43.9,Business,1.0,False,True,False,False,False,False,False,False,False,True,False,False,False,False,5.152944713532285,2.505525936990736,10.0687635785135,0,Ishaan Iyer,30,2,Hyderabad,2023-11-23,469,41,4.37,High,0.1903411513859275,3.3757569296375265,992,0.08742004264392324
T00996,R0035,8.69,84.88,106.87,2023-04-16,0,0,6,4,Zone_3,12971,2.11,38.0,Business,2.0,True,False,False,False,False,False,False,True,False,False,False,False,False,False,4.680926798387338,2.2710944259026746,9.213034245024817,0,Reyansh Das,39,1,Kolkata,2022-03-20,392,41,3.49,High,0.07392857142857143,1.0711989795918366,1605,0.10459183673469388
T00997,R0041,15.87,109.81,289.04,2023-08-09,0,0,2,8,Zone_7,11070,0.64,45.2,Industrial,0.0,False,False,True,False,False,False,False,False,False,False,False,True,False,False,5.670018844503392,2.825536896557877,10.47902667235846,0,Aarav Nair,25,2,Pune,2020-04-11,353,8,4.74,High,0.11937677053824362,1.9891218130311614,2313,0.0226628895184136
T00998,R0084,14.35,101.77,192.38,2023-03-23,0,0,3,3,Zone_5,2590,1.31,43.9,Business,1.0,False,False,False,True,False,False,False,False,False,True,False,False,False,False,5.264657165055401,2.731115474033206,10.088111815399351,0,Kavya Sharma,38,1,Jaipur,2019-07-21,366,6,4.67,High,0.20464480874316943,3.923060109289618,2578,0.01639344262295082
T00999,R0277,10.77,99.49,249.99,2024-02-07,0,0,2,2,Zone_10,2440,1.54,35.4,Industrial,1.0,False,False,False,True,False,True,False,False,False,False,False,False,False,False,5.525413097700675,2.4655539212721855,9.974467404327912,0,Kavya Gupta,42,0,Jaipur,2021-01-22,433,16,3.06,High,0.20076212471131638,3.2397228637413393,2027,0.03695150115473441
T01000,R0253,2.8,24.44,37.65,2024-08-02,0,0,4,8,Zone_7,11070,0.64,45.2,Industrial,0.0,False,True,False,False,False,False,False,False,False,False,False,True,False,False,3.654546775033431,1.33500106673234,4.94368283772331,0,Ishaan Gupta,26,1,Surat,2021-08-19,173,24,3.16,Medium,0.28797687861271676,4.304104046242775,1818,0.13872832369942195
T01001,R0135,0.58,5.31,13.96,2024-06-30,0,0,6,6,Zone_1,4921,2.43,30.9,Residential,2.0,False,True,False,False,True,False,False,False,False,False,False,False,False,False,2.7053799725463312,0.4574248470388754,2.3043437243605824,0,Reyansh Patel,38,0,Ahmedabad,2022-02-24,153,8,3.47,Low,0.4352941176470588,6.4845098039215685,1629,0.05228758169934641
T01002,R0248,12.93,94.92,284.82,2024-06-13,0,0,3,6,Zone_6,14627,0.54,37.6,Mixed,0.0,True,False,False,False,False,False,False,False,False,False,True,False,False,False,5.6553622420536485,2.6340447877917144,9.74268956705488,0,Vivaan Ghosh,18,0,Chennai,2021-10-24,104,12,3.65,Low,0.5549999999999999,9.03519230769231,1752,0.11538461538461539
T01003,R0190,5.62,50.57,106.41,2023-09-03,0,0,6,9,Zone_5,2590,1.31,43.9,Business,1.0,True,False,False,False,False,False,False,False,False,True,False,False,False,False,4.676653287609955,1.890095369948917,7.11125867902441,0,Saanvi Iyer,35,2,Surat,2020-09-25,274,47,4.12,Medium,0.25543795620437953,4.08,2146,0.17153284671532848
T01004,R0225,9.17,57.22,143.16,2023-07-07,0,0,4,7,Zone_7,11070,0.64,45.2,Industrial,0.0,False,False,False,True,False,False,False,False,False,False,False,True,False,False,4.9709237938600275,2.3194422100604686,7.564390259630977,0,Ishaan Sharma,39,0,Delhi,2020-06-15,465,9,4.08,High,0.10393548387096774,1.4471397849462366,2248,0.01935483870967742
T01005,R0025,4.85,31.44,62.93,2023-10-16,0,0,0,10,Zone_8,4516,1.93,31.0,Business,1.0,False,True,False,False,False,False,False,False,False,False,False,False,True,False,4.157788734778635,1.766441661243765,5.607138307550475,0,Meera Das,21,0,Mumbai,2021-10-22,42,3,4.01,Low,1.125,17.129285714285714,1754,0.07142857142857142
T01006,R0272,10.59,99.0,205.44,2023-05-26,0,0,4,5,Zone_5,2590,1.31,43.9,Business,1.0,True,False,False,False,False,False,False,False,False,True,False,False,False,False,5.330009813280526,2.4501426573516603,9.9498743710662,0,Kavya Ghosh,21,1,Kolkata,2020-01-15,432,4,4.79,High,0.09326388888888888,1.6012962962962962,2400,0.009259259259259259
T01007,R0016,12.79,67.67,192.63,2023-03-14,0,0,1,3,Zone_10,2440,1.54,35.4,Industrial,1.0,True,False,False,False,False,True,False,False,False,False,False,False,False,False,5.265949121515307,2.6239436918052106,8.226177727231525,0,Aarav Iyer,28,0,Delhi,2022-01-24,356,51,3.06,High,0.11584269662921348,1.9316853932584273,1660,0.14325842696629212
T01008,R0237,1.95,18.2,24.05,2024-03-13,0,0,2,3,Zone_6,14627,0.54,37.6,Mixed,0.0,True,False,False,False,False,False,False,False,False,False,True,False,False,False,3.2208738275308737,1.0818051703517284,4.266145801540309,0,Aadhya Nair,40,1,Chennai,2022-12-13,36,3,3.71,Low,2.7047222222222222,48.88055555555556,1337,0.08333333333333333
T01009,R0148,3.93,34.86,59.65,2024-06-10,0,0,0,6,Zone_9,11037,1.83,56.1,Mixed,1.0,False,False,False,True,False,False,False,False,False,False,False,False,False,True,4.105119635390059,1.5953389880545987,5.904235767650205,0,Aarav Kumar,44,1,Ahmedabad,2019-09-30,412,34,3.36,High,0.056286407766990294,0.9918203883495146,2507,0.0825242718446602
T01010,R0130,0.32,2.7,6.4,2023-10-28,0,0,5,10,Zone_2,6371,0.91,58.4,Residential,0.0,False,False,False,True,False,False,True,False,False,False,False,False,False,False,2.0014800002101243,0.2776317365982795,1.6431676725154984,0,Diya Ghosh,27,0,Pune,2019-02-16,316,62,3.62,Medium,0.1610759493670886,2.836487341772152,2733,0.1962025316455696
T01011,R0099,9.17,65.75,164.57,2024-02-28,0,0,2,2,Zone_6,14627,0.54,37.6,Mixed,0.0,False,False,True,False,False,False,False,False,False,False,True,False,False,False,5.10939406611952,2.3194422100604686,8.108637370113428,0,Diya Gupta,35,2,Mumbai,2021-08-21,80,8,3.7,Low,0.867125,16.033250000000002,1816,0.1
T01012,R0159,0.33,3.1,5.82,2024-06-16,0,0,6,6,Zone_4,4038,2.46,48.2,Business,2.0,True,False,False,False,False,False,False,False,True,False,False,False,False,False,1.9198594718553708,0.2851789422336624,1.760681686165901,0,Ishaan Singh,43,0,Bengaluru,2020-05-21,79,2,4.9,Low,0.3034177215189873,5.378354430379747,2273,0.02531645569620253
T01013,R0117,6.17,36.26,146.37,2023-06-05,0,0,0,6,Zone_1,4921,2.43,30.9,Residential,2.0,False,False,True,False,True,False,False,False,False,False,False,False,False,False,4.992946431225172,1.969905654611529,6.021627686929839,0,Aadhya Gupta,21,0,Ahmedabad,2021-06-12,369,37,3.16,High,0.07910569105691057,1.3319241192411924,1886,0.1002710027100271
T01014,R0028,10.6,101.63,157.5,2024-07-19,0,0,4,7,Zone_9,11037,1.83,56.1,Mixed,1.0,False,False,True,False,False,False,False,False,False,False,False,False,False,True,5.065754593317335,2.451005098112319,10.081170566953025,0,Reyansh Sharma,20,0,Surat,2023-11-11,249,21,3.79,Medium,0.34088353413654615,6.022128514056225,1004,0.08433734939759036
T01015,R0177,18.29,123.71,371.47,2023-05-17,0,0,2,5,Zone_9,11037,1.83,56.1,Mixed,1.0,False,False,False,True,False,False,False,False,False,False,False,False,False,True,5.920156497663592,2.9595868269176377,11.122499719037982,0,Ishaan Reddy,34,2,Bengaluru,2023-02-15,489,63,4.48,High,0.23668711656441715,3.8175051124744375,1273,0.12883435582822086
T01016,R0036,9.84,78.98,216.27,2023-08-13,0,0,6,8,Zone_6,14627,0.54,37.6,Mixed,0.0,True,False,False,False,False,False,False,False,False,False,True,False,False,False,5.3811408197471495,2.3832429960115,8.887069258197553,0,Aadhya Das,30,0,Surat,2022-03-16,177,15,4.9,Medium,0.36819209039548023,5.884293785310734,1609,0.0847457627118644
T01017,R0250,14.26,132.02,247.26,2023-02-12,0,0,6,2,Zone_10,2440,1.54,35.4,Industrial,1.0,False,False,True,False,False,True,False,False,False,False,False,False,False,False,5.514476584087801,2.725235025856311,11.489995648389081,0,Aadhya Iyer,34,0,Jaipur,2021-02-01,163,31,4.63,Low,0.46208588957055213,6.91601226993865,2017,0.1901840490797546
T01018,R0226,9.3,50.64,147.85,2023-09-06,0,0,2,9,Zone_4,4038,2.46,48.2,Business,2.0,False,True,False,False,False,False,False,False,True,False,False,False,False,False,5.002939087461785,2.33214389523559,7.116178749862878,0,Aarav Iyer,20,2,Surat,2021-07-30,266,2,3.25,Medium,0.2000375939849624,3.408571428571429,1838,0.007518796992481203
T01019,R0102,9.55,48.82,120.65,2024-01-07,0,0,6,1,Zone_4,4038,2.46,48.2,Business,2.0,False,False,False,True,False,False,False,False,True,False,False,False,False,False,4.801148069229532,2.3561258599220753,6.987131027825369,0,Aarav Nair,18,0,Chennai,2023-05-13,123,22,4.1,Low,0.29130081300813004,3.9292682926829268,1186,0.17886178861788618
T01020,R0107,6.95,60.81,146.22,2023-01-29,0,0,6,1,Zone_8,4516,1.93,31.0,Business,1.0,True,False,False,False,False,False,False,False,False,False,False,False,True,False,4.991928066630559,2.0731719286662407,7.798076685952761,0,Reyansh Gupta,33,1,Hyderabad,2020-01-11,179,14,3.66,Medium,0.18195530726256984,3.5079888268156427,2404,0.0782122905027933
T01021,R0011,6.08,47.67,122.18,2023-11-10,0,0,4,11,Zone_6,14627,0.54,37.6,Mixed,0.0,False,False,True,False,False,False,False,False,False,False,True,False,False,False,4.813646700258897,1.9572739077056285,6.904346457123947,0,Vivaan Nair,26,1,Chennai,2020-04-14,208,34,4.0,Medium,0.4276923076923077,7.8547115384615385,2310,0.16346153846153846
T01022,R0278,13.87,87.85,244.45,2023-12-09,0,0,5,12,Zone_7,11070,0.64,45.2,Industrial,0.0,False,False,False,True,False,False,False,False,False,False,False,True,False,False,5.503093260504062,2.6993457604720636,9.372833082905082,0,Aarav Reddy,20,0,Mumbai,2021-09-02,382,58,4.27,High,0.25536649214659685,5.527120418848168,1804,0.1518324607329843
T01023,R0241,9.87,70.99,244.47,2024-01-17,1,0,2,1,Zone_10,2440,1.54,35.4,Industrial,1.0,True,False,False,False,False,True,False,False,False,False,False,False,False,False,5.503174740174929,2.386006701133118,8.425556361451747,0,Kavya Gupta,34,0,Chennai,2020-01-13,165,3,3.28,Medium,0.2770909090909091,4.619090909090909,2402,0.01818181818181818
T01024,R0095,9.68,66.56,148.52,2023-06-27,0,0,1,6,Zone_8,4516,1.93,31.0,Business,1.0,False,True,False,False,False,False,False,False,False,False,False,False,True,False,5.0074301631473075,2.3683728335320486,8.158431221748456,0,Kavya Iyer,29,0,Chennai,2020-10-07,481,77,4.26,High,0.23856548856548856,3.907713097713098,2134,0.1600831600831601
T01025,R0126,4.96,28.48,55.26,2024-06-14,0,0,4,6,Zone_4,4038,2.46,48.2,Business,2.0,False,True,False,False,False,False,False,False,True,False,False,False,False,False,4.029983803061711,1.7850704810772584,5.336665625650533,0,Diya Reddy,29,0,Surat,2022-09-25,411,20,3.65,High,0.08686131386861315,1.009537712895377,1416,0.04866180048661801
T01026,R0252,6.27,38.05,65.09,2023-01-01,0,0,6,1,Zone_2,6371,0.91,58.4,Residential,0.0,False,False,True,False,False,False,True,False,False,False,False,False,False,False,4.191017449482361,1.9837562915454279,6.168468205316454,0,Reyansh Gupta,38,2,Ahmedabad,2020-09-23,392,47,4.83,High,0.25614795918367345,4.290943877551021,2148,0.11989795918367346
T01027,R0240,18.34,150.69,262.04,2023-05-26,0,0,4,5,Zone_8,4516,1.93,31.0,Business,1.0,True,False,False,False,False,False,False,False,False,False,False,False,True,False,5.572306111867815,2.9621754900251482,12.275585525749882,0,Aarav Iyer,30,1,Delhi,2020-05-18,174,2,4.07,Medium,0.5294252873563219,7.0199425287356325,2276,0.011494252873563218
T01028,R0190,7.66,46.22,85.51,2023-12-30,0,0,5,12,Zone_5,2590,1.31,43.9,Business,1.0,False,True,False,False,False,False,False,False,False,True,False,False,False,False,4.460260014192283,2.1587147225743437,6.798529252713413,0,Saanvi Iyer,35,2,Surat,2020-09-25,274,47,4.12,Medium,0.25543795620437953,4.08,2146,0.17153284671532848
T01029,R0234,14.63,86.74,293.26,2024-05-19,0,0,6,5,Zone_2,6371,0.91,58.4,Residential,0.0,False,False,False,True,False,False,True,False,False,False,False,False,False,False,5.684463730269801,2.749192144433385,9.313431161500041,0,Saanvi Nair,32,2,Pune,2022-12-01,183,31,3.98,Medium,0.34677595628415303,6.222677595628415,1349,0.16939890710382513
T01030,R0099,5.4,40.85,103.87,2023-09-08,0,0,4,9,Zone_2,6371,0.91,58.4,Residential,0.0,True,False,False,False,False,False,True,False,False,False,False,False,False,False,4.652721487846314,1.8562979903656263,6.391400472509918,0,Diya Gupta,35,2,Mumbai,2021-08-21,80,8,3.7,Low,0.867125,16.033250000000002,1816,0.1
T01031,R0068,12.01,105.43,140.67,2023-12-15,0,0,4,12,Zone_1,4921,2.43,30.9,Residential,2.0,False,True,False,False,True,False,False,False,False,False,False,False,False,False,4.95350040939126,2.565718292524414,10.267911179982033,0,Meera Singh,30,0,Ahmedabad,2022-08-31,456,70,4.97,High,0.15745614035087718,2.4136622807017547,1441,0.15350877192982457
T01032,R0221,9.45,94.3,88.52,2023-12-04,0,0,0,12,Zone_7,11070,0.64,45.2,Industrial,0.0,True,False,False,False,False,False,False,False,False,False,False,True,False,False,4.494462064003669,2.34660197841082,9.710818709048171,0,Diya Patel,21,0,Delhi,2021-01-13,106,1,4.41,Low,0.5540566037735849,8.615943396226415,2036,0.009433962264150943
T01033,R0236,5.98,46.66,49.41,2023-07-04,0,0,1,7,Zone_2,6371,0.91,58.4,Residential,0.0,False,True,False,False,False,False,True,False,False,False,False,False,False,False,3.9201895680945396,1.9430489167742813,6.830812543175226,0,Arjun Gupta,28,1,Ahmedabad,2020-08-10,61,1,3.36,Low,0.8198360655737704,12.599016393442623,2192,0.01639344262295082
T01034,R0123,11.24,61.04,117.46,2023-04-19,0,0,2,4,Zone_10,2440,1.54,35.4,Industrial,1.0,False,False,False,True,False,True,False,False,False,False,False,False,False,False,4.774575350848819,2.50470927708418,7.812809993849844,0,Meera Ghosh,32,1,Bengaluru,2023-06-24,156,26,3.31,Low,0.2416666666666667,4.584487179487179,1144,0.16666666666666666
T01035,R0205,0.28,1.92,4.33,2024-05-08,0,0,2,5,Zone_5,2590,1.31,43.9,Business,1.0,False,True,False,False,False,False,False,False,False,True,False,False,False,False,1.673351238177753,0.2468600779315258,1.3856406460551018,0,Diya Singh,31,2,Surat,2019-05-12,100,14,4.66,Low,0.25549999999999995,2.659,2648,0.14
T01036,R0037,10.87,87.78,215.53,2024-07-28,0,0,6,7,Zone_3,12971,2.11,38.0,Business,2.0,False,True,False,False,False,False,False,True,False,False,False,False,False,False,5.3777291059721986,2.4740142086215764,9.369098142297368,0,Aadhya Iyer,32,2,Ahmedabad,2020-11-21,489,6,3.36,High,0.15969325153374234,2.6884662576687117,2089,0.012269938650306749
T01037,R0106,11.93,98.95,168.44,2023-06-18,0,0,6,6,Zone_6,14627,0.54,37.6,Mixed,0.0,True,False,False,False,False,False,False,False,False,False,True,False,False,False,5.132498881853096,2.559550192783766,9.947361459201128,0,Aarav Patel,32,2,Bengaluru,2021-11-25,6,1,4.03,Low,6.611666666666667,73.10333333333334,1720,0.16666666666666666
T01038,R0017,9.37,71.95,204.58,2024-06-20,0,0,3,6,Zone_8,4516,1.93,31.0,Business,1.0,False,True,False,False,False,False,False,False,False,False,False,False,True,False,5.325835252584776,2.3389170222414357,8.482334584299302,0,Meera Das,49,0,Mumbai,2023-03-18,288,21,3.83,Medium,0.19437500000000002,2.820520833333333,1242,0.07291666666666667
T01039,R0177,14.55,118.05,125.89,2024-08-14,0,0,2,8,Zone_3,12971,2.11,38.0,Business,2.0,True,False,False,False,False,False,False,True,False,False,False,False,False,False,4.8433205694088235,2.744060638625243,10.865081684000355,0,Ishaan Reddy,34,2,Bengaluru,2023-02-15,489,63,4.48,High,0.23668711656441715,3.8175051124744375,1273,0.12883435582822086
T01040,R0028,7.66,55.38,77.21,2023-03-04,0,0,5,3,Zone_6,14627,0.54,37.6,Mixed,0.0,True,False,False,False,False,False,False,False,False,False,True,False,False,False,4.35939751661352,2.1587147225743437,7.441773982055623,0,Reyansh Sharma,20,0,Surat,2023-11-11,249,21,3.79,Medium,0.34088353413654615,6.022128514056225,1004,0.08433734939759036
T01041,R0269,7.25,68.25,172.44,2024-02-02,0,0,4,2,Zone_1,4921,2.43,30.9,Residential,2.0,False,False,True,False,True,False,False,False,False,False,False,False,False,False,5.155831718251282,2.1102132003465894,8.261355820929152,0,Aadhya Sharma,41,1,Mumbai,2019-05-19,423,16,3.41,High,0.14907801418439717,3.4486288416075648,2641,0.037825059101654845
T01042,R0090,9.78,49.56,160.2,2024-08-19,0,0,0,8,Zone_7,11070,0.64,45.2,Industrial,0.0,False,False,False,True,False,False,False,False,False,False,False,True,False,False,5.0826458300725275,2.377692565480851,7.0398863627192165,0,Kavya Iyer,33,0,Mumbai,2021-01-31,152,25,4.51,Low,0.7113815789473685,12.63078947368421,2018,0.16447368421052633
T01043,R0026,12.34,119.46,164.63,2024-07-02,0,0,1,7,Zone_10,2440,1.54,35.4,Industrial,1.0,False,True,False,False,False,True,False,False,False,False,False,False,False,False,5.109756384964063,2.590767040487478,10.929775843996069,0,Aarav Kumar,26,0,Surat,2020-04-17,44,5,3.17,Low,1.8020454545454547,22.11795454545455,2307,0.11363636363636363
T01044,R0077,10.85,89.48,102.05,2023-08-16,0,0,2,8,Zone_9,11037,1.83,56.1,Mixed,1.0,False,False,False,True,False,False,False,False,False,False,False,False,False,True,4.635214307336468,2.47232786758114,9.459386872308373,0,Reyansh Das,28,1,Mumbai,2019-09-07,406,72,3.79,High,0.3617241379310345,5.7729556650246305,2530,0.17733990147783252
T01045,R0124,6.87,43.58,89.69,2023-01-12,0,0,3,1,Zone_10,2440,1.54,35.4,Industrial,1.0,False,True,False,False,False,True,False,False,False,False,False,False,False,False,4.507447097459476,2.063058062429312,6.601514977639602,0,Aadhya Das,37,2,Hyderabad,2022-06-09,419,25,3.59,High,0.10162291169451074,1.5354415274463007,1524,0.059665871121718374
T01046,R0121,3.02,18.46,29.53,2023-12-02,0,0,5,12,Zone_9,11037,1.83,56.1,Mixed,1.0,False,False,False,True,False,False,False,False,False,False,False,False,False,True,3.4187098067467865,1.3912819026309295,4.296510211788167,0,Diya Iyer,29,1,Pune,2023-07-13,378,10,4.17,High,0.23269841269841268,3.8740211640211637,1125,0.026455026455026454
T01047,R0117,11.32,97.67,102.93,2023-09-22,0,0,4,9,Zone_6,14627,0.54,37.6,Mixed,0.0,False,False,False,True,False,False,False,False,False,False,True,False,False,False,4.6437175956003305,2.511223958105374,9.882813364624468,0,Aadhya Gupta,21,0,Ahmedabad,2021-06-12,369,37,3.16,High,0.07910569105691057,1.3319241192411924,1886,0.1002710027100271
T01048,R0231,4.05,39.82,44.61,2023-02-07,0,0,1,2,Zone_7,11070,0.64,45.2,Industrial,0.0,False,True,False,False,False,False,False,False,False,False,False,True,False,False,3.820126990723609,1.6193882432872684,6.3103090257134005,0,Ishaan Nair,19,2,Mumbai,2019-08-26,328,22,4.81,High,0.18076219512195124,2.230274390243902,2542,0.06707317073170732
T01049,R0270,3.91,35.35,85.13,2023-11-25,0,0,5,11,Zone_9,11037,1.83,56.1,Mixed,1.0,False,True,False,False,False,False,False,False,False,False,False,False,False,True,4.455857782801083,1.5912739418064292,5.9455865984779,0,Aadhya Reddy,35,1,Hyderabad,2022-01-02,455,64,3.08,High,0.12975824175824174,2.420945054945055,1682,0.14065934065934066
T01050,R0032,4.73,30.01,69.7,2023-07-22,0,0,5,7,Zone_4,4038,2.46,48.2,Business,2.0,False,False,True,False,False,False,False,False,True,False,False,False,False,False,4.258445572902527,1.7457155307266483,5.478138369920935,0,Kavya Reddy,18,0,Mumbai,2023-09-20,213,24,4.0,Medium,0.3107511737089202,6.473192488262911,1056,0.11267605633802817
T01051,R0135,8.29,58.13,153.56,2023-01-18,0,0,2,1,Zone_8,4516,1.93,31.0,Business,1.0,False,False,True,False,False,False,False,False,False,False,False,False,True,False,5.040582370464208,2.2289385528257473,7.624303246854758,0,Reyansh Patel,38,0,Ahmedabad,2022-02-24,153,8,3.47,Low,0.4352941176470588,6.4845098039215685,1629,0.05228758169934641
T01052,R0246,4.02,33.06,87.4,2023-12-24,0,0,6,12,Zone_10,2440,1.54,35.4,Industrial,1.0,False,False,True,False,False,True,False,False,False,False,False,False,False,False,4.481871969643598,1.6134299337036377,5.749782604586021,0,Vivaan Das,29,2,Mumbai,2021-03-31,240,34,4.79,Medium,0.34891666666666665,6.460624999999999,1959,0.14166666666666666
T01053,R0105,2.32,17.07,20.14,2024-07-07,0,0,6,7,Zone_5,2590,1.31,43.9,Business,1.0,False,False,False,True,False,False,False,False,False,True,False,False,False,False,3.051166980442092,1.199964782928397,4.13158565202272,0,Diya Das,31,0,Jaipur,2020-09-28,346,9,3.69,High,0.27514450867052026,3.7604624277456646,2143,0.02601156069364162
T01054,R0231,4.71,42.7,98.65,2023-07-04,0,0,1,7,Zone_7,11070,0.64,45.2,Industrial,0.0,False,False,False,True,False,False,False,False,False,False,False,True,False,False,4.6016640466588035,1.742219023667919,6.534523701081817,0,Ishaan Nair,19,2,Mumbai,2019-08-26,328,22,4.81,High,0.18076219512195124,2.230274390243902,2542,0.06707317073170732
T01055,R0119,7.08,35.42,88.14,2023-08-10,0,0,3,8,Zone_6,14627,0.54,37.6,Mixed,0.0,True,False,False,False,False,False,False,False,False,False,True,False,False,False,4.49020816751841,2.089391872533004,5.951470406546604,0,Saanvi Iyer,47,1,Hyderabad,2023-05-05,30,1,4.39,Low,0.9743333333333334,13.516666666666667,1194,0.03333333333333333
T01056,R0266,10.27,74.55,168.21,2024-02-26,0,0,0,2,Zone_7,11070,0.64,45.2,Industrial,0.0,False,False,False,True,False,False,False,False,False,False,False,True,False,False,5.131140547080535,2.422144328051685,8.634234187233979,0,Diya Reddy,29,2,Chennai,2020-09-25,98,13,3.9,Low,0.7445918367346939,12.729081632653061,2146,0.1326530612244898
T01057,R0282,8.34,61.91,144.33,2024-02-09,0,0,4,2,Zone_3,12971,2.11,38.0,Business,2.0,False,False,True,False,False,False,False,True,False,False,False,False,False,False,4.979007018638079,2.234306252240751,7.868290792796107,0,Reyansh Kumar,22,2,Bengaluru,2022-05-02,319,3,4.47,Medium,0.29112852664576805,4.387931034482759,1562,0.009404388714733543
T01058,R0192,2.6,15.42,31.62,2023-06-09,0,0,4,6,Zone_2,6371,0.91,58.4,Residential,0.0,False,False,True,False,False,False,True,False,False,False,False,False,False,False,3.484925597192868,1.2809338454620642,3.9268307832143723,0,Aadhya Nair,31,1,Delhi,2021-08-23,449,31,3.89,High,0.03893095768374165,0.512694877505568,1814,0.06904231625835189
T01059,R0164,9.14,84.79,160.24,2024-06-12,0,0,2,6,Zone_8,4516,1.93,31.0,Business,1.0,True,False,False,False,False,False,False,False,False,False,False,False,True,False,5.082893938248965,2.316487998163037,9.208148565265441,0,Aadhya Ghosh,37,2,Ahmedabad,2022-07-06,249,23,4.02,Medium,0.40273092369477914,7.062208835341366,1497,0.09236947791164658
T01060,R0285,9.61,90.21,92.12,2023-12-07,0,0,3,12,Zone_5,2590,1.31,43.9,Business,1.0,True,False,False,False,False,False,False,False,False,True,False,False,False,False,4.533888983983128,2.3617969526258915,9.497894503520241,0,Diya Iyer,29,0,Chennai,2019-01-10,244,16,4.97,Medium,0.25774590163934424,4.5302459016393435,2770,0.06557377049180328
T01061,R0172,5.73,48.94,113.7,2023-07-10,0,0,0,7,Zone_9,11037,1.83,56.1,Mixed,1.0,False,True,False,False,False,False,False,False,False,False,False,False,False,True,4.742320024135325,1.9065751436566365,6.99571297295708,0,Reyansh Reddy,31,2,Pune,2019-12-24,168,14,3.72,Medium,0.5050595238095238,8.86077380952381,2422,0.08333333333333333
T01062,R0127,4.02,20.5,99.65,2023-02-03,1,0,4,2,Zone_4,4038,2.46,48.2,Business,2.0,False,False,False,True,False,False,False,False,True,False,False,False,False,False,4.611649152085801,1.6134299337036377,4.527692569068709,0,Vivaan Kumar,38,1,Chennai,2020-03-17,43,2,4.83,Low,1.6467441860465117,32.56906976744186,2338,0.046511627906976744
T01063,R0226,4.02,31.06,46.8,2024-08-09,0,0,4,8,Zone_5,2590,1.31,43.9,Business,1.0,True,False,False,False,False,False,False,False,False,True,False,False,False,False,3.86702563949741,1.6134299337036377,5.573149917237109,0,Aarav Iyer,20,2,Surat,2021-07-30,266,2,3.25,Medium,0.2000375939849624,3.408571428571429,1838,0.007518796992481203
T01064,R0183,5.34,26.75,85.55,2023-01-17,0,0,1,1,Zone_2,6371,0.91,58.4,Residential,0.0,False,False,True,False,False,False,True,False,False,False,False,False,False,False,4.4607222816222185,1.8468787684491346,5.172040216394301,0,Arjun Patel,43,2,Jaipur,2022-08-27,406,66,3.79,High,0.14231527093596058,2.0964039408866997,1445,0.1625615763546798
T01065,R0092,19.07,184.53,374.64,2024-01-18,0,0,3,1,Zone_4,4038,2.46,48.2,Business,2.0,False,False,False,True,False,False,False,False,True,False,False,False,False,False,5.928631237936413,2.9992261628082466,13.584181977579659,0,Aarav Nair,21,1,Surat,2019-07-18,252,23,4.51,Medium,0.22694444444444448,3.415357142857143,2581,0.09126984126984126
T01066,R0250,3.55,18.67,62.38,2024-03-02,0,0,5,3,Zone_1,4921,2.43,30.9,Residential,2.0,False,True,False,False,True,False,False,False,False,False,False,False,False,False,4.149148354262775,1.5151272329628591,4.32087954009366,0,Aadhya Iyer,34,0,Jaipur,2021-02-01,163,31,4.63,Low,0.46208588957055213,6.91601226993865,2017,0.1901840490797546
T01067,R0029,9.33,82.67,138.15,2023-09-09,0,0,5,9,Zone_9,11037,1.83,56.1,Mixed,1.0,False,False,False,True,False,False,False,False,False,False,False,False,False,True,4.9355524879719,2.3350522831315472,9.092304438369846,0,Kavya Iyer,30,1,Surat,2022-07-24,4,0,3.69,Low,14.942499999999999,284.4425,1479,0.0
T01068,R0116,4.43,30.69,67.17,2023-05-27,0,0,5,5,Zone_10,2440,1.54,35.4,Industrial,1.0,True,False,False,False,False,True,False,False,False,False,False,False,False,False,4.222004585374694,1.691939133945844,5.539855593785816,0,Ishaan Kumar,34,0,Bengaluru,2020-02-08,238,30,4.58,Medium,0.2126470588235294,3.3368067226890754,2376,0.12605042016806722
T01069,R0218,5.47,32.45,112.98,2023-10-15,0,0,6,10,Zone_6,14627,0.54,37.6,Mixed,0.0,False,True,False,False,False,False,False,False,False,False,True,False,False,False,4.736022994406854,1.8671761085128091,5.6964901474504455,0,Arjun Reddy,34,2,Delhi,2019-01-11,160,16,3.87,Low,0.31275,4.5341875,2769,0.1
T01070,R0029,4.47,32.59,36.56,2024-01-01,0,0,0,1,Zone_9,11037,1.83,56.1,Mixed,1.0,False,False,True,False,False,False,False,False,False,False,False,False,False,True,3.6259396543400624,1.6992786164338898,5.708765190476834,0,Kavya Iyer,30,1,Surat,2022-07-24,4,0,3.69,Low,14.942499999999999,284.4425,1479,0.0
T01071,R0286,12.01,119.25,131.8,2024-06-04,0,0,1,6,Zone_5,2590,1.31,43.9,Business,1.0,True,False,False,False,False,False,False,False,False,True,False,False,False,False,4.888844237042334,2.565718292524414,10.920164833920778,0,Ishaan Nair,26,1,Pune,2023-02-15,29,0,4.48,Low,1.4572413793103447,21.62551724137931,1273,0.0
T01072,R0112,9.9,68.06,139.84,2024-05-10,0,0,4,5,Zone_6,14627,0.54,37.6,Mixed,0.0,True,False,False,False,False,False,False,False,False,False,True,False,False,False,4.947624494286852,2.388762789235098,8.249848483457136,0,Meera Nair,41,0,Delhi,2020-11-13,311,11,3.24,Medium,0.28787781350482317,3.6986173633440513,2097,0.03536977491961415
T01073,R0121,7.35,72.94,89.7,2023-12-01,0,0,4,12,Zone_10,2440,1.54,35.4,Industrial,1.0,False,False,False,True,False,True,False,False,False,False,False,False,False,False,4.507557357121091,2.122261538862764,8.54049178911847,0,Diya Iyer,29,1,Pune,2023-07-13,378,10,4.17,High,0.23269841269841268,3.8740211640211637,1125,0.026455026455026454
T01074,R0109,10.51,68.93,203.11,2023-08-11,0,0,4,8,Zone_10,2440,1.54,35.4,Industrial,1.0,False,True,False,False,False,True,False,False,False,False,False,False,False,False,5.318659064205951,2.4432162227337915,8.302409288875127,0,Vivaan Kumar,35,0,Delhi,2022-11-19,62,5,3.35,Low,0.6974193548387098,11.13532258064516,1361,0.08064516129032258
T01075,R0240,11.72,88.22,143.06,2024-05-16,0,0,3,5,Zone_7,11070,0.64,45.2,Industrial,0.0,False,False,True,False,False,False,False,False,False,False,False,True,False,False,4.9702298794612165,2.543175557911976,9.392550239418473,0,Aarav Iyer,30,1,Delhi,2020-05-18,174,2,4.07,Medium,0.5294252873563219,7.0199425287356325,2276,0.011494252873563218
T01076,R0257,3.75,22.05,70.87,2023-11-10,0,0,4,11,Zone_1,4921,2.43,30.9,Residential,2.0,False,True,False,False,True,False,False,False,False,False,False,False,False,False,4.274858931480352,1.55814461804655,4.695742752749559,0,Arjun Reddy,36,2,Delhi,2023-03-11,459,19,4.82,High,0.12224400871459695,1.7913507625272331,1249,0.04139433551198257
T01077,R0241,10.74,66.68,206.08,2024-06-27,0,0,3,6,Zone_4,4038,2.46,48.2,Business,2.0,False,False,False,True,False,False,False,False,True,False,False,False,False,False,5.333105192033701,2.4630018143999504,8.165782265037441,0,Kavya Gupta,34,0,Chennai,2020-01-13,165,3,3.28,Medium,0.2770909090909091,4.619090909090909,2402,0.01818181818181818
T01078,R0091,4.41,23.03,86.33,2023-06-01,0,0,3,6,Zone_6,14627,0.54,37.6,Mixed,0.0,False,False,True,False,False,False,False,False,False,False,True,False,False,False,4.469694046425642,1.6882490928583902,4.798958220280731,0,Meera Das,41,2,Surat,2022-04-16,334,43,3.4,High,0.14934131736526945,2.7054191616766468,1578,0.12874251497005987
T01079,R0030,12.19,101.66,231.15,2023-05-18,0,0,3,5,Zone_5,2590,1.31,43.9,Business,1.0,True,False,False,False,False,False,False,False,False,True,False,False,False,False,5.447383714465931,2.579458966729223,10.08265837961398,0,Saanvi Patel,25,2,Mumbai,2021-01-08,442,58,3.72,High,0.1833710407239819,3.5865384615384617,2041,0.13122171945701358
T01080,R0194,11.7,95.21,108.88,2023-11-19,0,0,6,11,Zone_2,6371,0.91,58.4,Residential,0.0,False,True,False,False,False,False,True,False,False,False,False,False,False,False,4.699388861227073,2.5416019934645457,9.757561170702441,0,Arjun Iyer,30,2,Jaipur,2023-02-10,10,2,4.06,Low,4.361,68.455,1278,0.2
T01081,R0212,10.02,79.07,216.29,2024-06-18,0,0,1,6,Zone_3,12971,2.11,38.0,Business,2.0,True,False,False,False,False,False,False,True,False,False,False,False,False,False,5.381232866875345,2.3997118037247684,8.892131353055914,0,Aadhya Iyer,36,0,Ahmedabad,2023-09-11,73,12,3.22,Low,0.8024657534246575,15.458767123287672,1065,0.1643835616438356
T01082,R0134,6.95,57.46,149.19,2024-03-05,0,0,1,3,Zone_1,4921,2.43,30.9,Residential,2.0,False,True,False,False,True,False,False,False,False,False,False,False,False,False,5.01190115921749,2.0731719286662407,7.58023746329889,0,Aadhya Singh,34,1,Jaipur,2022-07-30,410,29,4.59,High,0.13614634146341464,2.644878048780488,1473,0.07073170731707316
T01083,R0136,5.37,49.34,69.98,2024-01-11,0,0,3,1,Zone_7,11070,0.64,45.2,Industrial,0.0,True,False,False,False,False,False,False,False,False,False,False,True,False,False,4.2623981472183505,1.851599469584072,7.024243731534378,0,Diya Ghosh,34,1,Hyderabad,2019-01-19,339,11,3.82,High,0.0792330383480826,1.0111799410029498,2761,0.032448377581120944
T01084,R0177,6.68,45.42,145.41,2023-06-15,0,0,3,6,Zone_10,2440,1.54,35.4,Industrial,1.0,True,False,False,False,False,True,False,False,False,False,False,False,False,False,4.986410905205391,2.038619547159581,6.739436178197699,0,Ishaan Reddy,34,2,Bengaluru,2023-02-15,489,63,4.48,High,0.23668711656441715,3.8175051124744375,1273,0.12883435582822086
T01085,R0013,11.85,72.66,216.01,2023-12-03,0,0,6,12,Zone_2,6371,0.91,58.4,Residential,0.0,True,False,False,False,False,False,True,False,False,False,False,False,False,False,5.379943435427982,2.553343811341229,8.524083528450435,0,Ishaan Gupta,43,0,Kolkata,2019-04-01,6,0,3.91,Low,13.418333333333335,238.80666666666664,2689,0.0
T01086,R0151,4.59,27.07,48.72,2023-07-22,0,0,5,7,Zone_1,4921,2.43,30.9,Residential,2.0,False,False,True,False,True,False,False,False,False,False,False,False,False,False,3.9064072666425105,1.7209792871670078,5.202883815731425,0,Meera Reddy,34,1,Hyderabad,2023-02-25,394,56,5.0,High,0.15967005076142132,2.8274111675126905,1263,0.14213197969543148
T01087,R0081,8.25,59.48,185.89,2023-08-25,0,0,4,8,Zone_10,2440,1.54,35.4,Industrial,1.0,True,False,False,False,False,True,False,False,False,False,False,False,False,False,5.230520208482211,2.224623551524334,7.712327793863536,0,Diya Reddy,42,2,Mumbai,2022-01-31,114,2,3.9,Low,0.46421052631578946,7.123421052631579,1653,0.017543859649122806
T01088,R0193,0.74,5.51,7.1,2024-03-18,0,0,0,3,Zone_7,11070,0.64,45.2,Industrial,0.0,False,False,True,False,False,False,False,False,False,False,False,True,False,False,2.0918640616783932,0.5538851132264376,2.3473389188611002,0,Kavya Singh,33,0,Chennai,2022-01-03,389,68,4.41,High,0.14419023136246786,2.5851928020565555,1681,0.17480719794344474
T01089,R0118,9.3,51.55,81.43,2024-05-07,0,0,1,5,Zone_7,11070,0.64,45.2,Industrial,0.0,False,False,False,True,False,False,False,False,False,False,False,True,False,False,4.411949448325136,2.33214389523559,7.179832867135557,0,Reyansh Gupta,29,1,Surat,2023-09-26,165,24,4.13,Medium,0.23163636363636364,3.228424242424243,1050,0.14545454545454545
T01090,R0130,2.82,21.83,38.66,2023-03-20,0,0,0,3,Zone_1,4921,2.43,30.9,Residential,2.0,True,False,False,False,True,False,False,False,False,False,False,False,False,False,3.68034312309165,1.3402504226184837,4.672258554489466,0,Diya Ghosh,27,0,Pune,2019-02-16,316,62,3.62,Medium,0.1610759493670886,2.836487341772152,2733,0.1962025316455696
T01091,R0189,1.41,8.43,12.9,2024-01-12,0,0,4,1,Zone_10,2440,1.54,35.4,Industrial,1.0,True,False,False,False,False,True,False,False,False,False,False,False,False,False,2.631888840136646,0.8796267475025635,2.903446228191595,0,Reyansh Gupta,29,0,Delhi,2019-09-16,238,42,3.28,Medium,0.30264705882352944,6.2214285714285715,2521,0.17647058823529413
T01092,R0037,10.59,54.2,131.17,2024-04-13,0,0,5,4,Zone_7,11070,0.64,45.2,Industrial,0.0,False,True,False,False,False,False,False,False,False,False,False,True,False,False,4.884088972769716,2.4501426573516603,7.362064927722384,0,Aadhya Iyer,32,2,Ahmedabad,2020-11-21,489,6,3.36,High,0.15969325153374234,2.6884662576687117,2089,0.012269938650306749
T01093,R0234,9.05,83.05,142.74,2024-03-24,0,0,6,3,Zone_6,14627,0.54,37.6,Mixed,0.0,False,False,False,True,False,False,False,False,False,False,True,False,False,False,4.968006112040297,2.307572634505085,9.113177272499422,0,Saanvi Nair,32,2,Pune,2022-12-01,183,31,3.98,Medium,0.34677595628415303,6.222677595628415,1349,0.16939890710382513
T01094,R0126,5.78,52.57,86.21,2023-04-22,0,0,5,4,Zone_4,4038,2.46,48.2,Business,2.0,False,False,False,True,False,False,False,False,True,False,False,False,False,False,4.468319003238894,1.9139771019523042,7.250517222929686,0,Diya Reddy,29,0,Surat,2022-09-25,411,20,3.65,High,0.08686131386861315,1.009537712895377,1416,0.04866180048661801
T01095,R0188,6.49,49.78,71.11,2023-11-03,0,0,4,11,Zone_3,12971,2.11,38.0,Business,2.0,False,False,False,True,False,False,False,True,False,False,False,False,False,False,4.2781927309286685,2.0135687975291283,7.055494312945054,0,Vivaan Gupta,24,1,Delhi,2020-07-16,436,64,3.15,High,0.05607798165137615,1.069816513761468,2217,0.14678899082568808
T01096,R0070,19.36,144.13,379.63,2024-04-13,0,0,5,4,Zone_8,4516,1.93,31.0,Business,1.0,False,False,True,False,False,False,False,False,False,False,False,False,True,False,5.94182777466688,3.013572191682322,12.005415444706609,0,Meera Reddy,33,1,Bengaluru,2023-01-03,310,6,3.54,Medium,0.2897096774193548,5.337709677419355,1316,0.01935483870967742
T01097,R0021,7.03,55.96,171.02,2024-07-02,1,0,1,7,Zone_7,11070,0.64,45.2,Industrial,0.0,False,False,True,False,False,False,False,False,False,False,False,True,False,False,5.147610749123333,2.0831845279586703,7.4806416837060175,0,Diya Ghosh,37,0,Pune,2019-05-08,380,17,3.91,High,0.09136842105263157,1.7853684210526317,2652,0.04473684210526316
T01098,R0259,6.99,40.01,58.66,2023-11-06,0,0,0,11,Zone_6,14627,0.54,37.6,Mixed,0.0,False,True,False,False,False,False,False,False,False,False,True,False,False,False,4.088661779086602,2.0781907597781832,6.325345840347388,0,Aadhya Das,32,1,Jaipur,2019-06-25,150,27,3.52,Low,0.5316,8.553866666666666,2604,0.18
T01099,R0198,11.26,76.08,145.06,2024-01-26,0,0,4,1,Zone_8,4516,1.93,31.0,Business,1.0,True,False,False,False,False,False,False,False,False,False,False,False,True,False,4.984017496191964,2.506341930508065,8.72238499494261,0,Vivaan Kumar,31,2,Mumbai,2021-12-10,202,23,3.85,Medium,0.19361386138613862,2.9134158415841584,1705,0.11386138613861387
T01100,R0151,8.44,82.0,90.85,2023-06-13,0,0,1,6,Zone_1,4921,2.43,30.9,Residential,2.0,False,True,False,False,True,False,False,False,False,False,False,False,False,False,4.520156811661135,2.244955980157409,9.055385138137417,0,Meera Reddy,34,1,Hyderabad,2023-02-25,394,56,5.0,High,0.15967005076142132,2.8274111675126905,1263,0.14213197969543148
T01101,R0228,12.94,127.54,316.93,2024-06-15,1,0,5,6,Zone_2,6371,0.91,58.4,Residential,0.0,False,True,False,False,False,False,True,False,False,False,False,False,False,False,5.761831232762776,2.6347624053323777,11.2933608815091,0,Kavya Ghosh,21,0,Pune,2020-05-18,10,0,4.84,Low,3.844,67.522,2276,0.0
T01102,R0291,9.39,64.4,183.71,2024-02-02,0,0,4,2,Zone_5,2590,1.31,43.9,Business,1.0,False,False,False,True,False,False,False,False,False,True,False,False,False,False,5.218787027591229,2.340843805111136,8.024961059095553,0,Arjun Ghosh,23,2,Pune,2021-04-19,499,94,3.46,High,0.09308617234468938,1.59436873747495,1940,0.18837675350701402
T01103,R0005,11.81,68.62,211.36,2023-06-01,0,0,3,6,Zone_9,11037,1.83,56.1,Mixed,1.0,False,True,False,False,False,False,False,False,False,False,False,False,False,True,5.3582829477154705,2.550226115908643,8.283718971573094,0,Diya Reddy,27,1,Ahmedabad,2021-05-31,294,30,3.53,Medium,0.17435374149659863,3.1511904761904765,1898,0.10204081632653061
T01104,R0013,10.22,98.6,233.8,2023-08-18,0,0,4,8,Zone_9,11037,1.83,56.1,Mixed,1.0,False,False,True,False,False,False,False,False,False,False,False,False,False,True,5.458734087953942,2.4176979000945504,9.929753269845127,0,Ishaan Gupta,43,0,Kolkata,2019-04-01,6,0,3.91,Low,13.418333333333335,238.80666666666664,2689,0.0
T01105,R0170,11.23,105.21,165.37,2023-01-14,0,0,5,1,Zone_8,4516,1.93,31.0,Business,1.0,False,True,False,False,False,False,False,False,False,False,False,False,True,False,5.1142142236716515,2.503891949699081,10.257192598367254,0,Saanvi Kumar,29,2,Bengaluru,2020-05-20,28,3,3.68,Low,1.9110714285714285,33.70392857142857,2274,0.10714285714285714
T01106,R0196,7.79,49.26,194.33,2023-12-04,1,0,0,12,Zone_10,2440,1.54,35.4,Industrial,1.0,False,True,False,False,False,True,False,False,False,False,False,False,False,False,5.27469043591688,2.1736147116970854,7.018546858146634,0,Vivaan Das,18,1,Hyderabad,2019-06-24,51,9,4.93,Low,1.8813725490196078,31.831960784313726,2605,0.17647058823529413
T01107,R0095,9.11,70.09,151.09,2023-03-25,0,0,5,3,Zone_10,2440,1.54,35.4,Industrial,1.0,False,False,False,True,False,True,False,False,False,False,False,False,False,False,5.024472450884278,2.3135250330323798,8.371977066380438,0,Kavya Iyer,29,0,Chennai,2020-10-07,481,77,4.26,High,0.23856548856548856,3.907713097713098,2134,0.1600831600831601
T01108,R0182,6.64,57.07,62.99,2023-11-06,0,0,0,11,Zone_10,2440,1.54,35.4,Industrial,1.0,False,False,True,False,False,True,False,False,False,False,False,False,False,False,4.158726821151369,2.033397603178429,7.554468876102409,0,Meera Patel,43,1,Jaipur,2020-09-30,8,0,4.4,Low,6.19125,104.47625,2141,0.0
T01109,R0064,11.02,95.62,248.7,2023-09-26,0,0,1,9,Zone_9,11037,1.83,56.1,Mixed,1.0,False,True,False,False,False,False,False,False,False,False,False,False,False,True,5.520260197285728,2.4865719291070616,9.778547949465707,0,Ishaan Nair,21,0,Bengaluru,2023-09-30,214,2,4.21,Medium,0.26429906542056075,5.103691588785047,1046,0.009345794392523364
T01110,R0192,1.27,10.48,17.78,2023-01-03,0,0,1,1,Zone_8,4516,1.93,31.0,Business,1.0,False,False,True,False,False,False,False,False,False,False,False,False,True,False,2.932792473780117,0.8197798314933114,3.237282811247729,0,Aadhya Nair,31,1,Delhi,2021-08-23,449,31,3.89,High,0.03893095768374165,0.512694877505568,1814,0.06904231625835189
T01111,R0006,11.63,116.2,183.38,2024-03-03,0,0,6,3,Zone_2,6371,0.91,58.4,Residential,0.0,False,False,True,False,False,False,True,False,False,False,False,False,False,False,5.216998845370449,2.5360749363624,10.779610382569492,0,Aarav Das,45,0,Jaipur,2023-06-30,248,13,4.64,Medium,0.255,4.417056451612903,1138,0.05241935483870968
T01112,R0218,12.99,76.01,108.6,2024-01-26,0,0,4,1,Zone_5,2590,1.31,43.9,Business,1.0,False,False,False,True,False,False,False,False,False,True,False,False,False,False,4.696837374513915,2.63834278867739,8.718371407550839,0,Arjun Reddy,34,2,Delhi,2019-01-11,160,16,3.87,Low,0.31275,4.5341875,2769,0.1
T01113,R0294,11.71,68.92,242.46,2024-07-21,0,0,6,7,Zone_7,11070,0.64,45.2,Industrial,0.0,False,True,False,False,False,False,False,False,False,False,False,True,False,False,5.49495265798145,2.542389085201363,8.301807032206904,0,Arjun Reddy,24,1,Surat,2021-04-02,41,7,3.2,Low,1.3824390243902438,20.37560975609756,1957,0.17073170731707318
T01114,R0002,7.48,65.33,152.09,2024-08-03,0,0,5,8,Zone_7,11070,0.64,45.2,Industrial,0.0,False,False,False,True,False,False,False,False,False,False,False,True,False,False,5.03102598374399,2.1377104498038118,8.082697569499926,0,Ishaan Nair,39,0,Mumbai,2019-11-23,70,5,4.12,Low,1.0812857142857142,16.794428571428572,2453,0.07142857142857142
T01115,R0060,10.53,99.34,215.24,2023-05-04,0,0,3,5,Zone_3,12971,2.11,38.0,Business,2.0,False,False,True,False,False,False,False,True,False,False,False,False,False,False,5.376388901968192,2.4449523342809676,9.966945369570357,0,Aarav Nair,40,0,Hyderabad,2023-08-01,123,7,4.57,Low,0.38422764227642275,5.954308943089431,1106,0.056910569105691054
T01116,R0242,4.12,32.03,55.21,2024-05-28,0,0,1,5,Zone_6,14627,0.54,37.6,Mixed,0.0,False,True,False,False,False,False,False,False,False,False,True,False,False,False,4.029094677013983,1.6331544390514163,5.659505278732409,0,Kavya Iyer,34,1,Ahmedabad,2022-06-05,445,8,4.54,High,0.05903370786516854,0.7375056179775281,1528,0.017977528089887642
T01117,R0086,12.19,98.93,263.64,2024-03-14,0,0,3,3,Zone_5,2590,1.31,43.9,Business,1.0,True,False,False,False,False,False,False,False,False,True,False,False,False,False,5.578370411835326,2.579458966729223,9.946356116689167,0,Vivaan Patel,23,1,Hyderabad,2019-11-08,337,17,4.56,High,0.19192878338278935,3.352581602373887,2468,0.050445103857566766
T01118,R0108,2.5,16.36,30.74,2023-09-02,0,0,5,9,Zone_1,4921,2.43,30.9,Residential,2.0,False,True,False,False,True,False,False,False,False,False,False,False,False,False,3.457577715098263,1.252762968495368,4.044749683231337,0,Reyansh Gupta,18,1,Pune,2019-05-31,184,32,4.88,Medium,0.23695652173913045,4.754836956521739,2629,0.17391304347826086
T01119,R0280,10.97,56.48,178.73,2023-02-14,0,0,1,2,Zone_2,6371,0.91,58.4,Residential,0.0,False,False,False,True,False,False,True,False,False,False,False,False,False,False,5.1914557247639435,2.482403519569882,7.515317691222374,0,Saanvi Gupta,26,2,Chennai,2023-05-31,172,23,4.43,Medium,0.29517441860465116,4.2749999999999995,1168,0.13372093023255813
T01120,R0172,10.66,56.81,244.47,2023-05-13,0,0,5,5,Zone_9,11037,1.83,56.1,Mixed,1.0,False,False,True,False,False,False,False,False,False,False,False,False,False,True,5.503174740174929,2.4561641809223462,7.5372408744845085,0,Reyansh Reddy,31,2,Pune,2019-12-24,168,14,3.72,Medium,0.5050595238095238,8.86077380952381,2422,0.08333333333333333
T01121,R0292,10.03,88.93,156.58,2024-03-23,0,0,5,3,Zone_5,2590,1.31,43.9,Business,1.0,False,True,False,False,False,False,False,False,False,True,False,False,False,False,5.059933265817542,2.400618833265411,9.430270409696638,0,Diya Patel,37,0,Jaipur,2020-06-28,141,19,4.39,Low,0.5628368794326241,8.070141843971632,2235,0.1347517730496454
T01122,R0055,5.76,52.2,101.78,2023-11-05,0,0,6,11,Zone_4,4038,2.46,48.2,Business,2.0,False,True,False,False,False,False,False,False,True,False,False,False,False,False,4.632590781564083,1.9110228900548727,7.224956747275377,0,Kavya Singh,32,1,Delhi,2021-11-07,425,12,4.19,High,0.16870588235294118,2.610729411764706,1738,0.02823529411764706
T01123,R0296,11.8,103.58,106.02,2024-01-05,0,0,4,1,Zone_8,4516,1.93,31.0,Business,1.0,True,False,False,False,False,False,False,False,False,False,False,False,True,False,4.673015732883159,2.5494451709255714,10.17742600071354,0,Reyansh Patel,37,2,Hyderabad,2021-02-20,390,58,3.97,High,0.20374358974358978,3.349897435897436,1998,0.14871794871794872
T01124,R0104,1.19,9.21,29.08,2023-08-24,1,0,3,8,Zone_5,2590,1.31,43.9,Business,1.0,True,False,False,False,False,False,False,False,False,True,False,False,False,False,3.403860499081639,0.7839015438284094,3.034798181098704,0,Diya Gupta,52,1,Kolkata,2021-05-27,328,1,3.7,High,0.14234756097560977,2.3335060975609756,1902,0.003048780487804878
T01125,R0072,11.89,107.51,104.44,2023-05-23,0,0,1,5,Zone_8,4516,1.93,31.0,Business,1.0,False,False,True,False,False,False,False,False,False,False,False,False,True,False,4.658142070754197,2.556451816951096,10.368702908271603,0,Saanvi Das,25,2,Jaipur,2023-11-05,62,10,4.07,Low,0.7845161290322581,11.808709677419355,1010,0.16129032258064516
T01126,R0079,8.96,61.07,138.99,2024-01-06,0,0,5,1,Zone_2,6371,0.91,58.4,Residential,0.0,False,False,False,True,False,False,True,False,False,False,False,False,False,False,4.941570991486734,2.298577071596507,7.814729681825213,0,Ishaan Nair,25,1,Bengaluru,2020-09-23,146,28,4.92,Low,0.24972602739726027,4.194589041095891,2148,0.1917808219178082
T01127,R0133,13.25,93.39,167.01,2024-05-19,0,0,6,5,Zone_3,12971,2.11,38.0,Business,2.0,False,False,True,False,False,False,False,True,False,False,False,False,False,False,5.124023501441311,2.6567569067146595,9.66385016440135,0,Diya Kumar,25,0,Delhi,2019-07-13,155,11,4.4,Low,0.4186451612903226,5.272709677419355,2586,0.07096774193548387
T01128,R0071,9.0,58.88,98.07,2023-06-28,0,0,2,6,Zone_2,6371,0.91,58.4,Residential,0.0,False,False,True,False,False,False,True,False,False,False,False,False,False,False,4.5958266709849385,2.302585092994046,7.6733304373003515,0,Vivaan Nair,35,1,Ahmedabad,2021-01-09,67,4,3.82,Low,0.21567164179104475,3.4297014925373133,2040,0.05970149253731343
T01129,R0146,17.19,127.78,178.73,2024-01-05,0,0,4,1,Zone_2,6371,0.91,58.4,Residential,0.0,False,True,False,False,False,False,True,False,False,False,False,False,False,False,5.1914557247639435,2.900871992530031,11.303981599418853,0,Kavya Gupta,30,1,Surat,2020-04-15,80,11,3.89,Low,0.843,11.730875000000001,2309,0.1375
T01130,R0262,3.29,17.71,79.68,2024-04-23,1,0,1,4,Zone_8,4516,1.93,31.0,Business,1.0,True,False,False,False,False,False,False,False,False,False,False,False,True,False,4.390490713086011,1.4562867329399256,4.208325082500163,0,Meera Singh,30,1,Ahmedabad,2019-04-21,6,0,3.35,Low,9.936666666666667,161.22666666666666,2669,0.0
T01131,R0044,11.05,86.86,214.61,2024-03-09,0,0,5,3,Zone_7,11070,0.64,45.2,Industrial,0.0,False,True,False,False,False,False,False,False,False,False,False,True,False,False,5.373471220148461,2.489064659936664,9.319871243745807,0,Arjun Gupta,36,0,Hyderabad,2020-08-01,271,5,3.21,Medium,0.37734317343173435,6.127380073800738,2201,0.01845018450184502
T01132,R0225,3.57,34.45,71.15,2024-06-24,0,0,0,6,Zone_1,4921,2.43,30.9,Residential,2.0,True,False,False,False,True,False,False,False,False,False,False,False,False,False,4.27874728521988,1.5195132049061133,5.869412236331676,0,Ishaan Sharma,39,0,Delhi,2020-06-15,465,9,4.08,High,0.10393548387096774,1.4471397849462366,2248,0.01935483870967742
T01133,R0020,7.37,52.98,176.44,2023-06-15,0,0,3,6,Zone_5,2590,1.31,43.9,Business,1.0,False,True,False,False,False,False,False,False,False,True,False,False,False,False,5.178632523602057,2.124653884501384,7.2787361540311375,0,Diya Das,35,0,Chennai,2019-09-17,274,21,4.03,Medium,0.19653284671532847,2.722846715328467,2520,0.07664233576642336
T01134,R0104,11.71,87.2,262.76,2024-04-12,0,0,4,4,Zone_2,6371,0.91,58.4,Residential,0.0,False,False,True,False,False,False,True,False,False,False,False,False,False,False,5.5750395987634755,2.542389085201363,9.338094023943002,0,Diya Gupta,52,1,Kolkata,2021-05-27,328,1,3.7,High,0.14234756097560977,2.3335060975609756,1902,0.003048780487804878
T01135,R0246,11.13,92.96,251.81,2023-08-15,0,0,1,8,Zone_5,2590,1.31,43.9,Business,1.0,False,True,False,False,False,False,False,False,False,True,False,False,False,False,5.532638218452371,2.495681722955959,9.64157663455516,0,Vivaan Das,29,2,Mumbai,2021-03-31,240,34,4.79,Medium,0.34891666666666665,6.460624999999999,1959,0.14166666666666666
T01136,R0160,18.4,146.43,213.49,2023-09-15,0,0,4,9,Zone_10,2440,1.54,35.4,Industrial,1.0,False,False,True,False,False,True,False,False,False,False,False,False,False,False,5.3682631172347035,2.9652730660692823,12.100826418059222,0,Kavya Nair,30,1,Surat,2021-06-16,438,7,4.42,High,0.07472602739726027,0.906255707762557,1882,0.01598173515981735
T01137,R0209,6.24,35.59,52.27,2024-07-17,0,0,2,7,Zone_3,12971,2.11,38.0,Business,2.0,False,False,False,True,False,False,False,True,False,False,False,False,False,False,3.9753733209289077,1.979621206397625,5.965735495309862,0,Vivaan Sharma,31,2,Surat,2020-06-11,109,20,3.77,Low,0.5368807339449542,6.743944954128441,2252,0.1834862385321101
T01138,R0137,14.43,122.32,159.75,2023-05-08,0,0,0,5,Zone_7,11070,0.64,45.2,Industrial,0.0,False,False,True,False,False,False,False,False,False,False,False,True,False,False,5.079850363117729,2.7363136663750693,11.059837250158791,0,Arjun Gupta,27,1,Bengaluru,2021-08-10,166,32,3.14,Medium,0.49596385542168675,9.032349397590362,1827,0.1927710843373494
T01139,R0022,6.73,40.71,154.02,2023-03-22,0,0,2,3,Zone_7,11070,0.64,45.2,Industrial,0.0,False,True,False,False,False,False,False,False,False,False,False,True,False,False,5.043554140853366,2.0451088625993306,6.380438856379708,0,Aarav Nair,43,0,Kolkata,2020-09-14,220,1,3.32,Medium,0.2375,3.760090909090909,2157,0.004545454545454545
T01140,R0164,4.5,44.65,99.91,2024-06-15,0,0,5,6,Zone_4,4038,2.46,48.2,Business,2.0,False,False,False,True,False,False,False,False,True,False,False,False,False,False,4.614229030476437,1.7047480922384253,6.682065548915245,0,Aadhya Ghosh,37,2,Ahmedabad,2022-07-06,249,23,4.02,Medium,0.40273092369477914,7.062208835341366,1497,0.09236947791164658
T01141,R0030,0.11,0.64,3.27,2024-08-05,1,0,0,8,Zone_6,14627,0.54,37.6,Mixed,0.0,False,False,True,False,False,False,False,False,False,False,True,False,False,False,1.451613827240533,0.10436001532424277,0.8,0,Saanvi Patel,25,2,Mumbai,2021-01-08,442,58,3.72,High,0.1833710407239819,3.5865384615384617,2041,0.13122171945701358
T01142,R0178,8.81,51.87,89.49,2023-08-30,0,0,2,8,Zone_1,4921,2.43,30.9,Residential,2.0,False,False,True,False,True,False,False,False,False,False,False,False,False,False,4.505239347363042,2.2834022735772717,7.202083032012336,0,Saanvi Ghosh,27,1,Delhi,2021-05-15,56,7,3.13,Low,1.1296428571428572,18.581071428571427,1914,0.125
T01143,R0103,5.39,47.46,121.44,2023-05-07,0,0,6,5,Zone_5,2590,1.31,43.9,Business,1.0,True,False,False,False,False,False,False,False,False,True,False,False,False,False,4.807621114077212,1.8547342683894434,6.889121859859935,0,Ishaan Gupta,37,2,Surat,2022-11-24,175,14,3.07,Medium,0.40817142857142863,7.065371428571429,1356,0.08
T01144,R0105,12.24,61.4,157.65,2023-07-01,0,0,5,7,Zone_6,14627,0.54,37.6,Mixed,0.0,True,False,False,False,False,False,False,False,False,False,True,False,False,False,5.066700518029204,2.5832425505088623,7.835815209663893,0,Diya Das,31,0,Jaipur,2020-09-28,346,9,3.69,High,0.27514450867052026,3.7604624277456646,2143,0.02601156069364162
T01145,R0250,5.36,44.08,84.12,2024-02-12,0,0,0,2,Zone_2,6371,0.91,58.4,Residential,0.0,False,True,False,False,False,False,True,False,False,False,False,False,False,False,4.444062025593334,1.8500283773520307,6.6392770690791325,0,Aadhya Iyer,34,0,Jaipur,2021-02-01,163,31,4.63,Low,0.46208588957055213,6.91601226993865,2017,0.1901840490797546
T01146,R0271,5.62,40.07,81.25,2024-04-03,0,0,2,4,Zone_3,12971,2.11,38.0,Business,2.0,False,False,False,True,False,False,False,True,False,False,False,False,False,False,4.409763389645481,1.890095369948917,6.330086887239385,0,Saanvi Iyer,22,1,Bengaluru,2022-10-07,58,6,4.37,Low,1.1210344827586207,16.013448275862068,1404,0.10344827586206896
T01147,R0252,9.77,89.81,121.46,2024-05-06,0,0,0,5,Zone_8,4516,1.93,31.0,Business,1.0,False,True,False,False,False,False,False,False,False,False,False,False,True,False,4.8077844460498085,2.3767644911682972,9.476813810558905,0,Reyansh Gupta,38,2,Ahmedabad,2020-09-23,392,47,4.83,High,0.25614795918367345,4.290943877551021,2148,0.11989795918367346
T01148,R0181,16.61,84.85,292.75,2023-05-24,0,0,2,5,Zone_5,2590,1.31,43.9,Business,1.0,True,False,False,False,False,False,False,False,False,True,False,False,False,False,5.682729065458369,2.8684669225081145,9.211405973031479,0,Arjun Patel,32,1,Hyderabad,2019-01-09,349,32,3.75,High,0.08501432664756446,1.329484240687679,2771,0.09169054441260745
T01149,R0016,2.56,13.49,39.28,2024-07-16,0,0,1,7,Zone_10,2440,1.54,35.4,Industrial,1.0,True,False,False,False,False,True,False,False,False,False,False,False,False,False,3.6958550678503617,1.269760544863939,3.6728735344413916,0,Aarav Iyer,28,0,Delhi,2022-01-24,356,51,3.06,High,0.11584269662921348,1.9316853932584273,1660,0.14325842696629212
T01150,R0164,13.09,116.53,281.31,2023-04-07,0,0,4,4,Zone_7,11070,0.64,45.2,Industrial,0.0,False,False,False,True,False,False,False,False,False,False,False,True,False,False,5.64300575794059,2.645465325910589,10.79490620616965,0,Aadhya Ghosh,37,2,Ahmedabad,2022-07-06,249,23,4.02,Medium,0.40273092369477914,7.062208835341366,1497,0.09236947791164658
T01151,R0018,12.37,100.7,283.95,2024-07-21,0,0,6,7,Zone_7,11070,0.64,45.2,Industrial,0.0,False,False,True,False,False,False,False,False,False,False,False,True,False,False,5.652313726281008,2.5930133911138515,10.03493896344168,0,Aarav Reddy,49,0,Delhi,2023-01-09,446,86,3.29,High,0.12150224215246637,2.3415470852017934,1310,0.19282511210762332
T01152,R0083,6.9,45.91,114.37,2024-01-12,0,0,4,1,Zone_3,12971,2.11,38.0,Business,2.0,True,False,False,False,False,False,False,True,False,False,False,False,False,False,4.748144354939198,2.066862759472976,6.775691846593969,0,Kavya Patel,45,0,Mumbai,2021-12-31,475,39,4.4,High,0.19498947368421055,2.9796421052631583,1684,0.08210526315789474
T01153,R0226,11.38,88.26,165.7,2024-08-15,0,0,3,8,Zone_3,12971,2.11,38.0,Business,2.0,False,True,False,False,False,False,False,True,False,False,False,False,False,False,5.116195789756748,2.5160822672564502,9.394679345246436,0,Aarav Iyer,20,2,Surat,2021-07-30,266,2,3.25,Medium,0.2000375939849624,3.408571428571429,1838,0.007518796992481203
T01154,R0183,6.58,47.62,54.52,2024-05-12,0,0,6,5,Zone_3,12971,2.11,38.0,Business,2.0,True,False,False,False,False,False,False,True,False,False,False,False,False,False,4.016743316198549,2.0255131996542803,6.900724599634447,0,Arjun Patel,43,2,Jaipur,2022-08-27,406,66,3.79,High,0.14231527093596058,2.0964039408866997,1445,0.1625615763546798
T01155,R0154,19.86,142.38,189.24,2023-12-11,0,0,0,12,Zone_10,2440,1.54,35.4,Industrial,1.0,False,True,False,False,False,True,False,False,False,False,False,False,False,False,5.248286432942471,3.0378334495726262,11.932309080810805,0,Kavya Patel,18,2,Kolkata,2019-03-25,466,79,4.68,High,0.2974678111587983,4.419570815450644,2696,0.16952789699570817
T01156,R0234,7.44,68.85,171.29,2024-06-25,0,0,1,6,Zone_1,4921,2.43,30.9,Residential,2.0,True,False,False,False,True,False,False,False,False,False,False,False,False,False,5.149179103544315,2.132982308607866,8.297590011563598,0,Saanvi Nair,32,2,Pune,2022-12-01,183,31,3.98,Medium,0.34677595628415303,6.222677595628415,1349,0.16939890710382513
T01157,R0231,8.4,75.64,141.77,2024-07-17,0,0,2,7,Zone_7,11070,0.64,45.2,Industrial,0.0,True,False,False,False,False,False,False,False,False,False,False,True,False,False,4.961234943801129,2.2407096892759584,8.69712596206356,0,Ishaan Nair,19,2,Mumbai,2019-08-26,328,22,4.81,High,0.18076219512195124,2.230274390243902,2542,0.06707317073170732
T01158,R0197,6.37,41.96,155.87,2023-10-07,1,0,5,10,Zone_8,4516,1.93,31.0,Business,1.0,False,False,True,False,False,False,False,False,False,False,False,False,True,False,5.055417436868149,1.9974177062012453,6.477653896280659,0,Saanvi Das,29,0,Bengaluru,2020-10-08,475,87,3.87,High,0.14964210526315788,2.048421052631579,2133,0.1831578947368421
T01159,R0212,0.47,4.04,4.82,2023-06-10,0,0,5,6,Zone_7,11070,0.64,45.2,Industrial,0.0,False,False,False,True,False,False,False,False,False,False,False,True,False,False,1.7613002617433464,0.3852624007906449,2.009975124224178,0,Aadhya Iyer,36,0,Ahmedabad,2023-09-11,73,12,3.22,Low,0.8024657534246575,15.458767123287672,1065,0.1643835616438356
T01160,R0094,6.68,65.51,134.89,2023-03-17,0,0,4,3,Zone_3,12971,2.11,38.0,Business,2.0,False,False,False,True,False,False,False,True,False,False,False,False,False,False,4.911845734932406,2.038619547159581,8.093824806604106,0,Diya Iyer,41,2,Delhi,2023-04-13,480,62,4.87,High,0.09941666666666667,1.5616666666666668,1216,0.12916666666666668
T01161,R0021,9.16,49.15,114.53,2024-08-06,0,0,1,8,Zone_3,12971,2.11,38.0,Business,2.0,False,False,True,False,False,False,False,True,False,False,False,False,False,False,4.749530236494927,2.318458442150336,7.010706098532443,0,Diya Ghosh,37,0,Pune,2019-05-08,380,17,3.91,High,0.09136842105263157,1.7853684210526317,2652,0.04473684210526316
T01162,R0013,15.5,122.4,248.96,2024-02-05,0,0,0,2,Zone_4,4038,2.46,48.2,Business,2.0,True,False,False,False,False,False,False,False,True,False,False,False,False,False,5.521300905060881,2.803360380906535,11.063453348751466,0,Ishaan Gupta,43,0,Kolkata,2019-04-01,6,0,3.91,Low,13.418333333333335,238.80666666666664,2689,0.0
T01163,R0052,10.46,55.26,108.33,2024-04-13,0,0,5,4,Zone_5,2590,1.31,43.9,Business,1.0,True,False,False,False,False,False,False,False,False,True,False,False,False,False,4.694370831446394,2.4388627112865935,7.43370701601832,0,Reyansh Singh,23,2,Hyderabad,2021-03-09,40,7,4.74,Low,0.76475,12.866499999999998,1981,0.175
T01164,R0126,7.05,66.14,86.28,2023-12-15,0,0,4,12,Zone_9,11037,1.83,56.1,Mixed,1.0,False,True,False,False,False,False,False,False,False,False,False,False,False,True,4.469121341524815,2.0856720914304723,8.132650244538985,0,Diya Reddy,29,0,Surat,2022-09-25,411,20,3.65,High,0.08686131386861315,1.009537712895377,1416,0.04866180048661801
T01165,R0032,8.3,67.39,175.63,2023-12-15,0,0,4,12,Zone_3,12971,2.11,38.0,Business,2.0,False,False,True,False,False,False,False,True,False,False,False,False,False,False,5.174057149167352,2.2300144001592104,8.209141246196218,0,Kavya Reddy,18,0,Mumbai,2023-09-20,213,24,4.0,Medium,0.3107511737089202,6.473192488262911,1056,0.11267605633802817
T01166,R0142,9.64,71.93,131.44,2023-07-01,0,0,5,7,Zone_1,4921,2.43,30.9,Residential,2.0,False,True,False,False,True,False,False,False,False,False,False,False,False,False,4.886129712679046,2.3646204839134985,8.481155581640984,0,Meera Nair,33,0,Kolkata,2021-03-04,78,5,3.48,Low,0.3476923076923077,5.378205128205129,1986,0.0641025641025641
T01167,R0130,6.11,44.64,64.43,2024-01-06,0,0,5,1,Zone_9,11037,1.83,56.1,Mixed,1.0,True,False,False,False,False,False,False,False,False,False,False,False,False,True,4.180980868881647,1.9615022438151495,6.681317235396026,0,Diya Ghosh,27,0,Pune,2019-02-16,316,62,3.62,Medium,0.1610759493670886,2.836487341772152,2733,0.1962025316455696
T01168,R0063,11.41,106.3,220.99,2024-05-20,0,0,0,5,Zone_4,4038,2.46,48.2,Business,2.0,False,False,False,True,False,False,False,False,True,False,False,False,False,False,5.402632335812676,2.5185025992165158,10.310189135025603,0,Diya Iyer,34,1,Surat,2023-04-21,329,33,4.83,High,0.2053191489361702,3.7828571428571425,1208,0.10030395136778116
T01169,R0241,16.13,160.35,197.92,2023-11-09,0,0,3,11,Zone_5,2590,1.31,43.9,Business,1.0,False,True,False,False,False,False,False,False,False,True,False,False,False,False,5.292902733846538,2.8408313123360287,12.662938047704412,0,Kavya Gupta,34,0,Chennai,2020-01-13,165,3,3.28,Medium,0.2770909090909091,4.619090909090909,2402,0.01818181818181818
T01170,R0285,6.18,37.37,85.02,2023-03-17,0,0,4,3,Zone_2,6371,0.91,58.4,Residential,0.0,True,False,False,False,False,False,True,False,False,False,False,False,False,False,4.45457982735559,1.9712993830601329,6.11310068623117,0,Diya Iyer,29,0,Chennai,2019-01-10,244,16,4.97,Medium,0.25774590163934424,4.5302459016393435,2770,0.06557377049180328
T01171,R0239,14.04,139.0,244.43,2023-02-23,0,0,3,2,Zone_6,14627,0.54,37.6,Mixed,0.0,False,True,False,False,False,False,False,False,False,False,True,False,False,False,5.503011774193717,2.7107133185216936,11.789826122551595,0,Diya Iyer,36,1,Mumbai,2020-03-13,268,10,3.36,Medium,0.05921641791044776,0.9863059701492537,2342,0.03731343283582089
T01172,R0066,12.38,74.37,101.96,2024-04-14,0,0,6,4,Zone_7,11070,0.64,45.2,Industrial,0.0,False,False,True,False,False,False,False,False,False,False,False,True,False,False,4.634340563287871,2.5937610547000824,8.623804264940155,0,Arjun Patel,38,0,Bengaluru,2022-06-03,167,28,4.72,Medium,0.25431137724550895,3.449940119760479,1530,0.16766467065868262
T01173,R0202,10.69,59.82,106.28,2023-01-04,0,0,2,1,Zone_2,6371,0.91,58.4,Residential,0.0,True,False,False,False,False,False,True,False,False,False,False,False,False,False,4.675442238973423,2.458733775483977,7.734339015067803,0,Aadhya Reddy,27,1,Ahmedabad,2021-10-28,317,0,4.72,Medium,0.23249211356466878,2.86794952681388,1748,0.0
T01174,R0182,8.56,69.75,149.43,2024-07-27,0,0,5,7,Zone_1,4921,2.43,30.9,Residential,2.0,False,False,True,False,True,False,False,False,False,False,False,False,False,False,5.013497859709733,2.25758772706331,8.351646544245034,0,Meera Patel,43,1,Jaipur,2020-09-30,8,0,4.4,Low,6.19125,104.47625,2141,0.0
T01175,R0122,9.69,65.12,237.59,2024-03-16,1,0,5,3,Zone_10,2440,1.54,35.4,Industrial,1.0,True,False,False,False,False,True,False,False,False,False,False,False,False,False,5.474746597637154,2.3693087250369538,8.069696400732806,0,Ishaan Patel,27,0,Kolkata,2022-11-22,324,17,4.98,Medium,0.05098765432098765,1.0863888888888888,1358,0.05246913580246913
T01176,R0250,6.91,41.03,166.82,2023-05-02,0,0,1,5,Zone_3,12971,2.11,38.0,Business,2.0,True,False,False,False,False,False,False,True,False,False,False,False,False,False,5.122891976441923,2.0681277817795625,6.4054664154923175,0,Aadhya Iyer,34,0,Jaipur,2021-02-01,163,31,4.63,Low,0.46208588957055213,6.91601226993865,2017,0.1901840490797546
T01177,R0253,17.18,169.04,379.63,2023-06-17,0,0,5,6,Zone_6,14627,0.54,37.6,Mixed,0.0,False,False,False,True,False,False,False,False,False,False,True,False,False,False,5.94182777466688,2.900322088749333,13.001538370516005,0,Ishaan Gupta,26,1,Surat,2021-08-19,173,24,3.16,Medium,0.28797687861271676,4.304104046242775,1818,0.13872832369942195
T01178,R0131,4.41,41.48,64.51,2023-05-07,0,0,6,5,Zone_5,2590,1.31,43.9,Business,1.0,False,True,False,False,False,False,False,False,False,True,False,False,False,False,4.182202802743785,1.6882490928583902,6.440496875241847,0,Reyansh Ghosh,24,1,Surat,2019-10-22,99,7,3.6,Low,0.2724242424242424,4.396262626262627,2485,0.0707070707070707
T01179,R0191,13.67,108.06,329.01,2023-05-07,0,0,6,5,Zone_4,4038,2.46,48.2,Business,2.0,False,True,False,False,False,False,False,False,True,False,False,False,False,False,5.7991229570317016,2.6858045921548905,10.395191195932858,0,Meera Gupta,33,2,Surat,2020-08-14,87,6,4.56,Low,0.9559770114942528,15.24735632183908,2188,0.06896551724137931
T01180,R0044,15.75,82.66,363.04,2023-01-04,0,0,2,1,Zone_3,12971,2.11,38.0,Business,2.0,False,False,True,False,False,False,False,True,False,False,False,False,False,False,5.897263751709155,2.8183982582710754,9.091754506144564,0,Arjun Gupta,36,0,Hyderabad,2020-08-01,271,5,3.21,Medium,0.37734317343173435,6.127380073800738,2201,0.01845018450184502
T01181,R0252,6.38,61.03,138.42,2023-03-03,0,0,4,3,Zone_6,14627,0.54,37.6,Mixed,0.0,True,False,False,False,False,False,False,False,False,False,True,False,False,False,4.937490960058253,1.998773638612381,7.812169993030106,0,Reyansh Gupta,38,2,Ahmedabad,2020-09-23,392,47,4.83,High,0.25614795918367345,4.290943877551021,2148,0.11989795918367346
T01182,R0072,13.83,122.5,281.82,2023-03-03,0,0,4,3,Zone_8,4516,1.93,31.0,Business,1.0,False,True,False,False,False,False,False,False,False,False,False,False,True,False,5.64481065287963,2.696652156149841,11.067971810589327,0,Saanvi Das,25,2,Jaipur,2023-11-05,62,10,4.07,Low,0.7845161290322581,11.808709677419355,1010,0.16129032258064516
T01183,R0115,8.72,69.04,110.42,2023-08-07,0,0,0,8,Zone_7,11070,0.64,45.2,Industrial,0.0,True,False,False,False,False,False,False,False,False,False,False,True,False,False,4.71330684459267,2.2741856184723477,8.309031231136396,0,Aarav Ghosh,40,0,Bengaluru,2020-03-01,170,15,4.4,Medium,0.49105882352941177,8.388058823529413,2354,0.08823529411764706
T01184,R0230,8.31,54.59,85.45,2023-01-02,0,0,0,1,Zone_10,2440,1.54,35.4,Industrial,1.0,False,False,True,False,False,True,False,False,False,False,False,False,False,False,4.4595662121293,2.231089091288976,7.38850458482635,0,Kavya Gupta,32,1,Chennai,2022-11-22,183,23,3.65,Medium,0.32054644808743166,4.962950819672131,1358,0.12568306010928962
T01185,R0177,7.63,69.09,99.76,2023-10-17,0,0,1,10,Zone_9,11037,1.83,56.1,Mixed,1.0,True,False,False,False,False,False,False,False,False,False,False,False,False,True,4.61274145148441,2.1552445050953364,8.312039460926542,0,Ishaan Reddy,34,2,Bengaluru,2023-02-15,489,63,4.48,High,0.23668711656441715,3.8175051124744375,1273,0.12883435582822086
T01186,R0191,0.07,0.37,3.27,2023-10-27,1,0,4,10,Zone_5,2590,1.31,43.9,Business,1.0,True,False,False,False,False,False,False,False,False,True,False,False,False,False,1.451613827240533,0.06765864847381481,0.6082762530298219,0,Meera Gupta,33,2,Surat,2020-08-14,87,6,4.56,Low,0.9559770114942528,15.24735632183908,2188,0.06896551724137931
T01187,R0200,10.74,71.5,180.04,2024-02-22,0,0,3,2,Zone_1,4921,2.43,30.9,Residential,2.0,False,False,True,False,True,False,False,False,False,False,False,False,False,False,5.198718001325282,2.4630018143999504,8.455767262643882,0,Kavya Kumar,30,2,Bengaluru,2021-11-15,443,87,3.6,High,0.09022573363431151,1.1048532731376977,1730,0.1963882618510158
T01188,R0073,15.22,114.91,136.56,2023-12-30,0,0,5,12,Zone_9,11037,1.83,56.1,Mixed,1.0,False,False,True,False,False,False,False,False,False,False,False,False,False,True,4.924060185564065,2.7862450486872667,10.719608201795436,0,Meera Das,41,2,Ahmedabad,2021-06-19,490,30,3.01,High,0.16042857142857142,2.6034693877551023,1879,0.061224489795918366
T01189,R0224,4.48,38.75,48.76,2023-04-02,0,0,6,4,Zone_10,2440,1.54,35.4,Industrial,1.0,True,False,False,False,False,True,False,False,False,False,False,False,False,False,3.907211448430924,1.7011051009599243,6.224949798994366,0,Ishaan Sharma,29,0,Ahmedabad,2020-08-04,200,1,4.31,Medium,0.20855,2.5707,2198,0.005
T01190,R0244,12.24,85.58,237.42,2023-07-16,0,0,6,7,Zone_8,4516,1.93,31.0,Business,1.0,False,False,False,True,False,False,False,False,False,False,False,False,True,False,5.474033824289855,2.5832425505088623,9.250945897582582,0,Aadhya Iyer,24,0,Kolkata,2019-04-22,27,1,3.13,Low,1.307777777777778,24.00777777777778,2668,0.037037037037037035
T01191,R0084,7.57,43.46,141.47,2024-08-04,0,0,6,8,Zone_6,14627,0.54,37.6,Mixed,0.0,True,False,False,False,False,False,False,False,False,False,True,False,False,False,4.9591314512291405,2.1482677326096886,6.592419889539804,0,Kavya Sharma,38,1,Jaipur,2019-07-21,366,6,4.67,High,0.20464480874316943,3.923060109289618,2578,0.01639344262295082
T01192,R0108,2.54,20.77,23.83,2023-03-02,0,0,3,3,Zone_1,4921,2.43,30.9,Residential,2.0,True,False,False,False,True,False,False,False,False,False,False,False,False,False,3.2120525995200753,1.264126727145683,4.557411546042337,0,Reyansh Gupta,18,1,Pune,2019-05-31,184,32,4.88,Medium,0.23695652173913045,4.754836956521739,2629,0.17391304347826086
T01193,R0163,12.99,115.6,206.05,2023-11-02,0,0,3,11,Zone_4,4038,2.46,48.2,Business,2.0,True,False,False,False,False,False,False,False,True,False,False,False,False,False,5.332960309991576,2.63834278867739,10.75174404457249,0,Kavya Gupta,33,2,Ahmedabad,2020-02-20,302,21,3.56,Medium,0.06221854304635761,1.0750993377483444,2364,0.0695364238410596
T01194,R0189,16.43,110.61,370.62,2023-01-22,0,0,6,1,Zone_10,2440,1.54,35.4,Industrial,1.0,False,False,False,True,False,True,False,False,False,False,False,False,False,False,5.917871826804609,2.8581928595319295,10.517128885774863,0,Reyansh Gupta,29,0,Delhi,2019-09-16,238,42,3.28,Medium,0.30264705882352944,6.2214285714285715,2521,0.17647058823529413
T01195,R0221,4.03,31.97,76.46,2024-02-28,0,0,2,2,Zone_9,11037,1.83,56.1,Mixed,1.0,False,True,False,False,False,False,False,False,False,False,False,False,False,True,4.349761674086606,1.6154199841116479,5.654201977290871,0,Diya Patel,21,0,Delhi,2021-01-13,106,1,4.41,Low,0.5540566037735849,8.615943396226415,2036,0.009433962264150943
T01196,R0290,9.08,79.35,184.31,2023-06-10,0,0,5,6,Zone_10,2440,1.54,35.4,Industrial,1.0,True,False,False,False,False,True,False,False,False,False,False,False,False,False,5.222030098375917,2.3105532626432224,8.907861696277058,0,Saanvi Kumar,34,2,Chennai,2020-05-06,169,4,4.28,Medium,0.40366863905325445,6.376745562130178,2288,0.023668639053254437
T01197,R0252,0.8,5.53,18.9,2024-04-16,0,0,1,4,Zone_6,14627,0.54,37.6,Mixed,0.0,False,False,False,True,False,False,False,False,False,False,True,False,False,False,2.990719731730447,0.5877866649021191,2.3515952032609695,0,Reyansh Gupta,38,2,Ahmedabad,2020-09-23,392,47,4.83,High,0.25614795918367345,4.290943877551021,2148,0.11989795918367346
T01198,R0208,7.79,60.7,119.71,2023-04-08,0,0,5,4,Zone_3,12971,2.11,38.0,Business,2.0,False,False,True,False,False,False,False,True,False,False,False,False,False,False,4.793390974713035,2.1736147116970854,7.791020472312982,0,Aadhya Iyer,24,2,Chennai,2020-01-08,356,53,4.75,High,0.13882022471910113,1.691376404494382,2407,0.14887640449438203
T01199,R0083,10.43,100.41,159.66,2024-05-24,0,0,4,5,Zone_3,12971,2.11,38.0,Business,2.0,False,False,True,False,False,False,False,True,False,False,False,False,False,False,5.079290330745667,2.4362414778067194,10.020479030465559,0,Kavya Patel,45,0,Mumbai,2021-12-31,475,39,4.4,High,0.19498947368421055,2.9796421052631583,1684,0.08210526315789474
T01200,R0064,16.76,125.35,354.36,2024-03-29,0,0,4,3,Zone_1,4921,2.43,30.9,Residential,2.0,False,True,False,False,True,False,False,False,False,False,False,False,False,False,5.873131360146117,2.876948737564024,11.195981421920992,0,Ishaan Nair,21,0,Bengaluru,2023-09-30,214,2,4.21,Medium,0.26429906542056075,5.103691588785047,1046,0.009345794392523364
T01201,R0187,15.79,83.24,239.29,2024-06-26,0,0,2,6,Zone_4,4038,2.46,48.2,Business,2.0,True,False,False,False,False,False,False,False,True,False,False,False,False,False,5.481846527228154,2.8207834710894493,9.123595782365635,0,Saanvi Reddy,27,2,Surat,2022-08-05,357,38,4.71,High,0.21170868347338936,3.818879551820728,1467,0.10644257703081232
T01202,R0203,16.21,127.57,294.23,2023-07-27,0,0,3,7,Zone_7,11070,0.64,45.2,Industrial,0.0,True,False,False,False,False,False,False,False,False,False,False,True,False,False,5.687754713579004,2.845490610223448,11.294689017409908,0,Kavya Gupta,49,0,Bengaluru,2023-07-25,152,9,3.6,Low,0.25513157894736843,4.596381578947369,1113,0.05921052631578947
T01203,R0008,5.36,39.28,112.46,2023-11-18,0,0,5,11,Zone_5,2590,1.31,43.9,Business,1.0,False,True,False,False,False,False,False,False,False,True,False,False,False,False,4.731450351898421,1.8500283773520307,6.267375846396959,0,Ishaan Ghosh,28,0,Jaipur,2022-10-01,215,23,4.02,Medium,0.22441860465116278,4.1547441860465115,1410,0.10697674418604651
T01204,R0300,6.77,37.69,106.62,2023-06-26,0,0,0,6,Zone_4,4038,2.46,48.2,Business,2.0,True,False,False,False,False,False,False,False,True,False,False,False,False,False,4.678606504061274,2.050270164379556,6.139218191268331,0,Saanvi Iyer,38,0,Kolkata,2023-07-08,291,7,3.67,Medium,0.1885910652920962,3.4253264604810996,1130,0.024054982817869417
T01205,R0068,0.32,2.47,7.58,2024-03-22,0,0,4,3,Zone_4,4038,2.46,48.2,Business,2.0,False,True,False,False,False,False,False,False,True,False,False,False,False,False,2.149433913499871,0.2776317365982795,1.5716233645501712,0,Meera Singh,30,0,Ahmedabad,2022-08-31,456,70,4.97,High,0.15745614035087718,2.4136622807017547,1441,0.15350877192982457
T01206,R0121,4.42,24.44,107.66,2023-06-21,1,0,2,6,Zone_2,6371,0.91,58.4,Residential,0.0,True,False,False,False,False,False,True,False,False,False,False,False,False,False,4.688223741123377,1.6900958154515549,4.94368283772331,0,Diya Iyer,29,1,Pune,2023-07-13,378,10,4.17,High,0.23269841269841268,3.8740211640211637,1125,0.026455026455026454
T01207,R0003,0.74,6.07,12.1,2024-02-08,0,0,3,2,Zone_9,11037,1.83,56.1,Mixed,1.0,False,False,False,True,False,False,False,False,False,False,False,False,False,True,2.5726122302071057,0.5538851132264376,2.463736998950984,0,Kavya Reddy,34,1,Pune,2023-05-04,45,9,3.76,Low,1.5040000000000002,21.593555555555557,1195,0.2
T01208,R0141,9.83,88.25,225.18,2024-06-22,0,0,5,6,Zone_5,2590,1.31,43.9,Business,1.0,False,False,False,True,False,False,False,False,False,True,False,False,False,False,5.421331142443181,2.382320061012899,9.394147114027968,0,Arjun Das,25,2,Jaipur,2019-07-08,53,0,4.29,Low,0.5720754716981132,10.239622641509435,2591,0.0
T01209,R0068,4.52,42.25,53.93,2023-08-23,0,0,2,8,Zone_3,12971,2.11,38.0,Business,2.0,True,False,False,False,False,False,False,True,False,False,False,False,False,False,4.006059647354529,1.7083778602890038,6.5,0,Meera Singh,30,0,Ahmedabad,2022-08-31,456,70,4.97,High,0.15745614035087718,2.4136622807017547,1441,0.15350877192982457
T01210,R0062,2.49,21.64,21.47,2023-04-03,0,0,0,4,Zone_1,4921,2.43,30.9,Residential,2.0,True,False,False,False,True,False,False,False,False,False,False,False,False,False,3.112181086197238,1.2499017362143359,4.651881339845203,0,Kavya Sharma,38,1,Jaipur,2019-05-13,57,3,3.58,Low,1.1587719298245613,15.605438596491227,2647,0.05263157894736842
T01211,R0005,6.22,54.48,66.31,2023-06-09,0,0,4,6,Zone_6,14627,0.54,37.6,Mixed,0.0,False,True,False,False,False,False,False,False,False,False,True,False,False,False,4.209308814022622,1.9768549529047348,7.381056834898374,0,Diya Reddy,27,1,Ahmedabad,2021-05-31,294,30,3.53,Medium,0.17435374149659863,3.1511904761904765,1898,0.10204081632653061
T01212,R0017,2.08,14.88,22.66,2024-05-04,0,0,5,5,Zone_6,14627,0.54,37.6,Mixed,0.0,False,False,True,False,False,False,False,False,False,False,True,False,False,False,3.1637858585502405,1.1249295969854831,3.8574603043971822,0,Meera Das,49,0,Mumbai,2023-03-18,288,21,3.83,Medium,0.19437500000000002,2.820520833333333,1242,0.07291666666666667
T01213,R0220,9.55,61.65,221.14,2023-02-16,0,0,3,2,Zone_8,4516,1.93,31.0,Business,1.0,False,False,False,True,False,False,False,False,False,False,False,False,True,False,5.403307813738974,2.3561258599220753,7.85175139698144,0,Meera Ghosh,32,0,Kolkata,2023-04-18,491,63,3.78,High,0.11364562118126273,2.2715478615071283,1211,0.12830957230142567
T01214,R0248,9.42,88.49,118.68,2023-01-31,0,0,1,1,Zone_4,4038,2.46,48.2,Business,2.0,False,False,True,False,False,False,False,False,True,False,False,False,False,False,4.784821514226167,2.343727036325221,9.406912352095134,0,Vivaan Ghosh,18,0,Chennai,2021-10-24,104,12,3.65,Low,0.5549999999999999,9.03519230769231,1752,0.11538461538461539
T01215,R0036,6.42,40.94,79.36,2024-06-19,0,0,2,6,Zone_2,6371,0.91,58.4,Residential,0.0,False,False,False,True,False,False,True,False,False,False,False,False,False,False,4.386516539946734,2.004179057179289,6.398437309218556,0,Aadhya Das,30,0,Surat,2022-03-16,177,15,4.9,Medium,0.36819209039548023,5.884293785310734,1609,0.0847457627118644
T01216,R0008,4.35,35.92,48.26,2024-03-27,0,0,2,3,Zone_3,12971,2.11,38.0,Business,2.0,True,False,False,False,False,False,False,True,False,False,False,False,False,False,3.897112392692392,1.6770965609079151,5.993329625508679,0,Ishaan Ghosh,28,0,Jaipur,2022-10-01,215,23,4.02,Medium,0.22441860465116278,4.1547441860465115,1410,0.10697674418604651
T01217,R0209,1.3,10.52,18.44,2023-09-03,0,0,6,9,Zone_6,14627,0.54,37.6,Mixed,0.0,False,False,False,True,False,False,False,False,False,False,True,False,False,False,2.967332799032293,0.832909122935104,3.243454948045371,0,Vivaan Sharma,31,2,Surat,2020-06-11,109,20,3.77,Low,0.5368807339449542,6.743944954128441,2252,0.1834862385321101
T01218,R0041,10.78,64.53,176.5,2023-10-11,0,0,2,10,Zone_9,11037,1.83,56.1,Mixed,1.0,True,False,False,False,False,False,False,False,False,False,False,False,False,True,5.178970608915471,2.4664031782234406,8.03305670339753,0,Aarav Nair,25,2,Pune,2020-04-11,353,8,4.74,High,0.11937677053824362,1.9891218130311614,2313,0.0226628895184136
T01219,R0029,9.14,57.74,221.85,2023-07-21,1,0,4,7,Zone_8,4516,1.93,31.0,Business,1.0,True,False,False,False,False,False,False,False,False,False,False,False,True,False,5.406498899392565,2.316487998163037,7.598684096605148,0,Kavya Iyer,30,1,Surat,2022-07-24,4,0,3.69,Low,14.942499999999999,284.4425,1479,0.0
T01220,R0266,10.32,62.7,216.5,2023-10-15,0,0,6,10,Zone_7,11070,0.64,45.2,Industrial,0.0,False,True,False,False,False,False,False,False,False,False,False,True,False,False,5.382198850528739,2.4265710727750367,7.918333157931662,0,Diya Reddy,29,2,Chennai,2020-09-25,98,13,3.9,Low,0.7445918367346939,12.729081632653061,2146,0.1326530612244898
T01221,R0113,6.47,39.72,128.88,2024-03-15,0,0,4,3,Zone_4,4038,2.46,48.2,Business,2.0,False,False,False,True,False,False,False,False,True,False,False,False,False,False,4.866610947234645,2.010894999144726,6.302380502635492,0,Aadhya Singh,26,2,Chennai,2019-03-09,423,26,4.61,High,0.1300709219858156,2.591702127659574,2712,0.061465721040189124
T01222,R0207,6.91,61.92,85.4,2023-10-08,0,0,6,10,Zone_7,11070,0.64,45.2,Industrial,0.0,True,False,False,False,False,False,False,False,False,False,False,True,False,False,4.45898767581001,2.0681277817795625,7.868926229162401,0,Ishaan Iyer,31,1,Mumbai,2023-12-06,47,3,3.93,Low,1.3504255319148937,26.20127659574468,979,0.06382978723404255
T01223,R0115,15.21,76.34,342.42,2023-06-23,0,0,4,6,Zone_4,4038,2.46,48.2,Business,2.0,False,False,True,False,False,False,False,False,True,False,False,False,False,False,5.838954187885657,2.785628335747585,8.737276463521113,0,Aarav Ghosh,40,0,Bengaluru,2020-03-01,170,15,4.4,Medium,0.49105882352941177,8.388058823529413,2354,0.08823529411764706
T01224,R0243,5.0,28.47,123.26,2023-03-01,1,0,2,3,Zone_8,4516,1.93,31.0,Business,1.0,False,True,False,False,False,False,False,False,False,False,False,False,True,False,4.822376144635548,1.791759469228055,5.33572862878164,0,Ishaan Patel,33,1,Jaipur,2023-02-06,315,11,3.7,Medium,0.1755873015873016,3.011206349206349,1282,0.03492063492063492
T01225,R0298,6.44,39.6,64.9,2024-06-14,0,0,4,6,Zone_3,12971,2.11,38.0,Business,2.0,True,False,False,False,False,False,False,True,False,False,False,False,False,False,4.188138441508461,2.0068708488450007,6.29285308902091,0,Vivaan Singh,35,0,Ahmedabad,2020-03-25,65,11,3.88,Low,0.9721538461538463,15.421692307692307,2330,0.16923076923076924
T01226,R0285,11.72,116.81,284.02,2024-01-16,1,0,1,1,Zone_10,2440,1.54,35.4,Industrial,1.0,False,False,True,False,False,True,False,False,False,False,False,False,False,False,5.652559353245066,2.543175557911976,10.807867504739313,0,Diya Iyer,29,0,Chennai,2019-01-10,244,16,4.97,Medium,0.25774590163934424,4.5302459016393435,2770,0.06557377049180328
T01227,R0289,9.51,64.51,161.89,2023-11-30,0,0,3,11,Zone_8,4516,1.93,31.0,Business,1.0,True,False,False,False,False,False,False,False,False,False,False,False,True,False,5.093075126369514,2.3523271848888596,8.031811750782012,0,Aarav Gupta,21,2,Chennai,2021-09-30,322,14,4.17,Medium,0.2053726708074534,3.8337888198757764,1776,0.043478260869565216
T01228,R0191,2.23,14.47,22.14,2024-03-26,0,0,1,3,Zone_3,12971,2.11,38.0,Business,2.0,False,True,False,False,False,False,False,True,False,False,False,False,False,False,3.1415627217655304,1.172482137234565,3.803945320322047,0,Meera Gupta,33,2,Surat,2020-08-14,87,6,4.56,Low,0.9559770114942528,15.24735632183908,2188,0.06896551724137931
T01229,R0230,0.44,4.37,4.48,2023-12-20,0,0,2,12,Zone_9,11037,1.83,56.1,Mixed,1.0,True,False,False,False,False,False,False,False,False,False,False,False,False,True,1.7011051009599243,0.3646431135879093,2.090454496036687,0,Kavya Gupta,32,1,Chennai,2022-11-22,183,23,3.65,Medium,0.32054644808743166,4.962950819672131,1358,0.12568306010928962
T01230,R0057,4.7,30.64,65.19,2024-03-01,0,0,4,3,Zone_1,4921,2.43,30.9,Residential,2.0,False,True,False,False,True,False,False,False,False,False,False,False,False,False,4.1925293941308315,1.7404661748405046,5.535341001239219,0,Aadhya Reddy,39,1,Bengaluru,2023-06-04,407,11,3.66,High,0.24648648648648647,3.8921621621621623,1164,0.02702702702702703
T01231,R0134,12.55,67.74,201.98,2023-11-16,0,0,3,11,Zone_5,2590,1.31,43.9,Business,1.0,True,False,False,False,False,False,False,False,False,True,False,False,False,False,5.313107452020672,2.60638654732571,8.230431337420901,0,Aadhya Singh,34,1,Jaipur,2022-07-30,410,29,4.59,High,0.13614634146341464,2.644878048780488,1473,0.07073170731707316
T01232,R0109,11.36,74.85,132.35,2023-07-13,0,0,3,7,Zone_6,14627,0.54,37.6,Mixed,0.0,False,False,True,False,False,False,False,False,False,False,True,False,False,False,4.892977250628023,2.514465452029545,8.651589449343975,0,Vivaan Kumar,35,0,Delhi,2022-11-19,62,5,3.35,Low,0.6974193548387098,11.13532258064516,1361,0.08064516129032258
T01233,R0247,10.6,85.24,115.67,2023-08-21,0,0,0,8,Zone_9,11037,1.83,56.1,Mixed,1.0,True,False,False,False,False,False,False,False,False,False,False,False,False,True,4.759349436835766,2.451005098112319,9.232551110067032,0,Aadhya Das,37,1,Bengaluru,2021-05-11,249,47,4.92,Medium,0.5360642570281124,9.507791164658634,1918,0.18875502008032127
T01234,R0139,11.14,88.53,163.52,2024-06-08,0,0,5,6,Zone_4,4038,2.46,48.2,Business,2.0,False,True,False,False,False,False,False,False,True,False,False,False,False,False,5.103032143362223,2.4965057856313524,9.409038208021052,0,Diya Gupta,44,2,Kolkata,2023-10-09,155,7,4.39,Low,0.38012903225806455,6.466,1037,0.04516129032258064
T01235,R0149,3.16,27.44,65.98,2023-03-14,0,0,1,3,Zone_6,14627,0.54,37.6,Mixed,0.0,False,False,True,False,False,False,False,False,False,False,True,False,False,False,4.204394067366058,1.425515074273172,5.238320341483518,0,Diya Reddy,30,1,Jaipur,2019-09-14,89,8,4.57,Low,0.4766292134831461,7.428314606741573,2523,0.0898876404494382
T01236,R0220,11.01,108.64,222.72,2024-07-25,0,0,3,7,Zone_9,11037,1.83,56.1,Mixed,1.0,True,False,False,False,False,False,False,False,False,False,False,False,False,True,5.410395269953387,2.485739636091892,10.423051376636307,0,Meera Ghosh,32,0,Kolkata,2023-04-18,491,63,3.78,High,0.11364562118126273,2.2715478615071283,1211,0.12830957230142567
T01237,R0188,3.39,29.89,47.67,2023-05-28,0,0,6,5,Zone_4,4038,2.46,48.2,Business,2.0,False,True,False,False,False,False,False,False,True,False,False,False,False,False,3.885062823845363,1.4793292270870801,5.4671747731346585,0,Vivaan Gupta,24,1,Delhi,2020-07-16,436,64,3.15,High,0.05607798165137615,1.069816513761468,2217,0.14678899082568808
T01238,R0195,12.74,102.88,228.57,2023-07-29,0,0,5,7,Zone_5,2590,1.31,43.9,Business,1.0,False,False,False,True,False,False,False,False,False,True,False,False,False,False,5.43620799388748,2.620311286794203,10.142977866484772,0,Aadhya Reddy,33,1,Kolkata,2021-05-27,72,10,4.97,Low,0.9766666666666668,14.502361111111112,1902,0.1388888888888889
T01239,R0071,5.45,46.2,131.72,2023-07-29,1,0,5,7,Zone_4,4038,2.46,48.2,Business,2.0,True,False,False,False,False,False,False,False,True,False,False,False,False,False,4.888241645882189,1.864080130807681,6.797058187186572,0,Vivaan Nair,35,1,Ahmedabad,2021-01-09,67,4,3.82,Low,0.21567164179104475,3.4297014925373133,2040,0.05970149253731343
T01240,R0036,9.41,90.04,164.92,2024-06-19,0,0,2,6,Zone_1,4921,2.43,30.9,Residential,2.0,False,True,False,False,True,False,False,False,False,False,False,False,False,False,5.111505744481217,2.3427668826268775,9.488940931421167,0,Aadhya Das,30,0,Surat,2022-03-16,177,15,4.9,Medium,0.36819209039548023,5.884293785310734,1609,0.0847457627118644
T01241,R0133,1.37,11.64,31.03,2023-04-16,0,0,6,4,Zone_8,4516,1.93,31.0,Business,1.0,False,False,False,True,False,False,False,False,False,False,False,False,True,False,3.466672963621067,0.8628899551470398,3.411744421846396,0,Diya Kumar,25,0,Delhi,2019-07-13,155,11,4.4,Low,0.4186451612903226,5.272709677419355,2586,0.07096774193548387
T01242,R0185,1.26,6.77,28.67,2023-02-08,0,0,2,2,Zone_4,4038,2.46,48.2,Business,2.0,True,False,False,False,False,False,False,False,True,False,False,False,False,False,3.3901364343027307,0.8153648132841945,2.6019223662515376,0,Vivaan Sharma,27,1,Delhi,2021-08-27,201,12,4.05,Medium,0.21756218905472638,3.7018905472636816,1810,0.05970149253731343
T01243,R0116,13.45,95.25,239.51,2023-10-06,0,0,4,10,Zone_4,4038,2.46,48.2,Business,2.0,True,False,False,False,False,False,False,False,True,False,False,False,False,False,5.48276166872297,2.670694414558441,9.759610647971568,0,Ishaan Kumar,34,0,Bengaluru,2020-02-08,238,30,4.58,Medium,0.2126470588235294,3.3368067226890754,2376,0.12605042016806722
T01244,R0032,11.46,106.58,252.05,2023-03-27,0,0,0,3,Zone_2,6371,0.91,58.4,Residential,0.0,False,False,False,True,False,False,True,False,False,False,False,False,False,False,5.533587097660087,2.522523513359307,10.323759005323593,0,Kavya Reddy,18,0,Mumbai,2023-09-20,213,24,4.0,Medium,0.3107511737089202,6.473192488262911,1056,0.11267605633802817
T01245,R0195,1.91,18.42,18.72,2024-05-21,0,0,1,5,Zone_1,4921,2.43,30.9,Residential,2.0,False,False,False,True,True,False,False,False,False,False,False,False,False,False,2.9816333491744893,1.0681530811834012,4.291852746774987,0,Aadhya Reddy,33,1,Kolkata,2021-05-27,72,10,4.97,Low,0.9766666666666668,14.502361111111112,1902,0.1388888888888889
T01246,R0271,14.43,78.77,128.48,2024-01-01,0,0,0,1,Zone_1,4921,2.43,30.9,Residential,2.0,False,False,True,False,True,False,False,False,False,False,False,False,False,False,4.8635264290580436,2.7363136663750693,8.875246475450696,0,Saanvi Iyer,22,1,Bengaluru,2022-10-07,58,6,4.37,Low,1.1210344827586207,16.013448275862068,1404,0.10344827586206896
T01247,R0118,2.55,22.18,35.41,2024-06-14,0,0,4,6,Zone_9,11037,1.83,56.1,Mixed,1.0,False,False,True,False,False,False,False,False,False,False,False,False,False,True,3.594843462187342,1.2669476034873244,4.709564735726647,0,Reyansh Gupta,29,1,Surat,2023-09-26,165,24,4.13,Medium,0.23163636363636364,3.228424242424243,1050,0.14545454545454545
T01248,R0143,8.1,54.88,169.49,2024-03-26,0,0,1,3,Zone_7,11070,0.64,45.2,Industrial,0.0,False,False,False,True,False,False,False,False,False,False,False,True,False,False,5.13867664397714,2.2082744135228043,7.408103670980854,0,Meera Kumar,42,2,Kolkata,2023-03-28,74,13,4.56,Low,0.6636486486486486,11.666486486486486,1232,0.17567567567567569
T01249,R0107,5.6,32.09,73.15,2024-01-24,0,0,2,1,Zone_1,4921,2.43,30.9,Residential,2.0,False,False,True,False,True,False,False,False,False,False,False,False,False,False,4.306090068583941,1.8870696490323797,5.664803615307419,0,Reyansh Gupta,33,1,Hyderabad,2020-01-11,179,14,3.66,Medium,0.18195530726256984,3.5079888268156427,2404,0.0782122905027933
T01250,R0276,3.38,18.8,39.01,2023-12-26,0,0,1,12,Zone_8,4516,1.93,31.0,Business,1.0,False,True,False,False,False,False,False,False,False,False,False,False,True,False,3.6891294228691436,1.4770487243883548,4.33589667773576,0,Aadhya Ghosh,26,2,Chennai,2022-11-07,196,1,3.63,Medium,0.1556122448979592,2.5521428571428575,1373,0.00510204081632653
T01251,R0269,13.84,122.55,319.86,2023-02-05,0,0,6,2,Zone_6,14627,0.54,37.6,Mixed,0.0,True,False,False,False,False,False,False,False,False,False,True,False,False,False,5.77100489092293,2.6973262377392344,11.070230349906907,0,Aadhya Sharma,41,1,Mumbai,2019-05-19,423,16,3.41,High,0.14907801418439717,3.4486288416075648,2641,0.037825059101654845
T01252,R0224,16.42,145.74,170.2,2023-11-03,0,0,4,11,Zone_4,4038,2.46,48.2,Business,2.0,False,False,True,False,False,False,False,False,True,False,False,False,False,False,5.1428324637076415,2.857618971424357,12.072282302862206,0,Ishaan Sharma,29,0,Ahmedabad,2020-08-04,200,1,4.31,Medium,0.20855,2.5707,2198,0.005
T01253,R0292,8.89,60.68,124.67,2023-06-13,0,0,1,6,Zone_1,4921,2.43,30.9,Residential,2.0,True,False,False,False,True,False,False,False,False,False,False,False,False,False,4.833659423627053,2.2915241456346207,7.789736837660179,0,Diya Patel,37,0,Jaipur,2020-06-28,141,19,4.39,Low,0.5628368794326241,8.070141843971632,2235,0.1347517730496454
T01254,R0135,15.63,98.2,211.54,2024-07-17,0,0,2,7,Zone_7,11070,0.64,45.2,Industrial,0.0,False,True,False,False,False,False,False,False,False,False,False,True,False,False,5.359130205944549,2.8112082932048366,9.909591313469996,0,Reyansh Patel,38,0,Ahmedabad,2022-02-24,153,8,3.47,Low,0.4352941176470588,6.4845098039215685,1629,0.05228758169934641
T01255,R0058,6.59,56.96,132.53,2023-02-21,0,0,1,2,Zone_7,11070,0.64,45.2,Industrial,0.0,False,False,True,False,False,False,False,False,False,False,False,True,False,False,4.894326171695873,2.0268315914075385,7.547184905645283,0,Vivaan Reddy,46,1,Kolkata,2021-05-31,480,25,4.32,High,0.15858333333333335,2.1738958333333334,1898,0.052083333333333336
T01256,R0276,8.54,76.11,117.86,2023-07-26,0,0,2,7,Zone_8,4516,1.93,31.0,Business,1.0,False,True,False,False,False,False,False,False,False,False,False,False,True,False,4.777946329938515,2.255493485460195,8.724104538575865,0,Aadhya Ghosh,26,2,Chennai,2022-11-07,196,1,3.63,Medium,0.1556122448979592,2.5521428571428575,1373,0.00510204081632653
T01257,R0203,8.66,73.82,142.36,2024-03-01,0,0,4,3,Zone_4,4038,2.46,48.2,Business,2.0,True,False,False,False,False,False,False,False,True,False,False,False,False,False,4.96535894922662,2.2679936482244267,8.591856609604235,0,Kavya Gupta,49,0,Bengaluru,2023-07-25,152,9,3.6,Low,0.25513157894736843,4.596381578947369,1113,0.05921052631578947
T01258,R0115,2.22,11.44,23.38,2024-03-05,0,0,1,3,Zone_8,4516,1.93,31.0,Business,1.0,True,False,False,False,False,False,False,False,False,False,False,False,True,False,3.1937631240531252,1.169381359556317,3.3823069050575527,0,Aarav Ghosh,40,0,Bengaluru,2020-03-01,170,15,4.4,Medium,0.49105882352941177,8.388058823529413,2354,0.08823529411764706
T01259,R0060,10.5,52.59,96.59,2023-03-22,0,0,2,3,Zone_2,6371,0.91,58.4,Residential,0.0,False,False,True,False,False,False,True,False,False,False,False,False,False,False,4.5807750291533695,2.4423470353692043,7.251896303726357,0,Aarav Nair,40,0,Hyderabad,2023-08-01,123,7,4.57,Low,0.38422764227642275,5.954308943089431,1106,0.056910569105691054
T01260,R0136,11.55,64.01,143.2,2023-06-21,0,0,2,6,Zone_5,2590,1.31,43.9,Business,1.0,False,False,False,True,False,False,False,False,False,True,False,False,False,False,4.971201224850849,2.529720665577793,8.000624975587845,0,Diya Ghosh,34,1,Hyderabad,2019-01-19,339,11,3.82,High,0.0792330383480826,1.0111799410029498,2761,0.032448377581120944
T01261,R0057,7.13,52.63,76.32,2023-04-07,0,0,4,4,Zone_7,11070,0.64,45.2,Industrial,0.0,False,False,True,False,False,False,False,False,False,False,False,True,False,False,4.34795265434013,2.0955609235597192,7.254653678846427,0,Aadhya Reddy,39,1,Bengaluru,2023-06-04,407,11,3.66,High,0.24648648648648647,3.8921621621621623,1164,0.02702702702702703
T01262,R0282,0.46,3.55,5.56,2024-08-02,0,0,4,8,Zone_4,4038,2.46,48.2,Business,2.0,False,True,False,False,False,False,False,False,True,False,False,False,False,False,1.8809906029559975,0.3784364357202451,1.8841443681416772,0,Reyansh Kumar,22,2,Bengaluru,2022-05-02,319,3,4.47,Medium,0.29112852664576805,4.387931034482759,1562,0.009404388714733543
T01263,R0220,9.84,82.62,238.53,2024-05-02,1,0,3,5,Zone_3,12971,2.11,38.0,Business,2.0,True,False,False,False,False,False,False,True,False,False,False,False,False,False,5.478678669966805,2.3832429960115,9.08955444452587,0,Meera Ghosh,32,0,Kolkata,2023-04-18,491,63,3.78,High,0.11364562118126273,2.2715478615071283,1211,0.12830957230142567
T01264,R0056,0.42,2.79,7.54,2023-04-18,0,0,1,4,Zone_3,12971,2.11,38.0,Business,2.0,False,False,True,False,False,False,False,True,False,False,False,False,False,False,2.1447610078004784,0.3506568716131694,1.6703293088490065,0,Meera Patel,40,2,Hyderabad,2021-02-26,93,13,3.25,Low,0.7120430107526882,9.976236559139785,1992,0.13978494623655913
T01265,R0116,3.94,35.11,89.95,2023-06-03,0,0,5,6,Zone_1,4921,2.43,30.9,Residential,2.0,True,False,False,False,True,False,False,False,False,False,False,False,False,False,4.5103099049641315,1.597365331199831,5.92536918681022,0,Ishaan Kumar,34,0,Bengaluru,2020-02-08,238,30,4.58,Medium,0.2126470588235294,3.3368067226890754,2376,0.12605042016806722
T01266,R0125,8.66,49.87,144.0,2023-12-23,0,0,5,12,Zone_7,11070,0.64,45.2,Industrial,0.0,True,False,False,False,False,False,False,False,False,False,False,True,False,False,4.976733742420574,2.2679936482244267,7.061869440877536,0,Saanvi Ghosh,44,1,Ahmedabad,2023-04-22,99,19,3.89,Low,0.5633333333333332,11.28040404040404,1207,0.1919191919191919
T01267,R0258,4.15,41.08,36.25,2023-07-14,0,0,4,7,Zone_3,12971,2.11,38.0,Business,2.0,False,False,True,False,False,False,False,True,False,False,False,False,False,False,3.6176519448255684,1.6389967146756448,6.4093681435848255,0,Vivaan Nair,32,0,Jaipur,2020-01-29,313,39,3.76,Medium,0.09338658146964858,1.5953674121405752,2386,0.12460063897763578
T01268,R0142,9.27,82.65,156.51,2023-08-09,0,0,2,8,Zone_6,14627,0.54,37.6,Mixed,0.0,False,False,False,True,False,False,False,False,False,False,True,False,False,False,5.059488948313644,2.329227023940467,9.091204540653566,0,Meera Nair,33,0,Kolkata,2021-03-04,78,5,3.48,Low,0.3476923076923077,5.378205128205129,1986,0.0641025641025641
T01269,R0058,6.87,45.49,64.95,2023-08-07,0,0,0,8,Zone_2,6371,0.91,58.4,Residential,0.0,False,True,False,False,False,False,True,False,False,False,False,False,False,False,4.188896879163323,2.063058062429312,6.7446274915669,0,Vivaan Reddy,46,1,Kolkata,2021-05-31,480,25,4.32,High,0.15858333333333335,2.1738958333333334,1898,0.052083333333333336
T01270,R0067,0.15,0.8,3.27,2023-12-25,0,0,0,12,Zone_1,4921,2.43,30.9,Residential,2.0,False,False,False,True,True,False,False,False,False,False,False,False,False,False,1.451613827240533,0.1397619423751587,0.8944271909999159,0,Saanvi Iyer,32,1,Pune,2022-07-24,348,9,3.38,High,0.32491379310344826,5.3069252873563215,1479,0.02586206896551724
T01271,R0088,8.84,54.01,71.97,2023-05-22,0,0,0,5,Zone_10,2440,1.54,35.4,Industrial,1.0,False,False,False,True,False,True,False,False,False,False,False,False,False,False,4.290048397777529,2.286455711064162,7.349149610669251,0,Diya Iyer,22,2,Jaipur,2019-07-07,438,0,4.78,High,0.1421232876712329,2.0405479452054793,2592,0.0
T01272,R0112,10.93,95.31,241.48,2024-06-21,0,0,4,6,Zone_1,4921,2.43,30.9,Residential,2.0,True,False,False,False,True,False,False,False,False,False,False,False,False,False,5.4909192327495475,2.4790562361098245,9.762684057163789,0,Meera Nair,41,0,Delhi,2020-11-13,311,11,3.24,Medium,0.28787781350482317,3.6986173633440513,2097,0.03536977491961415
T01273,R0062,13.06,124.07,229.92,2023-12-17,0,0,6,12,Zone_5,2590,1.31,43.9,Business,1.0,False,True,False,False,False,False,False,False,False,True,False,False,False,False,5.442071330192733,2.643333886382519,11.138671374989029,0,Kavya Sharma,38,1,Jaipur,2019-05-13,57,3,3.58,Low,1.1587719298245613,15.605438596491227,2647,0.05263157894736842
T01274,R0094,6.17,45.1,99.64,2023-08-12,0,0,5,8,Zone_5,2590,1.31,43.9,Business,1.0,False,False,False,True,False,False,False,False,False,True,False,False,False,False,4.611549792952131,1.969905654611529,6.715653356152326,0,Diya Iyer,41,2,Delhi,2023-04-13,480,62,4.87,High,0.09941666666666667,1.5616666666666668,1216,0.12916666666666668
T01275,R0040,7.69,56.11,128.05,2023-09-29,0,0,4,9,Zone_6,14627,0.54,37.6,Mixed,0.0,True,False,False,False,False,False,False,False,False,False,True,False,False,False,4.860199926164623,2.162172939277301,7.490660852021001,0,Aarav Gupta,34,2,Surat,2023-05-05,485,36,4.41,High,0.1658762886597938,2.352061855670103,1194,0.07422680412371134
T01276,R0008,0.52,3.4,7.03,2023-09-25,0,0,0,9,Zone_4,4038,2.46,48.2,Business,2.0,False,True,False,False,False,False,False,False,True,False,False,False,False,False,2.0831845279586703,0.41871033485818504,1.8439088914585775,0,Ishaan Ghosh,28,0,Jaipur,2022-10-01,215,23,4.02,Medium,0.22441860465116278,4.1547441860465115,1410,0.10697674418604651
T01277,R0277,17.82,145.63,186.18,2024-03-04,0,0,0,3,Zone_7,11070,0.64,45.2,Industrial,0.0,False,True,False,False,False,False,False,False,False,False,False,True,False,False,5.23207072072911,2.9349201341572337,12.067725552066554,0,Kavya Gupta,42,0,Jaipur,2021-01-22,433,16,3.06,High,0.20076212471131638,3.2397228637413393,2027,0.03695150115473441
T01278,R0030,15.53,90.04,321.07,2024-06-08,0,0,5,6,Zone_9,11037,1.83,56.1,Mixed,1.0,False,True,False,False,False,False,False,False,False,False,False,False,False,True,5.77476891322269,2.805176911832933,9.488940931421167,0,Saanvi Patel,25,2,Mumbai,2021-01-08,442,58,3.72,High,0.1833710407239819,3.5865384615384617,2041,0.13122171945701358
T01279,R0104,7.84,49.14,184.23,2024-04-24,0,0,2,4,Zone_6,14627,0.54,37.6,Mixed,0.0,True,False,False,False,False,False,False,False,False,False,True,False,False,False,5.221598296134632,2.179286876649552,7.009992867328753,0,Diya Gupta,52,1,Kolkata,2021-05-27,328,1,3.7,High,0.14234756097560977,2.3335060975609756,1902,0.003048780487804878
T01280,R0074,7.38,45.5,139.87,2024-05-19,0,0,6,5,Zone_1,4921,2.43,30.9,Residential,2.0,False,False,True,False,True,False,False,False,False,False,False,False,False,False,4.9478374792722155,2.1258479144939915,6.745368781616021,0,Vivaan Ghosh,23,1,Kolkata,2023-09-11,199,22,4.89,Medium,0.2321105527638191,4.106884422110553,1065,0.11055276381909548
T01281,R0161,6.65,46.28,163.53,2024-01-20,1,0,5,1,Zone_9,11037,1.83,56.1,Mixed,1.0,True,False,False,False,False,False,False,False,False,False,False,False,False,True,5.103092924398559,2.0347056478384444,6.802940540677979,0,Aarav Nair,32,2,Surat,2019-03-27,332,50,4.91,High,0.10006024096385542,1.7095180722891565,2694,0.15060240963855423
T01282,R0190,13.18,104.11,227.82,2023-09-16,0,0,5,9,Zone_2,6371,0.91,58.4,Residential,0.0,False,False,False,True,False,False,True,False,False,False,False,False,False,False,5.432935668272798,2.6518325211039815,10.203430795570673,0,Saanvi Iyer,35,2,Surat,2020-09-25,274,47,4.12,Medium,0.25543795620437953,4.08,2146,0.17153284671532848
T01283,R0032,10.81,91.81,224.14,2024-08-05,0,0,0,8,Zone_1,4921,2.43,30.9,Residential,2.0,False,False,True,False,True,False,False,False,False,False,False,False,False,False,5.416722430926658,2.468946630209271,9.581753492967767,0,Kavya Reddy,18,0,Mumbai,2023-09-20,213,24,4.0,Medium,0.3107511737089202,6.473192488262911,1056,0.11267605633802817
T01284,R0257,12.06,94.25,138.72,2023-06-13,0,0,1,6,Zone_6,14627,0.54,37.6,Mixed,0.0,False,True,False,False,False,False,False,False,False,False,True,False,False,False,4.939640419938631,2.569554123848285,9.7082439194738,0,Arjun Reddy,36,2,Delhi,2023-03-11,459,19,4.82,High,0.12224400871459695,1.7913507625272331,1249,0.04139433551198257
T01285,R0011,5.97,46.59,52.69,2024-05-17,0,0,4,5,Zone_9,11037,1.83,56.1,Mixed,1.0,False,False,True,False,False,False,False,False,False,False,False,False,False,True,3.983226764434478,1.9416152247724325,6.825686778632609,0,Vivaan Nair,26,1,Chennai,2020-04-14,208,34,4.0,Medium,0.4276923076923077,7.8547115384615385,2310,0.16346153846153846
T01286,R0253,5.65,49.11,86.86,2023-07-06,0,0,3,7,Zone_1,4921,2.43,30.9,Residential,2.0,True,False,False,False,True,False,False,False,False,False,False,False,False,False,4.475744638547633,1.8946168546677629,7.0078527381787925,0,Ishaan Gupta,26,1,Surat,2021-08-19,173,24,3.16,Medium,0.28797687861271676,4.304104046242775,1818,0.13872832369942195
T01287,R0084,1.82,14.54,29.22,2024-01-11,0,0,3,1,Zone_4,4038,2.46,48.2,Business,2.0,False,False,False,True,False,False,False,False,True,False,False,False,False,False,3.4085039568445934,1.0367368849500223,3.8131351929875237,0,Kavya Sharma,38,1,Jaipur,2019-07-21,366,6,4.67,High,0.20464480874316943,3.923060109289618,2578,0.01639344262295082
T01288,R0124,11.89,109.54,135.26,2023-04-23,0,0,6,4,Zone_1,4921,2.43,30.9,Residential,2.0,False,True,False,False,True,False,False,False,False,False,False,False,False,False,4.914564825345522,2.556451816951096,10.466135867644754,0,Aadhya Das,37,2,Hyderabad,2022-06-09,419,25,3.59,High,0.10162291169451074,1.5354415274463007,1524,0.059665871121718374
T01289,R0111,14.26,104.59,151.15,2024-07-22,0,0,0,7,Zone_9,11037,1.83,56.1,Mixed,1.0,True,False,False,False,False,False,False,False,False,False,False,False,False,True,5.02486687634298,2.725235025856311,10.22692524662227,0,Reyansh Sharma,28,1,Ahmedabad,2021-11-05,202,24,4.67,Medium,0.07059405940594059,0.7482673267326733,1740,0.1188118811881188
T01290,R0190,13.62,78.93,158.46,2024-06-22,0,0,5,6,Zone_5,2590,1.31,43.9,Business,1.0,False,False,False,True,False,False,False,False,False,True,False,False,False,False,5.07179310707435,2.6823904543216326,8.884255736976508,0,Saanvi Iyer,35,2,Surat,2020-09-25,274,47,4.12,Medium,0.25543795620437953,4.08,2146,0.17153284671532848
T01291,R0058,8.94,61.84,128.02,2024-03-09,0,0,5,3,Zone_1,4921,2.43,30.9,Residential,2.0,True,False,False,False,True,False,False,False,False,False,False,False,False,False,4.859967431104096,2.2965670206684825,7.863841300535,0,Vivaan Reddy,46,1,Kolkata,2021-05-31,480,25,4.32,High,0.15858333333333335,2.1738958333333334,1898,0.052083333333333336
T01292,R0003,6.37,36.42,83.12,2024-03-22,0,0,4,3,Zone_10,2440,1.54,35.4,Industrial,1.0,True,False,False,False,False,True,False,False,False,False,False,False,False,False,4.432244350834499,1.9974177062012453,6.034898507845845,0,Kavya Reddy,34,1,Pune,2023-05-04,45,9,3.76,Low,1.5040000000000002,21.593555555555557,1195,0.2
T01293,R0167,2.74,26.26,58.18,2024-02-21,0,0,2,2,Zone_5,2590,1.31,43.9,Business,1.0,True,False,False,False,False,False,False,False,False,True,False,False,False,False,4.080583646972063,1.3190856114264407,5.124451190127583,0,Kavya Nair,44,1,Hyderabad,2022-08-25,117,5,4.75,Low,0.5496581196581197,9.192735042735043,1447,0.042735042735042736
T01294,R0103,4.49,43.26,73.0,2023-10-15,0,0,6,10,Zone_2,6371,0.91,58.4,Residential,0.0,False,True,False,False,False,False,True,False,False,False,False,False,False,False,4.30406509320417,1.7029282555214393,6.577233460962139,0,Ishaan Gupta,37,2,Surat,2022-11-24,175,14,3.07,Medium,0.40817142857142863,7.065371428571429,1356,0.08
T01295,R0084,10.34,97.26,226.9,2023-04-07,0,0,4,4,Zone_6,14627,0.54,37.6,Mixed,0.0,True,False,False,False,False,False,False,False,False,False,True,False,False,False,5.4289069362516384,2.428336298299606,9.862048468751308,0,Kavya Sharma,38,1,Jaipur,2019-07-21,366,6,4.67,High,0.20464480874316943,3.923060109289618,2578,0.01639344262295082
T01296,R0055,6.58,53.2,115.07,2023-08-09,0,0,2,8,Zone_4,4038,2.46,48.2,Business,2.0,False,False,False,True,False,False,False,False,True,False,False,False,False,False,4.754193457380532,2.0255131996542803,7.293833011524188,0,Kavya Singh,32,1,Delhi,2021-11-07,425,12,4.19,High,0.16870588235294118,2.610729411764706,1738,0.02823529411764706
T01297,R0235,16.21,156.4,162.95,2024-08-01,0,0,3,8,Zone_7,11070,0.64,45.2,Industrial,0.0,False,False,False,True,False,False,False,False,False,False,False,True,False,False,5.099561503290658,2.845490610223448,12.505998560690786,0,Aarav Ghosh,34,2,Delhi,2021-02-15,284,8,4.06,Medium,0.1959507042253521,2.9790845070422534,2003,0.028169014084507043
T01298,R0254,13.76,69.71,178.7,2023-12-30,0,0,5,12,Zone_1,4921,2.43,30.9,Residential,2.0,True,False,False,False,True,False,False,False,False,False,False,False,False,False,5.191288793789513,2.6919208191723265,8.349251463454673,0,Meera Kumar,18,1,Delhi,2020-03-09,363,70,3.68,High,0.2269146005509642,3.346005509641873,2346,0.1928374655647383
T01299,R0060,4.99,45.06,74.39,2023-10-20,0,0,4,10,Zone_1,4921,2.43,30.9,Residential,2.0,False,False,False,True,True,False,False,False,False,False,False,False,False,False,4.32267464022361,1.7900914121273581,6.712674578735364,0,Aarav Nair,40,0,Hyderabad,2023-08-01,123,7,4.57,Low,0.38422764227642275,5.954308943089431,1106,0.056910569105691054
T01300,R0196,1.92,14.98,37.71,2024-01-25,0,0,3,1,Zone_3,12971,2.11,38.0,Business,2.0,False,False,False,True,False,False,False,True,False,False,False,False,False,False,3.6560979645895566,1.0715836162801904,3.8704004960727256,0,Vivaan Das,18,1,Hyderabad,2019-06-24,51,9,4.93,Low,1.8813725490196078,31.831960784313726,2605,0.17647058823529413
T01301,R0097,5.26,37.32,56.45,2023-05-06,0,0,5,5,Zone_3,12971,2.11,38.0,Business,2.0,False,True,False,False,False,False,False,True,False,False,False,False,False,False,4.050915004294764,1.8341801851120072,6.109009739720506,0,Aarav Iyer,23,2,Bengaluru,2021-01-25,478,5,3.28,High,0.1452510460251046,2.3370292887029285,2024,0.010460251046025104
T01302,R0028,13.33,129.68,246.79,2023-05-04,0,0,3,5,Zone_4,4038,2.46,48.2,Business,2.0,False,True,False,False,False,False,False,False,True,False,False,False,False,False,5.5125816132556515,2.6623552418400807,11.387712676389407,0,Reyansh Sharma,20,0,Surat,2023-11-11,249,21,3.79,Medium,0.34088353413654615,6.022128514056225,1004,0.08433734939759036
T01303,R0235,5.38,44.38,68.89,2024-03-09,0,0,5,3,Zone_9,11037,1.83,56.1,Mixed,1.0,False,True,False,False,False,False,False,False,False,False,False,False,False,True,4.246922577489038,1.8531680973566984,6.661831579978587,0,Aarav Ghosh,34,2,Delhi,2021-02-15,284,8,4.06,Medium,0.1959507042253521,2.9790845070422534,2003,0.028169014084507043
T01304,R0072,10.73,81.37,223.02,2023-05-28,0,0,6,5,Zone_10,2440,1.54,35.4,Industrial,1.0,True,False,False,False,False,True,False,False,False,False,False,False,False,False,5.411735333583594,2.462149662665384,9.020532135079394,0,Saanvi Das,25,2,Jaipur,2023-11-05,62,10,4.07,Low,0.7845161290322581,11.808709677419355,1010,0.16129032258064516
T01305,R0134,5.17,35.4,100.09,2023-08-20,0,0,6,8,Zone_9,11037,1.83,56.1,Mixed,1.0,False,False,True,False,False,False,False,False,False,False,False,False,False,True,4.616011209165967,1.8196988379172965,5.9497899122574065,0,Aadhya Singh,34,1,Jaipur,2022-07-30,410,29,4.59,High,0.13614634146341464,2.644878048780488,1473,0.07073170731707316
T01306,R0084,9.72,73.17,199.22,2023-09-01,0,0,4,9,Zone_10,2440,1.54,35.4,Industrial,1.0,True,False,False,False,False,True,False,False,False,False,False,False,False,False,5.2994167619913375,2.372111155642656,8.553946457629952,0,Kavya Sharma,38,1,Jaipur,2019-07-21,366,6,4.67,High,0.20464480874316943,3.923060109289618,2578,0.01639344262295082
T01307,R0164,10.64,62.59,150.39,2024-08-04,0,0,6,8,Zone_10,2440,1.54,35.4,Industrial,1.0,False,False,True,False,False,True,False,False,False,False,False,False,False,False,5.019859288623787,2.454447442303292,7.911384202527394,0,Aadhya Ghosh,37,2,Ahmedabad,2022-07-06,249,23,4.02,Medium,0.40273092369477914,7.062208835341366,1497,0.09236947791164658
T01308,R0176,12.93,107.92,304.11,2023-08-09,0,0,2,8,Zone_6,14627,0.54,37.6,Mixed,0.0,False,False,False,True,False,False,False,False,False,False,True,False,False,False,5.720672367324469,2.6340447877917144,10.388455130576443,0,Kavya Gupta,43,1,Mumbai,2019-05-24,260,13,3.95,Medium,0.3502307692307692,6.3002692307692305,2636,0.05
T01309,R0170,15.17,112.08,278.29,2024-07-17,0,0,2,7,Zone_9,11037,1.83,56.1,Mixed,1.0,False,False,False,True,False,False,False,False,False,False,False,False,False,True,5.632250668514958,2.783157673589016,10.586784214292837,0,Saanvi Kumar,29,2,Bengaluru,2020-05-20,28,3,3.68,Low,1.9110714285714285,33.70392857142857,2274,0.10714285714285714
T01310,R0245,14.55,84.59,269.23,2024-04-22,0,0,0,4,Zone_10,2440,1.54,35.4,Industrial,1.0,False,True,False,False,False,True,False,False,False,False,False,False,False,False,5.599273448230355,2.744060638625243,9.197282207261013,0,Diya Sharma,35,0,Hyderabad,2020-03-04,265,48,4.73,Medium,0.14988679245283018,2.8352075471698113,2351,0.1811320754716981
T01311,R0004,5.35,43.9,64.48,2023-09-24,0,0,6,9,Zone_7,11070,0.64,45.2,Industrial,0.0,False,False,False,True,False,False,False,False,False,False,False,True,False,False,4.181744752502934,1.8484548129046001,6.6257075093909785,0,Aarav Nair,19,2,Kolkata,2019-07-28,464,5,3.19,High,0.08019396551724138,1.4720474137931034,2571,0.010775862068965518
T01312,R0238,7.26,53.73,75.46,2024-08-23,0,0,4,8,Zone_8,4516,1.93,31.0,Business,1.0,False,True,False,False,False,False,False,False,False,False,False,False,True,False,4.336767728268267,2.1114245875328868,7.33007503372237,0,Reyansh Patel,30,2,Pune,2019-04-22,362,56,4.91,High,0.10698895027624308,1.6299171270718231,2668,0.15469613259668508
T01313,R0053,2.13,12.79,42.2,2024-08-04,0,0,6,8,Zone_3,12971,2.11,38.0,Business,2.0,False,True,False,False,False,False,False,True,False,False,False,False,False,False,3.765840495250065,1.1410330045520618,3.576310948449533,0,Arjun Reddy,45,0,Delhi,2019-09-16,63,7,4.85,Low,0.6984126984126984,11.318095238095237,2521,0.1111111111111111
T01314,R0027,6.82,49.94,153.49,2023-02-05,0,0,6,2,Zone_6,14627,0.54,37.6,Mixed,0.0,True,False,False,False,False,False,False,False,False,False,True,False,False,False,5.040129369323958,2.05668455455722,7.066823897621901,0,Ishaan Iyer,39,1,Jaipur,2019-10-05,403,61,3.98,High,0.14349875930521092,2.052803970223325,2502,0.1513647642679901
T01315,R0222,8.12,63.74,108.79,2023-11-05,0,0,6,11,Zone_10,2440,1.54,35.4,Industrial,1.0,False,False,True,False,False,True,False,False,False,False,False,False,False,False,4.698569450246641,2.21046980408624,7.983733462484829,0,Aarav Singh,27,1,Surat,2022-08-28,475,12,3.44,High,0.16642105263157894,2.7908000000000004,1444,0.02526315789473684
T01316,R0160,5.98,30.73,74.09,2023-04-11,0,0,1,4,Zone_4,4038,2.46,48.2,Business,2.0,True,False,False,False,False,False,False,False,True,False,False,False,False,False,4.318687394111793,1.9430489167742813,5.543464620614079,0,Kavya Nair,30,1,Surat,2021-06-16,438,7,4.42,High,0.07472602739726027,0.906255707762557,1882,0.01598173515981735
T01317,R0249,5.48,52.77,121.71,2023-02-16,0,0,3,2,Zone_7,11070,0.64,45.2,Industrial,0.0,True,False,False,False,False,False,False,False,False,False,False,True,False,False,4.809823847988456,1.8687205103641833,7.264296249465602,0,Diya Nair,20,1,Mumbai,2023-03-24,396,48,4.49,High,0.1634090909090909,2.728611111111111,1236,0.12121212121212122
T01318,R0016,13.16,96.42,308.81,2024-05-26,0,0,6,5,Zone_1,4921,2.43,30.9,Residential,2.0,False,False,False,True,True,False,False,False,False,False,False,False,False,False,5.735959206351422,2.6504210882655737,9.819368615140181,0,Aarav Iyer,28,0,Delhi,2022-01-24,356,51,3.06,High,0.11584269662921348,1.9316853932584273,1660,0.14325842696629212
T01319,R0223,12.54,89.9,223.88,2023-06-10,0,0,5,6,Zone_5,2590,1.31,43.9,Business,1.0,False,False,False,True,False,False,False,False,False,True,False,False,False,False,5.415566926598276,2.605648267484129,9.481561052906848,0,Meera Ghosh,30,0,Surat,2019-11-29,158,10,4.04,Low,0.3569620253164557,6.248164556962026,2447,0.06329113924050633
T01320,R0003,10.0,98.25,154.94,2023-06-03,0,0,5,6,Zone_2,6371,0.91,58.4,Residential,0.0,False,False,True,False,False,False,True,False,False,False,False,False,False,False,5.049471317881454,2.3978952727983707,9.912113800799505,0,Kavya Reddy,34,1,Pune,2023-05-04,45,9,3.76,Low,1.5040000000000002,21.593555555555557,1195,0.2
T01321,R0236,1.61,10.54,37.2,2023-02-02,0,0,3,2,Zone_7,11070,0.64,45.2,Industrial,0.0,False,True,False,False,False,False,False,False,False,False,False,True,False,False,3.6428355156125294,0.959350221334602,3.246536616149585,0,Arjun Gupta,28,1,Ahmedabad,2020-08-10,61,1,3.36,Low,0.8198360655737704,12.599016393442623,2192,0.01639344262295082
T01322,R0185,9.0,87.7,155.52,2024-02-16,0,0,4,2,Zone_9,11037,1.83,56.1,Mixed,1.0,False,False,False,True,False,False,False,False,False,False,False,False,False,True,5.053183797342212,2.302585092994046,9.364827814754525,0,Vivaan Sharma,27,1,Delhi,2021-08-27,201,12,4.05,Medium,0.21756218905472638,3.7018905472636816,1810,0.05970149253731343
T01323,R0166,6.08,32.36,73.25,2024-01-22,0,0,0,1,Zone_9,11037,1.83,56.1,Mixed,1.0,False,False,False,True,False,False,False,False,False,False,False,False,False,True,4.307437777682809,1.9572739077056285,5.688585061331157,0,Reyansh Sharma,24,2,Chennai,2021-03-16,349,63,4.29,High,0.12366762177650428,1.7994555873925502,1974,0.18051575931232092
T01324,R0270,14.58,117.9,313.49,2024-08-14,0,0,2,8,Zone_1,4921,2.43,30.9,Residential,2.0,False,True,False,False,True,False,False,False,False,False,False,False,False,False,5.750952279132591,2.7459880404426023,10.858176642512316,0,Aadhya Reddy,35,1,Hyderabad,2022-01-02,455,64,3.08,High,0.12975824175824174,2.420945054945055,1682,0.14065934065934066
T01325,R0250,1.01,5.7,8.99,2023-07-29,0,0,5,7,Zone_9,11037,1.83,56.1,Mixed,1.0,False,True,False,False,False,False,False,False,False,False,False,False,False,True,2.301584592660462,0.6981347220709844,2.3874672772626644,0,Aadhya Iyer,34,0,Jaipur,2021-02-01,163,31,4.63,Low,0.46208588957055213,6.91601226993865,2017,0.1901840490797546
T01326,R0072,5.21,38.32,45.13,2024-07-30,0,0,1,7,Zone_5,2590,1.31,43.9,Business,1.0,False,False,False,True,False,False,False,False,False,True,False,False,False,False,3.8314634975697293,1.8261608959453874,6.190315016216864,0,Saanvi Das,25,2,Jaipur,2023-11-05,62,10,4.07,Low,0.7845161290322581,11.808709677419355,1010,0.16129032258064516
T01327,R0280,5.07,44.97,72.82,2024-03-09,0,0,5,3,Zone_8,4516,1.93,31.0,Business,1.0,True,False,False,False,False,False,False,False,False,False,False,False,True,False,4.301629697601852,1.803358605071407,6.705967491719595,0,Saanvi Gupta,26,2,Chennai,2023-05-31,172,23,4.43,Medium,0.29517441860465116,4.2749999999999995,1168,0.13372093023255813
T01328,R0203,5.67,32.13,68.89,2024-01-05,0,0,4,1,Zone_4,4038,2.46,48.2,Business,2.0,False,False,True,False,False,False,False,False,True,False,False,False,False,False,4.246922577489038,1.8976198599275322,5.668333088307356,0,Kavya Gupta,49,0,Bengaluru,2023-07-25,152,9,3.6,Low,0.25513157894736843,4.596381578947369,1113,0.05921052631578947
T01329,R0165,12.79,110.98,232.73,2023-11-28,0,0,1,11,Zone_10,2440,1.54,35.4,Industrial,1.0,True,False,False,False,False,True,False,False,False,False,False,False,False,False,5.454166603010877,2.6239436918052106,10.534704552098269,0,Meera Reddy,37,0,Kolkata,2021-12-09,34,5,3.27,Low,1.3738235294117647,22.932352941176468,1706,0.14705882352941177
T01330,R0028,3.76,33.29,33.59,2023-10-19,0,0,3,10,Zone_4,4038,2.46,48.2,Business,2.0,False,False,True,False,False,False,False,False,True,False,False,False,False,False,3.5435646229490776,1.5602476682433286,5.769748694700662,0,Reyansh Sharma,20,0,Surat,2023-11-11,249,21,3.79,Medium,0.34088353413654615,6.022128514056225,1004,0.08433734939759036
T01331,R0294,6.96,64.73,98.96,2023-12-12,0,0,1,12,Zone_5,2590,1.31,43.9,Business,1.0,False,False,True,False,False,False,False,False,False,True,False,False,False,False,4.604770105966751,2.0744289998562917,8.045495634204272,0,Arjun Reddy,24,1,Surat,2021-04-02,41,7,3.2,Low,1.3824390243902438,20.37560975609756,1957,0.17073170731707318
T01332,R0146,12.25,87.0,233.83,2024-02-29,0,0,3,2,Zone_6,14627,0.54,37.6,Mixed,0.0,False,False,True,False,False,False,False,False,False,False,True,False,False,False,5.458861848105724,2.583997552432231,9.327379053088816,0,Kavya Gupta,30,1,Surat,2020-04-15,80,11,3.89,Low,0.843,11.730875000000001,2309,0.1375
T01333,R0135,12.9,77.2,259.46,2023-07-23,0,0,6,7,Zone_3,12971,2.11,38.0,Business,2.0,False,False,True,False,False,False,False,True,False,False,False,False,False,False,5.5624492985395575,2.631888840136646,8.78635305459552,0,Reyansh Patel,38,0,Ahmedabad,2022-02-24,153,8,3.47,Low,0.4352941176470588,6.4845098039215685,1629,0.05228758169934641
T01334,R0022,5.25,39.93,80.17,2023-05-16,0,0,1,5,Zone_2,6371,0.91,58.4,Residential,0.0,False,False,True,False,False,False,True,False,False,False,False,False,False,False,4.3965457207730845,1.8325814637483102,6.319018911191831,0,Aarav Nair,43,0,Kolkata,2020-09-14,220,1,3.32,Medium,0.2375,3.760090909090909,2157,0.004545454545454545
T01335,R0237,4.6,41.73,44.08,2023-06-01,0,0,3,6,Zone_3,12971,2.11,38.0,Business,2.0,False,False,False,True,False,False,False,True,False,False,False,False,False,False,3.8084386891715756,1.7227665977411035,6.4598761598036845,0,Aadhya Nair,40,1,Chennai,2022-12-13,36,3,3.71,Low,2.7047222222222222,48.88055555555556,1337,0.08333333333333333
T01336,R0157,9.73,77.54,93.63,2023-10-17,0,0,1,10,Zone_1,4921,2.43,30.9,Residential,2.0,False,False,True,False,True,False,False,False,False,False,False,False,False,False,4.549974550520141,2.373043556642607,8.805679985100527,0,Kavya Nair,36,0,Hyderabad,2021-11-23,319,27,4.65,Medium,0.3570532915360502,5.880658307210031,1722,0.08463949843260188
T01337,R0152,8.76,51.32,154.75,2024-02-14,0,0,2,2,Zone_1,4921,2.43,30.9,Residential,2.0,False,False,True,False,True,False,False,False,False,False,False,False,False,False,5.048252157667562,2.278292400425001,7.163797875428926,0,Arjun Patel,34,0,Bengaluru,2021-05-04,143,24,3.91,Low,0.3393706293706294,6.395524475524475,1925,0.16783216783216784
T01338,R0160,8.35,66.52,109.36,2024-05-03,0,0,4,5,Zone_1,4921,2.43,30.9,Residential,2.0,False,True,False,False,True,False,False,False,False,False,False,False,False,False,4.703747749349085,2.2353763433005955,8.155979401641472,0,Kavya Nair,30,1,Surat,2021-06-16,438,7,4.42,High,0.07472602739726027,0.906255707762557,1882,0.01598173515981735
T01339,R0249,11.01,106.56,154.05,2023-03-27,0,0,0,3,Zone_10,2440,1.54,35.4,Industrial,1.0,True,False,False,False,False,True,False,False,False,False,False,False,False,False,5.043747645546458,2.485739636091892,10.322790320451153,0,Diya Nair,20,1,Mumbai,2023-03-24,396,48,4.49,High,0.1634090909090909,2.728611111111111,1236,0.12121212121212122
T01340,R0223,2.36,18.92,47.61,2023-11-16,0,0,3,11,Zone_7,11070,0.64,45.2,Industrial,0.0,False,False,True,False,False,False,False,False,False,False,False,True,False,False,3.883829271057364,1.2119409739751128,4.349712634186309,0,Meera Ghosh,30,0,Surat,2019-11-29,158,10,4.04,Low,0.3569620253164557,6.248164556962026,2447,0.06329113924050633
T01341,R0285,3.68,26.59,64.46,2024-07-22,0,0,0,7,Zone_9,11037,1.83,56.1,Mixed,1.0,False,False,True,False,False,False,False,False,False,False,False,False,False,True,4.181439269073034,1.5432981099295553,5.156549233741495,0,Diya Iyer,29,0,Chennai,2019-01-10,244,16,4.97,Medium,0.25774590163934424,4.5302459016393435,2770,0.06557377049180328
T01342,R0055,11.22,84.17,99.64,2024-01-29,0,0,0,1,Zone_3,12971,2.11,38.0,Business,2.0,False,False,False,True,False,False,False,True,False,False,False,False,False,False,4.611549792952131,2.503073953743449,9.174420962654809,0,Kavya Singh,32,1,Delhi,2021-11-07,425,12,4.19,High,0.16870588235294118,2.610729411764706,1738,0.02823529411764706
T01343,R0211,0.8,4.79,12.38,2024-01-16,0,0,1,1,Zone_2,6371,0.91,58.4,Residential,0.0,False,False,True,False,False,False,True,False,False,False,False,False,False,False,2.5937610547000824,0.5877866649021191,2.188606862823929,0,Arjun Reddy,36,0,Mumbai,2021-04-04,435,17,3.63,High,0.10593103448275862,1.4847816091954023,1955,0.03908045977011494
T01344,R0189,2.77,24.1,67.88,2023-02-01,1,0,2,2,Zone_10,2440,1.54,35.4,Industrial,1.0,False,True,False,False,False,True,False,False,False,False,False,False,False,False,4.232365860119475,1.3270750014599193,4.909175083453431,0,Reyansh Gupta,29,0,Delhi,2019-09-16,238,42,3.28,Medium,0.30264705882352944,6.2214285714285715,2521,0.17647058823529413
T01345,R0114,7.23,59.13,66.53,2023-12-30,0,0,5,12,Zone_7,11070,0.64,45.2,Industrial,0.0,False,False,False,True,False,False,False,False,False,False,False,True,False,False,4.212571943586751,2.1077860146889784,7.689603370785778,0,Meera Das,36,1,Chennai,2022-05-23,242,23,3.45,Medium,0.02987603305785124,0.2749173553719008,1541,0.09504132231404959
T01346,R0080,1.56,9.11,17.39,2023-08-23,0,0,2,8,Zone_4,4038,2.46,48.2,Business,2.0,True,False,False,False,False,False,False,False,True,False,False,False,False,False,2.91180703861623,0.9400072584914712,3.018277654557314,0,Reyansh Kumar,19,0,Mumbai,2021-05-15,34,6,4.6,Low,1.6208823529411764,24.814117647058826,1914,0.17647058823529413
T01347,R0130,11.21,90.54,272.14,2023-09-30,1,0,5,9,Zone_2,6371,0.91,58.4,Residential,0.0,False,True,False,False,False,False,True,False,False,False,False,False,False,False,5.609984484250279,2.502255288122613,9.515250916292224,0,Diya Ghosh,27,0,Pune,2019-02-16,316,62,3.62,Medium,0.1610759493670886,2.836487341772152,2733,0.1962025316455696
T01348,R0131,6.04,32.61,91.44,2024-05-18,0,0,5,5,Zone_2,6371,0.91,58.4,Residential,0.0,False,False,True,False,False,False,True,False,False,False,False,False,False,False,4.52655978540618,1.951608170169951,5.710516614107694,0,Reyansh Ghosh,24,1,Surat,2019-10-22,99,7,3.6,Low,0.2724242424242424,4.396262626262627,2485,0.0707070707070707
T01349,R0023,17.16,162.72,261.85,2024-03-08,0,0,4,3,Zone_7,11070,0.64,45.2,Industrial,0.0,False,False,False,True,False,False,False,False,False,False,False,True,False,False,5.5715835272654575,2.8992213731731473,12.75617497528158,0,Meera Iyer,24,2,Jaipur,2019-10-09,176,32,3.21,Medium,0.36880681818181815,6.793295454545454,2498,0.18181818181818182
T01350,R0068,4.85,29.0,115.16,2024-04-02,0,0,1,4,Zone_6,14627,0.54,37.6,Mixed,0.0,False,True,False,False,False,False,False,False,False,False,True,False,False,False,4.754968551076486,1.766441661243765,5.385164807134504,0,Meera Singh,30,0,Ahmedabad,2022-08-31,456,70,4.97,High,0.15745614035087718,2.4136622807017547,1441,0.15350877192982457
T01351,R0133,5.12,49.57,60.88,2024-04-17,0,0,2,4,Zone_6,14627,0.54,37.6,Mixed,0.0,False,False,False,True,False,False,False,False,False,False,True,False,False,False,4.125197025704866,1.8115620965242347,7.040596565632773,0,Diya Kumar,25,0,Delhi,2019-07-13,155,11,4.4,Low,0.4186451612903226,5.272709677419355,2586,0.07096774193548387
T01352,R0091,12.02,100.94,275.23,2024-01-19,0,0,4,1,Zone_5,2590,1.31,43.9,Business,1.0,False,False,True,False,False,False,False,False,False,True,False,False,False,False,5.621233852021042,2.5664866367804233,10.046890066085126,0,Meera Das,41,2,Surat,2022-04-16,334,43,3.4,High,0.14934131736526945,2.7054191616766468,1578,0.12874251497005987
T01353,R0102,4.72,36.52,52.99,2023-04-16,0,0,6,4,Zone_3,12971,2.11,38.0,Business,2.0,True,False,False,False,False,False,False,True,False,False,False,False,False,False,3.9887988442301956,1.7439688053917064,6.043177971895251,0,Aarav Nair,18,0,Chennai,2023-05-13,123,22,4.1,Low,0.29130081300813004,3.9292682926829268,1186,0.17886178861788618
T01354,R0063,15.56,149.46,218.79,2023-06-07,0,0,2,6,Zone_6,14627,0.54,37.6,Mixed,0.0,False,False,True,False,False,False,False,False,False,False,True,False,False,False,5.392672545029182,2.8069901489571136,12.225383429569806,0,Diya Iyer,34,1,Surat,2023-04-21,329,33,4.83,High,0.2053191489361702,3.7828571428571425,1208,0.10030395136778116
T01355,R0245,10.41,76.48,243.67,2023-08-14,0,0,0,8,Zone_6,14627,0.54,37.6,Mixed,0.0,False,False,False,True,False,False,False,False,False,False,True,False,False,False,5.499910363831802,2.4344901638739844,8.74528444363018,0,Diya Sharma,35,0,Hyderabad,2020-03-04,265,48,4.73,Medium,0.14988679245283018,2.8352075471698113,2351,0.1811320754716981
T01356,R0098,6.48,51.15,142.24,2023-06-15,0,0,3,6,Zone_3,12971,2.11,38.0,Business,2.0,False,False,False,True,False,False,False,True,False,False,False,False,False,False,4.964521545130232,2.012232791986386,7.151922818375489,0,Diya Singh,21,2,Bengaluru,2023-04-29,286,56,3.5,Medium,0.24779720279720283,3.7473776223776225,1200,0.1958041958041958
T01357,R0098,7.2,50.64,128.48,2023-09-15,0,0,4,9,Zone_5,2590,1.31,43.9,Business,1.0,False,False,True,False,False,False,False,False,False,True,False,False,False,False,4.8635264290580436,2.1041341542702074,7.116178749862878,0,Diya Singh,21,2,Bengaluru,2023-04-29,286,56,3.5,Medium,0.24779720279720283,3.7473776223776225,1200,0.1958041958041958
T01358,R0118,22.25,183.6,317.32,2023-02-14,0,0,1,2,Zone_4,4038,2.46,48.2,Business,2.0,False,False,False,True,False,False,False,False,True,False,False,False,False,False,5.763057166118673,3.1463051320333655,13.549907748763458,0,Reyansh Gupta,29,1,Surat,2023-09-26,165,24,4.13,Medium,0.23163636363636364,3.228424242424243,1050,0.14545454545454545
T01359,R0152,10.44,100.29,230.32,2024-02-17,0,0,5,2,Zone_6,14627,0.54,37.6,Mixed,0.0,False,False,True,False,False,False,False,False,False,False,True,False,False,False,5.443802033290018,2.437115985951652,10.014489502715554,0,Arjun Patel,34,0,Bengaluru,2021-05-04,143,24,3.91,Low,0.3393706293706294,6.395524475524475,1925,0.16783216783216784
T01360,R0067,8.75,44.84,112.76,2023-07-09,0,0,6,7,Zone_1,4921,2.43,30.9,Residential,2.0,True,False,False,False,True,False,False,False,False,False,False,False,False,False,4.73409096605493,2.277267285009756,6.696267617113283,0,Saanvi Iyer,32,1,Pune,2022-07-24,348,9,3.38,High,0.32491379310344826,5.3069252873563215,1479,0.02586206896551724
T01361,R0188,7.34,37.06,173.56,2023-02-11,0,0,5,2,Zone_6,14627,0.54,37.6,Mixed,0.0,False,True,False,False,False,False,False,False,False,False,True,False,False,False,5.16226852208476,2.1210632163706555,6.087692502089769,0,Vivaan Gupta,24,1,Delhi,2020-07-16,436,64,3.15,High,0.05607798165137615,1.069816513761468,2217,0.14678899082568808
T01362,R0204,13.19,125.25,176.72,2024-02-07,0,0,2,2,Zone_9,11037,1.83,56.1,Mixed,1.0,False,True,False,False,False,False,False,False,False,False,False,False,False,True,5.180209278067708,2.6525374911719513,11.191514642799696,0,Aarav Kumar,37,0,Hyderabad,2019-01-01,438,5,3.73,High,0.15481735159817353,2.0578767123287673,2779,0.01141552511415525
T01363,R0272,0.41,2.44,4.05,2023-11-24,0,0,4,11,Zone_2,6371,0.91,58.4,Residential,0.0,False,True,False,False,False,False,True,False,False,False,False,False,False,False,1.6193882432872684,0.3435897043900769,1.5620499351813308,0,Kavya Ghosh,21,1,Kolkata,2020-01-15,432,4,4.79,High,0.09326388888888888,1.6012962962962962,2400,0.009259259259259259
T01364,R0044,7.09,40.91,95.09,2024-02-23,0,0,4,2,Zone_8,4516,1.93,31.0,Business,1.0,False,False,True,False,False,False,False,False,False,False,False,False,True,False,4.5652852522891765,2.0906287310704004,6.396092557178953,0,Arjun Gupta,36,0,Hyderabad,2020-08-01,271,5,3.21,Medium,0.37734317343173435,6.127380073800738,2201,0.01845018450184502
T01365,R0214,6.17,47.6,88.34,2023-04-12,0,0,2,4,Zone_7,11070,0.64,45.2,Industrial,0.0,False,False,False,True,False,False,False,False,False,False,False,True,False,False,4.492449315923973,1.969905654611529,6.899275324264136,0,Aarav Kumar,20,0,Kolkata,2022-09-14,210,2,4.53,Medium,0.1940952380952381,3.2461428571428574,1427,0.009523809523809525
T01366,R0043,5.33,35.49,60.35,2024-06-16,0,0,6,6,Zone_3,12971,2.11,38.0,Business,2.0,True,False,False,False,False,False,False,True,False,False,False,False,False,False,4.116595171156921,1.8453002361560848,5.957348403442592,0,Diya Kumar,28,1,Ahmedabad,2021-12-10,85,16,4.68,Low,0.7901176470588235,10.147058823529411,1705,0.18823529411764706
T01367,R0044,12.24,79.23,239.01,2023-08-23,0,0,2,8,Zone_2,6371,0.91,58.4,Residential,0.0,True,False,False,False,False,False,True,False,False,False,False,False,False,False,5.4806805891406265,2.5832425505088623,8.901123524589467,0,Arjun Gupta,36,0,Hyderabad,2020-08-01,271,5,3.21,Medium,0.37734317343173435,6.127380073800738,2201,0.01845018450184502
T01368,R0265,14.91,122.7,124.55,2024-03-12,0,0,1,3,Zone_8,4516,1.93,31.0,Business,1.0,False,False,True,False,False,False,False,False,False,False,False,False,True,False,4.832704085603594,2.7669478423496954,11.077003204838391,0,Kavya Das,39,0,Bengaluru,2020-11-26,176,24,3.26,Medium,0.25499999999999995,3.4528977272727275,2084,0.13636363636363635
T01369,R0128,11.03,62.96,88.9,2023-06-05,0,0,0,6,Zone_10,2440,1.54,35.4,Industrial,1.0,True,False,False,False,False,True,False,False,False,False,False,False,False,False,4.498697941477575,2.4874035299865875,7.934733769950949,0,Reyansh Reddy,35,1,Jaipur,2021-12-09,26,4,4.31,Low,0.4242307692307692,3.4192307692307695,1706,0.15384615384615385
T01370,R0204,11.2,65.39,91.6,2024-03-26,0,0,1,3,Zone_1,4921,2.43,30.9,Residential,2.0,False,False,True,False,True,False,False,False,False,False,False,False,False,False,4.528289141652134,2.501435951739211,8.086408349817612,0,Aarav Kumar,37,0,Hyderabad,2019-01-01,438,5,3.73,High,0.15481735159817353,2.0578767123287673,2779,0.01141552511415525
T01371,R0216,0.58,3.43,7.88,2023-07-12,0,0,2,7,Zone_9,11037,1.83,56.1,Mixed,1.0,True,False,False,False,False,False,False,False,False,False,False,False,False,True,2.1838015570040787,0.4574248470388754,1.8520259177452134,0,Ishaan Ghosh,44,0,Chennai,2019-08-01,335,24,3.4,High,0.0884776119402985,1.4891940298507462,2567,0.07164179104477612
T01372,R0153,4.61,32.97,105.47,2024-07-25,0,0,3,7,Zone_2,6371,0.91,58.4,Residential,0.0,False,True,False,False,False,False,True,False,False,False,False,False,False,False,4.667863255326515,1.724550719534605,5.741950887982237,0,Aadhya Ghosh,20,1,Mumbai,2020-05-04,76,14,4.54,Low,0.3794736842105263,6.065131578947368,2290,0.18421052631578946
T01373,R0210,15.37,150.01,128.24,2023-07-18,0,0,1,7,Zone_5,2590,1.31,43.9,Business,1.0,False,False,True,False,False,False,False,False,False,True,False,False,False,False,4.861671140956298,2.7954503913830435,12.247856955402442,0,Meera Iyer,34,2,Mumbai,2022-01-02,94,5,3.4,Low,0.43127659574468086,5.512659574468086,1682,0.05319148936170213
T01374,R0294,5.38,40.34,51.92,2023-06-23,0,0,4,6,Zone_8,4516,1.93,31.0,Business,1.0,False,False,True,False,False,False,False,False,False,False,False,False,True,False,3.968781339246755,1.8531680973566984,6.351377803280167,0,Arjun Reddy,24,1,Surat,2021-04-02,41,7,3.2,Low,1.3824390243902438,20.37560975609756,1957,0.17073170731707318
T01375,R0104,7.32,40.19,66.74,2023-07-13,0,0,3,7,Zone_5,2590,1.31,43.9,Business,1.0,False,False,False,True,False,False,False,False,False,True,False,False,False,False,4.215676847389625,2.1186622548331173,6.339558344238185,0,Diya Gupta,52,1,Kolkata,2021-05-27,328,1,3.7,High,0.14234756097560977,2.3335060975609756,1902,0.003048780487804878
T01376,R0017,3.97,27.58,71.92,2024-07-30,0,0,1,7,Zone_7,11070,0.64,45.2,Industrial,0.0,False,True,False,False,False,False,False,False,False,False,False,True,False,False,4.289362949810462,1.6034198401085376,5.251666402200353,0,Meera Das,49,0,Mumbai,2023-03-18,288,21,3.83,Medium,0.19437500000000002,2.820520833333333,1242,0.07291666666666667
T01377,R0007,3.33,22.94,82.97,2023-11-22,1,0,2,11,Zone_8,4516,1.93,31.0,Business,1.0,True,False,False,False,False,False,False,False,False,False,False,False,True,False,4.430459592195472,1.4655675420143985,4.789572005931219,0,Ishaan Ghosh,18,0,Mumbai,2021-03-26,458,82,4.03,High,0.08650655021834062,1.3033187772925765,1964,0.17903930131004367
T01378,R0285,5.65,33.33,140.2,2023-02-02,1,0,3,2,Zone_2,6371,0.91,58.4,Residential,0.0,False,True,False,False,False,False,True,False,False,False,False,False,False,False,4.950177325059141,1.8946168546677629,5.773214009544423,0,Diya Iyer,29,0,Chennai,2019-01-10,244,16,4.97,Medium,0.25774590163934424,4.5302459016393435,2770,0.06557377049180328
T01379,R0119,4.69,28.13,49.68,2024-07-21,0,0,6,7,Zone_8,4516,1.93,31.0,Business,1.0,True,False,False,False,False,False,False,False,False,False,False,False,True,False,3.925531355452938,1.7387102481382397,5.303772242470448,0,Saanvi Iyer,47,1,Hyderabad,2023-05-05,30,1,4.39,Low,0.9743333333333334,13.516666666666667,1194,0.03333333333333333
T01380,R0243,12.79,100.65,278.98,2023-01-04,0,0,2,1,Zone_7,11070,0.64,45.2,Industrial,0.0,False,True,False,False,False,False,False,False,False,False,False,True,False,False,5.6347181720466795,2.6239436918052106,10.032447358446493,0,Ishaan Patel,33,1,Jaipur,2023-02-06,315,11,3.7,Medium,0.1755873015873016,3.011206349206349,1282,0.03492063492063492
T01381,R0164,9.08,56.55,82.43,2023-05-12,0,0,4,5,Zone_7,11070,0.64,45.2,Industrial,0.0,False,False,True,False,False,False,False,False,False,False,False,True,False,False,4.424007956913983,2.3105532626432224,7.519973404208288,0,Aadhya Ghosh,37,2,Ahmedabad,2022-07-06,249,23,4.02,Medium,0.40273092369477914,7.062208835341366,1497,0.09236947791164658
T01382,R0039,13.09,76.06,231.95,2024-03-08,0,0,4,3,Zone_9,11037,1.83,56.1,Mixed,1.0,False,True,False,False,False,False,False,False,False,False,False,False,False,True,5.450823838262806,2.645465325910589,8.721238444166058,0,Aadhya Iyer,24,1,Chennai,2023-11-18,190,14,4.2,Medium,0.17821052631578946,2.674,997,0.07368421052631578
T01383,R0171,1.06,10.23,25.97,2023-05-17,1,0,2,5,Zone_3,12971,2.11,38.0,Business,2.0,False,False,True,False,False,False,False,True,False,False,False,False,False,False,3.2947251371516386,0.7227059828014898,3.1984371183438953,0,Kavya Singh,23,0,Jaipur,2019-05-13,276,19,4.3,Medium,0.043913043478260874,0.518550724637681,2647,0.06884057971014493
T01384,R0201,14.13,71.29,140.88,2023-02-28,0,0,1,2,Zone_9,11037,1.83,56.1,Mixed,1.0,False,False,True,False,False,False,False,False,False,False,False,False,False,True,4.954981629905421,2.7166795278002644,8.443340571124677,0,Meera Reddy,37,0,Delhi,2021-04-06,183,15,3.84,Medium,0.3698360655737705,5.856830601092896,1953,0.08196721311475409
T01385,R0121,8.11,70.94,165.6,2023-06-29,0,0,3,6,Zone_2,6371,0.91,58.4,Residential,0.0,True,False,False,False,False,False,True,False,False,False,False,False,False,False,5.115595729732743,2.209372711271867,8.422588675698226,0,Diya Iyer,29,1,Pune,2023-07-13,378,10,4.17,High,0.23269841269841268,3.8740211640211637,1125,0.026455026455026454
T01386,R0001,17.2,132.29,251.19,2024-08-09,0,0,4,8,Zone_5,2590,1.31,43.9,Business,1.0,False,True,False,False,False,False,False,False,False,True,False,False,False,False,5.530182771674116,2.9014215940827497,11.501738998951419,0,Aarav Das,23,1,Pune,2020-06-29,56,0,3.76,Low,0.37214285714285716,5.670892857142857,2234,0.0
T01387,R0085,7.74,70.43,66.39,2023-08-17,0,0,3,8,Zone_8,4516,1.93,31.0,Business,1.0,True,False,False,False,False,False,False,False,False,False,False,False,True,False,4.2104966389581255,2.167910189667444,8.392258337301111,0,Aadhya Ghosh,29,0,Chennai,2022-09-17,94,12,4.95,Low,0.46797872340425534,5.4245744680851065,1424,0.1276595744680851
T01388,R0288,0.53,4.2,5.69,2023-09-06,0,0,2,9,Zone_6,14627,0.54,37.6,Mixed,0.0,False,False,True,False,False,False,False,False,False,False,True,False,False,False,1.900613874140137,0.4252677354043441,2.04939015319192,0,Diya Ghosh,42,1,Ahmedabad,2021-08-30,43,5,4.56,Low,1.2111627906976743,18.50232558139535,1807,0.11627906976744186
T01389,R0011,14.42,131.06,305.27,2023-07-02,0,0,6,7,Zone_3,12971,2.11,38.0,Business,2.0,True,False,False,False,False,False,False,True,False,False,False,False,False,False,5.7244670658490335,2.7356653681351832,11.448143954370945,0,Vivaan Nair,26,1,Chennai,2020-04-14,208,34,4.0,Medium,0.4276923076923077,7.8547115384615385,2310,0.16346153846153846
T01390,R0203,7.32,57.56,174.24,2023-11-26,0,0,6,11,Zone_6,14627,0.54,37.6,Mixed,0.0,False,False,True,False,False,False,False,False,False,False,True,False,False,False,5.166156462945698,2.1186622548331173,7.586830695356263,0,Kavya Gupta,49,0,Bengaluru,2023-07-25,152,9,3.6,Low,0.25513157894736843,4.596381578947369,1113,0.05921052631578947
T01391,R0295,2.76,17.59,28.06,2024-04-19,0,0,4,4,Zone_7,11070,0.64,45.2,Industrial,0.0,False,False,True,False,False,False,False,False,False,False,False,True,False,False,3.369362658142137,1.324418957401803,4.194043395102153,0,Kavya Gupta,18,0,Delhi,2019-05-29,98,18,3.59,Low,0.45683673469387753,5.34734693877551,2631,0.1836734693877551
T01392,R0125,8.73,59.38,134.85,2023-05-11,0,0,3,5,Zone_5,2590,1.31,43.9,Business,1.0,False,False,True,False,False,False,False,False,False,True,False,False,False,False,4.911551335872357,2.2752138961979136,7.705841939723395,0,Saanvi Ghosh,44,1,Ahmedabad,2023-04-22,99,19,3.89,Low,0.5633333333333332,11.28040404040404,1207,0.1919191919191919
T01393,R0214,9.16,86.66,183.4,2023-05-15,0,0,0,5,Zone_8,4516,1.93,31.0,Business,1.0,False,False,True,False,False,False,False,False,False,False,False,False,True,False,5.2171073111224935,2.318458442150336,9.309135298189624,0,Aarav Kumar,20,0,Kolkata,2022-09-14,210,2,4.53,Medium,0.1940952380952381,3.2461428571428574,1427,0.009523809523809525
T01394,R0100,13.38,119.64,265.91,2023-10-24,0,0,1,10,Zone_8,4516,1.93,31.0,Business,1.0,False,True,False,False,False,False,False,False,False,False,False,False,True,False,5.586911522924786,2.6658383522929006,10.938007131100253,0,Ishaan Gupta,28,1,Delhi,2021-05-24,383,60,3.79,High,0.26488250652741513,4.327650130548303,1905,0.1566579634464752
T01395,R0284,9.94,55.38,141.77,2023-12-16,0,0,5,12,Zone_9,11037,1.83,56.1,Mixed,1.0,False,False,False,True,False,False,False,False,False,False,False,False,False,True,4.961234943801129,2.392425796993835,7.441773982055623,0,Vivaan Das,28,0,Surat,2019-07-31,135,19,4.95,Low,0.45118518518518513,7.306148148148148,2568,0.14074074074074075
T01396,R0129,13.74,86.72,322.3,2023-06-12,0,0,0,6,Zone_6,14627,0.54,37.6,Mixed,0.0,True,False,False,False,False,False,False,False,False,False,True,False,False,False,5.778580684731388,2.6905648867611904,9.312357381458252,0,Vivaan Singh,35,1,Hyderabad,2022-10-08,158,10,3.9,Low,0.5688607594936709,9.54620253164557,1403,0.06329113924050633
T01397,R0024,5.63,36.68,96.95,2023-05-07,0,0,6,5,Zone_8,4516,1.93,31.0,Business,1.0,False,True,False,False,False,False,False,False,False,False,False,False,True,False,4.58445714439055,1.891604804197771,6.056401571890688,0,Meera Kumar,41,2,Chennai,2019-07-10,140,16,3.49,Low,0.2212142857142857,3.4135,2589,0.11428571428571428
T01398,R0176,17.63,136.49,373.6,2024-01-10,0,0,2,1,Zone_7,11070,0.64,45.2,Industrial,0.0,False,False,False,True,False,False,False,False,False,False,False,True,False,False,5.925858790009988,2.924773184613497,11.682893477217021,0,Kavya Gupta,43,1,Mumbai,2019-05-24,260,13,3.95,Medium,0.3502307692307692,6.3002692307692305,2636,0.05
T01399,R0015,0.59,4.04,7.02,2023-04-18,0,0,1,4,Zone_9,11037,1.83,56.1,Mixed,1.0,False,True,False,False,False,False,False,False,False,False,False,False,False,True,2.081938421878423,0.4637340162321401,2.009975124224178,0,Saanvi Patel,28,2,Chennai,2022-12-19,46,1,3.87,Low,0.6521739130434783,12.996739130434783,1331,0.021739130434782608
T01400,R0186,10.73,82.44,247.47,2023-06-05,0,0,0,6,Zone_6,14627,0.54,37.6,Mixed,0.0,False,False,False,True,False,False,False,False,False,False,True,False,False,False,5.515322113902837,2.462149662665384,9.079647570252934,0,Ishaan Sharma,18,2,Hyderabad,2020-12-11,373,19,3.26,High,0.18386058981233244,2.5169436997319035,2069,0.05093833780160858
T01401,R0040,10.06,55.66,185.32,2023-11-28,0,0,1,11,Zone_9,11037,1.83,56.1,Mixed,1.0,False,False,False,True,False,False,False,False,False,False,False,False,False,True,5.227465625576086,2.403334996094189,7.4605629814377945,0,Aarav Gupta,34,2,Surat,2023-05-05,485,36,4.41,High,0.1658762886597938,2.352061855670103,1194,0.07422680412371134
T01402,R0045,5.89,32.55,119.72,2024-06-01,0,0,5,6,Zone_10,2440,1.54,35.4,Industrial,1.0,True,False,False,False,False,True,False,False,False,False,False,False,False,False,4.793473814459594,1.9300710850255671,5.705260730238365,0,Saanvi Iyer,34,2,Ahmedabad,2023-07-12,100,16,4.88,Low,0.8753,15.298499999999999,1126,0.16
T01403,R0117,4.13,27.22,97.9,2024-06-13,0,0,3,6,Zone_7,11070,0.64,45.2,Industrial,0.0,False,False,True,False,False,False,False,False,False,False,False,True,False,False,4.594109238628667,1.6351056591826783,5.217278984298233,0,Aadhya Gupta,21,0,Ahmedabad,2021-06-12,369,37,3.16,High,0.07910569105691057,1.3319241192411924,1886,0.1002710027100271
T01404,R0300,6.13,37.67,146.58,2023-12-05,0,0,1,12,Zone_9,11037,1.83,56.1,Mixed,1.0,False,False,True,False,False,False,False,False,False,False,False,False,False,True,4.994370401630221,1.9643112344262046,6.137589103222861,0,Saanvi Iyer,38,0,Kolkata,2023-07-08,291,7,3.67,Medium,0.1885910652920962,3.4253264604810996,1130,0.024054982817869417
T01405,R0133,6.27,38.18,61.68,2023-05-09,0,0,1,5,Zone_8,4516,1.93,31.0,Business,2.0,True,False,False,False,False,False,False,False,False,False,False,False,True,False,4.13804241748782,1.9837562915454279,6.178996682310163,0,Diya Kumar,25,0,Delhi,2019-07-13,155,11,4.4,Low,0.4186451612903226,5.272709677419355,2586,0.07096774193548387
T01406,R0031,1.73,13.13,34.58,2023-10-18,0,0,2,10,Zone_6,14627,0.54,37.6,Mixed,0.0,False,False,True,False,False,False,False,False,False,False,True,False,False,False,3.571783682237689,1.0043016091968684,3.623534186398688,0,Reyansh Nair,29,0,Hyderabad,2023-04-27,230,21,4.62,Medium,0.11760869565217391,1.699173913043478,1202,0.09130434782608696
T01407,R0002,12.96,74.47,204.25,2023-01-13,0,0,4,1,Zone_6,14627,0.54,37.6,Mixed,0.0,True,False,False,False,False,False,False,False,False,False,True,False,False,False,5.324228748332538,2.6361960973342264,8.629600222490032,0,Ishaan Nair,39,0,Mumbai,2019-11-23,70,5,4.12,Low,1.0812857142857142,16.794428571428572,2453,0.07142857142857142
T01408,R0285,2.54,19.25,48.66,2023-04-17,0,0,0,4,Zone_4,4038,2.46,48.2,Business,2.0,False,True,False,False,False,False,False,False,True,False,False,False,False,False,3.9051997800800207,1.264126727145683,4.387482193696061,0,Diya Iyer,29,0,Chennai,2019-01-10,244,16,4.97,Medium,0.25774590163934424,4.5302459016393435,2770,0.06557377049180328
T01409,R0164,13.12,84.41,167.66,2024-08-08,0,0,3,8,Zone_5,2590,1.31,43.9,Business,1.0,False,False,True,False,False,False,False,False,False,True,False,False,False,False,5.127884854146496,2.647592232065096,9.187491496594705,0,Aadhya Ghosh,37,2,Ahmedabad,2022-07-06,249,23,4.02,Medium,0.40273092369477914,7.062208835341366,1497,0.09236947791164658
T01410,R0144,0.94,7.98,19.79,2023-12-14,0,0,3,12,Zone_5,2590,1.31,43.9,Business,1.0,False,True,False,False,False,False,False,False,False,True,False,False,False,False,3.0344721018699214,0.6626879730752367,2.824889378365107,0,Ishaan Kumar,34,2,Pune,2021-01-31,194,10,3.52,Medium,0.4354123711340206,8.002319587628865,2018,0.05154639175257732
T01411,R0027,7.11,69.09,64.67,2023-09-13,0,0,2,9,Zone_2,6371,0.91,58.4,Residential,0.0,True,False,False,False,False,False,True,False,False,False,False,False,False,False,4.184642200202881,2.0930978681273213,8.312039460926542,0,Ishaan Iyer,39,1,Jaipur,2019-10-05,403,61,3.98,High,0.14349875930521092,2.052803970223325,2502,0.1513647642679901
T01412,R0049,7.19,66.72,108.1,2024-05-03,0,0,4,5,Zone_9,11037,1.83,56.1,Mixed,1.0,False,False,False,True,False,False,False,False,False,False,False,False,False,True,4.692264892839025,2.1029138978649784,8.168231142664855,0,Meera Iyer,39,1,Mumbai,2020-05-19,375,55,4.4,High,0.15565333333333334,2.6144,2275,0.14666666666666667
T01413,R0298,7.92,77.03,135.54,2024-06-29,0,0,5,6,Zone_1,4921,2.43,30.9,Residential,2.0,False,False,False,True,True,False,False,False,False,False,False,False,False,False,4.916617611990135,2.188295946591918,8.776673629570602,0,Vivaan Singh,35,0,Ahmedabad,2020-03-25,65,11,3.88,Low,0.9721538461538463,15.421692307692307,2330,0.16923076923076924
T01414,R0208,12.78,126.74,130.84,2023-04-01,0,0,5,4,Zone_10,2440,1.54,35.4,Industrial,1.0,False,True,False,False,False,True,False,False,False,False,False,False,False,False,4.881589066161162,2.6232182655855123,11.257886124845996,0,Aadhya Iyer,24,2,Chennai,2020-01-08,356,53,4.75,High,0.13882022471910113,1.691376404494382,2407,0.14887640449438203
T01415,R0213,6.99,58.93,104.49,2023-09-20,0,0,2,9,Zone_7,11070,0.64,45.2,Industrial,0.0,False,False,True,False,False,False,False,False,False,False,False,True,False,False,4.658616161693717,2.0781907597781832,7.676587783644502,0,Kavya Ghosh,29,0,Chennai,2019-06-04,456,26,3.74,High,0.13396929824561402,2.3342105263157893,2625,0.05701754385964912
T01416,R0230,5.71,44.65,129.96,2023-09-06,0,0,2,9,Zone_7,11070,0.64,45.2,Industrial,0.0,False,True,False,False,False,False,False,False,False,False,False,True,False,False,4.874891933062879,1.9035989509835904,6.682065548915245,0,Kavya Gupta,32,1,Chennai,2022-11-22,183,23,3.65,Medium,0.32054644808743166,4.962950819672131,1358,0.12568306010928962
T01417,R0252,7.0,46.27,159.39,2024-06-09,0,0,6,6,Zone_2,6371,0.91,58.4,Residential,0.0,False,True,False,False,False,False,True,False,False,False,False,False,False,False,5.077608349349287,2.0794415416798357,6.802205524680947,0,Reyansh Gupta,38,2,Ahmedabad,2020-09-23,392,47,4.83,High,0.25614795918367345,4.290943877551021,2148,0.11989795918367346
T01418,R0010,12.91,90.86,182.77,2024-01-21,0,0,6,1,Zone_3,12971,2.11,38.0,Business,2.0,False,True,False,False,False,False,False,True,False,False,False,False,False,False,5.213684975707333,2.6326080059353516,9.53205119583398,0,Vivaan Gupta,25,0,Surat,2023-05-14,173,1,3.38,Medium,0.49277456647398843,6.962485549132948,1185,0.005780346820809248
T01419,R0218,1.97,18.82,34.15,2023-12-18,0,0,0,12,Zone_2,6371,0.91,58.4,Residential,0.0,False,False,False,True,False,False,True,False,False,False,False,False,False,False,3.5596246182566738,1.0885619528146082,4.338202392696772,0,Arjun Reddy,34,2,Delhi,2019-01-11,160,16,3.87,Low,0.31275,4.5341875,2769,0.1
T01420,R0057,2.9,25.97,24.86,2023-03-21,0,0,1,3,Zone_10,2440,1.54,35.4,Industrial,1.0,False,False,False,True,False,True,False,False,False,False,False,False,False,False,3.2526973733437115,1.3609765531356006,5.096076922496363,0,Aadhya Reddy,39,1,Bengaluru,2023-06-04,407,11,3.66,High,0.24648648648648647,3.8921621621621623,1164,0.02702702702702703
T01421,R0107,1.78,14.81,22.31,2023-12-17,0,0,6,12,Zone_10,2440,1.54,35.4,Industrial,1.0,False,True,False,False,False,True,False,False,False,False,False,False,False,False,3.1488824530476656,1.0224509277025458,3.8483762809787714,0,Reyansh Gupta,33,1,Hyderabad,2020-01-11,179,14,3.66,Medium,0.18195530726256984,3.5079888268156427,2404,0.0782122905027933
T01422,R0237,18.14,94.02,379.63,2024-03-24,0,0,6,3,Zone_5,2590,1.31,43.9,Business,1.0,False,False,True,False,False,False,False,False,False,True,False,False,False,False,5.94182777466688,2.9517803860248084,9.69639108122192,0,Aadhya Nair,40,1,Chennai,2022-12-13,36,3,3.71,Low,2.7047222222222222,48.88055555555556,1337,0.08333333333333333
T01423,R0165,2.2,16.41,44.97,2024-08-18,0,0,6,8,Zone_1,4921,2.43,30.9,Residential,2.0,False,False,False,True,True,False,False,False,False,False,False,False,False,False,3.8279890098181366,1.1631508098056809,4.050925820105819,0,Meera Reddy,37,0,Kolkata,2021-12-09,34,5,3.27,Low,1.3738235294117647,22.932352941176468,1706,0.14705882352941177
T01424,R0244,1.43,12.15,17.42,2023-05-30,0,0,1,5,Zone_10,2440,1.54,35.4,Industrial,1.0,True,False,False,False,False,True,False,False,False,False,False,False,False,False,2.913437030827161,0.8878912573524571,3.4856850115866753,0,Aadhya Iyer,24,0,Kolkata,2019-04-22,27,1,3.13,Low,1.307777777777778,24.00777777777778,2668,0.037037037037037035
T01425,R0226,3.96,38.4,88.17,2023-06-28,0,0,2,6,Zone_6,14627,0.54,37.6,Mixed,0.0,False,True,False,False,False,False,False,False,False,False,True,False,False,False,4.490544660146788,1.601405740736836,6.196773353931867,0,Aarav Iyer,20,2,Surat,2021-07-30,266,2,3.25,Medium,0.2000375939849624,3.408571428571429,1838,0.007518796992481203
T01426,R0022,4.94,31.28,82.58,2023-05-09,0,0,1,5,Zone_6,14627,0.54,37.6,Mixed,0.0,False,False,True,False,False,False,False,False,False,False,True,False,False,False,4.425804257019769,1.7817091333745536,5.592852581643825,0,Aarav Nair,43,0,Kolkata,2020-09-14,220,1,3.32,Medium,0.2375,3.760090909090909,2157,0.004545454545454545
T01427,R0182,15.33,112.66,335.84,2023-07-22,0,0,5,7,Zone_4,4038,2.46,48.2,Business,2.0,False,False,False,True,False,False,False,False,True,False,False,False,False,False,5.819608040161792,2.7930039069823738,10.61414151026827,0,Meera Patel,43,1,Jaipur,2020-09-30,8,0,4.4,Low,6.19125,104.47625,2141,0.0
T01428,R0144,5.68,49.78,101.56,2024-01-19,0,0,4,1,Zone_2,6371,0.91,58.4,Residential,0.0,True,False,False,False,False,False,True,False,False,False,False,False,False,False,4.63044799317236,1.8991179875485542,7.055494312945054,0,Ishaan Kumar,34,2,Pune,2021-01-31,194,10,3.52,Medium,0.4354123711340206,8.002319587628865,2018,0.05154639175257732
T01429,R0269,9.46,75.28,201.31,2023-11-18,0,0,5,11,Zone_8,4516,1.93,31.0,Business,2.0,False,True,False,False,False,False,False,False,False,False,False,False,True,False,5.309801174489323,2.347558458636777,8.676404785393544,0,Aadhya Sharma,41,1,Mumbai,2019-05-19,423,16,3.41,High,0.14907801418439717,3.4486288416075648,2641,0.037825059101654845
T01430,R0164,0.95,6.29,8.12,2024-05-06,0,0,0,5,Zone_1,4921,2.43,30.9,Residential,2.0,True,False,False,False,True,False,False,False,False,False,False,False,False,False,2.21046980408624,0.6678293725756554,2.5079872407968904,0,Aadhya Ghosh,37,2,Ahmedabad,2022-07-06,249,23,4.02,Medium,0.40273092369477914,7.062208835341366,1497,0.09236947791164658
T01431,R0243,9.04,70.93,73.6,2024-06-16,0,0,6,6,Zone_9,11037,1.83,56.1,Mixed,1.0,False,False,True,False,False,False,False,False,False,False,False,False,False,True,4.312140507209715,2.306577114263583,8.421995013059554,0,Ishaan Patel,33,1,Jaipur,2023-02-06,315,11,3.7,Medium,0.1755873015873016,3.011206349206349,1282,0.03492063492063492
T01432,R0105,0.24,2.31,4.63,2023-01-10,0,0,1,1,Zone_7,11070,0.64,45.2,Industrial,0.0,False,True,False,False,False,False,False,False,False,False,False,True,False,False,1.728109442151599,0.2151113796169455,1.5198684153570663,0,Diya Das,31,0,Jaipur,2020-09-28,346,9,3.69,High,0.27514450867052026,3.7604624277456646,2143,0.02601156069364162
T01433,R0027,6.43,45.88,95.97,2023-12-25,0,0,0,12,Zone_5,2590,1.31,43.9,Business,1.0,False,False,True,False,False,False,False,False,False,True,False,False,False,False,4.574401652316455,2.005525858729668,6.77347768875044,0,Ishaan Iyer,39,1,Jaipur,2019-10-05,403,61,3.98,High,0.14349875930521092,2.052803970223325,2502,0.1513647642679901
T01434,R0262,4.2,36.03,76.18,2024-08-03,0,0,5,8,Zone_4,4038,2.46,48.2,Business,2.0,False,True,False,False,False,False,False,False,True,False,False,False,False,False,4.346140356109473,1.6486586255873816,6.002499479383568,0,Meera Singh,30,1,Ahmedabad,2019-04-21,6,0,3.35,Low,9.936666666666667,161.22666666666666,2669,0.0
T01435,R0019,8.29,41.99,98.89,2023-03-19,0,0,6,3,Zone_8,4516,1.93,31.0,Business,2.0,False,False,True,False,False,False,False,False,False,False,False,False,True,False,4.604069580544058,2.2289385528257473,6.479969135728966,0,Kavya Patel,40,2,Mumbai,2023-04-02,266,24,4.08,Medium,0.14567669172932332,2.3796616541353384,1227,0.09022556390977443
T01436,R0010,11.17,104.95,226.98,2023-01-25,0,0,2,1,Zone_10,2440,1.54,35.4,Industrial,1.0,True,False,False,False,False,True,False,False,False,False,False,False,False,False,5.429257905808632,2.498973906999436,10.244510725261602,0,Vivaan Gupta,25,0,Surat,2023-05-14,173,1,3.38,Medium,0.49277456647398843,6.962485549132948,1185,0.005780346820809248
T01437,R0030,1.32,7.44,29.58,2024-04-17,0,0,2,4,Zone_6,14627,0.54,37.6,Mixed,0.0,True,False,False,False,False,False,False,False,False,False,True,False,False,False,3.420346200500916,0.8415671856782186,2.727636339397171,0,Saanvi Patel,25,2,Mumbai,2021-01-08,442,58,3.72,High,0.1833710407239819,3.5865384615384617,2041,0.13122171945701358
T01438,R0095,2.32,15.32,24.12,2023-06-18,0,0,6,6,Zone_10,2440,1.54,35.4,Industrial,1.0,False,False,False,True,False,True,False,False,False,False,False,False,False,False,3.223664341599998,1.199964782928397,3.9140771581561853,0,Kavya Iyer,29,0,Chennai,2020-10-07,481,77,4.26,High,0.23856548856548856,3.907713097713098,2134,0.1600831600831601
T01439,R0090,8.97,66.47,86.98,2024-03-03,0,0,6,3,Zone_3,12971,2.11,38.0,Business,2.0,False,False,False,True,False,False,False,True,False,False,False,False,False,False,4.477109515920573,2.299580583973747,8.152913589631623,0,Kavya Iyer,33,0,Mumbai,2021-01-31,152,25,4.51,Low,0.7113815789473685,12.63078947368421,2018,0.16447368421052633
T01440,R0184,11.44,107.46,187.99,2024-07-09,0,0,1,7,Zone_8,4516,1.93,31.0,Business,2.0,True,False,False,False,False,False,False,False,False,False,False,False,True,False,5.241694103606946,2.5209170873110334,10.366291525902597,0,Meera Nair,29,0,Surat,2020-03-04,285,27,3.97,Medium,0.24266666666666664,4.2551578947368425,2351,0.09473684210526316
T01441,R0262,15.09,94.9,262.4,2024-01-03,0,0,2,1,Zone_5,2590,1.31,43.9,Business,1.0,False,False,True,False,False,False,False,False,False,True,False,False,False,False,5.573673789309181,2.7781979610042917,9.741663102366044,0,Meera Singh,30,1,Ahmedabad,2019-04-21,6,0,3.35,Low,9.936666666666667,161.22666666666666,2669,0.0
T01442,R0132,5.64,55.5,111.73,2023-08-05,0,0,5,8,Zone_3,12971,2.11,38.0,Business,2.0,True,False,False,False,False,False,False,True,False,False,False,False,False,False,4.72499557905644,1.8931119634883424,7.44983221287567,0,Aadhya Iyer,23,1,Surat,2022-12-09,484,25,3.32,High,0.1433884297520661,2.2561776859504135,1341,0.05165289256198347
T01443,R0139,0.54,2.74,12.47,2023-05-28,0,0,6,5,Zone_2,6371,0.91,58.4,Residential,0.0,False,False,True,False,False,False,True,False,False,False,False,False,False,False,2.6004649904222727,0.43178241642553783,1.6552945357246849,0,Diya Gupta,44,2,Kolkata,2023-10-09,155,7,4.39,Low,0.38012903225806455,6.466,1037,0.04516129032258064
T01444,R0232,8.93,48.23,144.17,2024-02-21,0,0,2,2,Zone_5,2590,1.31,43.9,Business,1.0,False,False,False,True,False,False,False,False,False,True,False,False,False,False,4.9779054694733365,2.295560478057081,6.944782214007866,0,Meera Das,38,1,Jaipur,2022-12-08,172,15,3.94,Medium,0.541860465116279,8.667674418604651,1342,0.0872093023255814
T01445,R0146,4.03,29.85,74.2,2024-08-10,0,0,5,8,Zone_9,11037,1.83,56.1,Mixed,1.0,False,False,True,False,False,False,False,False,False,False,False,False,False,True,4.320151230955794,1.6154199841116479,5.463515351859094,0,Kavya Gupta,30,1,Surat,2020-04-15,80,11,3.89,Low,0.843,11.730875000000001,2309,0.1375
T01446,R0236,3.38,17.1,61.12,2024-04-15,0,0,0,4,Zone_9,11037,1.83,56.1,Mixed,1.0,True,False,False,False,False,False,False,False,False,False,False,False,False,True,4.129067998280486,1.4770487243883548,4.135214625627067,0,Arjun Gupta,28,1,Ahmedabad,2020-08-10,61,1,3.36,Low,0.8198360655737704,12.599016393442623,2192,0.01639344262295082
T01447,R0204,15.04,124.93,217.68,2023-08-22,0,0,1,8,Zone_2,6371,0.91,58.4,Residential,0.0,False,True,False,False,False,False,True,False,False,False,False,False,False,False,5.387609474026799,2.7750856024383683,11.177208953938367,0,Aarav Kumar,37,0,Hyderabad,2019-01-01,438,5,3.73,High,0.15481735159817353,2.0578767123287673,2779,0.01141552511415525
T01448,R0095,11.09,79.83,177.19,2023-04-29,0,0,5,4,Zone_10,2440,1.54,35.4,Industrial,1.0,False,True,False,False,False,True,False,False,False,False,False,False,False,False,5.182850396739323,2.492378664626701,8.934763567101259,0,Kavya Iyer,29,0,Chennai,2020-10-07,481,77,4.26,High,0.23856548856548856,3.907713097713098,2134,0.1600831600831601
T01449,R0041,4.36,36.21,73.04,2024-08-10,0,0,5,8,Zone_1,4921,2.43,30.9,Residential,2.0,False,False,False,True,True,False,False,False,False,False,False,False,False,False,4.304605487705297,1.6789639750827108,6.017474553332153,0,Aarav Nair,25,2,Pune,2020-04-11,353,8,4.74,High,0.11937677053824362,1.9891218130311614,2313,0.0226628895184136
T01450,R0095,7.91,57.89,184.42,2023-01-11,0,0,2,1,Zone_1,4921,2.43,30.9,Residential,2.0,True,False,False,False,True,False,False,False,False,False,False,False,False,False,5.222623522178837,2.187174241482718,7.608547824650904,0,Kavya Iyer,29,0,Chennai,2020-10-07,481,77,4.26,High,0.23856548856548856,3.907713097713098,2134,0.1600831600831601
T01451,R0090,7.57,66.04,94.64,2023-01-17,0,0,1,1,Zone_4,4038,2.46,48.2,Business,2.0,False,True,False,False,False,False,False,False,True,False,False,False,False,False,4.560591142590124,2.1482677326096886,8.126499861564017,0,Kavya Iyer,33,0,Mumbai,2021-01-31,152,25,4.51,Low,0.7113815789473685,12.63078947368421,2018,0.16447368421052633
T01452,R0216,8.83,58.43,130.74,2023-05-21,0,0,6,5,Zone_1,4921,2.43,30.9,Residential,2.0,False,False,True,False,True,False,False,False,False,False,False,False,False,False,4.880830283212547,2.285438934159075,7.643951857514541,0,Ishaan Ghosh,44,0,Chennai,2019-08-01,335,24,3.4,High,0.0884776119402985,1.4891940298507462,2567,0.07164179104477612
T01453,R0112,5.97,39.87,48.61,2023-11-23,0,0,3,11,Zone_1,4921,2.43,30.9,Residential,2.0,False,True,False,False,True,False,False,False,False,False,False,False,False,False,3.9041924263129575,1.9416152247724325,6.314269553954756,0,Meera Nair,41,0,Delhi,2020-11-13,311,11,3.24,Medium,0.28787781350482317,3.6986173633440513,2097,0.03536977491961415
T01454,R0026,1.5,13.48,22.54,2023-01-16,0,0,0,1,Zone_3,12971,2.11,38.0,Business,2.0,False,True,False,False,False,False,False,True,False,False,False,False,False,False,3.1587011018321305,0.9162907318741551,3.671511950137164,0,Aarav Kumar,26,0,Surat,2020-04-17,44,5,3.17,Low,1.8020454545454547,22.11795454545455,2307,0.11363636363636363
T01455,R0248,3.12,16.59,37.83,2023-11-11,0,0,5,11,Zone_8,4516,1.93,31.0,Business,2.0,False,False,False,True,False,False,False,False,False,False,False,False,True,False,3.659193143743576,1.415853163361435,4.07308237088326,0,Vivaan Ghosh,18,0,Chennai,2021-10-24,104,12,3.65,Low,0.5549999999999999,9.03519230769231,1752,0.11538461538461539
T01456,R0014,5.34,32.55,116.6,2023-09-13,0,0,2,9,Zone_6,14627,0.54,37.6,Mixed,0.0,False,False,False,True,False,False,False,False,False,False,True,False,False,False,4.767289035464526,1.8468787684491346,5.705260730238365,0,Aarav Das,26,0,Ahmedabad,2021-06-08,325,53,3.0,High,0.1298153846153846,2.710769230769231,1890,0.16307692307692306
T01457,R0197,8.14,59.34,155.04,2023-10-27,0,0,4,10,Zone_10,2440,1.54,35.4,Industrial,1.0,True,False,False,False,False,True,False,False,False,False,False,False,False,False,5.050112384638456,2.2126603854660587,7.703246069028303,0,Saanvi Das,29,0,Bengaluru,2020-10-08,475,87,3.87,High,0.14964210526315788,2.048421052631579,2133,0.1831578947368421
T01458,R0197,2.59,24.08,23.54,2023-04-17,0,0,0,4,Zone_8,4516,1.93,31.0,Business,2.0,False,True,False,False,False,False,False,False,False,False,False,False,True,False,3.2003044392827653,1.2781522025001875,4.907137658554118,0,Saanvi Das,29,0,Bengaluru,2020-10-08,475,87,3.87,High,0.14964210526315788,2.048421052631579,2133,0.1831578947368421
T01459,R0050,8.93,49.33,120.64,2024-04-09,0,0,1,4,Zone_8,4516,1.93,31.0,Business,2.0,False,False,True,False,False,False,False,False,False,False,False,False,True,False,4.801065862809164,2.295560478057081,7.02353187506115,0,Diya Das,49,1,Ahmedabad,2022-10-06,330,41,3.42,High,0.1821212121212121,2.775181818181818,1405,0.12424242424242424
T01460,R0144,6.09,45.45,95.39,2024-03-22,0,0,4,3,Zone_4,4038,2.46,48.2,Business,2.0,False,False,True,False,False,False,False,False,True,False,False,False,False,False,4.568402461795877,1.958685340544036,6.74166151627327,0,Ishaan Kumar,34,2,Pune,2021-01-31,194,10,3.52,Medium,0.4354123711340206,8.002319587628865,2018,0.05154639175257732
T01461,R0086,4.2,35.0,45.3,2023-06-28,0,0,2,6,Zone_6,14627,0.54,37.6,Mixed,0.0,False,False,False,True,False,False,False,False,False,False,True,False,False,False,3.835141961092188,1.6486586255873816,5.916079783099616,0,Vivaan Patel,23,1,Hyderabad,2019-11-08,337,17,4.56,High,0.19192878338278935,3.352581602373887,2468,0.050445103857566766
T01462,R0020,1.65,12.51,16.27,2024-02-07,0,0,2,2,Zone_9,11037,1.83,56.1,Mixed,1.0,True,False,False,False,False,False,False,False,False,False,False,False,False,True,2.848970892158587,0.9745596399981308,3.5369478367654787,0,Diya Das,35,0,Chennai,2019-09-17,274,21,4.03,Medium,0.19653284671532847,2.722846715328467,2520,0.07664233576642336
T01463,R0006,10.23,71.51,162.16,2023-03-13,0,0,0,3,Zone_9,11037,1.83,56.1,Mixed,1.0,False,True,False,False,False,False,False,False,False,False,False,False,False,True,5.094731314449358,2.418588768750352,8.456358554366059,0,Aarav Das,45,0,Jaipur,2023-06-30,248,13,4.64,Medium,0.255,4.417056451612903,1138,0.05241935483870968
T01464,R0079,10.12,57.51,203.24,2023-07-30,0,0,6,7,Zone_1,4921,2.43,30.9,Residential,2.0,True,False,False,False,True,False,False,False,False,False,False,False,False,False,5.319295772933229,2.4087452888224363,7.583534795858722,0,Ishaan Nair,25,1,Bengaluru,2020-09-23,146,28,4.92,Low,0.24972602739726027,4.194589041095891,2148,0.1917808219178082
T01465,R0137,12.0,79.86,296.06,2024-05-01,1,0,2,5,Zone_10,2440,1.54,35.4,Industrial,1.0,True,False,False,False,False,True,False,False,False,False,False,False,False,False,5.693934138601387,2.5649493574615367,8.936442245099556,0,Arjun Gupta,27,1,Bengaluru,2021-08-10,166,32,3.14,Medium,0.49596385542168675,9.032349397590362,1827,0.1927710843373494
T01466,R0013,10.75,59.64,144.88,2024-04-15,0,0,0,4,Zone_10,2440,1.54,35.4,Industrial,1.0,True,False,False,False,False,True,False,False,False,False,False,False,False,False,4.982784365940479,2.463853240590168,7.722693830523129,0,Ishaan Gupta,43,0,Kolkata,2019-04-01,6,0,3.91,Low,13.418333333333335,238.80666666666664,2689,0.0
T01467,R0263,11.12,97.41,93.08,2023-09-08,0,0,4,9,Zone_3,12971,2.11,38.0,Business,2.0,False,False,True,False,False,False,False,True,False,False,False,False,False,False,4.544145484150317,2.4948569806411682,9.869650449737316,0,Ishaan Das,31,2,Chennai,2020-12-30,297,21,3.84,Medium,0.3522558922558922,5.2110101010101015,2050,0.0707070707070707
T01468,R0099,9.91,79.9,187.68,2023-08-25,0,0,4,8,Zone_6,14627,0.54,37.6,Mixed,0.0,False,True,False,False,False,False,False,False,False,False,True,False,False,False,5.240052458416061,2.3896797998449792,8.938679992034618,0,Diya Gupta,35,2,Mumbai,2021-08-21,80,8,3.7,Low,0.867125,16.033250000000002,1816,0.1
T01469,R0012,0.79,4.99,15.11,2023-12-19,0,0,1,12,Zone_7,11070,0.64,45.2,Industrial,0.0,False,False,True,False,False,False,False,False,False,False,False,True,False,False,2.779440197188883,0.5822156198526637,2.233830790368868,0,Aarav Das,31,0,Hyderabad,2022-01-19,248,11,3.31,Medium,0.11737903225806451,1.4224193548387096,1665,0.04435483870967742
T01470,R0213,6.6,58.55,155.4,2024-05-30,0,0,3,5,Zone_10,2440,1.54,35.4,Industrial,1.0,False,False,False,True,False,True,False,False,False,False,False,False,False,False,5.052416828111211,2.028148247292285,7.651797174520506,0,Kavya Ghosh,29,0,Chennai,2019-06-04,456,26,3.74,High,0.13396929824561402,2.3342105263157893,2625,0.05701754385964912
T01471,R0252,0.84,6.37,18.24,2023-03-13,0,0,0,3,Zone_3,12971,2.11,38.0,Business,2.0,False,False,True,False,False,False,False,True,False,False,False,False,False,False,2.9569914452375605,0.6097655716208943,2.5238858928247927,0,Reyansh Gupta,38,2,Ahmedabad,2020-09-23,392,47,4.83,High,0.25614795918367345,4.290943877551021,2148,0.11989795918367346
T01472,R0197,14.85,108.9,143.01,2024-05-12,0,0,6,5,Zone_8,4516,1.93,31.0,Business,2.0,True,False,False,False,False,False,False,False,False,False,False,False,True,False,4.969882741609291,2.7631695003232895,10.435516278555651,0,Saanvi Das,29,0,Bengaluru,2020-10-08,475,87,3.87,High,0.14964210526315788,2.048421052631579,2133,0.1831578947368421
T01473,R0062,7.93,62.97,76.83,2024-04-04,0,0,3,4,Zone_8,4516,1.93,31.0,Business,2.0,True,False,False,False,False,False,False,False,False,False,False,False,True,False,4.354526960971297,2.189416394888408,7.93536388579629,0,Kavya Sharma,38,1,Jaipur,2019-05-13,57,3,3.58,Low,1.1587719298245613,15.605438596491227,2647,0.05263157894736842
T01474,R0259,14.35,89.85,254.51,2023-04-29,0,0,5,4,Zone_7,11070,0.64,45.2,Industrial,0.0,False,True,False,False,False,False,False,False,False,False,False,True,False,False,5.543261547821099,2.731115474033206,9.478923989567592,0,Aadhya Das,32,1,Jaipur,2019-06-25,150,27,3.52,Low,0.5316,8.553866666666666,2604,0.18
T01475,R0208,2.85,20.24,28.56,2024-08-10,0,0,5,8,Zone_7,11070,0.64,45.2,Industrial,0.0,False,True,False,False,False,False,False,False,False,False,False,True,False,False,3.386422096080001,1.3480731482996928,4.498888751680797,0,Aadhya Iyer,24,2,Chennai,2020-01-08,356,53,4.75,High,0.13882022471910113,1.691376404494382,2407,0.14887640449438203
T01476,R0003,7.54,65.54,175.74,2024-06-29,0,0,5,6,Zone_2,6371,0.91,58.4,Residential,0.0,False,True,False,False,False,False,True,False,False,False,False,False,False,False,5.174679726089859,2.1447610078004784,8.095677859203638,0,Kavya Reddy,34,1,Pune,2023-05-04,45,9,3.76,Low,1.5040000000000002,21.593555555555557,1195,0.2
T01477,R0043,9.32,91.17,102.0,2023-02-09,0,0,3,2,Zone_1,4921,2.43,30.9,Residential,2.0,False,False,True,False,True,False,False,False,False,False,False,False,False,False,4.634728988229636,2.334083760053417,9.54829827770373,0,Diya Kumar,28,1,Ahmedabad,2021-12-10,85,16,4.68,Low,0.7901176470588235,10.147058823529411,1705,0.18823529411764706
T01478,R0199,6.35,32.89,147.29,2024-06-21,0,0,4,6,Zone_1,4921,2.43,30.9,Residential,2.0,False,True,False,False,True,False,False,False,False,False,False,False,False,False,4.999169815986978,1.9947003132247452,5.734980383575867,0,Aarav Das,29,1,Ahmedabad,2021-08-03,344,27,3.91,High,0.24752906976744188,4.652616279069767,1834,0.07848837209302326
T01479,R0058,8.94,71.26,120.2,2023-10-22,0,0,6,10,Zone_6,14627,0.54,37.6,Mixed,0.0,False,False,False,True,False,False,False,False,False,False,True,False,False,False,4.797442073635214,2.2965670206684825,8.441563836162112,0,Vivaan Reddy,46,1,Kolkata,2021-05-31,480,25,4.32,High,0.15858333333333335,2.1738958333333334,1898,0.052083333333333336
T01480,R0273,15.41,120.88,163.17,2024-03-17,0,0,6,3,Zone_7,11070,0.64,45.2,Industrial,0.0,True,False,False,False,False,False,False,False,False,False,False,True,False,False,5.100902476306427,2.7978909051019993,10.994544101507802,0,Aadhya Nair,43,1,Delhi,2022-09-17,289,48,3.76,Medium,0.2589965397923875,3.313044982698962,1424,0.16608996539792387
T01481,R0106,2.84,20.79,26.74,2024-06-30,0,0,6,6,Zone_3,12971,2.11,38.0,Business,2.0,False,True,False,False,False,False,False,True,False,False,False,False,False,False,3.3228754148866853,1.3454723665996355,4.559605246071199,0,Aarav Patel,32,2,Bengaluru,2021-11-25,6,1,4.03,Low,6.611666666666667,73.10333333333334,1720,0.16666666666666666
T01482,R0120,5.19,40.17,93.02,2023-12-25,0,0,0,12,Zone_7,11070,0.64,45.2,Industrial,0.0,False,False,True,False,False,False,False,False,False,False,False,True,False,False,4.5435075255959845,1.8229350866965048,6.33798075099633,0,Ishaan Gupta,18,2,Surat,2020-07-12,311,15,4.55,Medium,0.21929260450160773,3.260289389067524,2221,0.04823151125401929
T01483,R0154,16.0,137.14,336.27,2024-07-02,0,0,1,7,Zone_1,4921,2.43,30.9,Residential,2.0,False,False,False,True,True,False,False,False,False,False,False,False,False,False,5.820883796517047,2.833213344056216,11.71067888723792,0,Kavya Patel,18,2,Kolkata,2019-03-25,466,79,4.68,High,0.2974678111587983,4.419570815450644,2696,0.16952789699570817
T01484,R0014,4.04,28.89,89.41,2023-04-18,0,0,1,4,Zone_1,4921,2.43,30.9,Residential,2.0,False,False,False,True,True,False,False,False,False,False,False,False,False,False,4.504354880749275,1.6174060820832772,5.374941860150675,0,Aarav Das,26,0,Ahmedabad,2021-06-08,325,53,3.0,High,0.1298153846153846,2.710769230769231,1890,0.16307692307692306
T01485,R0192,13.61,109.02,180.8,2024-03-17,0,0,6,3,Zone_9,11037,1.83,56.1,Mixed,1.0,False,False,True,False,False,False,False,False,False,False,False,False,False,True,5.202907181743378,2.681706225762608,10.441264291262817,0,Aadhya Nair,31,1,Delhi,2021-08-23,449,31,3.89,High,0.03893095768374165,0.512694877505568,1814,0.06904231625835189
T01486,R0132,11.26,76.88,225.47,2023-08-21,0,0,0,8,Zone_6,14627,0.54,37.6,Mixed,0.0,False,False,False,True,False,False,False,False,False,False,True,False,False,False,5.422612485819643,2.506341930508065,8.76812408671319,0,Aadhya Iyer,23,1,Surat,2022-12-09,484,25,3.32,High,0.1433884297520661,2.2561776859504135,1341,0.05165289256198347
T01487,R0174,6.92,68.8,62.66,2024-04-23,0,0,1,4,Zone_5,2590,1.31,43.9,Business,1.0,False,True,False,False,False,False,False,False,False,True,False,False,False,False,4.1535564218539465,2.0693912058263346,8.294576541331088,0,Aadhya Patel,32,1,Kolkata,2019-02-07,320,7,3.8,Medium,0.1941875,2.88059375,2742,0.021875
T01488,R0273,9.9,73.94,116.71,2023-09-15,0,0,4,9,Zone_8,4516,1.93,31.0,Business,2.0,False,False,True,False,False,False,False,False,False,False,False,False,True,False,4.768223972424389,2.388762789235098,8.598837130682265,0,Aadhya Nair,43,1,Delhi,2022-09-17,289,48,3.76,Medium,0.2589965397923875,3.313044982698962,1424,0.16608996539792387
T01489,R0150,2.3,18.79,22.73,2024-06-14,0,0,4,6,Zone_8,4516,1.93,31.0,Business,2.0,False,True,False,False,False,False,False,False,False,False,False,False,True,False,3.166740070447672,1.1939224684724346,4.334743360338648,0,Ishaan Gupta,33,1,Pune,2022-02-27,215,16,4.95,Medium,0.25795348837209303,3.506232558139535,1626,0.07441860465116279
T01490,R0291,8.43,42.19,180.72,2023-06-26,0,0,0,6,Zone_1,4921,2.43,30.9,Residential,2.0,False,True,False,False,True,False,False,False,False,False,False,False,False,False,5.202467040891203,2.2438960966453663,6.495382975621991,0,Arjun Ghosh,23,2,Pune,2021-04-19,499,94,3.46,High,0.09308617234468938,1.59436873747495,1940,0.18837675350701402
T01491,R0169,10.97,55.36,198.18,2023-11-18,0,0,5,11,Zone_2,6371,0.91,58.4,Residential,0.0,False,False,False,True,False,False,True,False,False,False,False,False,False,False,5.294208938503494,2.482403519569882,7.4404300950953095,0,Reyansh Kumar,32,1,Delhi,2023-02-21,497,81,4.19,High,0.14167002012072433,2.841871227364185,1267,0.16297786720321933
T01492,R0161,4.13,37.14,94.42,2024-07-29,0,0,0,7,Zone_3,12971,2.11,38.0,Business,2.0,False,True,False,False,False,False,False,True,False,False,False,False,False,False,4.5582882000879605,1.6351056591826783,6.094259594077036,0,Aarav Nair,32,2,Surat,2019-03-27,332,50,4.91,High,0.10006024096385542,1.7095180722891565,2694,0.15060240963855423
T01493,R0043,6.1,46.38,93.68,2023-11-07,0,0,1,11,Zone_10,2440,1.54,35.4,Industrial,1.0,False,False,True,False,False,True,False,False,False,False,False,False,False,False,4.550502784645783,1.9600947840472698,6.810286337592569,0,Diya Kumar,28,1,Ahmedabad,2021-12-10,85,16,4.68,Low,0.7901176470588235,10.147058823529411,1705,0.18823529411764706
T01494,R0123,9.56,92.52,200.04,2023-09-09,0,0,5,9,Zone_6,14627,0.54,37.6,Mixed,0.0,False,False,True,False,False,False,False,False,False,False,True,False,False,False,5.303503893235336,2.3570732782781154,9.618731725128837,0,Meera Ghosh,32,1,Bengaluru,2023-06-24,156,26,3.31,Low,0.2416666666666667,4.584487179487179,1144,0.16666666666666666
T01495,R0200,14.62,133.66,145.11,2023-12-20,0,0,2,12,Zone_9,11037,1.83,56.1,Mixed,1.0,True,False,False,False,False,False,False,False,False,False,False,False,False,True,4.984359762683993,2.7485521444115397,11.561141812122191,0,Kavya Kumar,30,2,Bengaluru,2021-11-15,443,87,3.6,High,0.09022573363431151,1.1048532731376977,1730,0.1963882618510158
T01496,R0144,7.98,57.43,149.03,2024-06-10,0,0,0,6,Zone_4,4038,2.46,48.2,Business,2.0,True,False,False,False,False,False,False,False,True,False,False,False,False,False,5.010835274098922,2.194999882314108,7.578258375114958,0,Ishaan Kumar,34,2,Pune,2021-01-31,194,10,3.52,Medium,0.4354123711340206,8.002319587628865,2018,0.05154639175257732
T01497,R0135,5.85,37.08,54.06,2024-06-27,0,0,3,6,Zone_4,4038,2.46,48.2,Business,2.0,False,False,True,False,False,False,False,False,True,False,False,False,False,False,4.008423499714461,1.9242486522741338,6.089334939055331,0,Reyansh Patel,38,0,Ahmedabad,2022-02-24,153,8,3.47,Low,0.4352941176470588,6.4845098039215685,1629,0.05228758169934641
T01498,R0137,7.27,52.2,85.21,2023-05-18,0,0,3,5,Zone_5,2590,1.31,43.9,Business,1.0,False,False,False,True,False,False,False,False,False,True,False,False,False,False,4.456786180221833,2.1126345090356,7.224956747275377,0,Arjun Gupta,27,1,Bengaluru,2021-08-10,166,32,3.14,Medium,0.49596385542168675,9.032349397590362,1827,0.1927710843373494
T01499,R0144,13.8,132.21,304.68,2023-02-20,0,0,0,2,Zone_3,12971,2.11,38.0,Business,2.0,False,False,True,False,False,False,False,True,False,False,False,False,False,False,5.722538803138645,2.6946271807700692,11.498260738042081,0,Ishaan Kumar,34,2,Pune,2021-01-31,194,10,3.52,Medium,0.4354123711340206,8.002319587628865,2018,0.05154639175257732
T01500,R0099,4.79,38.71,59.63,2024-05-20,0,0,0,5,Zone_4,4038,2.46,48.2,Business,2.0,True,False,False,False,False,False,False,False,True,False,False,False,False,False,4.1047898200836395,1.7561322915849038,6.221736092120913,0,Diya Gupta,35,2,Mumbai,2021-08-21,80,8,3.7,Low,0.867125,16.033250000000002,1816,0.1
T01501,R0063,6.5,37.48,159.88,2024-06-17,1,0,0,6,Zone_5,2590,1.31,43.9,Business,1.0,False,True,False,False,False,False,False,False,False,True,False,False,False,False,5.0806587454643966,2.0149030205422647,6.1220911460055865,0,Diya Iyer,34,1,Surat,2023-04-21,329,33,4.83,High,0.2053191489361702,3.7828571428571425,1208,0.10030395136778116
T01502,R0038,4.84,47.19,67.43,2023-02-08,0,0,2,2,Zone_9,11037,1.83,56.1,Mixed,1.0,True,False,False,False,False,False,False,False,False,False,False,False,False,True,4.225811324964407,1.7647307968401356,6.869497798238238,0,Aarav Singh,37,2,Kolkata,2023-02-11,68,7,4.07,Low,0.43720588235294117,6.673970588235294,1277,0.10294117647058823
T01503,R0072,6.98,58.84,77.73,2023-09-12,0,0,1,9,Zone_8,4516,1.93,31.0,Business,2.0,True,False,False,False,False,False,False,False,False,False,False,False,True,False,4.3660242771963755,2.0769384114617173,7.6707235643060425,0,Saanvi Das,25,2,Jaipur,2023-11-05,62,10,4.07,Low,0.7845161290322581,11.808709677419355,1010,0.16129032258064516
T01504,R0100,9.07,83.78,88.37,2023-04-10,0,0,0,4,Zone_4,4038,2.46,48.2,Business,2.0,True,False,False,False,False,False,False,False,True,False,False,False,False,False,4.492785055393301,2.309560706730471,9.153141537199128,0,Ishaan Gupta,28,1,Delhi,2021-05-24,383,60,3.79,High,0.26488250652741513,4.327650130548303,1905,0.1566579634464752
T01505,R0083,13.17,107.57,211.46,2023-07-03,0,0,0,7,Zone_6,14627,0.54,37.6,Mixed,0.0,True,False,False,False,False,False,False,False,False,False,True,False,False,False,5.3587537353518675,2.6511270537025893,10.371595827065379,0,Kavya Patel,45,0,Mumbai,2021-12-31,475,39,4.4,High,0.19498947368421055,2.9796421052631583,1684,0.08210526315789474
T01506,R0141,2.62,15.88,59.31,2023-10-07,0,0,5,10,Zone_3,12971,2.11,38.0,Business,2.0,True,False,False,False,False,False,False,True,False,False,False,False,False,False,4.099497927462895,1.2864740258376797,3.984971769034255,0,Arjun Das,25,2,Jaipur,2019-07-08,53,0,4.29,Low,0.5720754716981132,10.239622641509435,2591,0.0
T01507,R0056,10.78,72.47,104.66,2023-10-27,0,0,4,10,Zone_9,11037,1.83,56.1,Mixed,1.0,True,False,False,False,False,False,False,False,False,False,False,False,False,True,4.6602263917361695,2.4664031782234406,8.512931340026183,0,Meera Patel,40,2,Hyderabad,2021-02-26,93,13,3.25,Low,0.7120430107526882,9.976236559139785,1992,0.13978494623655913
T01508,R0184,3.54,26.1,65.71,2024-03-18,0,0,0,3,Zone_3,12971,2.11,38.0,Business,2.0,False,False,False,True,False,False,False,True,False,False,False,False,False,False,4.200354866721424,1.5129270120532565,5.10881590977792,0,Meera Nair,29,0,Surat,2020-03-04,285,27,3.97,Medium,0.24266666666666664,4.2551578947368425,2351,0.09473684210526316
T01509,R0105,10.97,105.64,136.12,2023-05-25,0,0,3,5,Zone_4,4038,2.46,48.2,Business,2.0,False,True,False,False,False,False,False,False,True,False,False,False,False,False,4.92085645484947,2.482403519569882,10.278132126023678,0,Diya Das,31,0,Jaipur,2020-09-28,346,9,3.69,High,0.27514450867052026,3.7604624277456646,2143,0.02601156069364162
T01510,R0265,14.2,82.55,193.31,2024-04-26,0,0,4,4,Zone_2,6371,0.91,58.4,Residential,0.0,False,True,False,False,False,False,True,False,False,False,False,False,False,False,5.269454821862936,2.7212954278522306,9.085703054799886,0,Kavya Das,39,0,Bengaluru,2020-11-26,176,24,3.26,Medium,0.25499999999999995,3.4528977272727275,2084,0.13636363636363635
T01511,R0057,12.98,84.12,253.63,2023-06-26,0,0,0,6,Zone_9,11037,1.83,56.1,Mixed,1.0,False,False,True,False,False,False,False,False,False,False,False,False,False,True,5.53981151107484,2.637627736805664,9.171695590238482,0,Aadhya Reddy,39,1,Bengaluru,2023-06-04,407,11,3.66,High,0.24648648648648647,3.8921621621621623,1164,0.02702702702702703
T01512,R0056,8.79,59.17,88.55,2024-02-08,0,0,3,2,Zone_3,12971,2.11,38.0,Business,2.0,False,False,False,True,False,False,False,True,False,False,False,False,False,False,4.494797128506721,2.281361456542419,7.692203845452875,0,Meera Patel,40,2,Hyderabad,2021-02-26,93,13,3.25,Low,0.7120430107526882,9.976236559139785,1992,0.13978494623655913
T01513,R0273,12.17,66.97,127.47,2023-04-23,0,0,6,4,Zone_6,14627,0.54,37.6,Mixed,0.0,False,True,False,False,False,False,False,False,False,False,True,False,False,False,4.8556954140435185,2.5779415157551897,8.183520025025906,0,Aadhya Nair,43,1,Delhi,2022-09-17,289,48,3.76,Medium,0.2589965397923875,3.313044982698962,1424,0.16608996539792387
T01514,R0259,3.28,22.09,57.41,2023-09-23,0,0,5,9,Zone_9,11037,1.83,56.1,Mixed,1.0,False,True,False,False,False,False,False,False,False,False,False,False,False,True,4.067487108052218,1.4539530095937052,4.7,0,Aadhya Das,32,1,Jaipur,2019-06-25,150,27,3.52,Low,0.5316,8.553866666666666,2604,0.18
T01515,R0172,7.66,40.65,129.04,2023-09-15,0,0,4,9,Zone_4,4038,2.46,48.2,Business,2.0,False,False,False,True,False,False,False,False,True,False,False,False,False,False,4.867842095435704,2.1587147225743437,6.375735251718032,0,Reyansh Reddy,31,2,Pune,2019-12-24,168,14,3.72,Medium,0.5050595238095238,8.86077380952381,2422,0.08333333333333333
T01516,R0132,15.6,100.6,233.07,2023-04-17,0,0,0,4,Zone_10,2440,1.54,35.4,Industrial,1.0,False,False,True,False,False,True,False,False,False,False,False,False,False,False,5.455620215921813,2.8094026953624978,10.029955134495866,0,Aadhya Iyer,23,1,Surat,2022-12-09,484,25,3.32,High,0.1433884297520661,2.2561776859504135,1341,0.05165289256198347
T01517,R0255,4.05,20.31,62.76,2023-06-01,0,0,3,6,Zone_6,14627,0.54,37.6,Mixed,0.0,True,False,False,False,False,False,False,False,False,False,True,False,False,False,4.15512603448196,1.6193882432872684,4.5066617356975,0,Reyansh Sharma,37,0,Bengaluru,2021-07-06,475,42,3.12,High,0.15162105263157893,2.6573052631578946,1862,0.08842105263157894
T01518,R0229,8.99,70.24,196.93,2023-01-17,0,0,1,1,Zone_6,14627,0.54,37.6,Mixed,0.0,False,False,True,False,False,False,False,False,False,False,True,False,False,False,5.287913432832644,2.301584592660462,8.380930735902785,0,Reyansh Ghosh,22,0,Mumbai,2020-11-23,146,16,4.43,Low,0.26493150684931505,4.715753424657534,2087,0.1095890410958904
T01519,R0235,6.15,42.15,104.59,2023-06-25,0,0,6,6,Zone_1,4921,2.43,30.9,Residential,2.0,False,True,False,False,True,False,False,False,False,False,False,False,False,False,4.659563669818423,1.9671123567059163,6.492303135251773,0,Aarav Ghosh,34,2,Delhi,2021-02-15,284,8,4.06,Medium,0.1959507042253521,2.9790845070422534,2003,0.028169014084507043
T01520,R0280,7.02,51.41,88.54,2024-08-21,0,0,2,8,Zone_1,4921,2.43,30.9,Residential,2.0,True,False,False,False,True,False,False,False,False,False,False,False,False,False,4.49468545281282,2.081938421878423,7.170076708097341,0,Saanvi Gupta,26,2,Chennai,2023-05-31,172,23,4.43,Medium,0.29517441860465116,4.2749999999999995,1168,0.13372093023255813
T01521,R0249,10.03,59.01,94.66,2024-07-04,0,0,3,7,Zone_5,2590,1.31,43.9,Business,1.0,False,False,True,False,False,False,False,False,False,True,False,False,False,False,4.560800238252151,2.400618833265411,7.681796664843453,0,Diya Nair,20,1,Mumbai,2023-03-24,396,48,4.49,High,0.1634090909090909,2.728611111111111,1236,0.12121212121212122
T01522,R0223,6.65,62.7,102.34,2024-07-18,0,0,3,7,Zone_2,6371,0.91,58.4,Residential,0.0,False,True,False,False,False,False,True,False,False,False,False,False,False,False,4.638024522859038,2.0347056478384444,7.918333157931662,0,Meera Ghosh,30,0,Surat,2019-11-29,158,10,4.04,Low,0.3569620253164557,6.248164556962026,2447,0.06329113924050633
T01523,R0036,7.98,74.21,176.1,2023-09-09,0,0,5,9,Zone_5,2590,1.31,43.9,Business,1.0,False,False,True,False,False,False,False,False,False,True,False,False,False,False,5.176714544788788,2.194999882314108,8.614522621712709,0,Aadhya Das,30,0,Surat,2022-03-16,177,15,4.9,Medium,0.36819209039548023,5.884293785310734,1609,0.0847457627118644
T01524,R0159,5.48,51.6,115.03,2023-06-05,0,0,0,6,Zone_5,2590,1.31,43.9,Business,1.0,True,False,False,False,False,False,False,False,False,True,False,False,False,False,4.753848778359454,1.8687205103641833,7.183313998427188,0,Ishaan Singh,43,0,Bengaluru,2020-05-21,79,2,4.9,Low,0.3034177215189873,5.378354430379747,2273,0.02531645569620253
T01525,R0232,1.13,7.14,20.27,2023-11-03,0,0,4,11,Zone_9,11037,1.83,56.1,Mixed,1.0,False,False,False,True,False,False,False,False,False,False,False,False,False,True,3.0572976292121457,0.7561219797213337,2.6720778431774774,0,Meera Das,38,1,Jaipur,2022-12-08,172,15,3.94,Medium,0.541860465116279,8.667674418604651,1342,0.0872093023255814
T01526,R0175,8.97,88.29,94.91,2023-07-04,0,0,1,7,Zone_7,11070,0.64,45.2,Industrial,0.0,True,False,False,False,False,False,False,False,False,False,False,True,False,False,4.563410251739859,2.299580583973747,9.396275858019495,0,Diya Patel,35,1,Chennai,2022-08-18,98,8,3.48,Low,0.7169387755102041,12.928877551020408,1454,0.08163265306122448
T01527,R0023,10.2,85.72,225.65,2023-11-21,0,0,1,11,Zone_4,4038,2.46,48.2,Business,2.0,False,True,False,False,False,False,False,False,True,False,False,False,False,False,5.4234069773868585,2.4159137783010487,9.258509599282165,0,Meera Iyer,24,2,Jaipur,2019-10-09,176,32,3.21,Medium,0.36880681818181815,6.793295454545454,2498,0.18181818181818182
T01528,R0154,14.91,77.99,138.83,2024-07-12,0,0,4,7,Zone_8,4516,1.93,31.0,Business,2.0,False,False,False,True,False,False,False,False,False,False,False,False,True,False,4.940427399052759,2.7669478423496954,8.831194709664146,0,Kavya Patel,18,2,Kolkata,2019-03-25,466,79,4.68,High,0.2974678111587983,4.419570815450644,2696,0.16952789699570817
T01529,R0189,7.34,44.32,151.32,2023-07-27,0,0,3,7,Zone_7,11070,0.64,45.2,Industrial,0.0,False,True,False,False,False,False,False,False,False,False,False,True,False,False,5.025983571043055,2.1210632163706555,6.6573267908372955,0,Reyansh Gupta,29,0,Delhi,2019-09-16,238,42,3.28,Medium,0.30264705882352944,6.2214285714285715,2521,0.17647058823529413
T01530,R0012,1.03,7.86,15.99,2023-12-10,0,0,6,12,Zone_7,11070,0.64,45.2,Industrial,0.0,False,False,True,False,False,False,False,False,False,False,False,True,False,False,2.8326249356838407,0.708035793053696,2.8035691537752374,0,Aarav Das,31,0,Hyderabad,2022-01-19,248,11,3.31,Medium,0.11737903225806451,1.4224193548387096,1665,0.04435483870967742
T01531,R0085,4.23,29.06,84.56,2023-07-14,0,0,4,7,Zone_7,11070,0.64,45.2,Industrial,0.0,True,False,False,False,False,False,False,False,False,False,False,True,False,False,4.449217884214205,1.6544112780768316,5.390732788777422,0,Aadhya Ghosh,29,0,Chennai,2022-09-17,94,12,4.95,Low,0.46797872340425534,5.4245744680851065,1424,0.1276595744680851
T01532,R0289,10.7,70.59,209.12,2023-12-07,0,0,3,12,Zone_7,11070,0.64,45.2,Industrial,0.0,True,False,False,False,False,False,False,False,False,False,False,True,False,False,5.347678796085761,2.4595888418037104,8.401785524517988,0,Aarav Gupta,21,2,Chennai,2021-09-30,322,14,4.17,Medium,0.2053726708074534,3.8337888198757764,1776,0.043478260869565216
T01533,R0257,7.58,60.11,100.17,2023-04-19,0,0,2,4,Zone_1,4921,2.43,30.9,Residential,2.0,True,False,False,False,True,False,False,False,False,False,False,False,False,False,4.616802270217799,2.149433913499871,7.753063910480811,0,Arjun Reddy,36,2,Delhi,2023-03-11,459,19,4.82,High,0.12224400871459695,1.7913507625272331,1249,0.04139433551198257
T01534,R0047,9.4,64.38,220.61,2024-08-06,0,0,1,8,Zone_2,6371,0.91,58.4,Residential,0.0,False,False,False,True,False,False,True,False,False,False,False,False,False,False,5.400919080208756,2.341805806147327,8.023714850367003,0,Reyansh Iyer,51,0,Bengaluru,2021-10-07,69,3,4.86,Low,0.9018840579710146,16.592318840579708,1769,0.043478260869565216
T01535,R0275,6.23,36.31,64.76,2024-01-04,0,0,3,1,Zone_10,2440,1.54,35.4,Industrial,1.0,False,False,False,True,False,True,False,False,False,False,False,False,False,False,4.186011750747925,1.9782390361706734,6.025777958073132,0,Ishaan Das,21,2,Jaipur,2022-10-04,247,17,3.07,Medium,0.13704453441295547,1.3201214574898787,1407,0.06882591093117409
T01536,R0086,17.35,136.11,255.38,2023-09-23,0,0,5,9,Zone_6,14627,0.54,37.6,Mixed,0.0,False,False,False,True,False,False,False,False,False,False,True,False,False,False,5.546660718883989,2.9096295745005794,11.666619047521866,0,Vivaan Patel,23,1,Hyderabad,2019-11-08,337,17,4.56,High,0.19192878338278935,3.352581602373887,2468,0.050445103857566766
T01537,R0255,16.64,113.01,328.23,2023-01-14,0,0,5,1,Zone_1,4921,2.43,30.9,Residential,2.0,True,False,False,False,True,False,False,False,False,False,False,False,False,False,5.796756594662978,2.8701690505786455,10.630616162763097,0,Reyansh Sharma,37,0,Bengaluru,2021-07-06,475,42,3.12,High,0.15162105263157893,2.6573052631578946,1862,0.08842105263157894
T01538,R0271,3.34,25.65,41.92,2024-01-08,0,0,0,1,Zone_4,4038,2.46,48.2,Business,2.0,False,False,False,True,False,False,False,False,True,False,False,False,False,False,3.759337917762498,1.4678743481123135,5.06458290484024,0,Saanvi Iyer,22,1,Bengaluru,2022-10-07,58,6,4.37,Low,1.1210344827586207,16.013448275862068,1404,0.10344827586206896
T01539,R0197,12.55,63.06,103.09,2023-07-12,0,0,2,7,Zone_8,4516,1.93,31.0,Business,2.0,False,False,True,False,False,False,False,False,False,False,False,False,True,False,4.645255909527377,2.60638654732571,7.941032678436729,0,Saanvi Das,29,0,Bengaluru,2020-10-08,475,87,3.87,High,0.14964210526315788,2.048421052631579,2133,0.1831578947368421
T01540,R0270,9.52,67.56,111.55,2023-09-05,0,0,1,9,Zone_9,11037,1.83,56.1,Mixed,1.0,False,True,False,False,False,False,False,False,False,False,False,False,False,True,4.723397567352741,2.3532782073095637,8.219489035213806,0,Aadhya Reddy,35,1,Hyderabad,2022-01-02,455,64,3.08,High,0.12975824175824174,2.420945054945055,1682,0.14065934065934066
T01541,R0227,8.07,74.65,178.6,2023-06-06,0,0,1,6,Zone_1,4921,2.43,30.9,Residential,2.0,False,True,False,False,True,False,False,False,False,False,False,False,False,False,5.190732155868099,2.2049722641270453,8.64002314811714,0,Arjun Nair,25,2,Pune,2020-07-11,320,23,4.12,Medium,0.0885,1.58815625,2222,0.071875
T01542,R0107,3.7,31.32,83.84,2024-03-13,0,0,2,3,Zone_9,11037,1.83,56.1,Mixed,1.0,False,False,True,False,False,False,False,False,False,False,False,False,False,True,4.440767129696482,1.547562508716013,5.596427431853289,0,Reyansh Gupta,33,1,Hyderabad,2020-01-11,179,14,3.66,Medium,0.18195530726256984,3.5079888268156427,2404,0.0782122905027933
T01543,R0175,16.11,146.94,379.63,2024-04-26,0,0,4,4,Zone_6,14627,0.54,37.6,Mixed,0.0,False,False,False,True,False,False,False,False,False,False,True,False,False,False,5.94182777466688,2.839663087904102,12.121881042148532,0,Diya Patel,35,1,Chennai,2022-08-18,98,8,3.48,Low,0.7169387755102041,12.928877551020408,1454,0.08163265306122448
T01544,R0028,13.83,77.81,299.74,2023-02-21,0,0,1,2,Zone_6,14627,0.54,37.6,Mixed,0.0,True,False,False,False,False,False,False,False,False,False,True,False,False,False,5.706246104094174,2.696652156149841,8.820997676000147,0,Reyansh Sharma,20,0,Surat,2023-11-11,249,21,3.79,Medium,0.34088353413654615,6.022128514056225,1004,0.08433734939759036
T01545,R0234,0.71,5.6,17.31,2023-04-29,1,0,5,4,Zone_1,4921,2.43,30.9,Residential,2.0,False,False,False,True,True,False,False,False,False,False,False,False,False,False,2.907447358686419,0.5364933705145685,2.3664319132398464,0,Saanvi Nair,32,2,Pune,2022-12-01,183,31,3.98,Medium,0.34677595628415303,6.222677595628415,1349,0.16939890710382513
T01546,R0291,14.92,128.69,236.53,2023-08-17,0,0,3,8,Zone_3,12971,2.11,38.0,Business,2.0,False,False,True,False,False,False,False,True,False,False,False,False,False,False,5.470293931287002,2.767576180416237,11.344161493913951,0,Arjun Ghosh,23,2,Pune,2021-04-19,499,94,3.46,High,0.09308617234468938,1.59436873747495,1940,0.18837675350701402
T01547,R0005,7.81,67.95,163.28,2023-07-13,0,0,3,7,Zone_1,4921,2.43,30.9,Residential,2.0,False,False,True,False,True,False,False,False,False,False,False,False,False,False,5.101572289088358,2.175887439948088,8.243178998420452,0,Diya Reddy,27,1,Ahmedabad,2021-05-31,294,30,3.53,Medium,0.17435374149659863,3.1511904761904765,1898,0.10204081632653061
T01548,R0152,5.01,32.28,108.17,2024-01-26,0,0,4,1,Zone_7,11070,0.64,45.2,Industrial,0.0,False,True,False,False,False,False,False,False,False,False,False,True,False,False,4.6929063002921785,1.7934247485471162,5.681549084536717,0,Arjun Patel,34,0,Bengaluru,2021-05-04,143,24,3.91,Low,0.3393706293706294,6.395524475524475,1925,0.16783216783216784
T01549,R0081,3.12,21.16,54.75,2023-01-07,0,0,5,1,Zone_6,14627,0.54,37.6,Mixed,0.0,False,False,True,False,False,False,False,False,False,False,True,False,False,False,4.020877410340228,1.415853163361435,4.6,0,Diya Reddy,42,2,Mumbai,2022-01-31,114,2,3.9,Low,0.46421052631578946,7.123421052631579,1653,0.017543859649122806
T01550,R0207,12.72,118.88,224.62,2024-04-12,0,0,4,4,Zone_6,14627,0.54,37.6,Mixed,0.0,False,True,False,False,False,False,False,False,False,False,True,False,False,False,5.418852168176774,2.6188546222977394,10.903210536351208,0,Ishaan Iyer,31,1,Mumbai,2023-12-06,47,3,3.93,Low,1.3504255319148937,26.20127659574468,979,0.06382978723404255
T01551,R0087,10.0,87.94,105.72,2023-04-04,0,0,1,4,Zone_2,6371,0.91,58.4,Residential,0.0,False,True,False,False,False,False,True,False,False,False,False,False,False,False,4.670208582167313,2.3978952727983707,9.377632963600142,0,Saanvi Das,26,0,Jaipur,2021-05-11,362,33,3.57,High,0.07339779005524862,1.0319060773480664,1918,0.09116022099447514
T01552,R0283,3.63,21.99,45.85,2024-01-10,0,0,2,1,Zone_10,2440,1.54,35.4,Industrial,1.0,False,False,True,False,False,True,False,False,False,False,False,False,False,False,3.846951008684431,1.5325568680981427,4.689349635077342,0,Diya Nair,19,1,Surat,2023-06-15,245,45,3.55,Medium,0.22844897959183674,4.135632653061225,1153,0.1836734693877551
T01553,R0050,3.94,39.26,92.05,2023-04-26,0,0,2,4,Zone_7,11070,0.64,45.2,Industrial,0.0,False,False,True,False,False,False,False,False,False,False,False,True,False,False,4.5331369830882595,1.597365331199831,6.265780079128216,0,Diya Das,49,1,Ahmedabad,2022-10-06,330,41,3.42,High,0.1821212121212121,2.775181818181818,1405,0.12424242424242424
T01554,R0204,6.06,36.68,106.89,2024-01-04,0,0,3,1,Zone_9,11037,1.83,56.1,Mixed,1.0,True,False,False,False,False,False,False,False,False,False,False,False,False,True,4.681112189563248,1.9544450515051506,6.056401571890688,0,Aarav Kumar,37,0,Hyderabad,2019-01-01,438,5,3.73,High,0.15481735159817353,2.0578767123287673,2779,0.01141552511415525
T01555,R0232,5.44,32.77,109.34,2024-02-02,0,0,4,2,Zone_7,11070,0.64,45.2,Industrial,0.0,False,False,False,True,False,False,False,False,False,False,False,True,False,False,4.703566507844284,1.8625285401162623,5.724508712544685,0,Meera Das,38,1,Jaipur,2022-12-08,172,15,3.94,Medium,0.541860465116279,8.667674418604651,1342,0.0872093023255814
T01556,R0211,10.64,80.28,261.71,2023-09-08,1,0,4,9,Zone_5,2590,1.31,43.9,Business,1.0,False,False,False,True,False,False,False,False,False,True,False,False,False,False,5.571050762202242,2.454447442303292,8.959910713840847,0,Arjun Reddy,36,0,Mumbai,2021-04-04,435,17,3.63,High,0.10593103448275862,1.4847816091954023,1955,0.03908045977011494
T01557,R0066,9.89,74.88,163.41,2023-04-10,0,0,0,4,Zone_9,11037,1.83,56.1,Mixed,1.0,False,True,False,False,False,False,False,False,False,False,False,False,False,True,5.1023633080227855,2.387844936944869,8.653323061113573,0,Arjun Patel,38,0,Bengaluru,2022-06-03,167,28,4.72,Medium,0.25431137724550895,3.449940119760479,1530,0.16766467065868262
T01558,R0228,4.82,32.43,85.61,2023-09-06,0,0,2,9,Zone_2,6371,0.91,58.4,Residential,0.0,False,True,False,False,False,False,True,False,False,False,False,False,False,False,4.461415282342953,1.7613002617433464,5.694734409961539,0,Kavya Ghosh,21,0,Pune,2020-05-18,10,0,4.84,Low,3.844,67.522,2276,0.0
T01559,R0027,0.29,1.82,5.81,2023-05-24,0,0,2,5,Zone_1,4921,2.43,30.9,Residential,2.0,False,True,False,False,True,False,False,False,False,False,False,False,False,False,1.918392120161421,0.2546422183735807,1.3490737563232043,0,Ishaan Iyer,39,1,Jaipur,2019-10-05,403,61,3.98,High,0.14349875930521092,2.052803970223325,2502,0.1513647642679901
T01560,R0091,1.33,10.62,28.23,2024-03-28,0,0,3,3,Zone_6,14627,0.54,37.6,Mixed,0.0,False,False,True,False,False,False,False,False,False,False,True,False,False,False,3.3751955791231545,0.8458682675776092,3.2588341473600644,0,Meera Das,41,2,Surat,2022-04-16,334,43,3.4,High,0.14934131736526945,2.7054191616766468,1578,0.12874251497005987
T01561,R0282,12.35,77.23,146.48,2023-05-12,0,0,4,5,Zone_2,6371,0.91,58.4,Residential,0.0,False,True,False,False,False,False,True,False,False,False,False,False,False,False,4.993692573365943,2.5915163848462583,8.788060081724522,0,Reyansh Kumar,22,2,Bengaluru,2022-05-02,319,3,4.47,Medium,0.29112852664576805,4.387931034482759,1562,0.009404388714733543
T01562,R0012,3.03,17.39,48.23,2024-07-14,0,0,6,7,Zone_9,11037,1.83,56.1,Mixed,1.0,False,False,False,True,False,False,False,False,False,False,False,False,False,True,3.8965031937701093,1.3937663759585914,4.170131892398609,0,Aarav Das,31,0,Hyderabad,2022-01-19,248,11,3.31,Medium,0.11737903225806451,1.4224193548387096,1665,0.04435483870967742
T01563,R0178,8.56,58.56,117.82,2023-07-22,0,0,5,7,Zone_3,12971,2.11,38.0,Business,2.0,False,True,False,False,False,False,False,True,False,False,False,False,False,False,4.777609742927595,2.25758772706331,7.652450587883597,0,Saanvi Ghosh,27,1,Delhi,2021-05-15,56,7,3.13,Low,1.1296428571428572,18.581071428571427,1914,0.125
T01564,R0215,0.82,6.74,9.85,2024-04-25,0,0,3,4,Zone_8,4516,1.93,31.0,Business,2.0,False,False,False,True,False,False,False,False,False,False,False,False,True,False,2.3841650799864684,0.598836501088704,2.596150997149434,0,Saanvi Gupta,26,0,Hyderabad,2020-02-28,438,48,3.24,High,0.04143835616438356,0.8495433789954339,2356,0.1095890410958904
T01565,R0222,9.99,64.69,244.98,2023-04-22,1,0,5,4,Zone_9,11037,1.83,56.1,Mixed,1.0,False,False,True,False,False,False,False,False,False,False,False,False,False,True,5.505250231814264,2.39698576841553,8.043009387039158,0,Aarav Singh,27,1,Surat,2022-08-28,475,12,3.44,High,0.16642105263157894,2.7908000000000004,1444,0.02526315789473684
T01566,R0090,17.6,102.42,255.79,2023-06-01,0,0,3,6,Zone_7,11070,0.64,45.2,Industrial,0.0,False,False,True,False,False,False,False,False,False,False,False,True,False,False,5.5482586302476244,2.9231615807191558,10.1202766760598,0,Kavya Iyer,33,0,Mumbai,2021-01-31,152,25,4.51,Low,0.7113815789473685,12.63078947368421,2018,0.16447368421052633
T01567,R0299,1.36,7.68,12.48,2023-12-07,0,0,3,12,Zone_9,11037,1.83,56.1,Mixed,1.0,False,True,False,False,False,False,False,False,False,False,False,False,False,True,2.601207105484161,0.8586616190375187,2.7712812921102037,0,Ishaan Gupta,33,2,Kolkata,2020-09-04,457,0,3.92,High,0.06540481400437637,1.0091903719912472,2167,0.0
T01568,R0130,10.75,89.22,200.09,2023-12-16,0,0,5,12,Zone_7,11070,0.64,45.2,Industrial,0.0,False,False,True,False,False,False,False,False,False,False,False,True,False,False,5.303752569037976,2.463853240590168,9.445633912025174,0,Diya Ghosh,27,0,Pune,2019-02-16,316,62,3.62,Medium,0.1610759493670886,2.836487341772152,2733,0.1962025316455696
T01569,R0068,9.36,91.8,126.46,2024-05-03,0,0,4,5,Zone_1,4921,2.43,30.9,Residential,2.0,True,False,False,False,True,False,False,False,False,False,False,False,False,False,4.847802589886148,2.337952236831337,9.581231653602787,0,Meera Singh,30,0,Ahmedabad,2022-08-31,456,70,4.97,High,0.15745614035087718,2.4136622807017547,1441,0.15350877192982457
T01570,R0061,12.59,96.34,128.88,2023-06-14,0,0,2,6,Zone_2,6371,0.91,58.4,Residential,0.0,False,False,True,False,False,False,True,False,False,False,False,False,False,False,4.866610947234645,2.6093342281630525,9.815294188153507,0,Meera Reddy,25,1,Mumbai,2020-08-20,168,25,3.69,Medium,0.20517857142857143,3.5520238095238095,2182,0.1488095238095238
T01571,R0212,7.34,55.6,96.83,2023-04-11,0,0,1,4,Zone_6,14627,0.54,37.6,Mixed,0.0,True,False,False,False,False,False,False,False,False,False,True,False,False,False,4.583231278469338,2.1210632163706555,7.4565407529228995,0,Aadhya Iyer,36,0,Ahmedabad,2023-09-11,73,12,3.22,Low,0.8024657534246575,15.458767123287672,1065,0.1643835616438356
T01572,R0043,9.36,48.82,81.25,2023-05-07,0,0,6,5,Zone_8,4516,1.93,31.0,Business,2.0,False,True,False,False,False,False,False,False,False,False,False,False,True,False,4.409763389645481,2.337952236831337,6.987131027825369,0,Diya Kumar,28,1,Ahmedabad,2021-12-10,85,16,4.68,Low,0.7901176470588235,10.147058823529411,1705,0.18823529411764706
T01573,R0025,8.91,70.45,184.89,2023-03-10,0,0,4,3,Zone_3,12971,2.11,38.0,Business,2.0,False,False,True,False,False,False,False,True,False,False,False,False,False,False,5.225155100919053,2.2935443483418965,8.393449827097319,0,Meera Das,21,0,Mumbai,2021-10-22,42,3,4.01,Low,1.125,17.129285714285714,1754,0.07142857142857142
T01574,R0101,10.86,82.01,152.51,2023-11-23,0,0,3,11,Zone_8,4516,1.93,31.0,Business,2.0,True,False,False,False,False,False,False,False,False,False,False,False,True,False,5.03376571148511,2.4731713935695794,9.055937278934744,0,Aarav Singh,37,0,Delhi,2020-11-01,228,29,3.03,Medium,0.19864035087719298,2.9445614035087715,2109,0.12719298245614036
T01575,R0132,3.8,32.8,64.5,2023-11-27,0,0,0,11,Zone_1,4921,2.43,30.9,Residential,2.0,True,False,False,False,True,False,False,False,False,False,False,False,False,False,4.182050142641207,1.5686159179138452,5.727128425310541,0,Aadhya Iyer,23,1,Surat,2022-12-09,484,25,3.32,High,0.1433884297520661,2.2561776859504135,1341,0.05165289256198347
T01576,R0270,8.96,74.87,181.1,2024-07-29,0,0,0,7,Zone_3,12971,2.11,38.0,Business,2.0,False,True,False,False,False,False,False,True,False,False,False,False,False,False,5.2045559867335625,2.298577071596507,8.652745229116595,0,Aadhya Reddy,35,1,Hyderabad,2022-01-02,455,64,3.08,High,0.12975824175824174,2.420945054945055,1682,0.14065934065934066
T01577,R0006,12.05,93.58,277.76,2023-03-19,0,0,6,3,Zone_10,2440,1.54,35.4,Industrial,1.0,False,False,True,False,False,True,False,False,False,False,False,False,False,False,5.630351196570318,2.5687881337687024,9.673675619949224,0,Aarav Das,45,0,Jaipur,2023-06-30,248,13,4.64,Medium,0.255,4.417056451612903,1138,0.05241935483870968
T01578,R0089,13.84,106.35,168.79,2023-05-09,0,0,1,5,Zone_3,12971,2.11,38.0,Business,2.0,False,False,False,True,False,False,False,True,False,False,False,False,False,False,5.13456237932792,2.6973262377392344,10.312613635737547,0,Saanvi Reddy,48,2,Surat,2022-09-21,308,6,3.91,Medium,0.29165584415584417,4.595941558441559,1420,0.01948051948051948
T01579,R0179,10.48,79.57,163.52,2023-08-10,0,0,3,8,Zone_9,11037,1.83,56.1,Mixed,1.0,False,False,False,True,False,False,False,False,False,False,False,False,False,True,5.103032143362223,2.4406063908914204,8.920201791439473,0,Meera Patel,28,1,Kolkata,2022-04-11,274,14,4.64,Medium,0.09317518248175183,1.6759124087591242,1583,0.051094890510948905
T01580,R0048,2.34,12.14,46.18,2023-05-04,0,0,3,5,Zone_8,4516,1.93,31.0,Business,2.0,False,False,True,False,False,False,False,False,False,False,False,False,True,False,3.853970073979529,1.205970806988609,3.4842502780368694,0,Kavya Sharma,35,1,Hyderabad,2019-05-31,207,1,3.02,Medium,0.14072463768115942,2.4457971014492754,2629,0.004830917874396135
T01581,R0027,0.23,1.98,3.27,2023-12-31,0,0,6,12,Zone_10,2440,1.54,35.4,Industrial,1.0,True,False,False,False,False,True,False,False,False,False,False,False,False,False,1.451613827240533,0.20701416938432615,1.407124727947029,0,Ishaan Iyer,39,1,Jaipur,2019-10-05,403,61,3.98,High,0.14349875930521092,2.052803970223325,2502,0.1513647642679901
T01582,R0170,10.04,91.04,140.22,2023-07-17,0,0,0,7,Zone_3,12971,2.11,38.0,Business,2.0,True,False,False,False,False,False,False,True,False,False,False,False,False,False,4.950318958088201,2.401525040848949,9.54148835350125,0,Saanvi Kumar,29,2,Bengaluru,2020-05-20,28,3,3.68,Low,1.9110714285714285,33.70392857142857,2274,0.10714285714285714
T01583,R0268,2.94,21.9,39.9,2023-08-06,0,0,6,8,Zone_10,2440,1.54,35.4,Industrial,1.0,False,True,False,False,False,True,False,False,False,False,False,False,False,False,3.711130063048756,1.3711807233098425,4.679743582719036,0,Ishaan Kumar,34,1,Chennai,2022-10-16,10,0,4.6,Low,4.252,72.60799999999999,1395,0.0
T01584,R0056,12.22,110.73,221.25,2024-05-30,0,0,3,5,Zone_4,4038,2.46,48.2,Business,2.0,False,True,False,False,False,False,False,False,True,False,False,False,False,False,5.403802874394014,2.5817308344235403,10.522832318344715,0,Meera Patel,40,2,Hyderabad,2021-02-26,93,13,3.25,Low,0.7120430107526882,9.976236559139785,1992,0.13978494623655913
T01585,R0048,6.56,35.87,154.83,2023-07-26,0,0,2,7,Zone_6,14627,0.54,37.6,Mixed,0.0,False,False,True,False,False,False,False,False,False,False,True,False,False,False,5.048765669457524,2.0228711901914416,5.989156868875618,0,Kavya Sharma,35,1,Hyderabad,2019-05-31,207,1,3.02,Medium,0.14072463768115942,2.4457971014492754,2629,0.004830917874396135
T01586,R0174,13.06,77.42,136.89,2023-10-12,0,0,3,10,Zone_2,6371,0.91,58.4,Residential,0.0,False,True,False,False,False,False,True,False,False,False,False,False,False,False,4.92645626585365,2.643333886382519,8.798863562983575,0,Aadhya Patel,32,1,Kolkata,2019-02-07,320,7,3.8,Medium,0.1941875,2.88059375,2742,0.021875
T01587,R0003,18.63,94.05,275.09,2023-09-24,0,0,6,9,Zone_5,2590,1.31,43.9,Business,1.0,False,False,True,False,False,False,False,False,False,True,False,False,False,False,5.620726899518875,2.9770590082883697,9.697937925146768,0,Kavya Reddy,34,1,Pune,2023-05-04,45,9,3.76,Low,1.5040000000000002,21.593555555555557,1195,0.2
T01588,R0191,7.69,41.24,78.94,2023-01-05,0,0,3,1,Zone_10,2440,1.54,35.4,Industrial,1.0,False,False,True,False,False,True,False,False,False,False,False,False,False,False,4.3812763532831775,2.162172939277301,6.421837743200929,0,Meera Gupta,33,2,Surat,2020-08-14,87,6,4.56,Low,0.9559770114942528,15.24735632183908,2188,0.06896551724137931
T01589,R0136,7.42,40.44,76.22,2023-11-09,0,0,3,11,Zone_6,14627,0.54,37.6,Mixed,0.0,False,False,False,True,False,False,False,False,False,False,True,False,False,False,4.346658490836091,2.130609828254235,6.359245238233858,0,Diya Ghosh,34,1,Hyderabad,2019-01-19,339,11,3.82,High,0.0792330383480826,1.0111799410029498,2761,0.032448377581120944
T01590,R0289,13.07,82.78,293.03,2023-05-30,0,0,1,5,Zone_6,14627,0.54,37.6,Mixed,0.0,False,True,False,False,False,False,False,False,False,False,True,False,False,False,5.683681802949198,2.644044871126298,9.098351499035417,0,Aarav Gupta,21,2,Chennai,2021-09-30,322,14,4.17,Medium,0.2053726708074534,3.8337888198757764,1776,0.043478260869565216
T01591,R0081,13.32,85.06,120.07,2023-06-08,0,0,3,6,Zone_9,11037,1.83,56.1,Mixed,1.0,False,True,False,False,False,False,False,False,False,False,False,False,False,True,4.7963688907196484,2.6616571615324998,9.222797840135064,0,Diya Reddy,42,2,Mumbai,2022-01-31,114,2,3.9,Low,0.46421052631578946,7.123421052631579,1653,0.017543859649122806
T01592,R0167,16.51,157.13,247.42,2024-03-16,0,0,5,3,Zone_3,12971,2.11,38.0,Business,2.0,True,False,False,False,False,False,False,True,False,False,False,False,False,False,5.5151208621160475,2.8627721462977607,12.535150577476124,0,Kavya Nair,44,1,Hyderabad,2022-08-25,117,5,4.75,Low,0.5496581196581197,9.192735042735043,1447,0.042735042735042736
T01593,R0241,8.98,88.78,113.68,2024-01-04,0,0,3,1,Zone_10,2440,1.54,35.4,Industrial,1.0,True,False,False,False,False,True,False,False,False,False,False,False,False,False,4.742145641015169,2.300583090323373,9.422313940853382,0,Kavya Gupta,34,0,Chennai,2020-01-13,165,3,3.28,Medium,0.2770909090909091,4.619090909090909,2402,0.01818181818181818
T01594,R0169,4.84,45.31,84.76,2023-07-19,0,0,2,7,Zone_7,11070,0.64,45.2,Industrial,0.0,False,False,False,True,False,False,False,False,False,False,False,True,False,False,4.451552697322492,1.7647307968401356,6.731270311018568,0,Reyansh Kumar,32,1,Delhi,2023-02-21,497,81,4.19,High,0.14167002012072433,2.841871227364185,1267,0.16297786720321933
T01595,R0154,8.04,58.45,149.87,2023-02-05,0,0,6,2,Zone_8,4516,1.93,31.0,Business,2.0,False,True,False,False,False,False,False,False,False,False,False,False,True,False,5.016418538851983,2.201659174404085,7.6452599694189605,0,Kavya Patel,18,2,Kolkata,2019-03-25,466,79,4.68,High,0.2974678111587983,4.419570815450644,2696,0.16952789699570817
T01596,R0236,4.88,46.24,119.52,2024-02-01,1,0,3,2,Zone_5,2590,1.31,43.9,Business,1.0,False,True,False,False,False,False,False,False,False,True,False,False,False,False,4.791815714262101,1.7715567619105355,6.8,0,Arjun Gupta,28,1,Ahmedabad,2020-08-10,61,1,3.36,Low,0.8198360655737704,12.599016393442623,2192,0.01639344262295082
T01597,R0214,9.2,49.69,74.11,2023-12-30,0,0,5,12,Zone_5,2590,1.31,43.9,Business,1.0,False,True,False,False,False,False,False,False,False,True,False,False,False,False,4.31895370569792,2.322387720290225,7.049113419430843,0,Aarav Kumar,20,0,Kolkata,2022-09-14,210,2,4.53,Medium,0.1940952380952381,3.2461428571428574,1427,0.009523809523809525
T01598,R0277,3.66,20.35,51.93,2023-04-27,0,0,3,4,Zone_3,12971,2.11,38.0,Business,2.0,True,False,False,False,False,False,False,True,False,False,False,False,False,False,3.9689702858698963,1.5390154481375546,4.511097427455985,0,Kavya Gupta,42,0,Jaipur,2021-01-22,433,16,3.06,High,0.20076212471131638,3.2397228637413393,2027,0.03695150115473441
T01599,R0196,12.51,69.51,154.55,2023-01-05,0,0,3,1,Zone_1,4921,2.43,30.9,Residential,2.0,False,True,False,False,True,False,False,False,False,False,False,False,False,False,5.046967223343646,2.6034301519721073,8.337265738837884,0,Vivaan Das,18,1,Hyderabad,2019-06-24,51,9,4.93,Low,1.8813725490196078,31.831960784313726,2605,0.17647058823529413
T01600,R0005,11.49,98.56,280.91,2023-10-25,1,0,2,10,Zone_10,2440,1.54,35.4,Industrial,1.0,True,False,False,False,False,True,False,False,False,False,False,False,False,False,5.641587871063083,2.5249283241374862,9.927738916792686,0,Diya Reddy,27,1,Ahmedabad,2021-05-31,294,30,3.53,Medium,0.17435374149659863,3.1511904761904765,1898,0.10204081632653061
T01601,R0083,8.7,83.36,191.83,2024-03-06,0,0,2,3,Zone_2,6371,0.91,58.4,Residential,0.0,False,False,False,True,False,False,True,False,False,False,False,False,False,False,5.261808971731513,2.272125885509337,9.130169768410662,0,Kavya Patel,45,0,Mumbai,2021-12-31,475,39,4.4,High,0.19498947368421055,2.9796421052631583,1684,0.08210526315789474
T01602,R0251,8.13,40.91,139.73,2024-03-22,0,0,4,3,Zone_7,11070,0.64,45.2,Industrial,0.0,False,False,False,True,False,False,False,False,False,False,False,True,False,False,4.946843161008476,2.211565694606877,6.396092557178953,0,Vivaan Iyer,46,0,Mumbai,2020-01-13,213,26,4.48,Medium,0.18032863849765257,3.5801877934272297,2402,0.12206572769953052
T01603,R0264,7.02,57.96,96.68,2024-07-23,0,0,1,7,Zone_5,2590,1.31,43.9,Business,1.0,False,False,False,True,False,False,False,False,False,True,False,False,False,False,4.581696829802449,2.081938421878423,7.6131465242697125,0,Aadhya Das,27,2,Delhi,2019-02-06,401,54,3.59,High,0.031022443890274313,0.47408977556109727,2743,0.13466334164588528
T01604,R0253,14.56,124.59,132.54,2024-01-10,0,0,2,1,Zone_10,2440,1.54,35.4,Industrial,1.0,False,False,False,True,False,True,False,False,False,False,False,False,False,False,4.894401058429723,2.7447035187502458,11.161989070053778,0,Ishaan Gupta,26,1,Surat,2021-08-19,173,24,3.16,Medium,0.28797687861271676,4.304104046242775,1818,0.13872832369942195
T01605,R0077,13.94,83.86,238.65,2024-05-17,0,0,4,5,Zone_1,4921,2.43,30.9,Residential,2.0,True,False,False,False,True,False,False,False,False,False,False,False,False,False,5.47917952560564,2.7040421797046714,9.157510578754469,0,Reyansh Das,28,1,Mumbai,2019-09-07,406,72,3.79,High,0.3617241379310345,5.7729556650246305,2530,0.17733990147783252
T01606,R0179,8.73,82.07,177.84,2024-05-20,0,0,0,5,Zone_9,11037,1.83,56.1,Mixed,1.0,False,False,False,True,False,False,False,False,False,False,False,False,False,True,5.18649155136578,2.2752138961979136,9.059249417032296,0,Meera Patel,28,1,Kolkata,2022-04-11,274,14,4.64,Medium,0.09317518248175183,1.6759124087591242,1583,0.051094890510948905
T01607,R0279,3.72,18.65,52.72,2023-04-28,0,0,4,4,Zone_9,11037,1.83,56.1,Mixed,1.0,False,False,True,False,False,False,False,False,False,False,False,False,False,True,3.9837853716550367,1.551808799597464,4.318564576337836,0,Diya Singh,25,2,Pune,2022-04-21,454,84,3.73,High,0.09151982378854624,1.5398017621145372,1573,0.18502202643171806
T01608,R0257,2.12,16.02,18.57,2024-05-05,0,0,6,5,Zone_4,4038,2.46,48.2,Business,2.0,True,False,False,False,False,False,False,False,True,False,False,False,False,False,2.9739977814079848,1.1378330018213911,4.0024992192379,0,Arjun Reddy,36,2,Delhi,2023-03-11,459,19,4.82,High,0.12224400871459695,1.7913507625272331,1249,0.04139433551198257
T01609,R0040,9.44,53.61,232.99,2024-06-09,1,0,6,6,Zone_3,12971,2.11,38.0,Business,2.0,False,False,True,False,False,False,False,True,False,False,False,False,False,False,5.455278379401799,2.3456445824544927,7.321885003194191,0,Aarav Gupta,34,2,Surat,2023-05-05,485,36,4.41,High,0.1658762886597938,2.352061855670103,1194,0.07422680412371134
T01610,R0186,4.81,32.34,69.28,2023-03-13,0,0,0,3,Zone_10,2440,1.54,35.4,Industrial,1.0,False,False,True,False,False,True,False,False,False,False,False,False,False,False,4.252487263318897,1.7595805708638197,5.686826883245173,0,Ishaan Sharma,18,2,Hyderabad,2020-12-11,373,19,3.26,High,0.18386058981233244,2.5169436997319035,2069,0.05093833780160858
T01611,R0104,10.38,81.05,102.76,2024-03-23,0,0,5,3,Zone_2,6371,0.91,58.4,Residential,0.0,False,False,True,False,False,False,True,False,False,False,False,False,False,False,4.642080540008188,2.431857428698185,9.002777349240622,0,Diya Gupta,52,1,Kolkata,2021-05-27,328,1,3.7,High,0.14234756097560977,2.3335060975609756,1902,0.003048780487804878
T01612,R0271,6.07,60.67,117.3,2023-09-24,0,0,6,9,Zone_4,4038,2.46,48.2,Business,2.0,False,False,False,True,False,False,False,False,True,False,False,False,False,False,4.773223770984341,1.9558604799084813,7.789094941005662,0,Saanvi Iyer,22,1,Bengaluru,2022-10-07,58,6,4.37,Low,1.1210344827586207,16.013448275862068,1404,0.10344827586206896
T01613,R0025,11.87,88.44,159.39,2023-09-08,0,0,4,9,Zone_4,4038,2.46,48.2,Business,2.0,True,False,False,False,False,False,False,False,True,False,False,False,False,False,5.077608349349287,2.554899021608035,9.404254356406998,0,Meera Das,21,0,Mumbai,2021-10-22,42,3,4.01,Low,1.125,17.129285714285714,1754,0.07142857142857142
T01614,R0100,9.04,72.33,200.2,2023-06-11,0,0,6,6,Zone_2,6371,0.91,58.4,Residential,0.0,True,False,False,False,False,False,True,False,False,False,False,False,False,False,5.304299438225584,2.306577114263583,8.504704580407246,0,Ishaan Gupta,28,1,Delhi,2021-05-24,383,60,3.79,High,0.26488250652741513,4.327650130548303,1905,0.1566579634464752
T01615,R0101,12.99,106.71,165.87,2023-07-26,0,0,2,7,Zone_9,11037,1.83,56.1,Mixed,1.0,False,True,False,False,False,False,False,False,False,False,False,False,False,True,5.117215066158812,2.63834278867739,10.330053242844395,0,Aarav Singh,37,0,Delhi,2020-11-01,228,29,3.03,Medium,0.19864035087719298,2.9445614035087715,2109,0.12719298245614036
T01616,R0295,3.17,26.19,63.07,2023-05-12,0,0,4,5,Zone_6,14627,0.54,37.6,Mixed,0.0,False,True,False,False,False,False,False,False,False,False,True,False,False,False,4.15997623565093,1.4279160358107101,5.117616632769594,0,Kavya Gupta,18,0,Delhi,2019-05-29,98,18,3.59,Low,0.45683673469387753,5.34734693877551,2631,0.1836734693877551
T01617,R0015,6.86,36.69,158.93,2024-07-15,0,0,0,7,Zone_9,11037,1.83,56.1,Mixed,1.0,False,True,False,False,False,False,False,False,False,False,False,False,False,True,5.074736219502779,2.061786606441115,6.057227088363123,0,Saanvi Patel,28,2,Chennai,2022-12-19,46,1,3.87,Low,0.6521739130434783,12.996739130434783,1331,0.021739130434782608
T01618,R0212,19.08,127.16,379.63,2024-05-12,0,0,6,5,Zone_8,4516,1.93,31.0,Business,2.0,True,False,False,False,False,False,False,False,False,False,False,False,True,False,5.94182777466688,2.9997242948235283,11.276524287208359,0,Aadhya Iyer,36,0,Ahmedabad,2023-09-11,73,12,3.22,Low,0.8024657534246575,15.458767123287672,1065,0.1643835616438356
T01619,R0049,4.52,32.2,63.01,2023-09-04,0,0,0,9,Zone_10,2440,1.54,35.4,Industrial,1.0,True,False,False,False,False,True,False,False,False,False,False,False,False,False,4.159039321153912,1.7083778602890038,5.674504383644443,0,Meera Iyer,39,1,Mumbai,2020-05-19,375,55,4.4,High,0.15565333333333334,2.6144,2275,0.14666666666666667
T01620,R0059,12.21,89.57,237.49,2023-04-23,0,0,6,4,Zone_2,6371,0.91,58.4,Residential,0.0,False,False,True,False,False,False,True,False,False,False,False,False,False,False,5.474327380728188,2.580974118534234,9.464142856064674,0,Aarav Sharma,43,1,Delhi,2021-08-02,357,11,3.27,High,0.09803921568627451,1.4979831932773109,1835,0.03081232492997199
T01621,R0062,10.09,66.64,113.63,2023-03-10,0,0,4,3,Zone_6,14627,0.54,37.6,Mixed,0.0,False,True,False,False,False,False,False,False,False,False,True,False,False,False,4.741709550126918,2.4060438013622756,8.16333265278342,0,Kavya Sharma,38,1,Jaipur,2019-05-13,57,3,3.58,Low,1.1587719298245613,15.605438596491227,2647,0.05263157894736842
T01622,R0031,14.43,83.28,128.31,2023-11-02,0,0,3,11,Zone_10,2440,1.54,35.4,Industrial,1.0,False,True,False,False,False,True,False,False,False,False,False,False,False,False,4.86221262230776,2.7363136663750693,9.125787637239867,0,Reyansh Nair,29,0,Hyderabad,2023-04-27,230,21,4.62,Medium,0.11760869565217391,1.699173913043478,1202,0.09130434782608696
T01623,R0130,7.13,63.26,131.57,2024-04-03,0,0,2,4,Zone_6,14627,0.54,37.6,Mixed,0.0,False,False,True,False,False,False,False,False,False,False,True,False,False,False,4.887110807810759,2.0955609235597192,7.9536155300592695,0,Diya Ghosh,27,0,Pune,2019-02-16,316,62,3.62,Medium,0.1610759493670886,2.836487341772152,2733,0.1962025316455696
T01624,R0267,13.95,100.44,191.44,2023-01-24,0,0,1,1,Zone_3,12971,2.11,38.0,Business,2.0,False,True,False,False,False,False,False,True,False,False,False,False,False,False,5.259784416831253,2.7047112998366956,10.02197585309404,0,Arjun Iyer,37,2,Jaipur,2021-01-01,131,11,4.5,Low,0.3602290076335878,5.203740458015267,2048,0.08396946564885496
T01625,R0204,14.08,86.32,142.21,2024-05-19,0,0,6,5,Zone_4,4038,2.46,48.2,Business,2.0,False,False,False,True,False,False,False,False,True,False,False,False,False,False,4.9643120844906115,2.71336936257981,9.290855719469548,0,Aarav Kumar,37,0,Hyderabad,2019-01-01,438,5,3.73,High,0.15481735159817353,2.0578767123287673,2779,0.01141552511415525
T01626,R0266,8.98,63.43,121.26,2023-10-15,0,0,6,10,Zone_10,2440,1.54,35.4,Industrial,1.0,False,False,False,True,False,True,False,False,False,False,False,False,False,False,4.80614992460058,2.300583090323373,7.964295323504773,0,Diya Reddy,29,2,Chennai,2020-09-25,98,13,3.9,Low,0.7445918367346939,12.729081632653061,2146,0.1326530612244898
T01627,R0138,2.18,11.6,40.84,2024-07-29,0,0,0,7,Zone_7,11070,0.64,45.2,Industrial,0.0,False,False,False,True,False,False,False,False,False,False,False,True,False,False,3.7338528197566676,1.1568811967920856,3.40587727318528,0,Ishaan Das,46,1,Kolkata,2022-07-28,13,0,3.53,Low,2.4038461538461537,40.113846153846154,1475,0.0
T01628,R0063,12.57,66.91,195.23,2024-06-19,0,0,2,6,Zone_6,14627,0.54,37.6,Mixed,0.0,False,False,True,False,False,False,False,False,False,False,True,False,False,False,5.279287440641231,2.6078614738467776,8.179853299418028,0,Diya Iyer,34,1,Surat,2023-04-21,329,33,4.83,High,0.2053191489361702,3.7828571428571425,1208,0.10030395136778116
T01629,R0260,3.13,28.76,62.82,2024-05-10,0,0,4,5,Zone_2,6371,0.91,58.4,Residential,0.0,False,False,True,False,False,False,True,False,False,False,False,False,False,False,4.156066620850098,1.4182774069729414,5.362835071116769,0,Reyansh Das,55,2,Mumbai,2019-07-17,63,3,4.24,Low,0.5998412698412698,10.94063492063492,2582,0.047619047619047616
T01630,R0067,7.31,39.41,165.12,2023-04-01,0,0,5,4,Zone_5,2590,1.31,43.9,Business,1.0,False,False,True,False,False,False,False,False,False,True,False,False,False,False,5.1127104187625525,2.1174596088673567,6.2777384462878025,0,Saanvi Iyer,32,1,Pune,2022-07-24,348,9,3.38,High,0.32491379310344826,5.3069252873563215,1479,0.02586206896551724
T01631,R0177,12.73,110.74,235.51,2024-07-15,0,0,0,7,Zone_1,4921,2.43,30.9,Residential,2.0,False,True,False,False,True,False,False,False,False,False,False,False,False,False,5.465990490336171,2.6195832197798796,10.523307464861036,0,Ishaan Reddy,34,2,Bengaluru,2023-02-15,489,63,4.48,High,0.23668711656441715,3.8175051124744375,1273,0.12883435582822086
T01632,R0007,13.46,95.47,174.21,2023-04-26,0,0,2,4,Zone_8,4516,1.93,31.0,Business,2.0,False,True,False,False,False,False,False,False,False,False,False,False,True,False,5.165985254498996,2.671386216730619,9.770875088752286,0,Ishaan Ghosh,18,0,Mumbai,2021-03-26,458,82,4.03,High,0.08650655021834062,1.3033187772925765,1964,0.17903930131004367
T01633,R0232,6.26,62.59,81.29,2023-04-09,0,0,6,4,Zone_6,14627,0.54,37.6,Mixed,0.0,False,True,False,False,False,False,False,False,False,False,True,False,False,False,4.410249593617622,1.9823798288367047,7.911384202527394,0,Meera Das,38,1,Jaipur,2022-12-08,172,15,3.94,Medium,0.541860465116279,8.667674418604651,1342,0.0872093023255814
T01634,R0066,11.13,81.26,140.6,2023-12-09,0,0,5,12,Zone_4,4038,2.46,48.2,Business,2.0,True,False,False,False,False,False,False,False,True,False,False,False,False,False,4.953006181259619,2.495681722955959,9.01443287178955,0,Arjun Patel,38,0,Bengaluru,2022-06-03,167,28,4.72,Medium,0.25431137724550895,3.449940119760479,1530,0.16766467065868262
T01635,R0291,0.29,2.87,4.66,2023-08-03,0,0,3,8,Zone_9,11037,1.83,56.1,Mixed,1.0,False,False,False,True,False,False,False,False,False,False,False,False,False,True,1.7334238922150915,0.2546422183735807,1.6941074346097416,0,Arjun Ghosh,23,2,Pune,2021-04-19,499,94,3.46,High,0.09308617234468938,1.59436873747495,1940,0.18837675350701402
T01636,R0009,5.64,36.01,62.56,2024-05-28,0,0,1,5,Zone_2,6371,0.91,58.4,Residential,0.0,False,False,False,True,False,False,True,False,False,False,False,False,False,False,4.151984341668515,1.8931119634883424,6.000833275470999,0,Diya Patel,42,0,Ahmedabad,2019-12-15,172,21,4.11,Medium,0.37720930232558136,5.327848837209302,2431,0.12209302325581395
T01637,R0044,15.34,123.22,134.21,2023-04-05,0,0,2,4,Zone_7,11070,0.64,45.2,Industrial,0.0,False,True,False,False,False,False,False,False,False,False,False,True,False,False,4.906829125370667,2.7936160894318567,11.10045044131093,0,Arjun Gupta,36,0,Hyderabad,2020-08-01,271,5,3.21,Medium,0.37734317343173435,6.127380073800738,2201,0.01845018450184502
T01638,R0002,14.72,101.63,148.43,2023-02-08,0,0,2,2,Zone_8,4516,1.93,31.0,Business,2.0,True,False,False,False,False,False,False,False,False,False,False,False,True,False,5.006828055753302,2.7549337870010606,10.081170566953025,0,Ishaan Nair,39,0,Mumbai,2019-11-23,70,5,4.12,Low,1.0812857142857142,16.794428571428572,2453,0.07142857142857142
T01639,R0292,11.35,79.85,93.29,2023-12-11,0,0,0,12,Zone_7,11070,0.64,45.2,Industrial,0.0,False,False,False,True,False,False,False,False,False,False,False,True,False,False,4.546375139477586,2.513656063073986,8.935882720806042,0,Diya Patel,37,0,Jaipur,2020-06-28,141,19,4.39,Low,0.5628368794326241,8.070141843971632,2235,0.1347517730496454
T01640,R0124,7.29,37.66,85.71,2024-06-29,0,0,5,6,Zone_7,11070,0.64,45.2,Industrial,0.0,False,False,True,False,False,False,False,False,False,False,False,True,False,False,4.462569217389069,2.1150499691472033,6.136774397026503,0,Aadhya Das,37,2,Hyderabad,2022-06-09,419,25,3.59,High,0.10162291169451074,1.5354415274463007,1524,0.059665871121718374
T01641,R0250,12.24,92.52,209.81,2023-08-07,0,0,0,8,Zone_3,12971,2.11,38.0,Business,2.0,True,False,False,False,False,False,False,True,False,False,False,False,False,False,5.350957253872216,2.5832425505088623,9.618731725128837,0,Aadhya Iyer,34,0,Jaipur,2021-02-01,163,31,4.63,Low,0.46208588957055213,6.91601226993865,2017,0.1901840490797546
T01642,R0271,7.88,75.96,74.58,2023-05-11,0,0,3,5,Zone_8,4516,1.93,31.0,Business,2.0,False,False,True,False,False,False,False,False,False,False,False,False,True,False,4.325191697921343,2.1838015570040787,8.71550342780037,0,Saanvi Iyer,22,1,Bengaluru,2022-10-07,58,6,4.37,Low,1.1210344827586207,16.013448275862068,1404,0.10344827586206896
T01643,R0271,8.84,69.96,205.88,2023-10-03,0,0,1,10,Zone_5,2590,1.31,43.9,Business,1.0,False,True,False,False,False,False,False,False,False,True,False,False,False,False,5.332138915023547,2.286455711064162,8.364209466530593,0,Saanvi Iyer,22,1,Bengaluru,2022-10-07,58,6,4.37,Low,1.1210344827586207,16.013448275862068,1404,0.10344827586206896
T01644,R0155,8.44,46.57,105.78,2023-08-26,0,0,5,8,Zone_10,2440,1.54,35.4,Industrial,1.0,False,False,False,True,False,True,False,False,False,False,False,False,False,False,4.67077064307204,2.244955980157409,6.824221567329126,0,Meera Reddy,23,1,Hyderabad,2019-02-10,353,8,3.14,High,0.17254957507082153,2.639405099150142,2739,0.0226628895184136
T01645,R0018,4.12,37.56,46.6,2023-05-07,0,0,6,5,Zone_7,11070,0.64,45.2,Industrial,0.0,False,True,False,False,False,False,False,False,False,False,False,True,False,False,3.8628327612373745,1.6331544390514163,6.128621378417825,0,Aarav Reddy,49,0,Delhi,2023-01-09,446,86,3.29,High,0.12150224215246637,2.3415470852017934,1310,0.19282511210762332
T01646,R0157,11.63,91.2,170.93,2024-01-24,0,0,2,1,Zone_3,12971,2.11,38.0,Business,2.0,False,False,False,True,False,False,False,True,False,False,False,False,False,False,5.147087417231756,2.5360749363624,9.549869109050658,0,Kavya Nair,36,0,Hyderabad,2021-11-23,319,27,4.65,Medium,0.3570532915360502,5.880658307210031,1722,0.08463949843260188
T01647,R0026,2.65,18.2,25.4,2023-09-29,0,0,4,9,Zone_10,2440,1.54,35.4,Industrial,1.0,True,False,False,False,False,True,False,False,False,False,False,False,False,False,3.2733640101522705,1.2947271675944,4.266145801540309,0,Aarav Kumar,26,0,Surat,2020-04-17,44,5,3.17,Low,1.8020454545454547,22.11795454545455,2307,0.11363636363636363
T01648,R0196,11.88,114.22,118.56,2024-06-05,0,0,2,6,Zone_3,12971,2.11,38.0,Business,2.0,False,True,False,False,False,False,False,True,False,False,False,False,False,False,4.783818337415737,2.5556757206762075,10.687375730271674,0,Vivaan Das,18,1,Hyderabad,2019-06-24,51,9,4.93,Low,1.8813725490196078,31.831960784313726,2605,0.17647058823529413
T01649,R0253,3.2,28.3,49.71,2023-06-28,0,0,2,6,Zone_4,4038,2.46,48.2,Business,2.0,False,False,True,False,False,False,False,False,True,False,False,False,False,False,3.926123129806928,1.4350845252893227,5.319774431308154,0,Ishaan Gupta,26,1,Surat,2021-08-19,173,24,3.16,Medium,0.28797687861271676,4.304104046242775,1818,0.13872832369942195
T01650,R0261,4.39,23.72,49.3,2024-03-29,0,0,4,3,Zone_2,6371,0.91,58.4,Residential,0.0,True,False,False,False,False,False,True,False,False,False,False,False,False,False,3.9180050771056933,1.6845453849209058,4.870318264754368,0,Aarav Kumar,31,1,Pune,2022-08-26,477,83,4.24,High,0.10308176100628931,1.3621174004192873,1446,0.1740041928721174
T01651,R0097,6.2,61.2,102.4,2024-01-23,0,0,1,1,Zone_2,6371,0.91,58.4,Residential,0.0,False,False,True,False,False,False,True,False,False,False,False,False,False,False,4.638604962074329,1.9740810260220096,7.8230428862431785,0,Aarav Iyer,23,2,Bengaluru,2021-01-25,478,5,3.28,High,0.1452510460251046,2.3370292887029285,2024,0.010460251046025104
T01652,R0214,7.22,57.99,164.58,2024-05-16,0,0,3,5,Zone_10,2440,1.54,35.4,Industrial,1.0,False,False,False,True,False,True,False,False,False,False,False,False,False,False,5.10945446171066,2.1065702090680882,7.61511654539837,0,Aarav Kumar,20,0,Kolkata,2022-09-14,210,2,4.53,Medium,0.1940952380952381,3.2461428571428574,1427,0.009523809523809525
T01653,R0250,8.95,64.68,119.38,2024-06-18,0,0,1,6,Zone_5,2590,1.31,43.9,Business,1.0,False,False,True,False,False,False,False,False,False,True,False,False,False,False,4.790653406119625,2.2975725511705014,8.04238770515324,0,Aadhya Iyer,34,0,Jaipur,2021-02-01,163,31,4.63,Low,0.46208588957055213,6.91601226993865,2017,0.1901840490797546
T01654,R0125,12.14,94.46,296.53,2023-06-03,1,0,5,6,Zone_1,4921,2.43,30.9,Residential,2.0,False,False,True,False,True,False,False,False,False,False,False,False,False,False,5.695515060237774,2.5756610130564646,9.719053451854249,0,Saanvi Ghosh,44,1,Ahmedabad,2023-04-22,99,19,3.89,Low,0.5633333333333332,11.28040404040404,1207,0.1919191919191919
T01655,R0196,14.55,91.15,168.41,2024-05-10,0,0,4,5,Zone_6,14627,0.54,37.6,Mixed,0.0,True,False,False,False,False,False,False,False,False,False,True,False,False,False,5.132321812352855,2.744060638625243,9.547250913221042,0,Vivaan Das,18,1,Hyderabad,2019-06-24,51,9,4.93,Low,1.8813725490196078,31.831960784313726,2605,0.17647058823529413
T01656,R0185,0.55,5.47,9.49,2023-06-10,0,0,5,6,Zone_10,2440,1.54,35.4,Industrial,1.0,False,False,False,True,False,True,False,False,False,False,False,False,False,False,2.3504224224082058,0.4382549309311553,2.3388031127052997,0,Vivaan Sharma,27,1,Delhi,2021-08-27,201,12,4.05,Medium,0.21756218905472638,3.7018905472636816,1810,0.05970149253731343
T01657,R0246,12.92,108.63,201.25,2023-08-16,0,0,2,8,Zone_3,12971,2.11,38.0,Business,2.0,True,False,False,False,False,False,False,True,False,False,False,False,False,False,5.309504555938601,2.6333266549062735,10.422571659624126,0,Vivaan Das,29,2,Mumbai,2021-03-31,240,34,4.79,Medium,0.34891666666666665,6.460624999999999,1959,0.14166666666666666
T01658,R0184,5.68,33.74,133.83,2024-03-30,0,0,5,3,Zone_1,4921,2.43,30.9,Residential,2.0,False,False,True,False,True,False,False,False,False,False,False,False,False,False,4.904014725645983,1.8991179875485542,5.808614292583043,0,Meera Nair,29,0,Surat,2020-03-04,285,27,3.97,Medium,0.24266666666666664,4.2551578947368425,2351,0.09473684210526316
T01659,R0086,7.64,68.83,107.37,2023-07-01,0,0,5,7,Zone_8,4516,1.93,31.0,Business,2.0,False,False,True,False,False,False,False,False,False,False,False,False,True,False,4.685551297934904,2.1564025828159643,8.296384754819414,0,Vivaan Patel,23,1,Hyderabad,2019-11-08,337,17,4.56,High,0.19192878338278935,3.352581602373887,2468,0.050445103857566766
T01660,R0095,7.47,54.57,181.06,2023-03-09,1,0,3,3,Zone_1,4921,2.43,30.9,Residential,2.0,False,False,True,False,True,False,False,False,False,False,False,False,False,False,5.204336303077143,2.136530508663963,7.387151006985034,0,Kavya Iyer,29,0,Chennai,2020-10-07,481,77,4.26,High,0.23856548856548856,3.907713097713098,2134,0.1600831600831601
T01661,R0173,5.75,37.23,46.87,2023-11-15,0,0,2,11,Zone_5,2590,1.31,43.9,Business,1.0,False,False,True,False,False,False,False,False,False,True,False,False,False,False,3.8684890034044175,1.9095425048844386,6.10163912403872,0,Saanvi Ghosh,26,2,Mumbai,2020-01-15,389,55,4.28,High,0.1286375321336761,2.2145758354755785,2400,0.14138817480719795
T01662,R0149,3.55,31.84,59.18,2024-05-27,0,0,0,5,Zone_4,4038,2.46,48.2,Business,2.0,False,True,False,False,False,False,False,False,True,False,False,False,False,False,4.0973400712018995,1.5151272329628591,5.642694391866354,0,Diya Reddy,30,1,Jaipur,2019-09-14,89,8,4.57,Low,0.4766292134831461,7.428314606741573,2523,0.0898876404494382
T01663,R0294,9.4,87.11,128.34,2023-09-18,0,0,0,9,Zone_4,4038,2.46,48.2,Business,2.0,True,False,False,False,False,False,False,False,True,False,False,False,False,False,4.862444596018447,2.341805806147327,9.333273809334,0,Arjun Reddy,24,1,Surat,2021-04-02,41,7,3.2,Low,1.3824390243902438,20.37560975609756,1957,0.17073170731707318
T01664,R0283,12.06,77.85,274.76,2024-03-08,0,0,4,3,Zone_5,2590,1.31,43.9,Business,1.0,False,False,False,True,False,False,False,False,False,True,False,False,False,False,5.61953092220861,2.569554123848285,8.823264701911645,0,Diya Nair,19,1,Surat,2023-06-15,245,45,3.55,Medium,0.22844897959183674,4.135632653061225,1153,0.1836734693877551
T01665,R0293,1.7,9.4,23.4,2023-02-13,0,0,0,2,Zone_1,4921,2.43,30.9,Residential,2.0,False,False,False,True,True,False,False,False,False,False,False,False,False,False,3.1945831322991562,0.9932517730102833,3.0659419433511785,0,Arjun Kumar,39,0,Delhi,2019-10-01,248,44,3.2,Medium,0.09040322580645162,1.6186290322580645,2506,0.1774193548387097
T01666,R0247,7.9,54.08,140.92,2024-05-03,0,0,4,5,Zone_9,11037,1.83,56.1,Mixed,1.0,False,False,False,True,False,False,False,False,False,False,False,False,False,True,4.955263518561269,2.186051276738094,7.353910524340094,0,Aadhya Das,37,1,Bengaluru,2021-05-11,249,47,4.92,Medium,0.5360642570281124,9.507791164658634,1918,0.18875502008032127
T01667,R0112,4.85,26.32,50.99,2024-08-21,0,0,2,8,Zone_6,14627,0.54,37.6,Mixed,0.0,False,False,False,True,False,False,False,False,False,False,True,False,False,False,3.9510513923956245,1.766441661243765,5.130302135352264,0,Meera Nair,41,0,Delhi,2020-11-13,311,11,3.24,Medium,0.28787781350482317,3.6986173633440513,2097,0.03536977491961415
T01668,R0012,13.48,88.12,180.67,2023-09-08,0,0,4,9,Zone_9,11037,1.83,56.1,Mixed,1.0,False,True,False,False,False,False,False,False,False,False,False,False,False,True,5.202191854450653,2.6727683869575705,9.387225362161068,0,Aarav Das,31,0,Hyderabad,2022-01-19,248,11,3.31,Medium,0.11737903225806451,1.4224193548387096,1665,0.04435483870967742
T01669,R0018,10.47,104.34,254.12,2023-02-11,1,0,5,2,Zone_9,11037,1.83,56.1,Mixed,1.0,False,True,False,False,False,False,False,False,False,False,False,False,False,True,5.541734022701802,2.4397349311412793,10.214695296483395,0,Aarav Reddy,49,0,Delhi,2023-01-09,446,86,3.29,High,0.12150224215246637,2.3415470852017934,1310,0.19282511210762332
T01670,R0027,15.54,102.56,248.87,2023-05-12,0,0,4,5,Zone_9,11037,1.83,56.1,Mixed,1.0,False,False,False,True,False,False,False,False,False,False,False,False,False,True,5.520940782615359,2.805781689595545,10.12719112093773,0,Ishaan Iyer,39,1,Jaipur,2019-10-05,403,61,3.98,High,0.14349875930521092,2.052803970223325,2502,0.1513647642679901
T01671,R0132,0.26,2.04,3.27,2023-12-06,0,0,2,12,Zone_9,11037,1.83,56.1,Mixed,1.0,False,False,False,True,False,False,False,False,False,False,False,False,False,True,1.451613827240533,0.23111172096338664,1.42828568570857,0,Aadhya Iyer,23,1,Surat,2022-12-09,484,25,3.32,High,0.1433884297520661,2.2561776859504135,1341,0.05165289256198347
T01672,R0263,13.17,85.57,307.13,2024-03-08,0,0,4,3,Zone_10,2440,1.54,35.4,Industrial,1.0,False,False,False,True,False,True,False,False,False,False,False,False,False,False,5.730521771845822,2.6511270537025893,9.250405396521819,0,Ishaan Das,31,2,Chennai,2020-12-30,297,21,3.84,Medium,0.3522558922558922,5.2110101010101015,2050,0.0707070707070707
T01673,R0065,8.81,81.96,76.13,2023-12-21,0,0,3,12,Zone_9,11037,1.83,56.1,Mixed,1.0,True,False,False,False,False,False,False,False,False,False,False,False,False,True,4.345492309945908,2.2834022735772717,9.053176238205019,0,Meera Nair,43,2,Mumbai,2023-06-28,180,32,4.52,Medium,0.13622222222222222,2.370611111111111,1140,0.17777777777777778
T01674,R0195,4.37,36.96,84.07,2023-05-31,0,0,2,5,Zone_10,2440,1.54,35.4,Industrial,1.0,True,False,False,False,False,True,False,False,False,False,False,False,False,False,4.443474446987793,1.6808279085207734,6.079473661428265,0,Aadhya Reddy,33,1,Kolkata,2021-05-27,72,10,4.97,Low,0.9766666666666668,14.502361111111112,1902,0.1388888888888889
T01675,R0138,10.45,53.5,170.59,2024-03-12,0,0,1,3,Zone_1,4921,2.43,30.9,Residential,2.0,False,False,False,True,True,False,False,False,False,False,False,False,False,False,5.14510791029753,2.4379897300002487,7.314369419163897,0,Ishaan Das,46,1,Kolkata,2022-07-28,13,0,3.53,Low,2.4038461538461537,40.113846153846154,1475,0.0
T01676,R0213,15.83,84.55,300.77,2024-06-26,0,0,2,6,Zone_1,4921,2.43,30.9,Residential,2.0,False,False,True,False,True,False,False,False,False,False,False,False,False,False,5.709665137814357,2.8231630082027146,9.195107394696377,0,Kavya Ghosh,29,0,Chennai,2019-06-04,456,26,3.74,High,0.13396929824561402,2.3342105263157893,2625,0.05701754385964912
T01677,R0089,16.02,96.02,276.89,2023-08-11,0,0,4,8,Zone_10,2440,1.54,35.4,Industrial,1.0,False,False,True,False,False,True,False,False,False,False,False,False,False,False,5.627225351934046,2.834389123145228,9.798979538707078,0,Saanvi Reddy,48,2,Surat,2022-09-21,308,6,3.91,Medium,0.29165584415584417,4.595941558441559,1420,0.01948051948051948
T01678,R0147,12.11,103.45,251.23,2024-06-18,0,0,1,6,Zone_9,11037,1.83,56.1,Mixed,1.0,True,False,False,False,False,False,False,False,False,False,False,False,False,True,5.530341369668184,2.5733752977756086,10.171037311896953,0,Saanvi Nair,35,2,Mumbai,2022-08-29,239,21,3.91,Medium,0.26589958158995813,4.27531380753138,1443,0.08786610878661087
T01679,R0204,3.04,18.36,46.52,2024-06-18,0,0,1,6,Zone_10,2440,1.54,35.4,Industrial,1.0,False,False,True,False,False,True,False,False,False,False,False,False,False,False,3.8611506750543896,1.3962446919730587,4.28485705712571,0,Aarav Kumar,37,0,Hyderabad,2019-01-01,438,5,3.73,High,0.15481735159817353,2.0578767123287673,2779,0.01141552511415525
T01680,R0067,9.55,70.55,139.31,2023-12-03,0,0,6,12,Zone_2,6371,0.91,58.4,Residential,0.0,False,True,False,False,False,False,True,False,False,False,False,False,False,False,4.943854260405905,2.3561258599220753,8.399404740813482,0,Saanvi Iyer,32,1,Pune,2022-07-24,348,9,3.38,High,0.32491379310344826,5.3069252873563215,1479,0.02586206896551724
T01681,R0090,9.71,84.65,212.98,2023-03-28,0,0,1,3,Zone_4,4038,2.46,48.2,Business,2.0,True,False,False,False,False,False,False,False,True,False,False,False,False,False,5.3658825527104606,2.3711778844596574,9.200543462209176,0,Kavya Iyer,33,0,Mumbai,2021-01-31,152,25,4.51,Low,0.7113815789473685,12.63078947368421,2018,0.16447368421052633
T01682,R0162,14.21,105.79,305.85,2023-05-26,0,0,4,5,Zone_5,2590,1.31,43.9,Business,1.0,False,True,False,False,False,False,False,False,False,True,False,False,False,False,5.726359028835106,2.7219531062712017,10.285426583277916,0,Meera Patel,30,1,Hyderabad,2023-08-14,394,38,4.28,High,0.13484771573604062,2.3779187817258887,1093,0.09644670050761421
T01683,R0225,7.18,36.97,138.49,2023-08-13,0,0,6,8,Zone_10,2440,1.54,35.4,Industrial,1.0,False,False,False,True,False,True,False,False,False,False,False,False,False,False,4.937992914104144,2.1016921506146558,6.080296045424104,0,Ishaan Sharma,39,0,Delhi,2020-06-15,465,9,4.08,High,0.10393548387096774,1.4471397849462366,2248,0.01935483870967742
T01684,R0100,8.08,75.65,66.07,2023-05-28,0,0,6,5,Zone_10,2440,1.54,35.4,Industrial,1.0,False,False,True,False,False,True,False,False,False,False,False,False,False,False,4.205736850111646,2.206074192613202,8.697700845625814,0,Ishaan Gupta,28,1,Delhi,2021-05-24,383,60,3.79,High,0.26488250652741513,4.327650130548303,1905,0.1566579634464752
T01685,R0134,4.73,44.0,114.72,2024-07-02,1,0,1,7,Zone_10,2440,1.54,35.4,Industrial,1.0,False,True,False,False,False,True,False,False,False,False,False,False,False,False,4.751173480107934,1.7457155307266483,6.6332495807108,0,Aadhya Singh,34,1,Jaipur,2022-07-30,410,29,4.59,High,0.13614634146341464,2.644878048780488,1473,0.07073170731707316
T01686,R0209,11.34,91.7,149.77,2024-05-15,0,0,2,5,Zone_3,12971,2.11,38.0,Business,2.0,False,True,False,False,False,False,False,True,False,False,False,False,False,False,5.0157554967908276,2.5128460184772416,9.57601169589929,0,Vivaan Sharma,31,2,Surat,2020-06-11,109,20,3.77,Low,0.5368807339449542,6.743944954128441,2252,0.1834862385321101
T01687,R0262,6.92,58.18,118.05,2024-02-17,0,0,5,2,Zone_1,4921,2.43,30.9,Residential,2.0,False,False,True,False,True,False,False,False,False,False,False,False,False,False,4.779543572932872,2.0693912058263346,7.6275815302099526,0,Meera Singh,30,1,Ahmedabad,2019-04-21,6,0,3.35,Low,9.936666666666667,161.22666666666666,2669,0.0
T01688,R0244,8.93,75.16,210.43,2024-02-20,0,0,1,2,Zone_9,11037,1.83,56.1,Mixed,1.0,True,False,False,False,False,False,False,False,False,False,False,False,False,True,5.353893974436778,2.295560478057081,8.669486720677297,0,Aadhya Iyer,24,0,Kolkata,2019-04-22,27,1,3.13,Low,1.307777777777778,24.00777777777778,2668,0.037037037037037035
T01689,R0140,5.65,44.27,75.01,2024-04-26,0,0,4,4,Zone_4,4038,2.46,48.2,Business,2.0,True,False,False,False,False,False,False,False,True,False,False,False,False,False,4.330864910577949,1.8946168546677629,6.653570470055908,0,Aadhya Nair,29,0,Delhi,2020-04-17,499,45,4.92,High,0.06975951903807616,1.2386973947895792,2307,0.09018036072144289
T01690,R0108,8.24,47.99,153.95,2023-06-04,0,0,6,6,Zone_2,6371,0.91,58.4,Residential,0.0,False,True,False,False,False,False,True,False,False,False,False,False,False,False,5.043102484233757,2.2235418856535927,6.927481504847198,0,Reyansh Gupta,18,1,Pune,2019-05-31,184,32,4.88,Medium,0.23695652173913045,4.754836956521739,2629,0.17391304347826086
T01691,R0091,2.6,23.78,35.54,2023-11-27,0,0,0,11,Zone_7,11070,0.64,45.2,Industrial,0.0,False,True,False,False,False,False,False,False,False,False,False,True,False,False,3.5984075509498608,1.2809338454620642,4.876474136094644,0,Meera Das,41,2,Surat,2022-04-16,334,43,3.4,High,0.14934131736526945,2.7054191616766468,1578,0.12874251497005987
T01692,R0144,8.8,66.55,137.95,2023-02-07,0,0,1,2,Zone_3,12971,2.11,38.0,Business,2.0,False,False,False,True,False,False,False,True,False,False,False,False,False,False,4.934114156188513,2.2823823856765264,8.15781833580523,0,Ishaan Kumar,34,2,Pune,2021-01-31,194,10,3.52,Medium,0.4354123711340206,8.002319587628865,2018,0.05154639175257732
T01693,R0092,4.99,38.39,47.48,2024-06-18,0,0,1,6,Zone_2,6371,0.91,58.4,Residential,0.0,True,False,False,False,False,False,True,False,False,False,False,False,False,False,3.881151341761059,1.7900914121273581,6.1959664298638675,0,Aarav Nair,21,1,Surat,2019-07-18,252,23,4.51,Medium,0.22694444444444448,3.415357142857143,2581,0.09126984126984126
T01694,R0288,11.5,81.69,222.26,2024-02-27,0,0,1,2,Zone_2,6371,0.91,58.4,Residential,0.0,False,True,False,False,False,False,True,False,False,False,False,False,False,False,5.408337011586586,2.5257286443082556,9.038252043398657,0,Diya Ghosh,42,1,Ahmedabad,2021-08-30,43,5,4.56,Low,1.2111627906976743,18.50232558139535,1807,0.11627906976744186
T01695,R0028,17.24,165.21,379.63,2024-02-16,0,0,4,2,Zone_6,14627,0.54,37.6,Mixed,0.0,False,False,True,False,False,False,False,False,False,False,True,False,False,False,5.94182777466688,2.9036169846461855,12.853404218338424,0,Reyansh Sharma,20,0,Surat,2023-11-11,249,21,3.79,Medium,0.34088353413654615,6.022128514056225,1004,0.08433734939759036
T01696,R0063,12.23,64.78,266.78,2023-11-26,0,0,6,11,Zone_6,14627,0.54,37.6,Mixed,0.0,True,False,False,False,False,False,False,False,False,False,True,False,False,False,5.590165747869233,2.5824869781268642,8.048602363143553,0,Diya Iyer,34,1,Surat,2023-04-21,329,33,4.83,High,0.2053191489361702,3.7828571428571425,1208,0.10030395136778116
T01697,R0075,2.4,16.38,23.94,2023-08-14,0,0,0,8,Zone_10,2440,1.54,35.4,Industrial,1.0,False,False,True,False,False,True,False,False,False,False,False,False,False,False,3.2164729402518906,1.2237754316221157,4.047221268969612,0,Diya Reddy,18,0,Mumbai,2021-04-30,108,7,4.83,Low,0.43657407407407406,6.526018518518519,1929,0.06481481481481481
T01698,R0096,6.2,61.65,93.59,2023-01-25,0,0,2,1,Zone_3,12971,2.11,38.0,Business,2.0,False,False,True,False,False,False,False,True,False,False,False,False,False,False,4.549551762225079,1.9740810260220096,7.85175139698144,0,Reyansh Das,40,0,Kolkata,2019-12-28,121,3,4.46,Low,0.2265289256198347,2.933471074380165,2418,0.024793388429752067
T01699,R0119,0.05,0.48,3.27,2023-08-19,1,0,5,8,Zone_2,6371,0.91,58.4,Residential,0.0,False,False,False,True,False,False,True,False,False,False,False,False,False,False,1.451613827240533,0.048790164169432,0.6928203230275509,0,Saanvi Iyer,47,1,Hyderabad,2023-05-05,30,1,4.39,Low,0.9743333333333334,13.516666666666667,1194,0.03333333333333333
T01700,R0237,8.07,47.69,107.17,2023-01-08,0,0,6,1,Zone_9,11037,1.83,56.1,Mixed,1.0,False,False,True,False,False,False,False,False,False,False,False,False,False,True,4.683704063642198,2.2049722641270453,6.905794668247818,0,Aadhya Nair,40,1,Chennai,2022-12-13,36,3,3.71,Low,2.7047222222222222,48.88055555555556,1337,0.08333333333333333
T01701,R0224,0.87,7.64,14.27,2023-10-22,0,0,6,10,Zone_8,4516,1.93,31.0,Business,2.0,False,True,False,False,False,False,False,False,False,False,False,False,True,False,2.725890119230541,0.6259384308664953,2.7640549922170505,0,Ishaan Sharma,29,0,Ahmedabad,2020-08-04,200,1,4.31,Medium,0.20855,2.5707,2198,0.005
T01702,R0242,1.99,10.0,42.27,2023-05-11,0,0,3,5,Zone_1,4921,2.43,30.9,Residential,2.0,False,False,True,False,True,False,False,False,False,False,False,False,False,False,3.7674595542367935,1.095273387402595,3.1622776601683795,0,Kavya Iyer,34,1,Ahmedabad,2022-06-05,445,8,4.54,High,0.05903370786516854,0.7375056179775281,1528,0.017977528089887642
T01703,R0246,13.48,88.14,273.92,2023-02-19,0,0,6,2,Zone_3,12971,2.11,38.0,Business,2.0,False,False,False,True,False,False,False,True,False,False,False,False,False,False,5.616480146253404,2.6727683869575705,9.38829057922687,0,Vivaan Das,29,2,Mumbai,2021-03-31,240,34,4.79,Medium,0.34891666666666665,6.460624999999999,1959,0.14166666666666666
T01704,R0282,12.31,113.54,272.04,2024-07-15,0,0,0,7,Zone_5,2590,1.31,43.9,Business,1.0,False,False,False,True,False,False,False,False,False,True,False,False,False,False,5.609618304598452,2.58851563240702,10.655515003977987,0,Reyansh Kumar,22,2,Bengaluru,2022-05-02,319,3,4.47,Medium,0.29112852664576805,4.387931034482759,1562,0.009404388714733543
T01705,R0288,0.4,3.68,4.43,2023-11-12,0,0,6,11,Zone_7,11070,0.64,45.2,Industrial,0.0,False,False,True,False,False,False,False,False,False,False,False,True,False,False,1.691939133945844,0.33647223662121295,1.9183326093250879,0,Diya Ghosh,42,1,Ahmedabad,2021-08-30,43,5,4.56,Low,1.2111627906976743,18.50232558139535,1807,0.11627906976744186
T01706,R0164,5.76,42.24,86.96,2023-01-26,0,0,3,1,Zone_6,14627,0.54,37.6,Mixed,0.0,False,False,True,False,False,False,False,False,False,False,True,False,False,False,4.47688216568656,1.9110228900548727,6.499230723708768,0,Aadhya Ghosh,37,2,Ahmedabad,2022-07-06,249,23,4.02,Medium,0.40273092369477914,7.062208835341366,1497,0.09236947791164658
T01707,R0266,10.32,54.32,189.21,2023-09-07,0,0,3,9,Zone_8,4516,1.93,31.0,Business,2.0,False,False,True,False,False,False,False,False,False,False,False,False,True,False,5.24812872496475,2.4265710727750367,7.370210309075311,0,Diya Reddy,29,2,Chennai,2020-09-25,98,13,3.9,Low,0.7445918367346939,12.729081632653061,2146,0.1326530612244898
T01708,R0080,9.96,61.44,140.62,2024-08-03,0,0,5,8,Zone_8,4516,1.93,31.0,Business,2.0,False,False,True,False,False,False,False,False,False,False,False,False,True,False,4.953147414223628,2.3942522815198695,7.83836717690617,0,Reyansh Kumar,19,0,Mumbai,2021-05-15,34,6,4.6,Low,1.6208823529411764,24.814117647058826,1914,0.17647058823529413
T01709,R0285,0.14,0.74,3.27,2023-10-24,0,0,1,10,Zone_8,4516,1.93,31.0,Business,2.0,False,False,False,True,False,False,False,False,False,False,False,False,True,False,1.451613827240533,0.13102826240640408,0.8602325267042626,0,Diya Iyer,29,0,Chennai,2019-01-10,244,16,4.97,Medium,0.25774590163934424,4.5302459016393435,2770,0.06557377049180328
T01710,R0230,9.3,86.41,197.64,2023-12-14,0,0,3,12,Zone_10,2440,1.54,35.4,Industrial,1.0,False,False,True,False,False,True,False,False,False,False,False,False,False,False,5.2914941411999115,2.33214389523559,9.29569792968769,0,Kavya Gupta,32,1,Chennai,2022-11-22,183,23,3.65,Medium,0.32054644808743166,4.962950819672131,1358,0.12568306010928962
T01711,R0037,4.96,33.86,69.47,2023-10-06,0,0,4,10,Zone_3,12971,2.11,38.0,Business,2.0,True,False,False,False,False,False,False,True,False,False,False,False,False,False,4.255187087338931,1.7850704810772584,5.818934610390462,0,Aadhya Iyer,32,2,Ahmedabad,2020-11-21,489,6,3.36,High,0.15969325153374234,2.6884662576687117,2089,0.012269938650306749
T01712,R0141,13.99,128.6,165.65,2023-11-08,0,0,2,11,Zone_2,6371,0.91,58.4,Residential,0.0,False,False,True,False,False,False,True,False,False,False,False,False,False,False,5.115895804753749,2.7073833121145063,11.34019400186787,0,Arjun Das,25,2,Jaipur,2019-07-08,53,0,4.29,Low,0.5720754716981132,10.239622641509435,2591,0.0
T01713,R0030,7.0,59.57,169.64,2024-03-26,1,0,1,3,Zone_9,11037,1.83,56.1,Mixed,1.0,False,False,False,True,False,False,False,False,False,False,False,False,False,True,5.139556074163095,2.0794415416798357,7.718160402582988,0,Saanvi Patel,25,2,Mumbai,2021-01-08,442,58,3.72,High,0.1833710407239819,3.5865384615384617,2041,0.13122171945701358
T01714,R0246,9.8,51.41,202.66,2024-02-14,0,0,2,2,Zone_1,4921,2.43,30.9,Residential,2.0,True,False,False,False,True,False,False,False,False,False,False,False,False,False,5.316451936743519,2.379546134130174,7.170076708097341,0,Vivaan Das,29,2,Mumbai,2021-03-31,240,34,4.79,Medium,0.34891666666666665,6.460624999999999,1959,0.14166666666666666
T01715,R0199,7.45,63.51,105.16,2023-01-03,0,0,1,1,Zone_9,11037,1.83,56.1,Mixed,1.0,True,False,False,False,False,False,False,False,False,False,False,False,False,True,4.664947390023952,2.134166441369082,7.969316156358712,0,Aarav Das,29,1,Ahmedabad,2021-08-03,344,27,3.91,High,0.24752906976744188,4.652616279069767,1834,0.07848837209302326
T01716,R0178,11.33,112.89,208.08,2023-03-29,0,0,2,3,Zone_4,4038,2.46,48.2,Business,2.0,False,False,True,False,False,False,False,False,True,False,False,False,False,False,5.342716953844721,2.512035317176253,10.624970588194586,0,Saanvi Ghosh,27,1,Delhi,2021-05-15,56,7,3.13,Low,1.1296428571428572,18.581071428571427,1914,0.125
T01717,R0048,4.16,32.72,51.0,2023-12-22,0,0,4,12,Zone_1,4921,2.43,30.9,Residential,2.0,False,False,False,True,True,False,False,False,False,False,False,False,False,False,3.9512437185814275,1.6409365794934714,5.720139858430037,0,Kavya Sharma,35,1,Hyderabad,2019-05-31,207,1,3.02,Medium,0.14072463768115942,2.4457971014492754,2629,0.004830917874396135
T01718,R0087,11.34,62.28,219.31,2023-11-24,0,0,4,11,Zone_10,2440,1.54,35.4,Industrial,1.0,False,False,False,True,False,True,False,False,False,False,False,False,False,False,5.395035645424474,2.5128460184772416,7.891767862779544,0,Saanvi Das,26,0,Jaipur,2021-05-11,362,33,3.57,High,0.07339779005524862,1.0319060773480664,1918,0.09116022099447514
T01719,R0146,14.04,90.79,208.19,2023-05-21,0,0,6,5,Zone_6,14627,0.54,37.6,Mixed,0.0,False,False,False,True,False,False,False,False,False,False,True,False,False,False,5.343242929901029,2.7107133185216936,9.528378665859162,0,Kavya Gupta,30,1,Surat,2020-04-15,80,11,3.89,Low,0.843,11.730875000000001,2309,0.1375
T01720,R0261,17.18,118.18,141.0,2023-08-22,0,0,1,8,Zone_5,2590,1.31,43.9,Business,1.0,False,False,True,False,False,False,False,False,False,True,False,False,False,False,4.955827057601261,2.900322088749333,10.871062505569546,0,Aarav Kumar,31,1,Pune,2022-08-26,477,83,4.24,High,0.10308176100628931,1.3621174004192873,1446,0.1740041928721174
T01721,R0290,15.92,116.68,200.09,2023-06-22,0,0,3,6,Zone_9,11037,1.83,56.1,Mixed,1.0,False,False,False,True,False,False,False,False,False,False,False,False,False,True,5.303752569037976,2.8284963541780774,10.80185169311262,0,Saanvi Kumar,34,2,Chennai,2020-05-06,169,4,4.28,Medium,0.40366863905325445,6.376745562130178,2288,0.023668639053254437
T01722,R0272,5.32,38.27,53.27,2023-09-12,0,0,1,9,Zone_5,2590,1.31,43.9,Business,1.0,False,True,False,False,False,False,False,False,False,True,False,False,False,False,3.9939715880753135,1.843719208158766,6.1862751312886175,0,Kavya Ghosh,21,1,Kolkata,2020-01-15,432,4,4.79,High,0.09326388888888888,1.6012962962962962,2400,0.009259259259259259
T01723,R0031,10.89,107.1,227.92,2023-09-24,0,0,6,9,Zone_6,14627,0.54,37.6,Mixed,0.0,False,True,False,False,False,False,False,False,False,False,True,False,False,False,5.4333725975409015,2.4756977107026903,10.348912986396204,0,Reyansh Nair,29,0,Hyderabad,2023-04-27,230,21,4.62,Medium,0.11760869565217391,1.699173913043478,1202,0.09130434782608696
T01724,R0300,12.04,109.7,169.14,2024-04-27,0,0,5,4,Zone_1,4921,2.43,30.9,Residential,2.0,False,False,True,False,True,False,False,False,False,False,False,False,False,False,5.136621627547738,2.5680215564985067,10.47377677822093,0,Saanvi Iyer,38,0,Kolkata,2023-07-08,291,7,3.67,Medium,0.1885910652920962,3.4253264604810996,1130,0.024054982817869417
T01725,R0103,10.95,103.94,253.26,2024-02-21,0,0,2,2,Zone_6,14627,0.54,37.6,Mixed,0.0,False,False,True,False,False,False,False,False,False,False,True,False,False,False,5.538357365521977,2.4807312783775197,10.195096860746347,0,Ishaan Gupta,37,2,Surat,2022-11-24,175,14,3.07,Medium,0.40817142857142863,7.065371428571429,1356,0.08
T01726,R0057,11.77,69.51,128.9,2024-08-01,0,0,3,8,Zone_8,4516,1.93,31.0,Business,2.0,False,False,True,False,False,False,False,False,False,False,False,False,True,False,4.866764923676554,2.547098670044448,8.337265738837884,0,Aadhya Reddy,39,1,Bengaluru,2023-06-04,407,11,3.66,High,0.24648648648648647,3.8921621621621623,1164,0.02702702702702703
T01727,R0151,10.12,98.81,118.9,2023-07-18,0,0,1,7,Zone_2,6371,0.91,58.4,Residential,0.0,False,False,False,True,False,False,True,False,False,False,False,False,False,False,4.786658062033468,2.4087452888224363,9.940321926376429,0,Meera Reddy,34,1,Hyderabad,2023-02-25,394,56,5.0,High,0.15967005076142132,2.8274111675126905,1263,0.14213197969543148
T01728,R0140,5.27,31.51,112.62,2024-03-02,0,0,5,3,Zone_2,6371,0.91,58.4,Residential,0.0,False,False,True,False,False,False,True,False,False,False,False,False,False,False,4.732859547128981,1.8357763546448294,5.613376880274475,0,Aadhya Nair,29,0,Delhi,2020-04-17,499,45,4.92,High,0.06975951903807616,1.2386973947895792,2307,0.09018036072144289
T01729,R0255,9.04,70.88,187.66,2023-10-04,0,0,2,10,Zone_6,14627,0.54,37.6,Mixed,0.0,True,False,False,False,False,False,False,False,False,False,True,False,False,False,5.239946453221707,2.306577114263583,8.419026071939674,0,Reyansh Sharma,37,0,Bengaluru,2021-07-06,475,42,3.12,High,0.15162105263157893,2.6573052631578946,1862,0.08842105263157894
T01730,R0263,12.23,104.41,267.87,2023-10-03,0,0,1,10,Zone_2,6371,0.91,58.4,Residential,0.0,True,False,False,False,False,False,True,False,False,False,False,False,False,False,5.594227991413127,2.5824869781268642,10.218121158021175,0,Ishaan Das,31,2,Chennai,2020-12-30,297,21,3.84,Medium,0.3522558922558922,5.2110101010101015,2050,0.0707070707070707
T01731,R0277,10.31,77.1,246.97,2024-07-26,0,0,4,7,Zone_9,11037,1.83,56.1,Mixed,1.0,True,False,False,False,False,False,False,False,False,False,False,False,False,True,5.513307771105859,2.425687290128029,8.780660567406077,0,Kavya Gupta,42,0,Jaipur,2021-01-22,433,16,3.06,High,0.20076212471131638,3.2397228637413393,2027,0.03695150115473441
T01732,R0234,2.52,23.94,57.04,2023-11-11,0,0,5,11,Zone_4,4038,2.46,48.2,Business,2.0,False,False,True,False,False,False,False,False,True,False,False,False,False,False,4.061132428015987,1.2584609896100056,4.892851929090027,0,Saanvi Nair,32,2,Pune,2022-12-01,183,31,3.98,Medium,0.34677595628415303,6.222677595628415,1349,0.16939890710382513
T01733,R0193,3.61,27.51,31.75,2023-09-26,0,0,1,9,Zone_1,4921,2.43,30.9,Residential,2.0,False,False,False,True,True,False,False,False,False,False,False,False,False,False,3.488902962081261,1.528227857008557,5.244997616777343,0,Kavya Singh,33,0,Chennai,2022-01-03,389,68,4.41,High,0.14419023136246786,2.5851928020565555,1681,0.17480719794344474
T01734,R0158,5.95,38.13,50.62,2024-03-21,0,0,3,3,Zone_10,2440,1.54,35.4,Industrial,1.0,False,True,False,False,False,True,False,False,False,False,False,False,False,False,3.943909194290468,1.9387416595767009,6.174949392505173,0,Aarav Iyer,27,1,Ahmedabad,2020-07-26,441,60,3.57,High,0.057732426303854875,0.8727210884353742,2207,0.1360544217687075
T01735,R0262,6.98,51.86,154.48,2024-08-09,0,0,4,8,Zone_1,4921,2.43,30.9,Residential,2.0,False,False,False,True,True,False,False,False,False,False,False,False,False,False,5.046517105984022,2.0769384114617173,7.201388754955532,0,Meera Singh,30,1,Ahmedabad,2019-04-21,6,0,3.35,Low,9.936666666666667,161.22666666666666,2669,0.0
T01736,R0053,8.79,75.14,113.83,2024-02-22,0,0,3,2,Zone_8,4516,1.93,31.0,Business,2.0,False,False,False,True,False,False,False,False,False,False,False,False,True,False,4.743452773788098,2.281361456542419,8.668333173107735,0,Arjun Reddy,45,0,Delhi,2019-09-16,63,7,4.85,Low,0.6984126984126984,11.318095238095237,2521,0.1111111111111111
T01737,R0117,3.11,20.42,42.78,2023-11-22,0,0,2,11,Zone_6,14627,0.54,37.6,Mixed,0.0,False,True,False,False,False,False,False,False,False,False,True,False,False,False,3.779177092094717,1.413423028508143,4.518849411078001,0,Aadhya Gupta,21,0,Ahmedabad,2021-06-12,369,37,3.16,High,0.07910569105691057,1.3319241192411924,1886,0.1002710027100271
T01738,R0290,11.97,114.96,223.25,2023-07-14,0,0,4,7,Zone_10,2440,1.54,35.4,Industrial,1.0,False,False,False,True,False,True,False,False,False,False,False,False,False,False,5.412761500938905,2.5626389983283526,10.721940122944167,0,Saanvi Kumar,34,2,Chennai,2020-05-06,169,4,4.28,Medium,0.40366863905325445,6.376745562130178,2288,0.023668639053254437
T01739,R0177,1.29,9.66,22.62,2024-08-14,0,0,2,8,Zone_1,4921,2.43,30.9,Residential,2.0,False,False,True,False,True,False,False,False,False,False,False,False,False,False,3.1620938107692163,0.8285518175661483,3.1080540535840107,0,Ishaan Reddy,34,2,Bengaluru,2023-02-15,489,63,4.48,High,0.23668711656441715,3.8175051124744375,1273,0.12883435582822086
T01740,R0300,10.64,86.27,177.69,2024-04-21,0,0,6,4,Zone_2,6371,0.91,58.4,Residential,0.0,False,False,False,True,False,False,True,False,False,False,False,False,False,False,5.18565246089057,2.454447442303292,9.288164511893617,0,Saanvi Iyer,38,0,Kolkata,2023-07-08,291,7,3.67,Medium,0.1885910652920962,3.4253264604810996,1130,0.024054982817869417
T01741,R0233,10.53,61.59,204.16,2023-05-18,0,0,3,5,Zone_10,2440,1.54,35.4,Industrial,1.0,False,False,False,True,False,True,False,False,False,False,False,False,False,False,5.3237901625210675,2.4449523342809676,7.847929663293371,0,Ishaan Iyer,30,2,Hyderabad,2023-11-23,469,41,4.37,High,0.1903411513859275,3.3757569296375265,992,0.08742004264392324
T01742,R0154,11.22,103.83,129.65,2023-11-07,0,0,1,11,Zone_1,4921,2.43,30.9,Residential,2.0,False,True,False,False,True,False,False,False,False,False,False,False,False,False,4.872521991966622,2.503073953743449,10.189700682551965,0,Kavya Patel,18,2,Kolkata,2019-03-25,466,79,4.68,High,0.2974678111587983,4.419570815450644,2696,0.16952789699570817
T01743,R0269,7.33,71.96,182.95,2023-06-27,1,0,1,6,Zone_1,4921,2.43,30.9,Residential,2.0,False,False,False,True,True,False,False,False,False,False,False,False,False,False,5.214663981550784,2.1198634561787513,8.482924024179399,0,Aadhya Sharma,41,1,Mumbai,2019-05-19,423,16,3.41,High,0.14907801418439717,3.4486288416075648,2641,0.037825059101654845
T01744,R0287,1.25,9.95,28.87,2023-12-10,0,0,6,12,Zone_6,14627,0.54,37.6,Mixed,0.0,False,True,False,False,False,False,False,False,False,False,True,False,False,False,3.3968546322280186,0.8109302162163288,3.1543620591175006,0,Saanvi Singh,18,2,Delhi,2021-12-17,320,34,3.33,Medium,0.12587500000000001,2.3166874999999996,1698,0.10625
T01745,R0251,6.24,56.42,132.09,2023-08-11,0,0,4,8,Zone_10,2440,1.54,35.4,Industrial,1.0,False,False,True,False,False,True,False,False,False,False,False,False,False,False,4.891025591098464,1.979621206397625,7.511324783285569,0,Vivaan Iyer,46,0,Mumbai,2020-01-13,213,26,4.48,Medium,0.18032863849765257,3.5801877934272297,2402,0.12206572769953052
T01746,R0129,8.84,87.37,134.25,2023-12-06,0,0,2,12,Zone_1,4921,2.43,30.9,Residential,2.0,True,False,False,False,True,False,False,False,False,False,False,False,False,False,4.907124917726591,2.286455711064162,9.347192091746056,0,Vivaan Singh,35,1,Hyderabad,2022-10-08,158,10,3.9,Low,0.5688607594936709,9.54620253164557,1403,0.06329113924050633
T01747,R0115,7.59,43.96,73.02,2023-08-07,0,0,0,8,Zone_2,6371,0.91,58.4,Residential,0.0,False,False,True,False,False,False,True,False,False,False,False,False,False,False,4.30433532695801,2.150598735996164,6.63023378170031,0,Aarav Ghosh,40,0,Bengaluru,2020-03-01,170,15,4.4,Medium,0.49105882352941177,8.388058823529413,2354,0.08823529411764706
T01748,R0149,3.93,21.52,60.37,2023-03-21,0,0,1,3,Zone_6,14627,0.54,37.6,Mixed,0.0,True,False,False,False,False,False,False,False,False,False,True,False,False,False,4.116921116401006,1.5953389880545987,4.638965401897281,0,Diya Reddy,30,1,Jaipur,2019-09-14,89,8,4.57,Low,0.4766292134831461,7.428314606741573,2523,0.0898876404494382
T01749,R0231,14.42,94.87,118.1,2023-06-18,0,0,6,6,Zone_4,4038,2.46,48.2,Business,2.0,False,False,True,False,False,False,False,False,True,False,False,False,False,False,4.779963476361254,2.7356653681351832,9.740123202506219,0,Ishaan Nair,19,2,Mumbai,2019-08-26,328,22,4.81,High,0.18076219512195124,2.230274390243902,2542,0.06707317073170732
T01750,R0226,9.62,84.01,199.49,2023-04-27,0,0,3,4,Zone_4,4038,2.46,48.2,Business,2.0,False,False,False,True,False,False,False,False,True,False,False,False,False,False,5.3007643701910885,2.362739015813793,9.165696918401787,0,Aarav Iyer,20,2,Surat,2021-07-30,266,2,3.25,Medium,0.2000375939849624,3.408571428571429,1838,0.007518796992481203
T01751,R0201,6.03,54.85,125.96,2024-08-12,0,0,0,8,Zone_9,11037,1.83,56.1,Mixed,1.0,False,False,False,True,False,False,False,False,False,False,False,False,False,True,4.843872076218154,1.9501867058225735,7.406078584514209,0,Meera Reddy,37,0,Delhi,2021-04-06,183,15,3.84,Medium,0.3698360655737705,5.856830601092896,1953,0.08196721311475409
T01752,R0236,3.06,19.37,66.63,2023-09-16,0,0,5,9,Zone_9,11037,1.83,56.1,Mixed,1.0,False,False,True,False,False,False,False,False,False,False,False,False,False,True,4.214051671586849,1.4011829736136414,4.401136216933078,0,Arjun Gupta,28,1,Ahmedabad,2020-08-10,61,1,3.36,Low,0.8198360655737704,12.599016393442623,2192,0.01639344262295082
T01753,R0213,8.34,47.98,174.62,2023-06-15,0,0,3,6,Zone_7,11070,0.64,45.2,Industrial,0.0,False,False,False,True,False,False,False,False,False,False,False,True,False,False,5.168322569931849,2.234306252240751,6.926759704219571,0,Kavya Ghosh,29,0,Chennai,2019-06-04,456,26,3.74,High,0.13396929824561402,2.3342105263157893,2625,0.05701754385964912
T01754,R0177,14.29,93.41,240.82,2023-11-24,0,0,4,11,Zone_6,14627,0.54,37.6,Mixed,0.0,False,True,False,False,False,False,False,False,False,False,True,False,False,False,5.488193647746101,2.727199019940971,9.664884893261792,0,Ishaan Reddy,34,2,Bengaluru,2023-02-15,489,63,4.48,High,0.23668711656441715,3.8175051124744375,1273,0.12883435582822086
T01755,R0159,8.18,58.92,158.71,2023-05-03,0,0,2,5,Zone_8,4516,1.93,31.0,Business,2.0,False,True,False,False,False,False,False,False,False,False,False,False,True,False,5.073359670668218,2.217027204632399,7.675936424958196,0,Ishaan Singh,43,0,Bengaluru,2020-05-21,79,2,4.9,Low,0.3034177215189873,5.378354430379747,2273,0.02531645569620253
T01756,R0211,7.84,40.8,64.65,2023-05-23,0,0,1,5,Zone_6,14627,0.54,37.6,Mixed,0.0,False,False,False,True,False,False,False,False,False,False,True,False,False,False,4.184337600748806,2.179286876649552,6.387487769068525,0,Arjun Reddy,36,0,Mumbai,2021-04-04,435,17,3.63,High,0.10593103448275862,1.4847816091954023,1955,0.03908045977011494
T01757,R0105,8.33,57.68,108.7,2023-05-24,0,0,2,5,Zone_5,2590,1.31,43.9,Business,1.0,True,False,False,False,False,False,False,False,False,True,False,False,False,False,4.697749367281185,2.2332350148592526,7.59473501841901,0,Diya Das,31,0,Jaipur,2020-09-28,346,9,3.69,High,0.27514450867052026,3.7604624277456646,2143,0.02601156069364162
T01758,R0043,8.6,80.57,101.45,2023-04-07,0,0,4,4,Zone_7,11070,0.64,45.2,Industrial,0.0,False,True,False,False,False,False,False,False,False,False,False,True,False,False,4.629374874684909,2.2617630984737906,8.976079322287655,0,Diya Kumar,28,1,Ahmedabad,2021-12-10,85,16,4.68,Low,0.7901176470588235,10.147058823529411,1705,0.18823529411764706
T01759,R0240,6.83,61.99,86.6,2023-12-08,0,0,4,12,Zone_5,2590,1.31,43.9,Business,1.0,True,False,False,False,False,False,False,False,False,True,False,False,False,False,4.472780997942346,2.057962510002712,7.873372847769881,0,Aarav Iyer,30,1,Delhi,2020-05-18,174,2,4.07,Medium,0.5294252873563219,7.0199425287356325,2276,0.011494252873563218
T01760,R0020,3.14,26.9,37.59,2023-01-11,0,0,2,1,Zone_1,4921,2.43,30.9,Residential,2.0,False,False,True,False,True,False,False,False,False,False,False,False,False,False,3.6529931755495273,1.420695787837223,5.186520991955976,0,Diya Das,35,0,Chennai,2019-09-17,274,21,4.03,Medium,0.19653284671532847,2.722846715328467,2520,0.07664233576642336
T01761,R0093,15.65,104.48,316.31,2023-09-08,0,0,4,9,Zone_9,11037,1.83,56.1,Mixed,1.0,False,False,True,False,False,False,False,False,False,False,False,False,False,True,5.7598792140080715,2.8124102164264526,10.22154587134451,0,Diya Patel,33,2,Surat,2019-05-30,119,18,3.77,Low,0.6012605042016808,9.999075630252099,2630,0.15126050420168066
T01762,R0205,11.19,73.68,108.27,2023-08-14,0,0,0,8,Zone_4,4038,2.46,48.2,Business,2.0,False,False,True,False,False,False,False,False,True,False,False,False,False,False,4.693821883582654,2.5006159434931803,8.583705493549974,0,Diya Singh,31,2,Surat,2019-05-12,100,14,4.66,Low,0.25549999999999995,2.659,2648,0.14
T01763,R0247,18.59,135.95,379.63,2023-01-10,0,0,1,1,Zone_2,6371,0.91,58.4,Residential,0.0,False,False,True,False,False,False,True,False,False,False,False,False,False,False,5.94182777466688,2.9750192319564492,11.65975986030587,0,Aadhya Das,37,1,Bengaluru,2021-05-11,249,47,4.92,Medium,0.5360642570281124,9.507791164658634,1918,0.18875502008032127
T01764,R0195,10.49,74.13,100.92,2023-05-23,0,0,1,5,Zone_7,11070,0.64,45.2,Industrial,0.0,True,False,False,False,False,False,False,False,False,False,False,True,False,False,4.624188191823853,2.4414770918606643,8.609878047916823,0,Aadhya Reddy,33,1,Kolkata,2021-05-27,72,10,4.97,Low,0.9766666666666668,14.502361111111112,1902,0.1388888888888889
T01765,R0199,6.84,52.93,123.67,2023-02-06,0,0,0,2,Zone_5,2590,1.31,43.9,Business,1.0,True,False,False,False,False,False,False,False,False,True,False,False,False,False,4.825670246356884,2.0592388343623163,7.275300681071539,0,Aarav Das,29,1,Ahmedabad,2021-08-03,344,27,3.91,High,0.24752906976744188,4.652616279069767,1834,0.07848837209302326
T01766,R0105,3.27,27.01,51.97,2023-09-07,0,0,3,9,Zone_9,11037,1.83,56.1,Mixed,1.0,False,False,True,False,False,False,False,False,False,False,False,False,False,True,3.9697257155564354,1.451613827240533,5.197114584074513,0,Diya Das,31,0,Jaipur,2020-09-28,346,9,3.69,High,0.27514450867052026,3.7604624277456646,2143,0.02601156069364162
T01767,R0095,6.35,36.97,71.23,2023-12-03,0,0,6,12,Zone_6,14627,0.54,37.6,Mixed,0.0,True,False,False,False,False,False,False,False,False,False,True,False,False,False,4.2798554720627555,1.9947003132247452,6.080296045424104,0,Kavya Iyer,29,0,Chennai,2020-10-07,481,77,4.26,High,0.23856548856548856,3.907713097713098,2134,0.1600831600831601
T01768,R0208,2.24,22.2,29.35,2023-07-20,0,0,3,7,Zone_1,4921,2.43,30.9,Residential,2.0,False,False,False,True,True,False,False,False,False,False,False,False,False,False,3.4127965175055075,1.1755733298042381,4.711687595755898,0,Aadhya Iyer,24,2,Chennai,2020-01-08,356,53,4.75,High,0.13882022471910113,1.691376404494382,2407,0.14887640449438203
T01769,R0057,18.49,177.45,379.63,2023-10-04,0,0,2,10,Zone_10,2440,1.54,35.4,Industrial,1.0,False,False,False,True,False,True,False,False,False,False,False,False,False,False,5.94182777466688,2.9699015135194693,13.321035995747478,0,Aadhya Reddy,39,1,Bengaluru,2023-06-04,407,11,3.66,High,0.24648648648648647,3.8921621621621623,1164,0.02702702702702703
T01770,R0295,7.91,47.55,76.49,2023-12-07,0,0,3,12,Zone_3,12971,2.11,38.0,Business,2.0,False,True,False,False,False,False,False,True,False,False,False,False,False,False,4.350148895775859,2.187174241482718,6.895650803223725,0,Kavya Gupta,18,0,Delhi,2019-05-29,98,18,3.59,Low,0.45683673469387753,5.34734693877551,2631,0.1836734693877551
T01771,R0023,11.93,97.65,269.07,2023-01-14,0,0,5,1,Zone_5,2590,1.31,43.9,Business,1.0,False,True,False,False,False,False,False,False,False,True,False,False,False,False,5.59868118465576,2.559550192783766,9.881801455200362,0,Meera Iyer,24,2,Jaipur,2019-10-09,176,32,3.21,Medium,0.36880681818181815,6.793295454545454,2498,0.18181818181818182
T01772,R0157,12.81,112.98,252.86,2023-05-24,0,0,2,5,Zone_6,14627,0.54,37.6,Mixed,0.0,False,True,False,False,False,False,False,False,False,False,True,False,False,False,5.536782933960031,2.6253929674212007,10.629205050237765,0,Kavya Nair,36,0,Hyderabad,2021-11-23,319,27,4.65,Medium,0.3570532915360502,5.880658307210031,1722,0.08463949843260188
T01773,R0191,13.4,71.93,147.97,2023-09-12,0,0,1,9,Zone_10,2440,1.54,35.4,Industrial,1.0,True,False,False,False,False,True,False,False,False,False,False,False,False,False,5.003744943391502,2.667228206581955,8.481155581640984,0,Meera Gupta,33,2,Surat,2020-08-14,87,6,4.56,Low,0.9559770114942528,15.24735632183908,2188,0.06896551724137931
T01774,R0233,20.74,175.96,379.63,2023-10-01,0,0,6,10,Zone_5,2590,1.31,43.9,Business,1.0,False,False,False,True,False,False,False,False,False,True,False,False,False,False,5.94182777466688,3.0791538816930633,13.264991519032344,0,Ishaan Iyer,30,2,Hyderabad,2023-11-23,469,41,4.37,High,0.1903411513859275,3.3757569296375265,992,0.08742004264392324
T01775,R0091,7.52,69.92,75.77,2023-05-17,0,0,2,5,Zone_3,12971,2.11,38.0,Business,2.0,False,False,True,False,False,False,False,True,False,False,False,False,False,False,4.3408139388398075,2.1424163408412245,8.361817984146748,0,Meera Das,41,2,Surat,2022-04-16,334,43,3.4,High,0.14934131736526945,2.7054191616766468,1578,0.12874251497005987
T01776,R0146,7.09,40.39,119.95,2024-03-05,0,0,1,3,Zone_4,4038,2.46,48.2,Business,2.0,False,False,False,True,False,False,False,False,True,False,False,False,False,False,4.795377237056036,2.0906287310704004,6.355312738174259,0,Kavya Gupta,30,1,Surat,2020-04-15,80,11,3.89,Low,0.843,11.730875000000001,2309,0.1375
T01777,R0187,8.82,58.42,112.0,2023-04-22,0,0,5,4,Zone_7,11070,0.64,45.2,Industrial,0.0,False,False,False,True,False,False,False,False,False,False,False,True,False,False,4.727387818712341,2.2844211223663744,7.6432977176085455,0,Saanvi Reddy,27,2,Surat,2022-08-05,357,38,4.71,High,0.21170868347338936,3.818879551820728,1467,0.10644257703081232
T01778,R0197,11.74,101.17,222.01,2023-03-05,0,0,6,3,Zone_8,4516,1.93,31.0,Business,2.0,False,True,False,False,False,False,False,False,False,False,False,False,True,False,5.407216613504026,2.5447466501440172,10.058329881247682,0,Saanvi Das,29,0,Bengaluru,2020-10-08,475,87,3.87,High,0.14964210526315788,2.048421052631579,2133,0.1831578947368421
T01779,R0262,8.89,76.52,74.68,2023-10-19,0,0,3,10,Zone_10,2440,1.54,35.4,Industrial,1.0,False,False,False,True,False,True,False,False,False,False,False,False,False,False,4.326513924743623,2.2915241456346207,8.747571091451615,0,Meera Singh,30,1,Ahmedabad,2019-04-21,6,0,3.35,Low,9.936666666666667,161.22666666666666,2669,0.0
T01780,R0004,6.66,36.68,165.2,2023-11-14,1,0,1,11,Zone_5,2590,1.31,43.9,Business,1.0,False,True,False,False,False,False,False,False,False,True,False,False,False,False,5.113191882421348,2.0360119837525,6.056401571890688,0,Aarav Nair,19,2,Kolkata,2019-07-28,464,5,3.19,High,0.08019396551724138,1.4720474137931034,2571,0.010775862068965518
T01781,R0260,4.42,35.18,98.28,2024-02-01,0,0,3,2,Zone_9,11037,1.83,56.1,Mixed,1.0,False,False,True,False,False,False,False,False,False,False,False,False,False,True,4.5979441408963515,1.6900958154515549,5.931273050534767,0,Reyansh Das,55,2,Mumbai,2019-07-17,63,3,4.24,Low,0.5998412698412698,10.94063492063492,2582,0.047619047619047616
T01782,R0231,4.13,34.78,80.9,2023-03-06,0,0,0,3,Zone_5,2590,1.31,43.9,Business,1.0,True,False,False,False,False,False,False,False,False,True,False,False,False,False,4.405498990859024,1.6351056591826783,5.897457079114693,0,Ishaan Nair,19,2,Mumbai,2019-08-26,328,22,4.81,High,0.18076219512195124,2.230274390243902,2542,0.06707317073170732
T01783,R0097,9.35,87.23,161.58,2023-07-07,0,0,4,7,Zone_5,2590,1.31,43.9,Business,1.0,True,False,False,False,False,False,False,False,False,True,False,False,False,False,5.091170188318427,2.336986519711378,9.339700209321496,0,Aarav Iyer,23,2,Bengaluru,2021-01-25,478,5,3.28,High,0.1452510460251046,2.3370292887029285,2024,0.010460251046025104
T01784,R0290,3.01,21.04,24.59,2023-02-21,0,0,1,2,Zone_4,4038,2.46,48.2,Business,2.0,False,False,False,True,False,False,False,False,True,False,False,False,False,False,3.2422016501716975,1.3887912413184778,4.586937976471886,0,Saanvi Kumar,34,2,Chennai,2020-05-06,169,4,4.28,Medium,0.40366863905325445,6.376745562130178,2288,0.023668639053254437
T01785,R0161,1.07,10.37,18.72,2023-11-25,0,0,5,11,Zone_5,2590,1.31,43.9,Business,1.0,False,False,False,True,False,False,False,False,False,True,False,False,False,False,2.9816333491744893,0.7275486072772778,3.2202484376209237,0,Aarav Nair,32,2,Surat,2019-03-27,332,50,4.91,High,0.10006024096385542,1.7095180722891565,2694,0.15060240963855423
T01786,R0221,8.58,53.37,143.92,2024-05-01,0,0,2,5,Zone_10,2440,1.54,35.4,Industrial,1.0,True,False,False,False,False,True,False,False,False,False,False,False,False,False,4.976181866026876,2.259677591982769,7.305477397131552,0,Diya Patel,21,0,Delhi,2021-01-13,106,1,4.41,Low,0.5540566037735849,8.615943396226415,2036,0.009433962264150943
T01787,R0274,13.81,118.3,194.21,2023-01-30,0,0,0,1,Zone_10,2440,1.54,35.4,Industrial,1.0,False,True,False,False,False,True,False,False,False,False,False,False,False,False,5.274075902175002,2.6953026282797072,10.876580344942981,0,Reyansh Nair,27,0,Surat,2019-03-18,31,5,3.04,Low,0.9754838709677419,15.392258064516128,2703,0.16129032258064516
T01788,R0210,11.31,93.56,205.41,2024-06-15,0,0,5,6,Zone_1,4921,2.43,30.9,Residential,2.0,False,False,True,False,True,False,False,False,False,False,False,False,False,False,5.329864482046166,2.510411940196362,9.672641831474998,0,Meera Iyer,34,2,Mumbai,2022-01-02,94,5,3.4,Low,0.43127659574468086,5.512659574468086,1682,0.05319148936170213
T01789,R0214,7.91,49.88,157.86,2023-02-13,0,0,0,2,Zone_1,4921,2.43,30.9,Residential,2.0,False,True,False,False,True,False,False,False,False,False,False,False,False,False,5.068023311204986,2.187174241482718,7.06257743320383,0,Aarav Kumar,20,0,Kolkata,2022-09-14,210,2,4.53,Medium,0.1940952380952381,3.2461428571428574,1427,0.009523809523809525
T01790,R0254,10.02,78.23,232.0,2024-05-22,0,0,2,5,Zone_6,14627,0.54,37.6,Mixed,0.0,False,False,False,True,False,False,False,False,False,False,True,False,False,False,5.4510384535657,2.3997118037247684,8.844772467395643,0,Meera Kumar,18,1,Delhi,2020-03-09,363,70,3.68,High,0.2269146005509642,3.346005509641873,2346,0.1928374655647383
T01791,R0078,0.24,1.6,3.27,2023-01-11,0,0,2,1,Zone_5,2590,1.31,43.9,Business,1.0,True,False,False,False,False,False,False,False,False,True,False,False,False,False,1.451613827240533,0.2151113796169455,1.2649110640673518,0,Saanvi Sharma,30,2,Jaipur,2023-01-02,97,9,3.62,Low,0.025670103092783503,0.26979381443298966,1317,0.09278350515463918
T01792,R0135,4.55,35.7,65.91,2024-07-04,0,0,3,7,Zone_9,11037,1.83,56.1,Mixed,1.0,False,True,False,False,False,False,False,False,False,False,False,False,False,True,4.2033484327947255,1.713797927758343,5.974947698515862,0,Reyansh Patel,38,0,Ahmedabad,2022-02-24,153,8,3.47,Low,0.4352941176470588,6.4845098039215685,1629,0.05228758169934641
T01793,R0103,16.39,94.54,325.6,2023-10-22,0,0,6,10,Zone_9,11037,1.83,56.1,Mixed,1.0,False,False,False,True,False,False,False,False,False,False,False,False,False,True,5.788736180536365,2.855895328366192,9.723168207945392,0,Ishaan Gupta,37,2,Surat,2022-11-24,175,14,3.07,Medium,0.40817142857142863,7.065371428571429,1356,0.08
T01794,R0251,13.92,136.57,273.07,2023-09-10,0,0,6,9,Zone_4,4038,2.46,48.2,Business,2.0,True,False,False,False,False,False,False,False,True,False,False,False,False,False,5.613383548212584,2.702702594775615,11.686316785026838,0,Vivaan Iyer,46,0,Mumbai,2020-01-13,213,26,4.48,Medium,0.18032863849765257,3.5801877934272297,2402,0.12206572769953052
T01795,R0046,4.44,37.76,49.02,2023-10-12,0,0,3,10,Zone_1,4921,2.43,30.9,Residential,2.0,False,True,False,False,True,False,False,False,False,False,False,False,False,False,3.912422925449473,1.6937790608678513,6.144916598294887,0,Vivaan Singh,31,0,Kolkata,2019-08-16,31,4,3.87,Low,2.581290322580645,41.82,2552,0.12903225806451613
T01796,R0240,16.77,141.03,196.01,2023-12-22,0,0,4,12,Zone_8,4516,1.93,31.0,Business,2.0,True,False,False,False,False,False,False,False,False,False,False,False,True,False,5.283254488870991,2.87751164216656,11.875605247733692,0,Aarav Iyer,30,1,Delhi,2020-05-18,174,2,4.07,Medium,0.5294252873563219,7.0199425287356325,2276,0.011494252873563218
T01797,R0197,4.41,28.5,58.59,2024-01-04,0,0,3,1,Zone_7,11070,0.64,45.2,Industrial,0.0,False,True,False,False,False,False,False,False,False,False,False,True,False,False,4.087487774758888,1.6882490928583902,5.338539126015656,0,Saanvi Das,29,0,Bengaluru,2020-10-08,475,87,3.87,High,0.14964210526315788,2.048421052631579,2133,0.1831578947368421
T01798,R0083,3.88,35.19,34.82,2023-08-02,0,0,2,8,Zone_4,4038,2.46,48.2,Business,2.0,False,True,False,False,False,False,False,False,True,False,False,False,False,False,3.578506396632566,1.5851452198650557,5.932115979985556,0,Kavya Patel,45,0,Mumbai,2021-12-31,475,39,4.4,High,0.19498947368421055,2.9796421052631583,1684,0.08210526315789474
T01799,R0269,15.68,105.54,378.85,2023-04-15,0,0,5,4,Zone_7,11070,0.64,45.2,Industrial,0.0,False,False,True,False,False,False,False,False,False,False,False,True,False,False,5.939776437949231,2.8142103969306005,10.273266277090261,0,Aadhya Sharma,41,1,Mumbai,2019-05-19,423,16,3.41,High,0.14907801418439717,3.4486288416075648,2641,0.037825059101654845
T01800,R0221,14.54,131.27,297.51,2023-05-24,0,0,2,5,Zone_7,11070,0.64,45.2,Industrial,0.0,False,False,False,True,False,False,False,False,False,False,False,True,False,False,5.698803433109037,2.7434173449395014,11.457312075700827,0,Diya Patel,21,0,Delhi,2021-01-13,106,1,4.41,Low,0.5540566037735849,8.615943396226415,2036,0.009433962264150943
T01801,R0042,5.06,25.83,51.03,2024-03-11,0,0,0,3,Zone_5,2590,1.31,43.9,Business,1.0,False,False,True,False,False,False,False,False,False,True,False,False,False,False,3.9518204753022124,1.801709800081223,5.0823223038292245,0,Arjun Reddy,18,0,Chennai,2021-05-20,23,4,3.03,Low,2.0069565217391303,32.10782608695652,1909,0.17391304347826086
T01802,R0138,7.75,60.38,177.01,2023-04-21,0,0,4,4,Zone_3,12971,2.11,38.0,Business,2.0,False,False,True,False,False,False,False,True,False,False,False,False,False,False,5.181839728489342,2.169053700369523,7.770456872024965,0,Ishaan Das,46,1,Kolkata,2022-07-28,13,0,3.53,Low,2.4038461538461537,40.113846153846154,1475,0.0
T01803,R0179,6.29,41.15,114.57,2023-03-18,0,0,5,3,Zone_7,11070,0.64,45.2,Industrial,0.0,True,False,False,False,False,False,False,False,False,False,False,True,False,False,4.74987640698735,1.986503546020567,6.41482657598785,0,Meera Patel,28,1,Kolkata,2022-04-11,274,14,4.64,Medium,0.09317518248175183,1.6759124087591242,1583,0.051094890510948905
T01804,R0121,10.52,66.79,184.38,2023-12-04,0,0,0,12,Zone_8,4516,1.93,31.0,Business,2.0,True,False,False,False,False,False,False,False,False,False,False,False,True,False,5.222407772447687,2.444084655267745,8.17251491280377,0,Diya Iyer,29,1,Pune,2023-07-13,378,10,4.17,High,0.23269841269841268,3.8740211640211637,1125,0.026455026455026454
T01805,R0152,15.84,85.37,256.16,2023-10-01,0,0,6,10,Zone_5,2590,1.31,43.9,Business,1.0,True,False,False,False,False,False,False,False,False,True,False,False,False,False,5.549698459273486,2.8237570088141806,9.239588735436227,0,Arjun Patel,34,0,Bengaluru,2021-05-04,143,24,3.91,Low,0.3393706293706294,6.395524475524475,1925,0.16783216783216784
T01806,R0157,10.66,82.98,177.51,2024-08-23,0,0,4,8,Zone_1,4921,2.43,30.9,Residential,2.0,False,False,False,True,True,False,False,False,False,False,False,False,False,False,5.18464462205946,2.4561641809223462,9.109335870413386,0,Kavya Nair,36,0,Hyderabad,2021-11-23,319,27,4.65,Medium,0.3570532915360502,5.880658307210031,1722,0.08463949843260188
T01807,R0016,7.43,55.78,98.82,2024-07-21,0,0,6,7,Zone_8,4516,1.93,31.0,Business,2.0,False,False,False,True,False,False,False,False,False,False,False,False,True,False,4.603368564041463,2.131796772013764,7.468600939935136,0,Aarav Iyer,28,0,Delhi,2022-01-24,356,51,3.06,High,0.11584269662921348,1.9316853932584273,1660,0.14325842696629212
T01808,R0099,1.27,11.57,25.71,2023-05-16,0,0,1,5,Zone_8,4516,1.93,31.0,Business,2.0,False,True,False,False,False,False,False,False,False,False,False,False,True,False,3.2850380271218693,0.8197798314933114,3.4014702703389896,0,Diya Gupta,35,2,Mumbai,2021-08-21,80,8,3.7,Low,0.867125,16.033250000000002,1816,0.1
T01809,R0259,11.89,94.26,134.21,2023-12-30,0,0,5,12,Zone_10,2440,1.54,35.4,Industrial,1.0,False,False,False,True,False,True,False,False,False,False,False,False,False,False,4.906829125370667,2.556451816951096,9.708758932015977,0,Aadhya Das,32,1,Jaipur,2019-06-25,150,27,3.52,Low,0.5316,8.553866666666666,2604,0.18
T01810,R0253,1.89,18.17,21.41,2023-05-17,0,0,2,5,Zone_4,4038,2.46,48.2,Business,2.0,True,False,False,False,False,False,False,False,True,False,False,False,False,False,3.1095072878128356,1.0612565021243408,4.262628297189424,0,Ishaan Gupta,26,1,Surat,2021-08-19,173,24,3.16,Medium,0.28797687861271676,4.304104046242775,1818,0.13872832369942195
T01811,R0283,7.06,41.12,167.08,2023-07-23,0,0,6,7,Zone_9,11037,1.83,56.1,Mixed,1.0,True,False,False,False,False,False,False,False,False,False,False,False,False,True,5.124440056536745,2.0869135565185366,6.4124878167525585,0,Diya Nair,19,1,Surat,2023-06-15,245,45,3.55,Medium,0.22844897959183674,4.135632653061225,1153,0.1836734693877551
T01812,R0030,12.79,82.93,234.27,2023-01-14,0,0,5,1,Zone_3,12971,2.11,38.0,Business,2.0,False,False,True,False,False,False,False,True,False,False,False,False,False,False,5.460733790792328,2.6239436918052106,9.10659101969557,0,Saanvi Patel,25,2,Mumbai,2021-01-08,442,58,3.72,High,0.1833710407239819,3.5865384615384617,2041,0.13122171945701358
T01813,R0026,12.06,72.67,110.9,2023-05-24,0,0,2,5,Zone_5,2590,1.31,43.9,Business,1.0,True,False,False,False,False,False,False,False,False,True,False,False,False,False,4.71760561531788,2.569554123848285,8.524670081592602,0,Aarav Kumar,26,0,Surat,2020-04-17,44,5,3.17,Low,1.8020454545454547,22.11795454545455,2307,0.11363636363636363
T01814,R0189,12.19,80.85,203.93,2024-02-12,0,0,0,2,Zone_1,4921,2.43,30.9,Residential,2.0,False,False,True,False,True,False,False,False,False,False,False,False,False,False,5.322668457411868,2.579458966729223,8.99166280506559,0,Reyansh Gupta,29,0,Delhi,2019-09-16,238,42,3.28,Medium,0.30264705882352944,6.2214285714285715,2521,0.17647058823529413
T01815,R0127,11.49,72.44,284.26,2024-01-22,1,0,0,1,Zone_9,11037,1.83,56.1,Mixed,1.0,False,True,False,False,False,False,False,False,False,False,False,False,False,True,5.6534010450952765,2.5249283241374862,8.511169132381285,0,Vivaan Kumar,38,1,Chennai,2020-03-17,43,2,4.83,Low,1.6467441860465117,32.56906976744186,2338,0.046511627906976744
T01816,R0190,8.73,59.31,153.71,2023-09-21,0,0,3,9,Zone_6,14627,0.54,37.6,Mixed,0.0,False,False,True,False,False,False,False,False,False,False,True,False,False,False,5.041552396730977,2.2752138961979136,7.7012985917960615,0,Saanvi Iyer,35,2,Surat,2020-09-25,274,47,4.12,Medium,0.25543795620437953,4.08,2146,0.17153284671532848
T01817,R0249,9.51,87.31,211.56,2023-06-09,0,0,4,6,Zone_7,11070,0.64,45.2,Industrial,0.0,False,True,False,False,False,False,False,False,False,False,False,True,False,False,5.359224301451558,2.3523271848888596,9.343982020530648,0,Diya Nair,20,1,Mumbai,2023-03-24,396,48,4.49,High,0.1634090909090909,2.728611111111111,1236,0.12121212121212122
T01818,R0201,8.46,82.56,119.97,2024-01-31,0,0,2,1,Zone_4,4038,2.46,48.2,Business,2.0,True,False,False,False,False,False,False,False,True,False,False,False,False,False,4.795542580971757,2.247072383063787,9.086253353280437,0,Meera Reddy,37,0,Delhi,2021-04-06,183,15,3.84,Medium,0.3698360655737705,5.856830601092896,1953,0.08196721311475409
T01819,R0292,10.41,100.65,155.43,2023-08-05,0,0,5,8,Zone_7,11070,0.64,45.2,Industrial,0.0,False,False,True,False,False,False,False,False,False,False,False,True,False,False,5.052608625573679,2.4344901638739844,10.032447358446493,0,Diya Patel,37,0,Jaipur,2020-06-28,141,19,4.39,Low,0.5628368794326241,8.070141843971632,2235,0.1347517730496454
T01820,R0247,10.68,79.42,100.76,2024-08-01,0,0,3,8,Zone_4,4038,2.46,48.2,Business,2.0,False,False,False,True,False,False,False,False,True,False,False,False,False,False,4.622617099591812,2.457877977400081,8.911789943664516,0,Aadhya Das,37,1,Bengaluru,2021-05-11,249,47,4.92,Medium,0.5360642570281124,9.507791164658634,1918,0.18875502008032127
T01821,R0151,8.67,48.49,192.02,2023-11-20,0,0,0,11,Zone_4,4038,2.46,48.2,Business,2.0,False,False,True,False,False,False,False,False,True,False,False,False,False,False,5.26279381047899,2.269028309465203,6.963476143421474,0,Meera Reddy,34,1,Hyderabad,2023-02-25,394,56,5.0,High,0.15967005076142132,2.8274111675126905,1263,0.14213197969543148
T01822,R0233,10.57,64.85,220.34,2024-08-09,0,0,4,8,Zone_5,2590,1.31,43.9,Business,1.0,False,False,True,False,False,False,False,False,False,True,False,False,False,False,5.3996999808366395,2.448415541205585,8.052949770115296,0,Ishaan Iyer,30,2,Hyderabad,2023-11-23,469,41,4.37,High,0.1903411513859275,3.3757569296375265,992,0.08742004264392324
T01823,R0212,4.58,42.58,77.52,2024-05-15,0,0,2,5,Zone_6,14627,0.54,37.6,Mixed,0.0,False,False,True,False,False,False,False,False,False,False,True,False,False,False,4.3633533694082605,1.7191887763932197,6.52533524043018,0,Aadhya Iyer,36,0,Ahmedabad,2023-09-11,73,12,3.22,Low,0.8024657534246575,15.458767123287672,1065,0.1643835616438356
T01824,R0248,6.47,52.78,148.29,2023-02-24,0,0,4,2,Zone_9,11037,1.83,56.1,Mixed,1.0,False,True,False,False,False,False,False,False,False,False,False,False,False,True,5.005890723065499,2.010894999144726,7.264984514780469,0,Vivaan Ghosh,18,0,Chennai,2021-10-24,104,12,3.65,Low,0.5549999999999999,9.03519230769231,1752,0.11538461538461539
T01825,R0093,9.15,72.97,125.3,2024-08-22,0,0,3,8,Zone_6,14627,0.54,37.6,Mixed,0.0,False,False,False,True,False,False,False,False,False,False,True,False,False,False,4.838660029356445,2.3174737054877963,8.542247947700886,0,Diya Patel,33,2,Surat,2019-05-30,119,18,3.77,Low,0.6012605042016808,9.999075630252099,2630,0.15126050420168066
T01826,R0010,17.62,90.44,227.02,2023-09-20,0,0,2,9,Zone_6,14627,0.54,37.6,Mixed,0.0,True,False,False,False,False,False,False,False,False,False,True,False,False,False,5.429433344405574,2.924236271848921,9.509994742374992,0,Vivaan Gupta,25,0,Surat,2023-05-14,173,1,3.38,Medium,0.49277456647398843,6.962485549132948,1185,0.005780346820809248
T01827,R0110,10.64,97.91,219.66,2023-06-01,0,0,3,6,Zone_1,4921,2.43,30.9,Residential,2.0,True,False,False,False,True,False,False,False,False,False,False,False,False,False,5.39662305533216,2.454447442303292,9.894948206029175,0,Vivaan Patel,19,0,Kolkata,2023-02-04,224,28,4.43,Medium,0.26571428571428574,4.226249999999999,1284,0.125
T01828,R0090,7.33,73.0,173.86,2024-06-13,0,0,3,6,Zone_3,12971,2.11,38.0,Business,2.0,True,False,False,False,False,False,False,True,False,False,False,False,False,False,5.163985653752745,2.1198634561787513,8.54400374531753,0,Kavya Iyer,33,0,Mumbai,2021-01-31,152,25,4.51,Low,0.7113815789473685,12.63078947368421,2018,0.16447368421052633
T01829,R0090,6.9,58.91,170.42,2024-08-17,1,0,5,8,Zone_3,12971,2.11,38.0,Business,2.0,True,False,False,False,False,False,False,True,False,False,False,False,False,False,5.1441166854707365,2.066862759472976,7.675285010994705,0,Kavya Iyer,33,0,Mumbai,2021-01-31,152,25,4.51,Low,0.7113815789473685,12.63078947368421,2018,0.16447368421052633
T01830,R0168,11.72,114.29,180.01,2023-10-27,0,0,4,10,Zone_4,4038,2.46,48.2,Business,2.0,False,False,False,True,False,False,False,False,True,False,False,False,False,False,5.198552278358462,2.543175557911976,10.690650120549265,0,Diya Das,23,1,Pune,2019-10-08,471,74,4.03,High,0.0743524416135881,1.2087261146496815,2499,0.15711252653927812
T01831,R0221,7.51,47.39,108.64,2023-09-19,0,0,1,9,Zone_5,2590,1.31,43.9,Business,1.0,False,True,False,False,False,False,False,False,False,True,False,False,False,False,4.697202271434585,2.1412419425852827,6.884039511798287,0,Diya Patel,21,0,Delhi,2021-01-13,106,1,4.41,Low,0.5540566037735849,8.615943396226415,2036,0.009433962264150943
T01832,R0209,11.19,85.31,190.72,2024-04-30,0,0,1,4,Zone_3,12971,2.11,38.0,Business,2.0,False,False,False,True,False,False,False,True,False,False,False,False,False,False,5.25603597429143,2.5006159434931803,9.236341266973628,0,Vivaan Sharma,31,2,Surat,2020-06-11,109,20,3.77,Low,0.5368807339449542,6.743944954128441,2252,0.1834862385321101
T01833,R0135,10.56,92.83,96.94,2023-09-17,0,0,6,9,Zone_6,14627,0.54,37.6,Mixed,0.0,False,False,False,True,False,False,False,False,False,False,True,False,False,False,4.584355046274172,2.4475508632442313,9.634832639957997,0,Reyansh Patel,38,0,Ahmedabad,2022-02-24,153,8,3.47,Low,0.4352941176470588,6.4845098039215685,1629,0.05228758169934641
T01834,R0277,1.77,17.08,41.11,2023-03-25,0,0,5,3,Zone_2,6371,0.91,58.4,Residential,0.0,True,False,False,False,False,False,True,False,False,False,False,False,False,False,3.740285242173836,1.0188473201992472,4.132795663954365,0,Kavya Gupta,42,0,Jaipur,2021-01-22,433,16,3.06,High,0.20076212471131638,3.2397228637413393,2027,0.03695150115473441
T01835,R0121,10.36,81.16,120.91,2024-05-13,0,0,0,5,Zone_5,2590,1.31,43.9,Business,1.0,False,False,False,True,False,False,False,False,False,True,False,False,False,False,4.803283067577055,2.4300984132930052,9.008884503644166,0,Diya Iyer,29,1,Pune,2023-07-13,378,10,4.17,High,0.23269841269841268,3.8740211640211637,1125,0.026455026455026454
T01836,R0030,10.33,86.22,159.71,2024-04-25,0,0,3,4,Zone_3,12971,2.11,38.0,Business,2.0,True,False,False,False,False,False,False,True,False,False,False,False,False,False,5.0796014985609785,2.427454075039915,9.285472524325296,0,Saanvi Patel,25,2,Mumbai,2021-01-08,442,58,3.72,High,0.1833710407239819,3.5865384615384617,2041,0.13122171945701358
T01837,R0144,11.98,119.08,161.41,2024-06-02,0,0,6,6,Zone_4,4038,2.46,48.2,Business,2.0,False,False,False,True,False,False,False,False,True,False,False,False,False,False,5.090124002186512,2.563409711275944,10.912378292562991,0,Ishaan Kumar,34,2,Pune,2021-01-31,194,10,3.52,Medium,0.4354123711340206,8.002319587628865,2018,0.05154639175257732
T01838,R0288,3.81,30.6,65.86,2023-09-01,0,0,4,9,Zone_4,4038,2.46,48.2,Business,2.0,False,False,True,False,False,False,False,False,True,False,False,False,False,False,4.202600880991953,1.57069708411767,5.531726674375733,0,Diya Ghosh,42,1,Ahmedabad,2021-08-30,43,5,4.56,Low,1.2111627906976743,18.50232558139535,1807,0.11627906976744186
T01839,R0187,13.47,105.41,270.11,2024-02-04,0,0,6,2,Zone_10,2440,1.54,35.4,Industrial,1.0,False,True,False,False,False,True,False,False,False,False,False,False,False,False,5.602524642581974,2.6720775406433925,10.266937225872184,0,Saanvi Reddy,27,2,Surat,2022-08-05,357,38,4.71,High,0.21170868347338936,3.818879551820728,1467,0.10644257703081232
T01840,R0226,7.17,67.97,156.24,2024-05-15,0,0,2,5,Zone_6,14627,0.54,37.6,Mixed,0.0,True,False,False,False,False,False,False,False,False,False,True,False,False,False,5.057773300553659,2.1004689088719113,8.244392033376384,0,Aarav Iyer,20,2,Surat,2021-07-30,266,2,3.25,Medium,0.2000375939849624,3.408571428571429,1838,0.007518796992481203
T01841,R0154,17.94,102.09,150.4,2023-12-03,0,0,6,12,Zone_10,2440,1.54,35.4,Industrial,1.0,False,True,False,False,False,True,False,False,False,False,False,False,False,False,5.019925341003349,2.9412760877579323,10.103959619871805,0,Kavya Patel,18,2,Kolkata,2019-03-25,466,79,4.68,High,0.2974678111587983,4.419570815450644,2696,0.16952789699570817
T01842,R0298,16.76,92.4,353.62,2023-07-15,0,0,5,7,Zone_5,2590,1.31,43.9,Business,1.0,False,False,True,False,False,False,False,False,False,True,False,False,False,False,5.871046793628842,2.876948737564024,9.612491872558333,0,Vivaan Singh,35,0,Ahmedabad,2020-03-25,65,11,3.88,Low,0.9721538461538463,15.421692307692307,2330,0.16923076923076924
T01843,R0256,4.96,44.3,59.86,2023-11-27,0,0,0,11,Zone_6,14627,0.54,37.6,Mixed,0.0,False,False,False,True,False,False,False,False,False,False,True,False,False,False,4.108576144468825,1.7850704810772584,6.6558245169174945,0,Aadhya Sharma,31,0,Delhi,2021-03-25,265,8,3.65,Medium,0.15641509433962264,2.8445283018867924,1965,0.03018867924528302
T01844,R0236,1.15,11.34,20.45,2024-05-01,0,0,2,5,Zone_1,4921,2.43,30.9,Residential,2.0,False,False,False,True,True,False,False,False,False,False,False,False,False,False,3.065724645374026,0.7654678421395714,3.3674916480965473,0,Arjun Gupta,28,1,Ahmedabad,2020-08-10,61,1,3.36,Low,0.8198360655737704,12.599016393442623,2192,0.01639344262295082
T01845,R0137,11.49,57.75,228.53,2024-03-03,0,0,6,3,Zone_4,4038,2.46,48.2,Business,2.0,False,False,False,True,False,False,False,False,True,False,False,False,False,False,5.4360337399118706,2.5249283241374862,7.599342076785332,0,Arjun Gupta,27,1,Bengaluru,2021-08-10,166,32,3.14,Medium,0.49596385542168675,9.032349397590362,1827,0.1927710843373494
T01846,R0013,3.9,27.41,59.02,2023-03-16,0,0,3,3,Zone_7,11070,0.64,45.2,Industrial,0.0,True,False,False,False,False,False,False,False,False,False,False,True,False,False,4.0946778400122215,1.589235205116581,5.23545604508337,0,Ishaan Gupta,43,0,Kolkata,2019-04-01,6,0,3.91,Low,13.418333333333335,238.80666666666664,2689,0.0
T01847,R0082,13.74,118.5,115.55,2023-12-12,0,0,1,12,Zone_10,2440,1.54,35.4,Industrial,1.0,False,True,False,False,False,True,False,False,False,False,False,False,False,False,4.758320365481766,2.6905648867611904,10.88577052853862,0,Kavya Singh,26,2,Pune,2022-12-27,274,23,3.15,Medium,0.08985401459854014,1.0863503649635036,1323,0.08394160583941605
T01848,R0286,10.65,94.84,102.71,2023-07-26,0,0,2,7,Zone_8,4516,1.93,31.0,Business,2.0,False,False,True,False,False,False,False,False,False,False,False,False,True,False,4.641598542601643,2.4553061800117097,9.73858305915188,0,Ishaan Nair,26,1,Pune,2023-02-15,29,0,4.48,Low,1.4572413793103447,21.62551724137931,1273,0.0
T01849,R0003,0.73,6.3,9.1,2023-01-21,0,0,5,1,Zone_9,11037,1.83,56.1,Mixed,1.0,False,True,False,False,False,False,False,False,False,False,False,False,False,True,2.312535423847214,0.5481214085096876,2.5099800796022267,0,Kavya Reddy,34,1,Pune,2023-05-04,45,9,3.76,Low,1.5040000000000002,21.593555555555557,1195,0.2
T01850,R0271,11.91,79.11,174.3,2023-07-10,0,0,0,7,Zone_2,6371,0.91,58.4,Residential,0.0,False,True,False,False,False,False,True,False,False,False,False,False,False,False,5.1664987919271885,2.558002204858551,8.894380248224156,0,Saanvi Iyer,22,1,Bengaluru,2022-10-07,58,6,4.37,Low,1.1210344827586207,16.013448275862068,1404,0.10344827586206896
T01851,R0022,8.69,50.94,105.0,2023-06-02,0,0,4,6,Zone_9,11037,1.83,56.1,Mixed,1.0,True,False,False,False,False,False,False,False,False,False,False,False,False,True,4.663439094112067,2.2710944259026746,7.137226352022191,0,Aarav Nair,43,0,Kolkata,2020-09-14,220,1,3.32,Medium,0.2375,3.760090909090909,2157,0.004545454545454545
T01852,R0238,10.06,51.65,96.1,2024-08-06,0,0,1,8,Zone_10,2440,1.54,35.4,Industrial,1.0,True,False,False,False,False,True,False,False,False,False,False,False,False,False,4.575741375297279,2.403334996094189,7.1867934435323795,0,Reyansh Patel,30,2,Pune,2019-04-22,362,56,4.91,High,0.10698895027624308,1.6299171270718231,2668,0.15469613259668508
T01853,R0285,15.62,132.86,287.7,2024-06-24,0,0,0,6,Zone_5,2590,1.31,43.9,Business,1.0,False,True,False,False,False,False,False,False,False,True,False,False,False,False,5.665388086668889,2.810606789427302,11.526491226735047,0,Diya Iyer,29,0,Chennai,2019-01-10,244,16,4.97,Medium,0.25774590163934424,4.5302459016393435,2770,0.06557377049180328
T01854,R0097,7.35,58.39,94.59,2024-08-06,0,0,1,8,Zone_2,6371,0.91,58.4,Residential,0.0,True,False,False,False,False,False,True,False,False,False,False,False,False,False,4.560068212075671,2.122261538862764,7.641334961902927,0,Aarav Iyer,23,2,Bengaluru,2021-01-25,478,5,3.28,High,0.1452510460251046,2.3370292887029285,2024,0.010460251046025104
T01855,R0282,11.79,68.45,231.34,2023-08-10,0,0,3,8,Zone_10,2440,1.54,35.4,Industrial,1.0,False,False,False,True,False,True,False,False,False,False,False,False,False,False,5.448201816085329,2.548663615590751,8.273451516749223,0,Reyansh Kumar,22,2,Bengaluru,2022-05-02,319,3,4.47,Medium,0.29112852664576805,4.387931034482759,1562,0.009404388714733543
T01856,R0245,5.01,41.54,56.43,2023-03-07,0,0,1,3,Zone_6,14627,0.54,37.6,Mixed,0.0,False,True,False,False,False,False,False,False,False,False,True,False,False,False,4.0505668148762055,1.7934247485471162,6.445153217728808,0,Diya Sharma,35,0,Hyderabad,2020-03-04,265,48,4.73,Medium,0.14988679245283018,2.8352075471698113,2351,0.1811320754716981
T01857,R0274,5.13,48.17,111.86,2023-03-13,0,0,0,3,Zone_1,4921,2.43,30.9,Residential,2.0,False,False,False,True,True,False,False,False,False,False,False,False,False,False,4.726148112540994,1.81319474994812,6.940461079784253,0,Reyansh Nair,27,0,Surat,2019-03-18,31,5,3.04,Low,0.9754838709677419,15.392258064516128,2703,0.16129032258064516
T01858,R0196,6.91,35.04,113.8,2023-02-07,0,0,1,2,Zone_5,2590,1.31,43.9,Business,1.0,False,False,True,False,False,False,False,False,False,True,False,False,False,False,4.743191483885466,2.0681277817795625,5.919459434779497,0,Vivaan Das,18,1,Hyderabad,2019-06-24,51,9,4.93,Low,1.8813725490196078,31.831960784313726,2605,0.17647058823529413
T01859,R0297,4.9,32.94,47.64,2023-04-22,0,0,5,4,Zone_2,6371,0.91,58.4,Residential,0.0,True,False,False,False,False,False,True,False,False,False,False,False,False,False,3.8844462376579116,1.7749523509116738,5.739337940912697,0,Saanvi Gupta,47,1,Pune,2023-09-20,396,46,3.87,High,0.059898989898989896,1.0166161616161615,1056,0.11616161616161616
T01860,R0145,10.84,92.81,103.05,2023-07-08,0,0,5,7,Zone_5,2590,1.31,43.9,Business,1.0,False,False,True,False,False,False,False,False,False,True,False,False,False,False,4.644871552839644,2.4714836294558595,9.633794683301073,0,Saanvi Nair,36,0,Jaipur,2022-12-09,222,43,4.3,Medium,0.20873873873873874,2.948918918918919,1341,0.19369369369369369
T01861,R0041,1.38,7.84,28.57,2023-07-12,0,0,2,7,Zone_2,6371,0.91,58.4,Residential,0.0,False,False,True,False,False,False,True,False,False,False,False,False,False,False,3.3867603338643857,0.8671004876833833,2.8,0,Aarav Nair,25,2,Pune,2020-04-11,353,8,4.74,High,0.11937677053824362,1.9891218130311614,2313,0.0226628895184136
T01862,R0217,12.15,119.63,130.46,2023-01-05,0,0,3,1,Zone_5,2590,1.31,43.9,Business,1.0,False,False,False,True,False,False,False,False,False,True,False,False,False,False,4.87870262283543,2.5764217586237734,10.937549999885714,0,Kavya Iyer,39,2,Jaipur,2023-03-03,104,5,3.52,Low,0.40807692307692306,7.267596153846155,1257,0.04807692307692308
T01863,R0006,4.19,35.54,44.01,2024-01-19,0,0,4,1,Zone_4,4038,2.46,48.2,Business,2.0,True,False,False,False,False,False,False,False,True,False,False,False,False,False,3.806884687304841,1.6467336971777973,5.961543424315552,0,Aarav Das,45,0,Jaipur,2023-06-30,248,13,4.64,Medium,0.255,4.417056451612903,1138,0.05241935483870968
T01864,R0199,9.89,84.33,145.75,2024-01-29,0,0,0,1,Zone_9,11037,1.83,56.1,Mixed,1.0,False,False,False,True,False,False,False,False,False,False,False,False,False,True,4.988730458708206,2.387844936944869,9.183136719008381,0,Aarav Das,29,1,Ahmedabad,2021-08-03,344,27,3.91,High,0.24752906976744188,4.652616279069767,1834,0.07848837209302326
T01865,R0213,2.06,12.73,25.96,2023-11-20,0,0,0,11,Zone_5,2590,1.31,43.9,Business,1.0,True,False,False,False,False,False,False,False,False,True,False,False,False,False,3.2943542860441064,1.1184149159642893,3.5679125549822546,0,Kavya Ghosh,29,0,Chennai,2019-06-04,456,26,3.74,High,0.13396929824561402,2.3342105263157893,2625,0.05701754385964912
T01866,R0208,10.39,103.43,97.61,2024-03-08,0,0,4,3,Zone_9,11037,1.83,56.1,Mixed,1.0,False,True,False,False,False,False,False,False,False,False,False,False,False,True,4.591172676344238,2.432735777459091,10.170054080485512,0,Aadhya Iyer,24,2,Chennai,2020-01-08,356,53,4.75,High,0.13882022471910113,1.691376404494382,2407,0.14887640449438203
T01867,R0139,13.42,107.81,311.79,2023-09-06,0,0,2,9,Zone_1,4921,2.43,30.9,Residential,2.0,False,True,False,False,True,False,False,False,False,False,False,False,False,False,5.745532038850664,2.668616131856803,10.383159442096611,0,Diya Gupta,44,2,Kolkata,2023-10-09,155,7,4.39,Low,0.38012903225806455,6.466,1037,0.04516129032258064
T01868,R0243,8.05,61.08,85.45,2023-08-17,0,0,3,8,Zone_2,6371,0.91,58.4,Residential,0.0,False,True,False,False,False,False,True,False,False,False,False,False,False,False,4.4595662121293,2.2027647577118348,7.815369473031969,0,Ishaan Patel,33,1,Jaipur,2023-02-06,315,11,3.7,Medium,0.1755873015873016,3.011206349206349,1282,0.03492063492063492
T01869,R0172,15.74,135.3,361.21,2024-06-29,0,0,5,6,Zone_4,4038,2.46,48.2,Business,2.0,False,False,True,False,False,False,False,False,True,False,False,False,False,False,5.89222415412396,2.8178010650613294,11.631852818876277,0,Reyansh Reddy,31,2,Pune,2019-12-24,168,14,3.72,Medium,0.5050595238095238,8.86077380952381,2422,0.08333333333333333
T01870,R0295,7.3,67.29,64.61,2023-12-26,0,0,1,12,Zone_1,4921,2.43,30.9,Residential,2.0,False,True,False,False,True,False,False,False,False,False,False,False,False,False,4.1837281233567865,2.1162555148025524,8.203048213926333,0,Kavya Gupta,18,0,Delhi,2019-05-29,98,18,3.59,Low,0.45683673469387753,5.34734693877551,2631,0.1836734693877551
T01871,R0055,10.06,100.3,231.96,2024-04-05,0,0,4,4,Zone_1,4921,2.43,30.9,Residential,2.0,False,False,False,True,True,False,False,False,False,False,False,False,False,False,5.450866765008321,2.403334996094189,10.014988766843425,0,Kavya Singh,32,1,Delhi,2021-11-07,425,12,4.19,High,0.16870588235294118,2.610729411764706,1738,0.02823529411764706
T01872,R0197,3.37,21.81,35.74,2023-04-05,0,0,2,4,Zone_5,2590,1.31,43.9,Business,1.0,True,False,False,False,False,False,False,False,False,True,False,False,False,False,3.6038660797869797,1.4747630091074988,4.670117771534247,0,Saanvi Das,29,0,Bengaluru,2020-10-08,475,87,3.87,High,0.14964210526315788,2.048421052631579,2133,0.1831578947368421
T01873,R0150,10.19,66.96,226.21,2024-02-02,0,0,4,2,Zone_7,11070,0.64,45.2,Industrial,0.0,False,False,False,True,False,False,False,False,False,False,False,True,False,False,5.425874699962912,2.4150205223238337,8.182909018191513,0,Ishaan Gupta,33,1,Pune,2022-02-27,215,16,4.95,Medium,0.25795348837209303,3.506232558139535,1626,0.07441860465116279
T01874,R0281,5.16,39.1,43.14,2023-06-05,0,0,0,6,Zone_5,2590,1.31,43.9,Business,1.0,True,False,False,False,False,False,False,False,False,True,False,False,False,False,3.7873664008285903,1.8180767775454285,6.252999280345393,0,Arjun Iyer,21,0,Jaipur,2020-10-15,268,17,4.74,Medium,0.1422761194029851,2.050858208955224,2126,0.06343283582089553
T01875,R0056,4.4,30.29,54.44,2023-05-26,0,0,4,5,Zone_10,2440,1.54,35.4,Industrial,1.0,False,False,False,True,False,True,False,False,False,False,False,False,False,False,4.015301354881648,1.6863989535702288,5.503635162326805,0,Meera Patel,40,2,Hyderabad,2021-02-26,93,13,3.25,Low,0.7120430107526882,9.976236559139785,1992,0.13978494623655913
T01876,R0017,15.9,118.97,161.71,2023-06-17,0,0,5,6,Zone_4,4038,2.46,48.2,Business,2.0,True,False,False,False,False,False,False,False,True,False,False,False,False,False,5.091969475151227,2.8273136219290276,10.907336980216574,0,Meera Das,49,0,Mumbai,2023-03-18,288,21,3.83,Medium,0.19437500000000002,2.820520833333333,1242,0.07291666666666667
T01877,R0281,1.65,9.01,22.93,2023-05-04,0,0,3,5,Zone_1,4921,2.43,30.9,Residential,2.0,False,False,True,False,True,False,False,False,False,False,False,False,False,False,3.175132901920282,0.9745596399981308,3.0016662039607267,0,Arjun Iyer,21,0,Jaipur,2020-10-15,268,17,4.74,Medium,0.1422761194029851,2.050858208955224,2126,0.06343283582089553
T01878,R0097,7.43,39.47,109.72,2024-06-19,0,0,2,6,Zone_10,2440,1.54,35.4,Industrial,1.0,False,False,True,False,False,True,False,False,False,False,False,False,False,False,4.707004491869359,2.131796772013764,6.282515419798028,0,Aarav Iyer,23,2,Bengaluru,2021-01-25,478,5,3.28,High,0.1452510460251046,2.3370292887029285,2024,0.010460251046025104
T01879,R0195,11.56,85.8,103.95,2023-03-24,0,0,4,3,Zone_3,12971,2.11,38.0,Business,2.0,False,False,False,True,False,False,False,True,False,False,False,False,False,False,4.653484046266642,2.5305171610400525,9.262828941527529,0,Aadhya Reddy,33,1,Kolkata,2021-05-27,72,10,4.97,Low,0.9766666666666668,14.502361111111112,1902,0.1388888888888889
T01880,R0057,9.17,70.82,119.13,2023-11-17,0,0,4,11,Zone_4,4038,2.46,48.2,Business,2.0,False,True,False,False,False,False,False,False,True,False,False,False,False,False,4.788574489733284,2.3194422100604686,8.415461959987699,0,Aadhya Reddy,39,1,Bengaluru,2023-06-04,407,11,3.66,High,0.24648648648648647,3.8921621621621623,1164,0.02702702702702703
T01881,R0213,1.24,11.4,13.83,2024-08-14,0,0,2,8,Zone_6,14627,0.54,37.6,Mixed,0.0,False,False,False,True,False,False,False,False,False,False,True,False,False,False,2.696652156149841,0.8064758658669484,3.3763886032268267,0,Kavya Ghosh,29,0,Chennai,2019-06-04,456,26,3.74,High,0.13396929824561402,2.3342105263157893,2625,0.05701754385964912
T01882,R0022,11.02,71.31,123.44,2023-05-11,0,0,3,5,Zone_8,4516,1.93,31.0,Business,2.0,False,False,False,True,False,False,False,False,False,False,False,False,True,False,4.8238236720294365,2.4865719291070616,8.444524853418338,0,Aarav Nair,43,0,Kolkata,2020-09-14,220,1,3.32,Medium,0.2375,3.760090909090909,2157,0.004545454545454545
T01883,R0010,1.11,10.93,24.81,2024-05-14,0,0,1,5,Zone_6,14627,0.54,37.6,Mixed,0.0,False,False,True,False,False,False,False,False,False,False,True,False,False,False,3.2507620137305224,0.7466879474879752,3.306055050963308,0,Vivaan Gupta,25,0,Surat,2023-05-14,173,1,3.38,Medium,0.49277456647398843,6.962485549132948,1185,0.005780346820809248
T01884,R0265,5.78,51.31,97.08,2023-02-27,0,0,0,2,Zone_1,4921,2.43,30.9,Residential,2.0,False,False,True,False,True,False,False,False,False,False,False,False,False,False,4.585783472187901,1.9139771019523042,7.163099887618489,0,Kavya Das,39,0,Bengaluru,2020-11-26,176,24,3.26,Medium,0.25499999999999995,3.4528977272727275,2084,0.13636363636363635
T01885,R0198,6.78,42.21,143.92,2023-10-22,0,0,6,10,Zone_7,11070,0.64,45.2,Industrial,0.0,False,True,False,False,False,False,False,False,False,False,False,True,False,False,4.976181866026876,2.0515563381903004,6.496922348312315,0,Vivaan Kumar,31,2,Mumbai,2021-12-10,202,23,3.85,Medium,0.19361386138613862,2.9134158415841584,1705,0.11386138613861387
T01886,R0293,6.6,47.47,164.58,2024-08-17,1,0,5,8,Zone_6,14627,0.54,37.6,Mixed,0.0,False,False,False,True,False,False,False,False,False,False,True,False,False,False,5.10945446171066,2.028148247292285,6.8898476035395735,0,Arjun Kumar,39,0,Delhi,2019-10-01,248,44,3.2,Medium,0.09040322580645162,1.6186290322580645,2506,0.1774193548387097
T01887,R0222,7.47,74.53,113.68,2024-01-21,0,0,6,1,Zone_5,2590,1.31,43.9,Business,1.0,False,False,True,False,False,False,False,False,False,True,False,False,False,False,4.742145641015169,2.136530508663963,8.633075929238663,0,Aarav Singh,27,1,Surat,2022-08-28,475,12,3.44,High,0.16642105263157894,2.7908000000000004,1444,0.02526315789473684
T01888,R0046,11.33,85.5,178.34,2024-06-29,0,0,5,6,Zone_10,2440,1.54,35.4,Industrial,1.0,False,False,False,True,False,True,False,False,False,False,False,False,False,False,5.189283445523902,2.512035317176253,9.246621004453464,0,Vivaan Singh,31,0,Kolkata,2019-08-16,31,4,3.87,Low,2.581290322580645,41.82,2552,0.12903225806451613
T01889,R0018,7.15,53.93,134.58,2023-08-24,0,0,3,8,Zone_3,12971,2.11,38.0,Business,2.0,False,False,False,True,False,False,False,True,False,False,False,False,False,False,4.909561872002819,2.0980179272527715,7.343704787094863,0,Aarav Reddy,49,0,Delhi,2023-01-09,446,86,3.29,High,0.12150224215246637,2.3415470852017934,1310,0.19282511210762332
T01890,R0256,8.92,50.75,215.0,2023-08-01,0,0,1,8,Zone_3,12971,2.11,38.0,Business,2.0,False,True,False,False,False,False,False,True,False,False,False,False,False,False,5.375278407684165,2.2945529212967815,7.123903424387503,0,Aadhya Sharma,31,0,Delhi,2021-03-25,265,8,3.65,Medium,0.15641509433962264,2.8445283018867924,1965,0.03018867924528302
T01891,R0033,19.31,167.79,379.63,2023-07-01,0,0,5,7,Zone_2,6371,0.91,58.4,Residential,0.0,False,True,False,False,False,False,True,False,False,False,False,False,False,False,5.94182777466688,3.011113375592293,12.953377937819926,0,Diya Iyer,18,0,Chennai,2019-05-22,472,37,3.24,High,0.06792372881355933,1.2849364406779662,2638,0.07838983050847458
T01892,R0202,13.63,136.03,119.82,2024-07-26,0,0,4,7,Zone_4,4038,2.46,48.2,Business,2.0,True,False,False,False,False,False,False,False,True,False,False,False,False,False,4.794301834710595,2.683074215032033,11.663189958154673,0,Aadhya Reddy,27,1,Ahmedabad,2021-10-28,317,0,4.72,Medium,0.23249211356466878,2.86794952681388,1748,0.0
T01893,R0242,8.3,52.21,81.63,2023-05-01,0,0,0,5,Zone_8,4516,1.93,31.0,Business,2.0,False,False,False,True,False,False,False,False,False,False,False,False,True,False,4.414372810713093,2.2300144001592104,7.22564875980005,0,Kavya Iyer,34,1,Ahmedabad,2022-06-05,445,8,4.54,High,0.05903370786516854,0.7375056179775281,1528,0.017977528089887642
T01894,R0093,20.94,201.07,379.63,2024-02-23,0,0,4,2,Zone_10,2440,1.54,35.4,Industrial,1.0,False,False,True,False,False,True,False,False,False,False,False,False,False,False,5.94182777466688,3.088311454847084,14.17991537351334,0,Diya Patel,33,2,Surat,2019-05-30,119,18,3.77,Low,0.6012605042016808,9.999075630252099,2630,0.15126050420168066
T01895,R0184,4.82,24.32,74.34,2023-03-11,0,0,5,3,Zone_2,6371,0.91,58.4,Residential,0.0,False,False,True,False,False,False,True,False,False,False,False,False,False,False,4.322011202263895,1.7613002617433464,4.931531202375181,0,Meera Nair,29,0,Surat,2020-03-04,285,27,3.97,Medium,0.24266666666666664,4.2551578947368425,2351,0.09473684210526316
T01896,R0209,10.6,78.22,107.9,2024-07-28,0,0,6,7,Zone_8,4516,1.93,31.0,Business,2.0,True,False,False,False,False,False,False,False,False,False,False,False,True,False,4.690430029938915,2.451005098112319,8.84420714366189,0,Vivaan Sharma,31,2,Surat,2020-06-11,109,20,3.77,Low,0.5368807339449542,6.743944954128441,2252,0.1834862385321101
T01897,R0235,0.12,0.79,3.27,2023-07-21,1,0,4,7,Zone_2,6371,0.91,58.4,Residential,0.0,False,True,False,False,False,False,True,False,False,False,False,False,False,False,1.451613827240533,0.11332868530700317,0.8888194417315589,0,Aarav Ghosh,34,2,Delhi,2021-02-15,284,8,4.06,Medium,0.1959507042253521,2.9790845070422534,2003,0.028169014084507043
T01898,R0265,9.99,65.36,192.77,2024-05-05,0,0,6,5,Zone_6,14627,0.54,37.6,Mixed,0.0,False,False,True,False,False,False,False,False,False,False,True,False,False,False,5.266671888712491,2.39698576841553,8.084553172563094,0,Kavya Das,39,0,Bengaluru,2020-11-26,176,24,3.26,Medium,0.25499999999999995,3.4528977272727275,2084,0.13636363636363635
T01899,R0177,7.44,38.48,88.56,2024-07-22,0,0,0,7,Zone_10,2440,1.54,35.4,Industrial,1.0,False,False,True,False,False,True,False,False,False,False,False,False,False,False,4.494908791730554,2.132982308607866,6.203224967708329,0,Ishaan Reddy,34,2,Bengaluru,2023-02-15,489,63,4.48,High,0.23668711656441715,3.8175051124744375,1273,0.12883435582822086
T01900,R0150,8.3,80.45,93.17,2023-06-20,0,0,1,6,Zone_4,4038,2.46,48.2,Business,2.0,False,True,False,False,False,False,False,False,True,False,False,False,False,False,4.545101659521972,2.2300144001592104,8.969392398596462,0,Ishaan Gupta,33,1,Pune,2022-02-27,215,16,4.95,Medium,0.25795348837209303,3.506232558139535,1626,0.07441860465116279
T01901,R0225,9.85,62.56,110.98,2023-05-26,0,0,4,5,Zone_6,14627,0.54,37.6,Mixed,0.0,False,False,True,False,False,False,False,False,False,False,True,False,False,False,4.718320283920748,2.3841650799864684,7.909487973314076,0,Ishaan Sharma,39,0,Delhi,2020-06-15,465,9,4.08,High,0.10393548387096774,1.4471397849462366,2248,0.01935483870967742
T01902,R0261,9.4,89.17,89.44,2023-10-07,0,0,5,10,Zone_1,4921,2.43,30.9,Residential,2.0,False,False,True,False,True,False,False,False,False,False,False,False,False,False,4.504686647409769,2.341805806147327,9.442986815621422,0,Aarav Kumar,31,1,Pune,2022-08-26,477,83,4.24,High,0.10308176100628931,1.3621174004192873,1446,0.1740041928721174
T01903,R0227,2.64,19.46,45.45,2023-06-18,0,0,6,6,Zone_4,4038,2.46,48.2,Business,2.0,True,False,False,False,False,False,False,False,True,False,False,False,False,False,3.8383764652598478,1.2919836816486494,4.411349000022556,0,Arjun Nair,25,2,Pune,2020-07-11,320,23,4.12,Medium,0.0885,1.58815625,2222,0.071875
T01904,R0034,6.08,38.77,146.96,2023-07-21,1,0,4,7,Zone_5,2590,1.31,43.9,Business,1.0,False,True,False,False,False,False,False,False,False,True,False,False,False,False,4.996941966964253,1.9572739077056285,6.226556030423239,0,Arjun Iyer,26,2,Chennai,2019-04-23,484,48,3.1,High,0.047231404958677684,0.8786157024793388,2667,0.09917355371900827
T01905,R0196,8.03,40.53,149.92,2023-12-17,0,0,6,12,Zone_8,4516,1.93,31.0,Business,2.0,False,False,True,False,False,False,False,False,False,False,False,False,True,False,5.01674989509611,2.200552367428894,6.366317616958802,0,Vivaan Das,18,1,Hyderabad,2019-06-24,51,9,4.93,Low,1.8813725490196078,31.831960784313726,2605,0.17647058823529413
T01906,R0295,0.85,4.85,20.88,2024-06-13,1,0,3,6,Zone_4,4038,2.46,48.2,Business,2.0,False,True,False,False,False,False,False,False,True,False,False,False,False,False,3.0855729775537806,0.6151856390902334,2.202271554554524,0,Kavya Gupta,18,0,Delhi,2019-05-29,98,18,3.59,Low,0.45683673469387753,5.34734693877551,2631,0.1836734693877551
T01907,R0237,12.01,82.33,294.45,2023-03-10,1,0,4,3,Zone_8,4516,1.93,31.0,Business,2.0,False,False,False,True,False,False,False,False,False,False,False,False,True,False,5.688499617791684,2.565718292524414,9.07358804442873,0,Aadhya Nair,40,1,Chennai,2022-12-13,36,3,3.71,Low,2.7047222222222222,48.88055555555556,1337,0.08333333333333333
T01908,R0008,17.41,116.11,273.32,2024-08-12,0,0,0,8,Zone_6,14627,0.54,37.6,Mixed,0.0,False,False,False,True,False,False,False,False,False,False,True,False,False,False,5.614295308154665,2.9128939952449864,10.775435026020991,0,Ishaan Ghosh,28,0,Jaipur,2022-10-01,215,23,4.02,Medium,0.22441860465116278,4.1547441860465115,1410,0.10697674418604651
T01909,R0232,9.52,79.46,192.94,2023-01-16,0,0,0,1,Zone_5,2590,1.31,43.9,Business,1.0,False,False,False,True,False,False,False,False,False,True,False,False,False,False,5.2675488328764,2.3532782073095637,8.91403387922662,0,Meera Das,38,1,Jaipur,2022-12-08,172,15,3.94,Medium,0.541860465116279,8.667674418604651,1342,0.0872093023255814
T01910,R0183,5.36,30.69,130.84,2023-10-11,1,0,2,10,Zone_4,4038,2.46,48.2,Business,2.0,True,False,False,False,False,False,False,False,True,False,False,False,False,False,4.881589066161162,1.8500283773520307,5.539855593785816,0,Arjun Patel,43,2,Jaipur,2022-08-27,406,66,3.79,High,0.14231527093596058,2.0964039408866997,1445,0.1625615763546798
T01911,R0292,3.51,32.24,46.7,2023-04-16,0,0,6,4,Zone_6,14627,0.54,37.6,Mixed,0.0,False,False,False,True,False,False,False,False,False,False,True,False,False,False,3.8649313978942956,1.506297153514587,5.678027826631356,0,Diya Patel,37,0,Jaipur,2020-06-28,141,19,4.39,Low,0.5628368794326241,8.070141843971632,2235,0.1347517730496454
T01912,R0270,0.4,3.71,6.92,2023-02-11,0,0,5,2,Zone_9,11037,1.83,56.1,Mixed,1.0,False,False,False,True,False,False,False,False,False,False,False,False,False,True,2.0693912058263346,0.33647223662121295,1.9261360284258222,0,Aadhya Reddy,35,1,Hyderabad,2022-01-02,455,64,3.08,High,0.12975824175824174,2.420945054945055,1682,0.14065934065934066
T01913,R0224,9.7,55.17,127.01,2023-05-08,0,0,0,5,Zone_1,4921,2.43,30.9,Residential,2.0,False,False,False,True,True,False,False,False,False,False,False,False,False,False,4.852108385868018,2.3702437414678603,7.427651041883968,0,Ishaan Sharma,29,0,Ahmedabad,2020-08-04,200,1,4.31,Medium,0.20855,2.5707,2198,0.005
T01914,R0089,14.31,81.68,133.14,2023-12-22,0,0,4,12,Zone_7,11070,0.64,45.2,Industrial,0.0,True,False,False,False,False,False,False,False,False,False,False,True,False,False,4.898884030671591,2.7285062096695922,9.037698822156003,0,Saanvi Reddy,48,2,Surat,2022-09-21,308,6,3.91,Medium,0.29165584415584417,4.595941558441559,1420,0.01948051948051948
T01915,R0252,6.9,53.47,157.6,2023-08-05,0,0,5,8,Zone_6,14627,0.54,37.6,Mixed,0.0,False,False,True,False,False,False,False,False,False,False,True,False,False,False,5.066385309200747,2.066862759472976,7.312318373812781,0,Reyansh Gupta,38,2,Ahmedabad,2020-09-23,392,47,4.83,High,0.25614795918367345,4.290943877551021,2148,0.11989795918367346
T01916,R0140,0.56,4.79,10.76,2024-05-21,0,0,1,5,Zone_6,14627,0.54,37.6,Mixed,0.0,False,False,True,False,False,False,False,False,False,False,True,False,False,False,2.464703942470481,0.44468582126144574,2.188606862823929,0,Aadhya Nair,29,0,Delhi,2020-04-17,499,45,4.92,High,0.06975951903807616,1.2386973947895792,2307,0.09018036072144289
T01917,R0001,3.64,26.21,66.38,2023-01-09,0,0,0,1,Zone_4,4038,2.46,48.2,Business,2.0,False,False,False,True,False,False,False,False,True,False,False,False,False,False,4.2103482379784065,1.534714366238164,5.119570294468081,0,Aarav Das,23,1,Pune,2020-06-29,56,0,3.76,Low,0.37214285714285716,5.670892857142857,2234,0.0
T01918,R0024,5.14,41.41,105.17,2023-08-27,0,0,6,8,Zone_9,11037,1.83,56.1,Mixed,1.0,False,False,True,False,False,False,False,False,False,False,False,False,False,True,4.665041583025482,1.814824742159051,6.435060217278467,0,Meera Kumar,41,2,Chennai,2019-07-10,140,16,3.49,Low,0.2212142857142857,3.4135,2589,0.11428571428571428
T01919,R0100,1.66,11.24,25.28,2024-01-06,0,0,5,1,Zone_5,2590,1.31,43.9,Business,1.0,False,True,False,False,False,False,False,False,False,True,False,False,False,False,3.26880819361641,0.9783261227936076,3.352610922848042,0,Ishaan Gupta,28,1,Delhi,2021-05-24,383,60,3.79,High,0.26488250652741513,4.327650130548303,1905,0.1566579634464752
T01920,R0174,6.45,43.18,135.11,2023-01-03,0,0,1,1,Zone_3,12971,2.11,38.0,Business,2.0,False,True,False,False,False,False,False,True,False,False,False,False,False,False,4.913463382343982,2.0082140323914683,6.571149062378664,0,Aadhya Patel,32,1,Kolkata,2019-02-07,320,7,3.8,Medium,0.1941875,2.88059375,2742,0.021875
T01921,R0149,12.46,71.95,127.51,2023-08-15,0,0,1,8,Zone_8,4516,1.93,31.0,Business,2.0,True,False,False,False,False,False,False,False,False,False,False,False,True,False,4.85600672231905,2.599722324216582,8.482334584299302,0,Diya Reddy,30,1,Jaipur,2019-09-14,89,8,4.57,Low,0.4766292134831461,7.428314606741573,2523,0.0898876404494382
T01922,R0008,0.41,3.5,8.81,2024-03-25,0,0,0,3,Zone_3,12971,2.11,38.0,Business,2.0,False,True,False,False,False,False,False,True,False,False,False,False,False,False,2.2834022735772717,0.3435897043900769,1.8708286933869707,0,Ishaan Ghosh,28,0,Jaipur,2022-10-01,215,23,4.02,Medium,0.22441860465116278,4.1547441860465115,1410,0.10697674418604651
T01923,R0204,5.2,46.01,119.73,2023-09-02,0,0,5,9,Zone_8,4516,1.93,31.0,Business,2.0,True,False,False,False,False,False,False,False,False,False,False,False,True,False,4.793556647344296,1.824549292051046,6.783067152844648,0,Aarav Kumar,37,0,Hyderabad,2019-01-01,438,5,3.73,High,0.15481735159817353,2.0578767123287673,2779,0.01141552511415525
T01924,R0142,2.12,10.73,33.63,2023-02-25,0,0,5,2,Zone_2,6371,0.91,58.4,Residential,0.0,False,True,False,False,False,False,True,False,False,False,False,False,False,False,3.5447203584143305,1.1378330018213911,3.27566787083184,0,Meera Nair,33,0,Kolkata,2021-03-04,78,5,3.48,Low,0.3476923076923077,5.378205128205129,1986,0.0641025641025641
T01925,R0039,3.9,35.93,89.93,2023-04-03,0,0,0,4,Zone_9,11037,1.83,56.1,Mixed,1.0,True,False,False,False,False,False,False,False,False,False,False,False,False,True,4.510089979737821,1.589235205116581,5.994163828258284,0,Aadhya Iyer,24,1,Chennai,2023-11-18,190,14,4.2,Medium,0.17821052631578946,2.674,997,0.07368421052631578
T01926,R0155,7.26,70.43,80.96,2024-04-19,0,0,4,4,Zone_4,4038,2.46,48.2,Business,2.0,False,False,True,False,False,False,False,False,True,False,False,False,False,False,4.406231323370699,2.1114245875328868,8.392258337301111,0,Meera Reddy,23,1,Hyderabad,2019-02-10,353,8,3.14,High,0.17254957507082153,2.639405099150142,2739,0.0226628895184136
T01927,R0150,13.11,67.82,119.86,2023-02-26,0,0,6,2,Zone_10,2440,1.54,35.4,Industrial,1.0,True,False,False,False,False,True,False,False,False,False,False,False,False,False,4.794632850933413,2.6468837658647226,8.235289915965314,0,Ishaan Gupta,33,1,Pune,2022-02-27,215,16,4.95,Medium,0.25795348837209303,3.506232558139535,1626,0.07441860465116279
T01928,R0073,10.28,63.91,169.9,2023-09-03,0,0,6,9,Zone_9,11037,1.83,56.1,Mixed,1.0,True,False,False,False,False,False,False,False,False,False,False,False,False,True,5.141078590121546,2.423031246069913,7.994373021069257,0,Meera Das,41,2,Ahmedabad,2021-06-19,490,30,3.01,High,0.16042857142857142,2.6034693877551023,1879,0.061224489795918366
T01929,R0191,2.08,18.48,46.88,2023-05-08,0,0,0,5,Zone_2,6371,0.91,58.4,Residential,0.0,False,True,False,False,False,False,True,False,False,False,False,False,False,False,3.8686978806897723,1.1249295969854831,4.298837052040936,0,Meera Gupta,33,2,Surat,2020-08-14,87,6,4.56,Low,0.9559770114942528,15.24735632183908,2188,0.06896551724137931
T01930,R0229,8.47,65.57,122.37,2023-01-29,0,0,6,1,Zone_9,11037,1.83,56.1,Mixed,1.0,False,False,False,True,False,False,False,False,False,False,False,False,False,True,4.8151879700833735,2.248128907197987,8.097530487747484,0,Reyansh Ghosh,22,0,Mumbai,2020-11-23,146,16,4.43,Low,0.26493150684931505,4.715753424657534,2087,0.1095890410958904
T01931,R0150,6.33,58.62,124.24,2024-02-04,0,0,6,2,Zone_4,4038,2.46,48.2,Business,2.0,False,False,False,True,False,False,False,False,True,False,False,False,False,False,4.830231896458205,1.9919755158985601,7.656369897020388,0,Ishaan Gupta,33,1,Pune,2022-02-27,215,16,4.95,Medium,0.25795348837209303,3.506232558139535,1626,0.07441860465116279
T01932,R0161,7.94,64.43,66.52,2023-10-05,0,0,3,10,Zone_3,12971,2.11,38.0,Business,2.0,False,False,True,False,False,False,False,True,False,False,False,False,False,False,4.212423850287702,2.190535589185423,8.026830009412185,0,Aarav Nair,32,2,Surat,2019-03-27,332,50,4.91,High,0.10006024096385542,1.7095180722891565,2694,0.15060240963855423
T01933,R0115,7.0,38.11,139.47,2023-06-17,0,0,5,6,Zone_4,4038,2.46,48.2,Business,2.0,False,False,False,True,False,False,False,False,True,False,False,False,False,False,4.944993942842818,2.0794415416798357,6.17332973362026,0,Aarav Ghosh,40,0,Bengaluru,2020-03-01,170,15,4.4,Medium,0.49105882352941177,8.388058823529413,2354,0.08823529411764706
T01934,R0038,9.57,71.28,137.04,2023-01-13,0,0,4,1,Zone_7,11070,0.64,45.2,Industrial,0.0,False,False,False,True,False,False,False,False,False,False,False,True,False,False,4.927543498229802,2.3580197998821464,8.442748367682173,0,Aarav Singh,37,2,Kolkata,2023-02-11,68,7,4.07,Low,0.43720588235294117,6.673970588235294,1277,0.10294117647058823
T01935,R0047,8.91,71.28,113.61,2023-04-02,0,0,6,4,Zone_8,4516,1.93,31.0,Business,2.0,False,True,False,False,False,False,False,False,False,False,False,False,True,False,4.741535060508608,2.2935443483418965,8.442748367682173,0,Reyansh Iyer,51,0,Bengaluru,2021-10-07,69,3,4.86,Low,0.9018840579710146,16.592318840579708,1769,0.043478260869565216
T01936,R0052,12.33,118.66,304.64,2024-03-05,1,0,1,3,Zone_3,12971,2.11,38.0,Business,2.0,False,True,False,False,False,False,False,True,False,False,False,False,False,False,5.722407938779366,2.5900171341906173,10.893117092916976,0,Reyansh Singh,23,2,Hyderabad,2021-03-09,40,7,4.74,Low,0.76475,12.866499999999998,1981,0.175
T01937,R0090,8.58,76.68,134.5,2023-03-09,0,0,3,3,Zone_3,12971,2.11,38.0,Business,2.0,False,True,False,False,False,False,False,True,False,False,False,False,False,False,4.908971640319756,2.259677591982769,8.756711711595855,0,Kavya Iyer,33,0,Mumbai,2021-01-31,152,25,4.51,Low,0.7113815789473685,12.63078947368421,2018,0.16447368421052633
T01938,R0199,16.45,130.32,299.2,2023-08-27,0,0,6,8,Zone_3,12971,2.11,38.0,Business,2.0,False,False,True,False,False,False,False,True,False,False,False,False,False,False,5.704448919199361,2.859339648648436,11.415778554264268,0,Aarav Das,29,1,Ahmedabad,2021-08-03,344,27,3.91,High,0.24752906976744188,4.652616279069767,1834,0.07848837209302326
T01939,R0151,10.6,97.65,252.59,2023-02-12,0,0,6,2,Zone_6,14627,0.54,37.6,Mixed,0.0,False,True,False,False,False,False,False,False,False,False,True,False,False,False,5.535718789608946,2.451005098112319,9.881801455200362,0,Meera Reddy,34,1,Hyderabad,2023-02-25,394,56,5.0,High,0.15967005076142132,2.8274111675126905,1263,0.14213197969543148
T01940,R0010,15.39,120.45,216.84,2024-07-05,0,0,4,7,Zone_5,2590,1.31,43.9,Business,1.0,False,False,False,True,False,False,False,False,False,True,False,False,False,False,5.383760848365505,2.7966713927557385,10.974971526158964,0,Vivaan Gupta,25,0,Surat,2023-05-14,173,1,3.38,Medium,0.49277456647398843,6.962485549132948,1185,0.005780346820809248
T01941,R0275,11.6,67.31,103.43,2024-02-02,0,0,4,2,Zone_5,2590,1.31,43.9,Business,1.0,False,True,False,False,False,False,False,False,False,True,False,False,False,False,4.648516990491458,2.533696813957432,8.204267182387468,0,Ishaan Das,21,2,Jaipur,2022-10-04,247,17,3.07,Medium,0.13704453441295547,1.3201214574898787,1407,0.06882591093117409
T01942,R0125,4.64,31.15,86.57,2023-02-25,0,0,5,2,Zone_6,14627,0.54,37.6,Mixed,0.0,False,False,False,True,False,False,False,False,False,False,True,False,False,False,4.472438473534133,1.7298840655099674,5.58121850495033,0,Saanvi Ghosh,44,1,Ahmedabad,2023-04-22,99,19,3.89,Low,0.5633333333333332,11.28040404040404,1207,0.1919191919191919
T01943,R0092,14.21,79.37,268.8,2023-04-26,0,0,2,4,Zone_6,14627,0.54,37.6,Mixed,0.0,False,True,False,False,False,False,False,False,False,False,True,False,False,False,5.597680943773655,2.7219531062712017,8.908984229416955,0,Aarav Nair,21,1,Surat,2019-07-18,252,23,4.51,Medium,0.22694444444444448,3.415357142857143,2581,0.09126984126984126
T01944,R0097,13.92,79.12,184.97,2024-02-09,0,0,4,2,Zone_5,2590,1.31,43.9,Business,1.0,True,False,False,False,False,False,False,False,False,True,False,False,False,False,5.225585370381938,2.702702594775615,8.894942383174834,0,Aarav Iyer,23,2,Bengaluru,2021-01-25,478,5,3.28,High,0.1452510460251046,2.3370292887029285,2024,0.010460251046025104
T01945,R0263,6.36,40.84,81.07,2023-05-27,0,0,5,5,Zone_7,11070,0.64,45.2,Industrial,0.0,False,True,False,False,False,False,False,False,False,False,False,True,False,False,4.4075725416416205,1.9960599327407849,6.390618123468183,0,Ishaan Das,31,2,Chennai,2020-12-30,297,21,3.84,Medium,0.3522558922558922,5.2110101010101015,2050,0.0707070707070707
T01946,R0143,5.26,46.28,121.99,2023-06-27,0,0,1,6,Zone_5,2590,1.31,43.9,Business,1.0,False,False,True,False,False,False,False,False,False,True,False,False,False,False,4.8121030512543195,1.8341801851120072,6.802940540677979,0,Meera Kumar,42,2,Kolkata,2023-03-28,74,13,4.56,Low,0.6636486486486486,11.666486486486486,1232,0.17567567567567569
T01947,R0222,15.21,120.95,334.62,2023-04-06,0,0,3,4,Zone_1,4921,2.43,30.9,Residential,2.0,False,False,False,True,True,False,False,False,False,False,False,False,False,False,5.815979567573016,2.785628335747585,10.997727037892876,0,Aarav Singh,27,1,Surat,2022-08-28,475,12,3.44,High,0.16642105263157894,2.7908000000000004,1444,0.02526315789473684
T01948,R0193,13.27,81.64,263.99,2024-03-08,0,0,4,3,Zone_5,2590,1.31,43.9,Business,1.0,False,True,False,False,False,False,False,False,False,True,False,False,False,False,5.5796920894251505,2.658159431488745,9.035485598461214,0,Kavya Singh,33,0,Chennai,2022-01-03,389,68,4.41,High,0.14419023136246786,2.5851928020565555,1681,0.17480719794344474
T01949,R0283,0.7,5.54,9.75,2023-08-21,0,0,0,8,Zone_1,4921,2.43,30.9,Residential,2.0,False,True,False,False,True,False,False,False,False,False,False,False,False,False,2.3749057545736716,0.5306282510621704,2.353720459187964,0,Diya Nair,19,1,Surat,2023-06-15,245,45,3.55,Medium,0.22844897959183674,4.135632653061225,1153,0.1836734693877551
T01950,R0006,12.29,87.75,162.03,2023-06-03,0,0,5,6,Zone_5,2590,1.31,43.9,Business,1.0,False,False,True,False,False,False,False,False,False,True,False,False,False,False,5.093934232951563,2.587011872725154,9.367496997597597,0,Aarav Das,45,0,Jaipur,2023-06-30,248,13,4.64,Medium,0.255,4.417056451612903,1138,0.05241935483870968
T01951,R0231,16.64,111.73,174.75,2024-01-29,0,0,0,1,Zone_4,4038,2.46,48.2,Business,2.0,False,False,True,False,False,False,False,False,True,False,False,False,False,False,5.169062530690774,2.8701690505786455,10.570241246064349,0,Ishaan Nair,19,2,Mumbai,2019-08-26,328,22,4.81,High,0.18076219512195124,2.230274390243902,2542,0.06707317073170732
T01952,R0176,11.03,65.2,222.95,2024-02-14,0,0,2,2,Zone_10,2440,1.54,35.4,Industrial,1.0,False,False,True,False,False,True,False,False,False,False,False,False,False,False,5.411422812653309,2.4874035299865875,8.07465169527454,0,Kavya Gupta,43,1,Mumbai,2019-05-24,260,13,3.95,Medium,0.3502307692307692,6.3002692307692305,2636,0.05
T01953,R0089,0.62,3.34,14.91,2024-08-09,0,0,4,8,Zone_8,4516,1.93,31.0,Business,2.0,False,False,False,True,False,False,False,False,False,False,False,False,True,False,2.7669478423496954,0.4824261492442927,1.8275666882497066,0,Saanvi Reddy,48,2,Surat,2022-09-21,308,6,3.91,Medium,0.29165584415584417,4.595941558441559,1420,0.01948051948051948
T01954,R0121,4.08,38.15,53.68,2024-02-18,0,0,6,2,Zone_5,2590,1.31,43.9,Business,1.0,True,False,False,False,False,False,False,False,False,True,False,False,False,False,4.001498011855749,1.6253112615903906,6.176568626672903,0,Diya Iyer,29,1,Pune,2023-07-13,378,10,4.17,High,0.23269841269841268,3.8740211640211637,1125,0.026455026455026454
T01955,R0108,10.0,67.87,243.58,2023-08-30,1,0,2,8,Zone_5,2590,1.31,43.9,Business,1.0,False,True,False,False,False,False,False,False,False,True,False,False,False,False,5.499542453761224,2.3978952727983707,8.238325072488946,0,Reyansh Gupta,18,1,Pune,2019-05-31,184,32,4.88,Medium,0.23695652173913045,4.754836956521739,2629,0.17391304347826086
T01956,R0278,6.92,61.26,142.95,2023-04-28,0,0,4,4,Zone_1,4921,2.43,30.9,Residential,2.0,False,False,False,True,True,False,False,False,False,False,False,False,False,False,4.969466017058185,2.0693912058263346,7.826876771739798,0,Aarav Reddy,20,0,Mumbai,2021-09-02,382,58,4.27,High,0.25536649214659685,5.527120418848168,1804,0.1518324607329843
T01957,R0162,14.39,75.49,328.45,2023-09-06,0,0,2,9,Zone_3,12971,2.11,38.0,Business,2.0,False,True,False,False,False,False,False,True,False,False,False,False,False,False,5.797424597359829,2.733717947850788,8.688498144098322,0,Meera Patel,30,1,Hyderabad,2023-08-14,394,38,4.28,High,0.13484771573604062,2.3779187817258887,1093,0.09644670050761421
T01958,R0299,11.66,90.92,161.08,2024-06-09,0,0,6,6,Zone_1,4921,2.43,30.9,Residential,2.0,False,True,False,False,True,False,False,False,False,False,False,False,False,False,5.088090040500373,2.5384474167160302,9.535197952848174,0,Ishaan Gupta,33,2,Kolkata,2020-09-04,457,0,3.92,High,0.06540481400437637,1.0091903719912472,2167,0.0
T01959,R0046,17.82,152.87,177.66,2023-12-11,0,0,0,12,Zone_1,4921,2.43,30.9,Residential,2.0,False,True,False,False,True,False,False,False,False,False,False,False,False,False,5.185484558273693,2.9349201341572337,12.36406082159094,0,Vivaan Singh,31,0,Kolkata,2019-08-16,31,4,3.87,Low,2.581290322580645,41.82,2552,0.12903225806451613
T01960,R0089,13.1,67.66,261.49,2023-11-29,0,0,2,11,Zone_10,2440,1.54,35.4,Industrial,1.0,False,False,True,False,False,True,False,False,False,False,False,False,False,False,5.570212986067941,2.6461747973841225,8.225569889071517,0,Saanvi Reddy,48,2,Surat,2022-09-21,308,6,3.91,Medium,0.29165584415584417,4.595941558441559,1420,0.01948051948051948
T01961,R0247,10.76,57.77,199.28,2024-06-30,0,0,6,6,Zone_7,11070,0.64,45.2,Industrial,0.0,False,False,True,False,False,False,False,False,False,False,False,True,False,False,5.299716387461744,2.464703942470481,7.600657866263946,0,Aadhya Das,37,1,Bengaluru,2021-05-11,249,47,4.92,Medium,0.5360642570281124,9.507791164658634,1918,0.18875502008032127
T01962,R0003,6.43,43.36,99.99,2024-02-28,0,0,2,2,Zone_1,4921,2.43,30.9,Residential,2.0,False,True,False,False,True,False,False,False,False,False,False,False,False,False,4.6150215020384655,2.005525858729668,6.584831053261731,0,Kavya Reddy,34,1,Pune,2023-05-04,45,9,3.76,Low,1.5040000000000002,21.593555555555557,1195,0.2
T01963,R0145,15.02,110.98,299.04,2023-12-17,0,0,6,12,Zone_8,4516,1.93,31.0,Business,2.0,False,False,False,True,False,False,False,False,False,False,False,False,True,False,5.703915799101436,2.7738379416402132,10.534704552098269,0,Saanvi Nair,36,0,Jaipur,2022-12-09,222,43,4.3,Medium,0.20873873873873874,2.948918918918919,1341,0.19369369369369369
T01964,R0267,8.03,49.21,99.36,2023-11-01,0,0,2,11,Zone_7,11070,0.64,45.2,Industrial,0.0,True,False,False,False,False,False,False,False,False,False,False,True,False,False,4.608763721498222,2.200552367428894,7.014983962918233,0,Arjun Iyer,37,2,Jaipur,2021-01-01,131,11,4.5,Low,0.3602290076335878,5.203740458015267,2048,0.08396946564885496
T01965,R0143,2.87,28.01,60.09,2023-02-21,0,0,1,2,Zone_4,4038,2.46,48.2,Business,2.0,False,False,False,True,False,False,False,False,True,False,False,False,False,False,4.112348186661675,1.3532545070416904,5.292447448959697,0,Meera Kumar,42,2,Kolkata,2023-03-28,74,13,4.56,Low,0.6636486486486486,11.666486486486486,1232,0.17567567567567569
T01966,R0289,8.24,56.3,84.56,2024-06-11,0,0,1,6,Zone_10,2440,1.54,35.4,Industrial,1.0,False,False,True,False,False,True,False,False,False,False,False,False,False,False,4.449217884214205,2.2235418856535927,7.503332592921628,0,Aarav Gupta,21,2,Chennai,2021-09-30,322,14,4.17,Medium,0.2053726708074534,3.8337888198757764,1776,0.043478260869565216
T01967,R0252,7.54,45.25,185.92,2024-05-19,1,0,6,5,Zone_5,2590,1.31,43.9,Business,1.0,False,True,False,False,False,False,False,False,False,True,False,False,False,False,5.230680717832225,2.1447610078004784,6.726812023536855,0,Reyansh Gupta,38,2,Ahmedabad,2020-09-23,392,47,4.83,High,0.25614795918367345,4.290943877551021,2148,0.11989795918367346
T01968,R0010,3.03,20.69,54.25,2023-12-05,0,0,1,12,Zone_3,12971,2.11,38.0,Business,2.0,False,False,False,True,False,False,False,True,False,False,False,False,False,False,4.0118683403978626,1.3937663759585914,4.548626166217664,0,Vivaan Gupta,25,0,Surat,2023-05-14,173,1,3.38,Medium,0.49277456647398843,6.962485549132948,1185,0.005780346820809248
T01969,R0120,12.14,99.43,144.13,2023-06-08,0,0,3,6,Zone_5,2590,1.31,43.9,Business,1.0,False,False,True,False,False,False,False,False,False,True,False,False,False,False,4.9776298924822715,2.5756610130564646,9.971459271340379,0,Ishaan Gupta,18,2,Surat,2020-07-12,311,15,4.55,Medium,0.21929260450160773,3.260289389067524,2221,0.04823151125401929
T01970,R0088,7.3,62.48,70.07,2023-12-07,0,0,3,12,Zone_9,11037,1.83,56.1,Mixed,1.0,False,True,False,False,False,False,False,False,False,False,False,False,False,True,4.263665306838804,2.1162555148025524,7.904429138147801,0,Diya Iyer,22,2,Jaipur,2019-07-07,438,0,4.78,High,0.1421232876712329,2.0405479452054793,2592,0.0
T01971,R0159,9.98,88.08,145.33,2024-08-18,0,0,6,8,Zone_9,11037,1.83,56.1,Mixed,1.0,False,False,False,True,False,False,False,False,False,False,False,False,False,True,4.985864345104336,2.3960754360813845,9.385094565320053,0,Ishaan Singh,43,0,Bengaluru,2020-05-21,79,2,4.9,Low,0.3034177215189873,5.378354430379747,2273,0.02531645569620253
T01972,R0196,4.1,22.45,84.2,2024-01-22,0,0,0,1,Zone_9,11037,1.83,56.1,Mixed,1.0,False,False,False,True,False,False,False,False,False,False,False,False,False,True,4.44500143383527,1.62924053973028,4.738143096192854,0,Vivaan Das,18,1,Hyderabad,2019-06-24,51,9,4.93,Low,1.8813725490196078,31.831960784313726,2605,0.17647058823529413
T01973,R0232,7.18,40.61,109.85,2023-12-24,0,0,6,12,Zone_2,6371,0.91,58.4,Residential,0.0,True,False,False,False,False,False,True,False,False,False,False,False,False,False,4.70817793606232,2.1016921506146558,6.372597586541928,0,Meera Das,38,1,Jaipur,2022-12-08,172,15,3.94,Medium,0.541860465116279,8.667674418604651,1342,0.0872093023255814
T01974,R0175,11.87,73.18,277.33,2023-08-15,0,0,1,8,Zone_9,11037,1.83,56.1,Mixed,1.0,False,True,False,False,False,False,False,False,False,False,False,False,False,True,5.628807460063128,2.554899021608035,8.554530963179689,0,Diya Patel,35,1,Chennai,2022-08-18,98,8,3.48,Low,0.7169387755102041,12.928877551020408,1454,0.08163265306122448
T01975,R0194,6.77,45.5,78.64,2024-07-25,0,0,3,7,Zone_6,14627,0.54,37.6,Mixed,0.0,False,False,True,False,False,False,False,False,False,False,True,False,False,False,4.377516479195996,2.050270164379556,6.745368781616021,0,Arjun Iyer,30,2,Jaipur,2023-02-10,10,2,4.06,Low,4.361,68.455,1278,0.2
T01976,R0044,6.17,36.21,70.6,2023-12-14,0,0,3,12,Zone_10,2440,1.54,35.4,Industrial,1.0,False,False,False,True,False,True,False,False,False,False,False,False,False,False,4.2710950739666,1.969905654611529,6.017474553332153,0,Arjun Gupta,36,0,Hyderabad,2020-08-01,271,5,3.21,Medium,0.37734317343173435,6.127380073800738,2201,0.01845018450184502
T01977,R0140,18.92,158.0,379.63,2023-02-22,0,0,2,2,Zone_1,4921,2.43,30.9,Residential,2.0,False,False,True,False,True,False,False,False,False,False,False,False,False,False,5.94182777466688,2.991724252156452,12.569805089976535,0,Aadhya Nair,29,0,Delhi,2020-04-17,499,45,4.92,High,0.06975951903807616,1.2386973947895792,2307,0.09018036072144289
T01978,R0240,9.58,95.55,112.44,2023-07-23,0,0,6,7,Zone_4,4038,2.46,48.2,Business,2.0,False,False,False,True,False,False,False,False,True,False,False,False,False,False,4.731274062783817,2.3589654264301534,9.77496803063826,0,Aarav Iyer,30,1,Delhi,2020-05-18,174,2,4.07,Medium,0.5294252873563219,7.0199425287356325,2276,0.011494252873563218
T01979,R0050,11.67,100.11,203.43,2023-02-16,0,0,3,2,Zone_7,11070,0.64,45.2,Industrial,0.0,True,False,False,False,False,False,False,False,False,False,False,True,False,False,5.320225618596917,2.5392369943330477,10.005498488331304,0,Diya Das,49,1,Ahmedabad,2022-10-06,330,41,3.42,High,0.1821212121212121,2.775181818181818,1405,0.12424242424242424
T01980,R0284,11.73,107.22,152.86,2023-01-19,0,0,3,1,Zone_3,12971,2.11,38.0,Business,2.0,False,False,True,False,False,False,False,True,False,False,False,False,False,False,5.036043098030789,2.543961412569315,10.354709073653398,0,Vivaan Das,28,0,Surat,2019-07-31,135,19,4.95,Low,0.45118518518518513,7.306148148148148,2568,0.14074074074074075
T01981,R0112,8.48,61.81,144.94,2024-04-16,0,0,1,4,Zone_4,4038,2.46,48.2,Business,2.0,True,False,False,False,False,False,False,False,True,False,False,False,False,False,4.983195578337474,2.2491843162669305,7.861933604400384,0,Meera Nair,41,0,Delhi,2020-11-13,311,11,3.24,Medium,0.28787781350482317,3.6986173633440513,2097,0.03536977491961415
T01982,R0009,10.64,61.97,206.85,2023-08-26,0,0,5,8,Zone_3,12971,2.11,38.0,Business,2.0,False,False,True,False,False,False,False,True,False,False,False,False,False,False,5.336816665698646,2.454447442303292,7.87210264160726,0,Diya Patel,42,0,Ahmedabad,2019-12-15,172,21,4.11,Medium,0.37720930232558136,5.327848837209302,2431,0.12209302325581395
T01983,R0243,3.13,18.37,32.73,2024-07-01,0,0,0,7,Zone_6,14627,0.54,37.6,Mixed,0.0,False,False,True,False,False,False,False,False,False,False,True,False,False,False,3.5183876490735586,1.4182774069729414,4.286023798347368,0,Ishaan Patel,33,1,Jaipur,2023-02-06,315,11,3.7,Medium,0.1755873015873016,3.011206349206349,1282,0.03492063492063492
T01984,R0144,15.24,115.44,279.82,2023-05-15,0,0,0,5,Zone_5,2590,1.31,43.9,Business,1.0,True,False,False,False,False,False,False,False,False,True,False,False,False,False,5.637713894686496,2.787477334733532,10.744300814850634,0,Ishaan Kumar,34,2,Pune,2021-01-31,194,10,3.52,Medium,0.4354123711340206,8.002319587628865,2018,0.05154639175257732
T01985,R0143,14.23,100.08,209.8,2024-04-20,0,0,5,4,Zone_2,6371,0.91,58.4,Residential,0.0,False,True,False,False,False,False,True,False,False,False,False,False,False,False,5.350909816667207,2.7232671669070703,10.00399920031984,0,Meera Kumar,42,2,Kolkata,2023-03-28,74,13,4.56,Low,0.6636486486486486,11.666486486486486,1232,0.17567567567567569
T01986,R0045,8.95,82.11,148.94,2023-03-09,0,0,3,3,Zone_9,11037,1.83,56.1,Mixed,1.0,True,False,False,False,False,False,False,False,False,False,False,False,False,True,5.010235214074916,2.2975725511705014,9.061456836513653,0,Saanvi Iyer,34,2,Ahmedabad,2023-07-12,100,16,4.88,Low,0.8753,15.298499999999999,1126,0.16
T01987,R0077,8.03,55.77,179.77,2023-09-08,0,0,4,9,Zone_5,2590,1.31,43.9,Business,1.0,False,False,True,False,False,False,False,False,False,True,False,False,False,False,5.197225504986763,2.200552367428894,7.467931440499437,0,Reyansh Das,28,1,Mumbai,2019-09-07,406,72,3.79,High,0.3617241379310345,5.7729556650246305,2530,0.17733990147783252
T01988,R0104,1.8,15.68,28.61,2024-02-28,0,0,2,2,Zone_9,11037,1.83,56.1,Mixed,1.0,True,False,False,False,False,False,False,False,False,False,False,False,False,True,3.3881121421135,1.0296194171811581,3.9597979746446663,0,Diya Gupta,52,1,Kolkata,2021-05-27,328,1,3.7,High,0.14234756097560977,2.3335060975609756,1902,0.003048780487804878
T01989,R0185,13.15,122.2,234.93,2023-02-17,0,0,4,2,Zone_8,4516,1.93,31.0,Business,2.0,False,True,False,False,False,False,False,False,False,False,False,False,True,False,5.463535150858622,2.649714624089247,11.054410884348384,0,Vivaan Sharma,27,1,Delhi,2021-08-27,201,12,4.05,Medium,0.21756218905472638,3.7018905472636816,1810,0.05970149253731343
T01990,R0153,6.72,34.64,110.33,2023-04-02,0,0,6,4,Zone_5,2590,1.31,43.9,Business,1.0,False,False,True,False,False,False,False,False,False,True,False,False,False,False,4.712498763740616,2.0438143640366846,5.885575587824865,0,Aadhya Ghosh,20,1,Mumbai,2020-05-04,76,14,4.54,Low,0.3794736842105263,6.065131578947368,2290,0.18421052631578946
T01991,R0051,11.05,99.75,93.8,2024-02-26,0,0,0,2,Zone_3,12971,2.11,38.0,Business,2.0,False,True,False,False,False,False,False,True,False,False,False,False,False,False,4.551769409260976,2.489064659936664,9.987492177719089,0,Aarav Nair,21,1,Kolkata,2020-04-05,213,14,4.02,Medium,0.2778403755868545,5.169107981220657,2319,0.06572769953051644
T01992,R0100,0.8,5.49,16.39,2023-04-05,0,0,2,4,Zone_8,4516,1.93,31.0,Business,2.0,False,False,True,False,False,False,False,False,False,False,False,False,True,False,2.855895328366192,0.5877866649021191,2.3430749027719964,0,Ishaan Gupta,28,1,Delhi,2021-05-24,383,60,3.79,High,0.26488250652741513,4.327650130548303,1905,0.1566579634464752
T01993,R0294,11.16,77.36,108.82,2023-09-06,0,0,2,9,Zone_4,4038,2.46,48.2,Business,2.0,False,True,False,False,False,False,False,False,True,False,False,False,False,False,4.698842661850726,2.498151876538021,8.795453370918409,0,Arjun Reddy,24,1,Surat,2021-04-02,41,7,3.2,Low,1.3824390243902438,20.37560975609756,1957,0.17073170731707318
T01994,R0260,7.12,41.21,74.41,2023-12-11,0,0,0,12,Zone_10,2440,1.54,35.4,Industrial,1.0,False,False,False,True,False,True,False,False,False,False,False,False,False,False,4.322939892214555,2.0943301541735866,6.419501538281613,0,Reyansh Das,55,2,Mumbai,2019-07-17,63,3,4.24,Low,0.5998412698412698,10.94063492063492,2582,0.047619047619047616
T01995,R0207,8.06,49.34,164.43,2023-02-13,0,0,0,2,Zone_7,11070,0.64,45.2,Industrial,0.0,False,False,True,False,False,False,False,False,False,False,False,True,False,False,5.108548144618925,2.203869120054888,7.024243731534378,0,Ishaan Iyer,31,1,Mumbai,2023-12-06,47,3,3.93,Low,1.3504255319148937,26.20127659574468,979,0.06382978723404255
T01996,R0171,0.91,6.44,22.12,2023-03-20,1,0,0,3,Zone_6,14627,0.54,37.6,Mixed,0.0,False,False,True,False,False,False,False,False,False,False,True,False,False,False,3.1406980438041767,0.6471032420585384,2.5377155080899043,0,Kavya Singh,23,0,Jaipur,2019-05-13,276,19,4.3,Medium,0.043913043478260874,0.518550724637681,2647,0.06884057971014493
T01997,R0287,11.4,103.03,193.75,2024-06-25,0,0,1,6,Zone_5,2590,1.31,43.9,Business,1.0,True,False,False,False,False,False,False,False,False,True,False,False,False,False,5.271716684750857,2.517696472610991,10.15036945140422,0,Saanvi Singh,18,2,Delhi,2021-12-17,320,34,3.33,Medium,0.12587500000000001,2.3166874999999996,1698,0.10625
T01998,R0254,4.94,39.32,58.45,2024-03-23,0,0,5,3,Zone_9,11037,1.83,56.1,Mixed,1.0,True,False,False,False,False,False,False,False,False,False,False,False,False,True,4.085135623136791,1.7817091333745536,6.270566162636353,0,Meera Kumar,18,1,Delhi,2020-03-09,363,70,3.68,High,0.2269146005509642,3.346005509641873,2346,0.1928374655647383
T01999,R0267,7.76,51.43,74.92,2023-10-29,0,0,6,10,Zone_2,6371,0.91,58.4,Residential,0.0,False,False,True,False,False,False,True,False,False,False,False,False,False,False,4.3296801543016725,2.1701959049483,7.1714712576988,0,Arjun Iyer,37,2,Jaipur,2021-01-01,131,11,4.5,Low,0.3602290076335878,5.203740458015267,2048,0.08396946564885496
T02000,R0202,12.02,114.45,149.05,2024-02-03,0,0,5,2,Zone_10,2440,1.54,35.4,Industrial,1.0,True,False,False,False,False,True,False,False,False,False,False,False,False,False,5.010968571886377,2.5664866367804233,10.698130677833394,0,Aadhya Reddy,27,1,Ahmedabad,2021-10-28,317,0,4.72,Medium,0.23249211356466878,2.86794952681388,1748,0.0
