customer_id,age,gender,region,education_level,employment_type,annual_income,loan_amount,loan_purpose,credit_score,repayment_history,transaction_count,spending_ratio,join_date,default_flag
1,,Female,North,Primary,Salaried,1077610.09,664785.7,Car,700.8,11,461,56.36,2024-08-15,0
2,,Female,East,Primary,Salaried,807240.03,564159.13,Business,687.7,10,364,56.32,2020-06-21,0
3,,Other,West,Primary,Self-Employed,663601.61,,Home,734.8,5,438,39.24,2020-12-19,0
4,56.0,Male,South,Graduate,Salaried,875676.45,40513.55,Car,574.6,5,300,26.34,2018-10-12,1
5,27.0,Other,South,Secondary,Salaried,459448.99,587944.74,Business,714.2,10,141,69.65,2025-08-31,1
6,45.0,Male,North,Graduate,Self-Employed,939802.92,740480.04,Education,631.7,3,355,37.56,2018-08-18,0
7,25.0,,South,Graduate,Unemployed,874233.92,980352.13,Other,639.6,6,457,87.74,2023-02-23,1
8,48.0,,South,Secondary,Unemployed,1102267.96,258065.9,Business,709.1,2,265,51.95,2018-07-12,0
9,59.0,Other,East,Graduate,Salaried,971015.59,495261.78,Education,496.8,0,353,71.26,2025-08-24,0
10,48.0,Male,East,Secondary,Salaried,554723.96,799989.54,Education,682.3,11,139,92.61,2020-01-02,1
11,69.0,Female,South,Primary,Salaried,1092081.58,926100.43,Other,762.5,7,14,19.51,2022-01-26,0
12,26.0,Other,West,Secondary,Self-Employed,501277.36,305680.07,Other,682.3,12,277,75.1,2019-06-10,0
13,59.0,Other,West,Primary,Salaried,516692.55,480097.96,Car,674.1,4,209,94.59,2025-04-15,1
14,25.0,Male,South,Primary,Salaried,500536.62,246323.3,Education,653.3,3,8,16.03,2025-01-28,0
15,25.0,Female,South,Primary,,458573.24,382057.8,Business,571.2,9,300,50.18,2023-04-22,1
16,43.0,Male,West,Graduate,Salaried,582638.98,10000.0,Car,703.3,10,339,93.65,2019-02-08,0
17,33.0,Male,North,Primary,Salaried,820105.66,653766.23,Car,670.5,1,231,78.68,2024-03-04,0
18,31.0,Female,West,Graduate,Self-Employed,923807.6,10000.0,Other,696.4,0,89,42.21,2022-05-19,0
19,63.0,Male,West,Secondary,Salaried,665690.16,257856.4,Other,770.3,8,36,73.58,2018-08-23,0
20,26.0,Male,North,Primary,Self-Employed,622896.28,485235.9,Other,691.0,3,211,20.19,2024-05-22,0
21,57.0,Male,North,Post-Graduate,Unemployed,50000.0,316680.49,Other,669.1,6,72,67.09,2021-05-13,1
22,27.0,Male,West,Graduate,Unemployed,483422.57,445032.03,Other,733.5,5,456,15.85,2020-09-27,1
23,21.0,Male,East,Graduate,Unemployed,511713.69,123451.28,Car,794.3,4,64,85.63,2024-03-16,0
24,66.0,Male,West,Graduate,Salaried,1072919.67,212675.74,Home,553.4,8,255,31.35,2018-07-28,1
25,42.0,Other,South,Primary,Self-Employed,756515.29,47168.51,Other,675.1,6,292,10.82,2018-11-05,0
26,56.0,Male,North,Graduate,Unemployed,320570.33,549419.44,Business,723.1,12,445,13.39,2022-01-05,1
27,60.0,Other,East,Post-Graduate,Unemployed,697754.37,10000.0,Car,745.6,2,456,45.05,2020-01-05,0
28,38.0,Female,East,Graduate,Salaried,1158844.9,326015.29,Car,614.5,0,444,50.01,2020-03-28,0
29,22.0,Other,East,Primary,Salaried,537980.93,187150.92,Education,789.3,5,333,53.3,2025-08-15,0
30,32.0,Female,North,Post-Graduate,Unemployed,918372.87,469455.93,Car,678.0,9,227,39.38,2021-07-08,0
31,37.0,Female,North,Graduate,Unemployed,1008692.31,473662.13,Education,717.1,11,382,67.0,2022-01-31,0
32,63.0,Other,South,Secondary,Self-Employed,271354.35,360088.48,Business,621.9,4,346,44.71,2022-07-07,1
33,64.0,Other,East,Post-Graduate,Self-Employed,697825.68,245416.95,Business,569.8,4,151,27.87,2024-07-03,0
34,64.0,Female,East,Primary,Salaried,1016237.44,10000.0,Education,705.3,12,381,24.42,2018-12-14,0
35,35.0,Other,South,Post-Graduate,Self-Employed,,267660.55,Business,775.7,12,42,48.71,2025-01-23,0
36,36.0,Male,South,Post-Graduate,Salaried,658445.31,198251.48,Other,543.3,12,458,19.06,2022-10-08,1
37,36.0,,West,Post-Graduate,Salaried,832542.78,336971.53,Business,596.0,8,309,36.97,2022-12-18,1
38,49.0,Male,East,Post-Graduate,Salaried,781354.73,406177.81,Education,779.7,12,403,54.31,2025-01-11,0
39,36.0,Female,West,Post-Graduate,,664182.69,617401.81,Car,712.8,11,83,70.05,2018-09-21,1
40,47.0,Female,West,Primary,Self-Employed,866222.21,474950.15,Education,512.1,0,443,84.86,2024-06-16,0
41,69.0,Male,East,Post-Graduate,Self-Employed,212708.78,735992.68,Home,,12,313,86.31,2023-06-23,1
42,45.0,Other,North,Post-Graduate,Unemployed,583772.66,290411.42,Other,615.7,2,435,49.73,2019-06-07,0
43,63.0,Female,West,Graduate,Self-Employed,1124212.73,460787.02,Education,658.2,6,172,27.99,2021-08-31,0
44,26.0,Male,North,Secondary,Salaried,722968.23,399498.69,Home,657.1,5,119,65.26,2025-04-23,0
45,60.0,Other,North,Secondary,Self-Employed,789704.7,,Home,634.8,11,136,75.19,2019-11-19,0
46,58.0,Male,South,Primary,Unemployed,617705.21,257285.74,Education,777.4,6,208,90.03,2020-03-23,0
47,64.0,Other,East,Primary,Self-Employed,576937.4,325085.5,Business,693.2,6,343,41.5,2023-09-04,0
48,27.0,Other,East,Post-Graduate,Self-Employed,428733.8,58537.41,Business,792.4,7,367,23.0,2019-12-23,0
49,67.0,Other,West,Graduate,Salaried,478795.11,278955.03,Business,731.9,7,129,73.79,2024-05-23,0
50,41.0,Other,South,Primary,Salaried,603116.45,505394.09,Business,801.6,5,148,84.83,2021-02-05,1
51,52.0,Other,South,Graduate,Unemployed,490802.88,337018.88,Other,661.9,0,52,35.01,2022-07-15,0
52,44.0,Female,East,Graduate,Salaried,382226.59,141736.2,Home,665.8,11,286,38.12,2023-02-02,0
53,67.0,Other,East,Primary,Salaried,753437.57,518037.72,Education,683.4,3,383,51.16,2024-08-11,0
54,35.0,Other,East,Secondary,Unemployed,508585.74,,Business,784.0,2,145,13.87,2018-08-12,0
55,27.0,Male,North,Post-Graduate,Self-Employed,973150.66,165756.65,Home,638.4,0,134,89.99,2023-05-11,0
56,57.0,Male,West,Secondary,Unemployed,769980.01,534129.69,Business,693.2,9,490,35.83,2020-10-13,0
57,49.0,Male,South,Graduate,Unemployed,911522.58,285798.83,Home,598.2,0,317,91.61,2019-02-11,0
58,31.0,Female,North,Secondary,Self-Employed,868223.08,261840.6,Education,666.9,6,235,68.6,2023-04-09,0
59,65.0,Female,North,Secondary,Unemployed,773267.3,325823.44,Car,668.7,9,343,78.33,2020-03-21,0
60,38.0,Female,West,Primary,Self-Employed,,535688.52,Education,698.3,4,309,73.66,2024-05-20,0
61,65.0,Male,North,Secondary,Unemployed,504315.16,514594.97,Other,592.6,6,381,37.4,2020-10-22,1
62,58.0,Other,West,Graduate,Salaried,854390.23,773428.79,Other,679.7,4,300,13.42,2019-12-19,1
63,,Female,West,Graduate,Unemployed,468837.67,182093.07,Business,643.6,10,58,82.91,2021-09-12,0
64,69.0,Other,North,Post-Graduate,Self-Employed,920566.12,191428.45,Home,697.0,5,64,92.47,2022-07-14,0
65,33.0,Other,West,Primary,Salaried,283979.61,359653.19,Other,658.7,4,286,21.14,2021-03-25,1
66,36.0,Female,North,Secondary,Self-Employed,734785.46,384546.29,Education,690.8,6,52,29.1,2019-04-10,0
67,53.0,Other,South,Primary,Self-Employed,,151020.44,Business,603.8,2,201,26.2,2024-09-21,0
68,42.0,Other,West,Secondary,Self-Employed,757557.13,10000.0,Other,673.7,4,376,35.38,2024-08-01,0
69,51.0,Female,North,Graduate,Unemployed,486089.6,661860.77,Business,620.7,3,362,30.3,2022-04-18,1
70,66.0,Female,North,Secondary,Unemployed,773206.39,10000.0,Other,,12,425,65.42,2019-09-16,0
71,,Male,North,Post-Graduate,Self-Employed,1117316.19,28269.27,Education,603.7,11,78,44.85,2025-05-05,1
72,60.0,Other,West,Primary,Unemployed,646186.26,112468.94,Home,569.4,10,444,55.36,2021-07-21,1
73,36.0,Female,South,Graduate,Salaried,240974.89,10000.0,Home,678.5,1,394,63.87,2019-02-16,0
74,41.0,Male,South,Secondary,Salaried,380003.65,334785.01,Other,745.3,2,130,55.15,2024-05-07,1
75,45.0,Female,East,Secondary,Salaried,537381.56,273205.89,Business,728.4,4,240,31.7,2018-02-08,0
76,43.0,Male,West,Post-Graduate,,961168.87,205640.6,Car,850.0,11,133,48.83,2021-05-22,0
77,45.0,Other,North,Post-Graduate,Self-Employed,347033.09,257223.41,Car,625.8,10,207,33.33,2024-05-07,0
78,59.0,Other,South,Primary,Unemployed,,431419.99,Home,724.6,4,352,74.22,2025-05-24,0
79,40.0,Male,East,Graduate,Salaried,718774.55,336778.58,Education,784.1,5,387,45.32,2020-04-02,0
80,51.0,Male,South,Post-Graduate,,1183483.52,258571.95,Education,815.9,12,63,49.81,2018-11-05,0
81,26.0,Female,North,Secondary,Self-Employed,712699.81,359502.47,Home,579.6,10,139,59.69,2025-02-28,1
82,60.0,Other,East,Post-Graduate,Salaried,825692.82,10000.0,Car,621.5,3,336,15.37,2023-03-17,0
83,23.0,Other,West,Secondary,Self-Employed,941160.4,329441.77,Home,799.8,2,203,48.56,2025-07-09,0
84,52.0,Male,East,Primary,Unemployed,1059420.86,587859.57,Education,658.8,11,194,28.47,2022-12-27,0
85,55.0,Other,North,Primary,Self-Employed,1051901.27,191679.25,Car,650.2,7,51,66.34,2025-03-13,0
86,29.0,Female,South,Primary,Self-Employed,,530678.8,Car,806.6,8,111,59.84,2020-08-12,0
87,29.0,Male,East,Primary,Salaried,180054.62,,Business,704.9,5,409,77.02,2024-08-08,1
88,54.0,Other,North,Graduate,,581320.89,651196.94,Home,709.7,5,267,60.46,2023-01-26,1
89,24.0,Other,South,Primary,Salaried,1281585.78,395696.31,Education,766.0,7,42,86.44,2021-08-12,0
90,60.0,Other,West,Primary,Unemployed,997197.53,188424.89,Home,661.4,9,276,35.07,2023-09-02,0
91,62.0,Female,West,Primary,Self-Employed,400541.88,52332.62,Business,696.7,3,216,38.81,2023-02-01,0
92,,Male,West,Primary,Unemployed,1020907.88,298704.15,Education,708.6,7,39,17.75,2018-12-16,0
93,29.0,Other,North,Graduate,Unemployed,326070.6,284773.17,Education,662.8,5,452,66.55,2022-09-29,0
94,43.0,Other,East,Primary,Self-Employed,834404.7,255200.57,Other,678.1,7,119,82.02,2021-12-05,0
95,35.0,Other,East,Primary,Salaried,903870.95,,Education,720.2,10,290,12.23,2025-05-18,0
96,65.0,Male,North,Primary,Unemployed,323951.77,604792.2,Other,649.2,2,450,22.18,2025-05-16,1
97,34.0,Other,North,Primary,Self-Employed,465009.71,592907.87,Business,656.6,9,310,17.22,2018-08-04,1
98,63.0,Female,North,Graduate,Unemployed,945999.1,197796.53,Other,634.9,3,391,53.55,2021-11-14,0
99,52.0,Female,East,Primary,Salaried,446038.18,363838.74,Business,703.4,3,159,90.35,2019-07-17,0
100,68.0,Male,West,Primary,Self-Employed,690173.85,612212.64,Home,742.6,3,261,57.49,2025-06-29,0
101,50.0,Female,South,Post-Graduate,Unemployed,,163443.51,Education,581.4,6,153,19.79,2018-03-27,1
102,26.0,Male,East,Secondary,Salaried,,610414.94,Other,726.2,6,273,16.69,2021-06-24,0
103,61.0,Male,East,Secondary,Salaried,970215.71,596088.21,Other,614.0,10,422,22.55,2019-02-26,1
104,30.0,Other,West,Graduate,Unemployed,1092413.95,312663.42,Education,643.8,12,326,52.0,2024-04-28,0
105,30.0,Male,East,Graduate,Salaried,386377.97,503927.26,Home,706.9,5,264,16.31,2023-03-07,1
106,60.0,Other,South,Graduate,Unemployed,315498.99,153587.54,Business,741.2,12,383,86.15,2023-01-17,0
107,53.0,Male,South,Post-Graduate,Self-Employed,762553.73,472570.63,Other,731.7,11,48,52.89,2019-12-08,0
108,54.0,,North,Graduate,Salaried,537024.87,33208.34,Education,798.1,6,214,75.83,2025-08-12,0
109,27.0,Other,South,Graduate,Self-Employed,422868.13,311964.86,Business,787.7,9,452,22.78,2018-11-30,0
110,29.0,Other,North,Post-Graduate,Unemployed,77629.0,599069.57,Education,657.1,6,334,77.29,2019-06-08,1
111,22.0,Male,North,Graduate,Unemployed,577066.65,519798.11,Car,756.5,3,75,23.17,2021-04-26,0
112,59.0,Male,West,Graduate,Unemployed,588189.25,647093.66,Car,792.5,12,324,78.77,2019-11-10,0
113,49.0,Female,West,Post-Graduate,Self-Employed,314969.57,132534.43,Business,685.2,12,406,49.87,2020-03-05,0
114,53.0,Female,East,Primary,Unemployed,920695.27,850354.09,Other,652.9,12,314,21.76,2020-10-21,1
115,28.0,Female,North,Post-Graduate,Salaried,588735.61,814036.8,Business,712.7,6,51,90.45,2020-06-28,0
116,53.0,Other,East,Secondary,,605058.67,322124.3,Home,698.9,3,19,37.09,2019-02-10,0
117,,Female,South,Secondary,Unemployed,994603.23,259755.39,Other,684.4,9,7,87.0,2018-03-19,0
118,54.0,Female,North,Primary,Self-Employed,362917.27,430149.31,Other,629.1,1,29,30.27,2025-03-02,0
119,55.0,Male,North,Graduate,Salaried,1059170.06,431018.83,Other,726.0,9,185,30.45,2022-09-03,0
120,55.0,Female,East,Graduate,Unemployed,949290.84,716907.5,Home,,6,452,49.96,2025-02-16,0
121,43.0,Female,East,Secondary,Unemployed,766119.76,176804.28,Business,,11,392,38.26,2018-07-01,1
122,65.0,Male,South,Primary,Self-Employed,328117.67,455545.19,Education,714.3,11,402,90.21,2018-06-01,1
123,53.0,Female,East,Primary,Self-Employed,257490.09,674257.1,Business,778.3,4,187,83.28,2018-07-15,0
124,46.0,Other,East,Primary,Unemployed,798725.9,594970.41,Business,637.5,2,259,68.83,2022-02-13,0
125,26.0,Female,South,Post-Graduate,Self-Employed,50000.0,744335.12,Business,671.2,5,343,35.13,2023-01-01,1
126,23.0,Other,West,Graduate,Unemployed,834344.73,693441.43,Car,629.0,6,145,64.35,2018-08-23,1
127,22.0,Other,North,Secondary,Unemployed,955994.71,667238.35,Business,705.5,12,335,41.14,2022-04-18,0
128,44.0,Female,South,Primary,Salaried,724278.5,426816.98,Car,,8,192,43.83,2025-04-14,1
129,52.0,Male,North,Post-Graduate,Salaried,50000.0,338449.42,Business,697.1,3,318,34.27,2023-07-05,1
130,26.0,,South,Secondary,Self-Employed,237608.11,1118853.73,Other,638.4,10,182,70.31,2024-03-02,1
131,35.0,Male,North,Primary,Self-Employed,845313.48,515682.01,Business,684.1,8,298,41.36,2024-03-09,0
132,66.0,Other,North,Post-Graduate,Self-Employed,632974.2,10000.0,Other,660.7,9,42,20.65,2021-07-22,0
133,,Male,South,Graduate,,1090277.77,739153.7,Car,578.1,2,226,52.74,2018-08-15,0
134,41.0,Other,East,Secondary,Unemployed,431354.12,493168.42,Education,,8,463,34.14,2018-11-20,1
135,60.0,Other,North,Primary,Salaried,353279.39,338310.61,Home,717.8,10,324,71.25,2024-10-14,1
136,62.0,Female,East,Graduate,Self-Employed,637719.49,384181.14,Car,728.0,9,218,62.54,2018-05-05,0
137,,Other,East,Graduate,Self-Employed,425954.85,552919.65,Car,719.6,7,109,38.92,2019-08-12,1
138,69.0,Male,North,Primary,Self-Employed,960525.06,197047.98,Business,656.8,7,67,32.74,2020-10-12,0
139,60.0,Other,West,Post-Graduate,Self-Employed,50000.0,715429.9,Business,743.3,11,165,26.14,2019-10-15,1
140,22.0,Female,West,Graduate,Unemployed,55876.57,183504.07,Home,728.1,3,115,59.58,2018-07-19,1
141,27.0,Female,North,Post-Graduate,Unemployed,136769.18,617530.79,Business,685.8,6,31,58.47,2020-03-08,1
142,69.0,Female,East,Graduate,Unemployed,414711.95,559192.84,Education,592.9,9,65,20.94,2019-02-01,1
143,69.0,Female,South,Secondary,Self-Employed,951229.98,667352.74,Other,699.1,11,175,78.34,2023-10-29,0
144,41.0,Other,East,Post-Graduate,Salaried,721151.56,809235.63,Education,673.2,4,308,38.59,2023-09-19,1
145,42.0,,South,Primary,Unemployed,313690.93,10000.0,Business,712.6,11,327,12.27,2023-04-28,0
146,31.0,Male,North,Secondary,Salaried,238385.7,322287.67,Business,561.1,6,80,79.84,2020-09-19,1
147,41.0,Other,South,Secondary,Unemployed,429808.27,526039.23,Education,583.8,7,451,82.11,2018-09-13,1
148,63.0,Female,East,Post-Graduate,Salaried,695284.05,10000.0,Car,802.6,7,472,55.32,2024-02-16,0
149,38.0,,East,Graduate,Self-Employed,499977.94,336311.85,Home,663.0,3,358,69.92,2021-07-22,0
150,57.0,Female,North,Graduate,Unemployed,936775.88,10000.0,Home,,5,493,75.71,2019-08-23,0
151,43.0,Male,North,Secondary,Salaried,1089240.79,232176.03,Home,709.5,4,482,57.77,2021-01-17,0
152,63.0,Male,South,Primary,Unemployed,1248498.77,427715.54,Car,730.4,1,216,38.07,2023-04-19,0
153,47.0,Male,South,Primary,Salaried,345572.62,10000.0,Business,611.2,4,169,34.26,2018-08-31,0
154,32.0,Male,East,Primary,Self-Employed,291396.65,863200.57,Education,710.1,12,258,25.84,2021-03-31,0
155,50.0,Female,South,Post-Graduate,Unemployed,1074714.05,378579.68,Education,806.6,7,144,26.39,2019-04-07,0
156,66.0,Other,West,Post-Graduate,Unemployed,479565.07,362862.83,Education,556.6,9,350,74.37,2019-12-20,1
157,26.0,Female,East,Graduate,Unemployed,,465322.12,Other,517.6,0,138,42.6,2023-01-04,0
158,21.0,Female,East,Primary,Unemployed,799264.09,283386.59,Education,719.7,10,65,49.56,2019-10-17,0
159,44.0,Female,South,Secondary,Unemployed,541396.72,284028.66,Other,746.4,9,196,45.35,2024-02-28,0
160,26.0,Other,South,Secondary,Salaried,1108590.31,166774.17,Education,668.3,9,62,15.25,2024-02-22,0
161,54.0,Other,West,Post-Graduate,Unemployed,276853.93,534916.96,Home,530.5,7,419,14.73,2019-06-25,1
162,56.0,Other,North,Primary,Self-Employed,745045.91,540273.98,Education,574.9,6,135,79.4,2020-06-11,1
163,65.0,Other,West,Graduate,,1585439.28,712500.11,Business,828.0,0,151,44.75,2019-07-09,0
164,45.0,Male,South,Post-Graduate,Unemployed,993730.07,248999.29,Car,586.0,8,73,65.55,2021-11-25,1
165,67.0,Male,South,Post-Graduate,Self-Employed,1264245.92,336766.51,Car,757.3,11,283,46.05,2022-04-03,0
166,38.0,Male,South,Secondary,Salaried,654925.3,701460.05,Home,595.8,0,419,66.12,2024-11-23,0
167,59.0,Male,South,Graduate,Salaried,1095916.09,470655.35,Other,789.6,6,229,29.92,2020-06-08,0
168,41.0,Other,South,Post-Graduate,Self-Employed,848379.27,465173.73,Education,552.0,3,159,84.48,2025-05-28,0
169,24.0,Other,West,Graduate,Unemployed,323704.59,283265.42,Business,727.8,8,258,13.99,2021-11-11,0
170,47.0,Other,South,Post-Graduate,Salaried,1102997.72,101056.06,Other,762.2,7,128,82.19,2021-05-16,0
171,47.0,Male,South,Primary,Self-Employed,1075157.02,335843.32,Business,682.1,10,45,88.39,2022-02-28,0
172,64.0,Other,South,Post-Graduate,Salaried,902078.81,494206.12,Education,686.7,12,394,59.94,2025-07-13,0
173,40.0,Other,South,Post-Graduate,Salaried,750827.98,388275.04,Other,714.0,12,250,87.73,2024-10-11,0
174,41.0,Female,West,Primary,Unemployed,664626.18,174023.5,Business,738.9,5,162,32.23,2023-10-02,0
175,69.0,Other,West,Graduate,Salaried,1055408.7,10000.0,Car,602.8,3,384,22.4,2020-12-04,0
176,42.0,Female,West,Post-Graduate,Self-Employed,898596.34,230011.82,Car,657.7,8,340,90.19,2021-10-14,0
177,67.0,Male,North,Primary,Salaried,750945.34,253786.87,Business,524.3,8,333,91.37,2023-11-17,1
178,29.0,Male,West,Post-Graduate,,749080.04,445604.71,Home,789.0,0,116,52.99,2022-03-09,0
179,55.0,Female,South,Primary,Salaried,656093.41,387692.41,Other,650.1,0,262,79.12,2025-07-23,0
180,30.0,Female,West,Post-Graduate,,1516352.12,260810.93,Car,,5,141,77.57,2018-11-20,0
181,65.0,Female,West,Primary,Unemployed,768816.01,775139.25,Home,601.3,12,21,17.95,2022-04-03,1
182,65.0,Other,North,Secondary,Salaried,212221.0,133307.03,Other,680.1,12,174,58.1,2019-01-26,0
183,51.0,Male,South,Post-Graduate,Salaried,609954.89,962813.76,Education,663.4,10,21,25.25,2021-07-12,1
184,,Other,South,Primary,Unemployed,1068636.9,10000.0,Education,624.6,10,464,55.95,2022-04-22,0
185,24.0,Male,East,Post-Graduate,Self-Employed,878254.34,504658.64,Car,603.8,9,208,92.36,2021-08-29,1
186,43.0,Female,South,Primary,Salaried,445994.02,286373.58,Education,711.6,9,343,42.31,2024-12-08,0
187,30.0,Female,North,Secondary,Salaried,317201.64,699559.68,Car,629.1,1,7,90.15,2022-12-27,1
188,48.0,Other,East,Post-Graduate,Salaried,881404.36,158985.08,Education,655.8,0,50,40.08,2019-01-17,0
189,47.0,Male,South,Graduate,Self-Employed,,468158.37,Education,840.3,9,271,24.41,2022-04-09,0
190,52.0,Male,West,Secondary,Self-Employed,234525.42,499862.13,Home,728.8,4,252,76.53,2022-01-19,1
191,29.0,Other,South,Graduate,Self-Employed,453703.55,973962.47,Other,588.0,5,230,38.45,2025-04-20,1
192,65.0,Female,South,Graduate,Self-Employed,328725.36,,Education,846.4,5,154,72.46,2025-02-05,0
193,46.0,Male,West,Graduate,Unemployed,239844.01,834868.17,Home,724.1,12,286,12.29,2023-03-06,0
194,47.0,Female,North,Post-Graduate,Unemployed,696752.92,536197.12,Business,725.6,4,342,23.1,2022-09-30,0
195,58.0,,North,Secondary,Unemployed,410448.66,573451.38,Education,648.6,12,500,40.56,2024-01-09,1
196,31.0,Female,North,Primary,Salaried,349147.63,,Education,735.1,10,336,43.97,2021-09-20,0
197,35.0,Other,South,Graduate,Salaried,,379731.34,Business,612.3,6,242,75.65,2024-08-07,1
198,27.0,Male,West,Graduate,Self-Employed,551598.72,493000.39,Home,,11,77,39.61,2021-11-06,1
199,49.0,Other,South,Secondary,Unemployed,642359.25,129852.29,Car,785.9,0,439,39.16,2019-03-24,0
200,56.0,Male,West,Post-Graduate,Salaried,830932.72,10000.0,Other,615.2,3,413,44.43,2020-01-26,0
201,,Male,South,Graduate,Self-Employed,2387715.95,482528.01,Car,692.4,11,419,77.66,2024-06-22,0
202,50.0,Female,North,Graduate,Self-Employed,936413.08,261460.87,Business,608.7,10,165,60.74,2024-11-08,1
203,60.0,Male,East,Secondary,Unemployed,909993.63,730645.66,Business,761.6,10,73,36.62,2020-09-04,1
204,47.0,Male,South,Post-Graduate,Self-Employed,504060.71,166235.43,Car,646.7,7,330,55.68,2025-03-27,0
205,32.0,Female,West,Post-Graduate,Self-Employed,570317.14,651551.99,Business,673.9,2,104,79.29,2024-04-19,1
206,52.0,Other,East,Secondary,,732238.7,10000.0,Other,630.2,3,154,12.78,2020-07-09,0
207,68.0,Male,West,Secondary,Self-Employed,749537.44,110564.25,Home,630.4,8,426,94.23,2024-01-30,0
208,68.0,Female,North,Secondary,Salaried,595486.3,401776.84,Other,621.2,0,235,32.34,2018-12-23,0
209,65.0,Other,East,Secondary,Self-Employed,420739.91,717651.72,Education,699.3,3,421,27.59,2018-09-01,1
210,39.0,Female,South,Secondary,Salaried,841916.18,687158.53,Car,655.2,10,422,18.09,2022-08-13,0
211,66.0,Other,North,Post-Graduate,Unemployed,600971.38,569538.17,Education,649.7,10,142,63.36,2022-03-17,1
212,65.0,Other,West,Graduate,Salaried,803715.54,10000.0,Other,805.7,5,302,10.21,2019-01-17,0
213,46.0,Female,North,Primary,Salaried,763823.24,659533.94,Business,,5,285,59.12,2024-05-07,0
214,22.0,Other,East,Secondary,Self-Employed,1259395.48,568859.22,Home,621.1,0,495,46.36,2019-06-25,0
215,62.0,Female,North,Primary,Salaried,620423.17,479714.88,Car,666.5,10,161,71.71,2020-08-17,0
216,51.0,,West,Secondary,Self-Employed,621244.8,148275.1,Home,632.9,7,9,10.69,2021-11-08,0
217,35.0,Other,South,Primary,Unemployed,339375.18,671491.99,Other,624.0,2,200,75.74,2019-06-30,1
218,21.0,Other,West,Secondary,Salaried,1270588.13,519483.51,Home,735.9,3,326,73.6,2022-08-14,0
219,,Male,East,Primary,Unemployed,706152.11,,Education,739.2,2,131,33.54,2018-12-12,0
220,34.0,Female,West,Primary,Salaried,640331.49,10000.0,Business,673.1,4,335,14.64,2020-09-07,0
221,,Female,East,Secondary,Self-Employed,394447.89,229447.52,Home,,2,203,83.17,2024-05-17,0
222,22.0,,West,Post-Graduate,Unemployed,642427.43,573636.71,Business,684.2,0,490,77.09,2023-09-07,1
223,26.0,Female,North,Graduate,Unemployed,463441.42,160063.55,Business,704.6,3,418,23.21,2021-08-31,0
224,67.0,Male,East,Secondary,Salaried,761037.89,413353.44,Home,732.3,6,64,48.54,2024-10-29,0
225,66.0,Other,East,Primary,Salaried,729501.73,428679.75,Education,631.8,11,137,24.19,2019-06-04,0
226,48.0,Other,East,Primary,Self-Employed,997242.39,763283.24,Other,723.2,9,326,16.55,2023-02-08,0
227,31.0,,South,Primary,Self-Employed,544838.38,541763.96,Education,579.7,3,384,53.25,2018-06-30,0
228,45.0,Female,South,Post-Graduate,Unemployed,484765.9,674185.98,Education,840.4,0,288,78.26,2025-05-09,1
229,38.0,Female,North,Post-Graduate,Self-Employed,879499.68,110917.89,Education,669.3,3,416,53.84,2018-07-08,0
230,41.0,Male,West,Graduate,Unemployed,612542.34,168928.81,Business,698.0,4,293,76.68,2024-12-25,0
231,70.0,Other,North,Graduate,Salaried,778886.68,10000.0,Business,691.4,6,17,29.8,2021-11-19,0
232,68.0,Male,East,Primary,Salaried,535714.04,643917.62,Car,732.3,3,219,51.82,2018-09-03,0
233,54.0,Other,North,Post-Graduate,Unemployed,155098.76,676082.74,Car,678.8,8,73,64.16,2022-06-04,1
234,36.0,Female,West,Graduate,Salaried,304458.07,738007.8,Home,551.3,6,363,80.71,2021-08-29,1
235,33.0,Male,West,Graduate,Self-Employed,1037506.28,723550.15,Education,740.2,5,213,20.26,2022-01-07,0
236,28.0,Female,South,Primary,Unemployed,901994.77,475386.77,Car,624.2,11,361,61.28,2020-05-30,0
237,43.0,Male,North,Post-Graduate,Salaried,624444.34,448055.34,Car,698.4,6,442,48.44,2024-03-03,0
238,28.0,Other,North,Graduate,,3193636.1,744206.12,Home,505.7,2,106,80.01,2022-03-05,0
239,25.0,Other,West,Post-Graduate,Self-Employed,,741040.07,Home,793.7,12,174,20.41,2023-03-04,1
240,45.0,Male,South,Graduate,Self-Employed,1017709.54,481039.36,Business,723.1,2,145,33.79,2019-09-01,0
241,56.0,Male,West,Graduate,Self-Employed,572561.42,414073.49,Other,592.2,12,274,31.18,2024-02-05,1
242,52.0,Male,North,Graduate,Salaried,909148.79,198238.59,Business,655.3,4,97,12.22,2024-09-11,0
243,54.0,Male,West,Graduate,Salaried,451705.72,,Car,708.4,3,141,55.36,2018-08-18,0
244,36.0,Other,South,Secondary,Self-Employed,890892.12,,Other,578.4,9,19,69.79,2021-12-11,1
245,40.0,Male,South,Graduate,Unemployed,737632.35,462084.01,Car,668.7,7,5,38.2,2024-11-20,0
246,41.0,Male,East,Post-Graduate,Unemployed,664112.3,634031.49,Home,767.5,2,401,19.43,2023-11-26,0
247,42.0,Other,East,Secondary,Unemployed,648073.11,528318.65,Other,797.6,7,337,36.97,2024-04-20,1
248,32.0,Female,North,Secondary,,,379035.1,Education,,2,378,10.15,2024-06-04,0
249,,Male,East,Post-Graduate,Salaried,770445.8,717432.06,Education,,3,182,93.5,2019-11-19,1
250,34.0,Female,West,Secondary,Self-Employed,1083601.45,575342.15,Business,702.3,1,373,10.11,2022-04-30,0
251,45.0,Male,East,Primary,Self-Employed,527118.28,595100.92,Education,702.2,12,356,29.17,2023-01-23,1
252,27.0,Other,West,Primary,Self-Employed,317506.71,516720.3,Car,739.5,11,43,56.5,2019-01-17,1
253,59.0,Female,East,Graduate,Salaried,834972.12,306657.05,Home,692.5,11,288,71.37,2024-01-22,0
254,24.0,Female,West,Secondary,Salaried,887200.86,123511.29,Home,655.0,0,189,10.32,2018-12-25,0
255,34.0,Female,North,Post-Graduate,Salaried,818916.66,582511.25,Education,,6,246,51.57,2025-05-31,0
256,45.0,,North,Secondary,Unemployed,485823.05,215795.56,Home,698.3,7,139,29.23,2021-01-05,0
257,26.0,Female,West,Secondary,Self-Employed,431798.29,10000.0,Education,682.0,0,435,42.9,2023-11-11,0
258,26.0,Other,South,Primary,Self-Employed,,440389.04,Car,665.2,9,466,53.93,2024-05-29,1
259,31.0,Male,East,Graduate,Unemployed,1237096.3,320913.24,Home,495.0,6,108,94.77,2025-01-13,1
260,26.0,Other,West,Primary,Self-Employed,1114271.13,222492.26,Car,717.4,4,271,48.94,2018-02-20,0
261,30.0,,West,Graduate,Self-Employed,337603.2,265707.47,Business,706.7,12,56,76.79,2024-01-03,0
262,57.0,Male,West,Graduate,Unemployed,783470.33,595137.82,Car,693.1,2,321,61.74,2022-07-04,0
263,24.0,Other,North,Secondary,Salaried,681958.8,10000.0,Education,808.0,4,164,33.83,2023-07-07,0
264,68.0,Female,South,Post-Graduate,Unemployed,770141.75,490842.73,Business,630.7,6,314,64.87,2020-02-09,0
265,69.0,Male,South,Secondary,Salaried,411236.71,374960.71,Home,,11,264,44.29,2023-11-18,0
266,36.0,Other,North,Primary,Salaried,593206.75,624519.84,Education,700.7,3,145,41.31,2023-03-17,1
267,,Female,North,Post-Graduate,Salaried,544213.74,312908.96,Car,624.5,2,433,86.03,2019-01-06,0
268,57.0,Female,North,Primary,Self-Employed,555491.79,439316.24,Car,728.3,3,351,27.57,2025-04-22,0
269,62.0,Female,West,Graduate,Self-Employed,950096.52,797850.62,Education,549.8,11,500,70.3,2021-02-01,1
270,34.0,Other,East,Graduate,Self-Employed,248050.31,194083.74,Home,562.9,6,304,18.7,2023-09-27,1
271,51.0,Male,South,Secondary,Salaried,1524266.7,691303.06,Other,715.1,11,492,85.85,2021-05-08,0
272,46.0,Female,West,Post-Graduate,Unemployed,521560.23,231569.66,Home,578.5,10,259,94.78,2020-11-28,1
273,58.0,Female,East,Secondary,Unemployed,598210.96,85522.24,Other,672.7,8,331,76.72,2025-07-14,0
274,32.0,Other,East,Primary,Salaried,489539.69,,Education,701.0,11,418,57.52,2020-01-20,0
275,35.0,Male,North,Post-Graduate,Salaried,690653.53,186001.45,Other,653.4,4,242,82.35,2023-04-12,0
276,28.0,,East,Post-Graduate,Unemployed,903329.61,245082.77,Business,719.9,0,450,82.61,2019-07-17,0
277,30.0,Male,South,Secondary,Self-Employed,507254.89,762495.11,Home,581.5,2,165,63.93,2018-01-20,1
278,29.0,Male,East,Primary,Self-Employed,733023.66,230163.04,Other,627.1,7,201,10.4,2023-12-27,0
279,33.0,Other,East,Secondary,Salaried,727100.53,402553.06,Home,701.3,4,71,18.73,2023-08-24,0
280,40.0,Female,West,Graduate,Salaried,1307334.29,108524.45,Car,703.2,8,177,46.86,2019-07-03,0
281,46.0,Male,West,Graduate,Unemployed,912287.57,421360.72,Other,683.6,8,91,20.47,2025-04-18,0
282,24.0,Female,West,Primary,Unemployed,761284.26,514202.19,Education,689.9,0,29,68.63,2022-09-04,0
283,51.0,Other,South,Post-Graduate,Salaried,639395.4,238123.97,Other,753.0,1,344,54.23,2024-12-25,0
284,67.0,Other,South,Graduate,Unemployed,718321.12,310585.64,Business,800.1,7,106,61.77,2020-12-13,0
285,39.0,Male,West,Secondary,Salaried,901866.51,666456.08,Other,649.7,3,6,11.08,2018-12-31,0
286,25.0,Male,North,Secondary,Salaried,382143.9,554583.07,Education,712.0,3,238,94.04,2021-04-27,1
287,44.0,Other,South,Graduate,Self-Employed,782758.3,194772.96,Business,777.6,0,9,82.42,2025-06-10,0
288,60.0,Female,East,Post-Graduate,Unemployed,984133.97,374366.14,Business,612.8,5,98,19.68,2022-06-28,1
289,47.0,Female,West,Secondary,Unemployed,382010.46,40774.99,Business,671.9,2,58,45.36,2024-08-16,0
290,70.0,,West,Primary,Salaried,601608.78,773510.54,Education,699.1,11,461,21.11,2023-06-23,1
291,62.0,Other,North,Post-Graduate,Unemployed,516003.44,759032.61,Car,690.1,9,119,93.12,2025-07-06,0
292,51.0,Male,South,Post-Graduate,Self-Employed,309039.02,289901.67,Car,,8,461,93.96,2018-08-12,1
293,25.0,Male,West,Post-Graduate,Unemployed,,180180.82,Business,665.3,8,334,42.18,2020-08-20,0
294,26.0,Female,West,Primary,Unemployed,1051192.46,281206.31,Other,691.5,7,386,65.54,2019-02-25,0
295,21.0,Female,East,Primary,Salaried,943978.5,10000.0,Business,584.5,8,110,65.64,2023-02-12,1
296,42.0,Other,South,Primary,Self-Employed,220489.62,193391.97,Education,625.8,10,191,70.85,2019-04-13,1
297,61.0,Male,East,Secondary,Salaried,943103.63,353959.1,Home,673.6,2,257,21.94,2022-08-04,0
298,46.0,Other,North,Post-Graduate,Self-Employed,612288.57,473399.82,Other,639.4,5,60,74.36,2018-07-10,0
299,53.0,Other,South,Secondary,Salaried,933800.26,619979.06,Business,836.2,9,252,88.57,2019-12-27,0
300,63.0,Female,West,Graduate,Self-Employed,910941.69,619249.8,Business,624.3,6,219,93.26,2020-10-13,0
301,29.0,Other,South,Secondary,Salaried,963336.17,659173.36,Other,545.7,8,445,36.68,2024-03-17,1
302,66.0,,East,Primary,Self-Employed,655442.8,189505.24,Other,766.4,11,337,92.89,2019-12-30,0
303,51.0,Male,North,Primary,Self-Employed,77555.32,102812.14,Car,612.1,8,151,84.59,2022-09-27,1
304,24.0,Other,East,Secondary,Unemployed,135220.58,528913.89,Home,790.9,2,151,68.09,2019-08-23,0
305,43.0,Other,East,Primary,Self-Employed,754619.64,293026.89,Business,670.8,11,336,57.71,2020-08-31,0
306,47.0,Female,South,Graduate,Unemployed,101111.55,613989.46,Other,670.8,8,32,11.1,2020-10-26,1
307,68.0,Other,North,Post-Graduate,Salaried,286663.32,138367.29,Business,668.0,10,43,25.89,2019-12-13,0
308,,Male,South,Graduate,Unemployed,880324.87,626555.06,Home,747.6,4,7,38.1,2019-09-27,0
309,70.0,Other,South,Secondary,Unemployed,1077964.91,257503.7,Home,588.9,5,42,76.64,2021-07-25,1
310,53.0,Female,East,Graduate,Self-Employed,723212.07,155151.4,Car,661.0,5,118,85.09,2025-06-10,0
311,69.0,Other,South,Primary,Unemployed,449287.94,208009.75,Education,681.4,1,347,39.41,2020-09-11,0
312,45.0,Female,West,Post-Graduate,Salaried,265748.34,632268.74,Education,656.6,8,375,34.04,2023-10-19,0
313,62.0,Other,South,Post-Graduate,Salaried,827342.18,680900.55,Car,766.9,8,278,10.62,2018-09-26,1
314,55.0,Other,South,Primary,,1351734.39,697296.94,Education,600.5,6,336,79.42,2018-10-23,1
315,23.0,Female,West,Post-Graduate,Self-Employed,785441.55,443645.07,Home,594.5,3,471,31.99,2022-05-09,0
316,45.0,Male,North,Graduate,Unemployed,559938.12,50489.74,Home,658.2,9,37,74.26,2024-07-26,0
317,39.0,,South,Secondary,,758366.01,193941.49,Business,,6,425,66.16,2023-04-26,0
318,55.0,Male,South,Primary,Salaried,379577.7,259964.19,Home,,12,448,71.99,2022-03-09,0
319,57.0,Other,South,Secondary,Salaried,394207.67,222918.63,Car,640.8,11,181,28.0,2025-03-30,0
320,60.0,Female,North,Graduate,Unemployed,1169174.92,454203.17,Home,721.6,12,295,82.44,2024-02-27,0
321,37.0,Male,South,Graduate,Self-Employed,,632628.12,Business,662.2,10,125,18.5,2024-12-12,0
322,42.0,Female,South,Primary,Self-Employed,837310.82,286492.89,Car,767.1,9,295,40.98,2021-07-19,0
323,35.0,Female,East,Post-Graduate,Unemployed,598987.87,52275.72,Home,612.9,5,454,50.8,2022-12-30,1
324,,Other,North,Primary,Salaried,1049677.35,576580.19,Other,708.0,2,461,55.78,2020-12-14,0
325,61.0,Female,South,Graduate,Self-Employed,1088598.96,464296.33,Car,551.4,8,138,56.19,2024-01-20,1
326,70.0,Other,South,Secondary,Unemployed,350071.21,483586.45,Car,650.7,8,266,17.7,2022-01-30,1
327,,Male,West,Secondary,Salaried,909395.97,672016.0,Education,707.3,11,252,89.83,2018-06-15,0
328,44.0,Male,North,Graduate,Salaried,578647.48,252170.26,Other,606.3,12,189,42.99,2023-02-06,1
329,61.0,,East,Post-Graduate,Salaried,973191.07,10000.0,Other,638.4,10,198,41.05,2025-04-30,0
330,46.0,Female,South,Secondary,Salaried,649000.3,594655.37,Other,620.3,7,459,61.36,2023-08-18,0
331,62.0,Other,North,Post-Graduate,Unemployed,667068.26,539989.65,Business,576.6,10,122,45.24,2021-09-14,1
332,51.0,Male,North,Secondary,Salaried,369391.16,650459.12,Car,792.4,0,129,13.67,2024-06-07,1
333,37.0,Male,South,Post-Graduate,Unemployed,1019640.85,258851.87,Business,777.9,11,377,66.25,2021-03-07,0
334,51.0,Other,East,Secondary,Unemployed,617909.71,563905.42,Education,597.0,12,303,79.74,2020-01-15,1
335,50.0,Male,North,Secondary,Self-Employed,606902.35,346175.85,Other,688.6,8,445,87.29,2022-09-16,0
336,59.0,Other,North,Post-Graduate,Unemployed,740486.8,,Business,599.1,1,52,50.99,2019-06-18,0
337,,Male,West,Secondary,Self-Employed,1027743.0,126277.15,Business,754.4,12,200,39.79,2024-06-17,0
338,70.0,Male,North,Primary,Self-Employed,570140.64,529121.09,Car,635.8,8,214,31.91,2018-01-23,0
339,65.0,Female,East,Post-Graduate,Salaried,802900.71,158429.14,Business,597.0,4,442,55.57,2024-05-01,0
340,56.0,,East,Post-Graduate,Unemployed,878331.63,161047.76,Car,687.4,8,252,31.57,2021-06-10,0
341,63.0,Other,North,Secondary,Self-Employed,858873.33,522903.16,Home,710.6,8,210,76.82,2024-03-05,0
342,26.0,Male,North,Post-Graduate,Self-Employed,656760.24,66804.24,Other,696.8,1,37,32.36,2022-02-27,0
343,62.0,Other,East,Secondary,Salaried,231021.58,348117.92,Other,802.2,10,258,47.31,2020-04-06,0
344,53.0,Male,East,Post-Graduate,Self-Employed,514089.81,417507.64,Business,722.4,0,189,30.34,2018-01-02,0
345,,Female,East,Graduate,Salaried,389401.77,244546.62,Other,707.6,4,376,80.53,2024-07-15,0
346,33.0,Male,East,Graduate,,,380122.85,Other,683.8,2,213,53.03,2024-04-07,0
347,37.0,Female,West,Primary,Self-Employed,1091255.25,,Home,617.5,9,252,75.45,2021-10-23,1
348,37.0,Female,East,Primary,Unemployed,50000.0,10000.0,Education,512.7,10,364,29.54,2021-07-17,1
349,36.0,Female,South,Secondary,Self-Employed,629724.98,645359.02,Car,631.4,2,248,36.68,2020-06-14,0
350,36.0,Female,South,Primary,Salaried,1019547.14,518607.06,Home,645.8,3,432,31.22,2024-12-08,0
351,64.0,Other,East,Post-Graduate,Salaried,,320116.67,Other,789.8,7,195,62.76,2023-07-10,0
352,38.0,Female,West,Secondary,Self-Employed,109268.59,400139.4,Home,,8,414,45.97,2024-01-24,1
353,65.0,Male,East,Secondary,Self-Employed,2642512.99,375147.75,Business,648.6,1,171,40.74,2020-11-29,0
354,60.0,Female,West,Secondary,Unemployed,439641.19,505921.9,Car,747.3,6,363,73.94,2022-02-04,0
355,57.0,Female,North,Secondary,Self-Employed,484623.71,10000.0,Business,709.7,6,105,22.4,2019-09-05,0
356,29.0,Female,North,Post-Graduate,Salaried,339901.71,576345.79,Car,611.5,11,166,76.75,2021-05-13,1
357,24.0,Female,East,Primary,Self-Employed,749473.97,587022.69,Home,775.1,4,189,40.63,2024-04-02,0
358,43.0,Female,East,Graduate,Unemployed,981947.87,562072.35,Other,669.3,9,337,65.18,2019-12-16,0
359,52.0,Female,West,Primary,Salaried,750559.37,,Car,620.9,2,449,24.24,2021-10-13,0
360,42.0,Female,East,Post-Graduate,Self-Employed,480633.24,315356.06,Car,733.0,4,314,64.79,2021-01-16,0
361,32.0,Male,North,Primary,,794429.97,297507.31,Other,678.8,11,45,27.9,2022-06-15,0
362,24.0,Male,West,Graduate,Salaried,1195126.38,60547.31,Car,751.8,1,58,32.31,2019-09-29,0
363,68.0,Female,East,Post-Graduate,Salaried,610286.78,742795.84,Other,688.9,10,187,83.13,2021-08-25,0
364,32.0,Other,East,Graduate,Self-Employed,638653.12,10000.0,Other,711.4,9,227,54.49,2025-03-04,0
365,35.0,Female,East,Post-Graduate,Unemployed,809186.1,145806.46,Home,676.3,0,272,79.31,2019-07-13,0
366,65.0,Other,South,Primary,Unemployed,954706.96,669007.5,Education,653.9,0,397,46.59,2021-04-14,0
367,33.0,Other,South,Graduate,Self-Employed,372947.85,,Other,739.3,6,429,42.16,2020-12-13,1
368,38.0,Female,East,Post-Graduate,Salaried,1119365.86,496045.36,Education,644.6,4,61,64.14,2024-12-05,0
369,22.0,Male,North,Post-Graduate,Salaried,1157639.17,940095.23,Education,736.1,2,371,47.27,2018-02-03,1
370,47.0,Male,South,Primary,Self-Employed,657752.53,669134.29,Business,445.4,7,361,77.27,2021-09-14,1
371,25.0,Female,West,Secondary,Unemployed,517020.86,357572.07,Home,680.0,0,67,92.84,2020-10-16,0
372,33.0,Female,South,Primary,Unemployed,994117.26,439907.18,Other,595.8,3,247,43.08,2021-07-02,0
373,54.0,Other,West,Graduate,Salaried,947361.49,598859.93,Car,665.4,10,116,92.73,2020-08-24,0
374,38.0,Other,South,Graduate,Salaried,775439.61,251990.47,Car,711.8,0,302,76.6,2023-05-01,0
375,31.0,Male,South,Post-Graduate,,243411.09,400193.15,Education,796.0,0,35,40.22,2019-09-23,0
376,56.0,Female,South,Graduate,Salaried,604001.1,,Business,553.4,7,380,26.4,2022-03-28,1
377,66.0,Other,South,Primary,Unemployed,468388.92,479947.03,Car,696.6,5,170,72.25,2021-02-01,0
378,49.0,Other,South,Primary,,879184.59,379966.31,Education,746.7,0,402,64.23,2022-04-02,0
379,70.0,Male,East,Graduate,Self-Employed,507904.67,249301.5,Education,806.7,3,273,68.07,2024-03-08,0
380,28.0,Male,West,Secondary,Salaried,586360.13,359479.22,Home,662.4,2,96,84.25,2020-04-07,0
381,57.0,Male,South,Post-Graduate,Salaried,512843.52,207190.36,Business,613.4,0,192,28.76,2018-10-18,0
382,61.0,Other,East,Primary,Unemployed,418449.03,10000.0,Home,621.1,6,425,41.37,2018-08-27,0
383,40.0,Male,South,Post-Graduate,Unemployed,884646.39,482010.73,Home,720.8,6,102,26.42,2025-05-14,0
384,70.0,Male,West,Graduate,Unemployed,829163.31,226180.88,Car,740.4,10,223,85.04,2019-11-15,0
385,,Female,East,Secondary,Unemployed,1024542.66,397338.08,Other,594.0,5,437,41.6,2025-02-06,1
386,34.0,Male,North,Graduate,Unemployed,1549445.58,10000.0,Home,644.1,5,497,48.45,2022-06-15,0
387,54.0,Other,South,Primary,Salaried,6701192.42,794462.19,Business,728.4,5,16,75.58,2021-02-04,0
388,43.0,Male,West,Secondary,Unemployed,679574.67,350644.55,Home,826.3,3,124,31.78,2021-05-15,0
389,67.0,Other,West,Primary,Salaried,544256.51,655942.89,Education,767.8,1,309,64.59,2018-06-03,0
390,43.0,Other,North,Post-Graduate,Salaried,422975.22,10000.0,Education,744.8,1,450,75.48,2025-04-27,0
391,54.0,Female,North,Secondary,Self-Employed,1061383.34,479712.02,Education,630.6,0,349,72.18,2022-05-29,0
392,46.0,Male,West,Post-Graduate,Unemployed,696802.4,253558.21,Car,748.2,11,30,56.59,2020-12-11,0
393,69.0,Male,East,Post-Graduate,Self-Employed,954205.84,639890.3,Other,653.3,9,381,54.56,2020-09-19,0
394,26.0,Male,East,Secondary,Self-Employed,538008.48,195916.39,Other,714.5,3,169,39.28,2025-05-08,0
395,49.0,Male,North,Secondary,Unemployed,468803.46,211687.85,Car,691.0,2,392,71.92,2018-12-18,0
396,39.0,Other,South,Secondary,Unemployed,6922614.6,,Other,648.1,7,246,11.93,2020-05-06,0
397,69.0,Female,South,Primary,Self-Employed,681262.41,686751.81,Car,748.4,0,197,59.56,2025-06-10,1
398,65.0,Other,East,Primary,Salaried,1060572.18,744513.24,Education,713.4,0,39,43.03,2021-01-16,0
399,62.0,Other,West,Primary,Salaried,66102.39,856802.91,Car,642.0,7,448,60.75,2018-12-27,1
400,54.0,Other,East,Secondary,Unemployed,71428.52,10000.0,Education,,0,182,68.17,2021-12-26,0
401,24.0,Female,West,Secondary,Salaried,266471.57,35111.03,Business,686.8,8,490,33.82,2019-09-14,0
402,54.0,Female,East,Graduate,Self-Employed,632635.89,133481.62,Other,616.3,3,218,30.43,2019-09-18,0
403,29.0,Male,West,Secondary,Unemployed,743975.62,531541.54,Other,723.2,4,357,69.94,2023-11-16,0
404,31.0,Other,North,Graduate,Self-Employed,131665.11,10000.0,Business,619.9,1,99,37.0,2019-08-20,0
405,,Other,East,Secondary,Unemployed,50000.0,604176.48,Car,731.1,12,101,19.08,2020-01-27,1
406,35.0,Female,East,Secondary,Self-Employed,602279.99,158099.62,Business,762.7,7,73,52.7,2024-10-12,0
407,51.0,Male,South,Primary,Salaried,827676.3,524594.95,Business,681.1,4,491,45.11,2025-07-12,0
408,60.0,Other,West,Graduate,Self-Employed,648034.62,274629.94,Other,749.0,3,223,44.41,2018-06-21,0
409,68.0,Male,West,Primary,Unemployed,365481.8,264660.54,Business,674.4,1,236,48.84,2018-06-23,0
410,54.0,Female,East,Primary,Unemployed,619392.14,557764.9,Other,669.4,7,208,85.17,2021-03-17,1
411,30.0,Female,East,Post-Graduate,Salaried,278867.68,481741.89,Car,635.9,9,485,86.02,2024-02-17,1
412,50.0,Other,South,Primary,Salaried,699219.41,360939.09,Home,634.3,7,51,31.26,2025-04-10,0
413,66.0,Other,West,Primary,Salaried,,474215.72,Education,587.6,8,318,90.73,2022-04-01,1
414,57.0,Female,East,Graduate,Unemployed,1053354.66,496693.15,Business,648.4,2,96,75.38,2018-07-30,0
415,39.0,Other,North,Post-Graduate,Salaried,594882.38,310787.92,Car,708.5,4,11,48.98,2023-08-05,0
416,58.0,Female,South,Primary,Salaried,,141331.91,Car,701.7,9,312,10.56,2024-02-20,0
417,24.0,Male,West,Secondary,Salaried,653142.09,343859.43,Education,613.5,4,174,88.23,2018-07-20,0
418,60.0,Female,North,Primary,Self-Employed,203692.74,299016.5,Education,593.3,8,95,92.13,2024-06-29,1
419,44.0,Female,West,Secondary,Unemployed,1144537.96,121967.91,Car,694.2,7,73,20.37,2021-01-29,0
420,60.0,Other,East,Post-Graduate,Unemployed,608432.84,10000.0,Education,595.5,8,49,51.11,2024-10-13,1
421,37.0,Other,South,Graduate,Salaried,50000.0,270656.82,Home,741.7,8,378,63.71,2023-07-11,0
422,28.0,Female,North,Graduate,Self-Employed,,311699.2,Other,655.1,3,414,62.3,2022-08-26,0
423,61.0,Female,East,Post-Graduate,Unemployed,800618.04,747693.45,Other,679.3,4,264,56.75,2018-01-26,1
424,60.0,Male,South,Post-Graduate,Salaried,812403.94,480943.8,Business,640.0,5,477,67.16,2023-04-28,0
425,,Female,North,Secondary,Unemployed,965318.73,230554.99,Education,701.4,8,158,58.02,2025-08-09,0
426,43.0,Female,South,Primary,Self-Employed,655350.16,683368.79,Education,788.2,5,197,63.25,2019-11-11,1
427,66.0,Male,East,Primary,Salaried,1003991.07,451015.77,Home,,4,115,54.63,2019-12-18,0
428,49.0,Other,East,Graduate,Salaried,1028000.61,564442.53,Home,535.3,2,102,38.91,2023-06-04,0
429,54.0,Other,North,Graduate,Self-Employed,628862.0,280482.43,Home,572.9,8,64,10.35,2018-06-30,1
430,27.0,Female,South,Secondary,Self-Employed,819816.75,282878.1,Education,629.0,9,393,36.53,2020-05-09,0
431,55.0,Other,East,Graduate,Self-Employed,563777.87,644622.46,Car,713.1,0,495,62.95,2023-10-07,1
432,66.0,Female,North,Secondary,Salaried,893471.06,263061.05,Business,660.7,4,318,85.84,2024-01-24,0
433,64.0,Other,East,Graduate,Self-Employed,980411.31,476666.87,Car,594.9,9,327,81.07,2023-01-01,1
434,66.0,Male,West,Primary,Self-Employed,994298.64,436810.77,Education,653.6,12,396,49.58,2019-06-24,0
435,64.0,Male,East,Graduate,Self-Employed,384911.84,64033.72,Business,716.9,9,137,87.59,2022-05-25,0
436,22.0,Other,North,Post-Graduate,Unemployed,,616520.66,Home,732.0,2,149,75.28,2024-10-11,1
437,41.0,Female,West,Primary,Self-Employed,592015.06,366866.19,Car,589.3,3,322,30.71,2019-10-14,0
438,65.0,Male,North,Post-Graduate,Salaried,797320.18,457182.8,Other,606.9,12,180,56.28,2020-08-25,1
439,59.0,Female,East,Post-Graduate,Unemployed,328512.97,473482.07,Home,758.2,1,311,19.24,2024-09-08,0
440,26.0,Other,South,Post-Graduate,Unemployed,1370310.34,611848.01,Education,750.7,12,330,78.84,2019-08-24,0
441,45.0,Other,East,Primary,Unemployed,455773.51,219266.65,Home,722.4,12,472,67.76,2022-11-16,0
442,60.0,Male,North,Graduate,Salaried,523677.71,292352.63,Education,700.7,4,36,41.38,2024-02-27,0
443,22.0,Male,South,Post-Graduate,Self-Employed,743240.47,,Business,651.5,6,227,56.34,2025-06-06,1
444,,Other,West,Post-Graduate,Salaried,968126.0,490257.38,Home,654.0,0,41,65.11,2019-08-13,0
445,29.0,Female,West,Post-Graduate,Self-Employed,,197950.12,Car,703.1,6,324,25.28,2023-09-18,0
446,32.0,Other,East,Primary,Salaried,303582.19,693250.39,Other,683.8,11,126,70.53,2021-01-07,1
447,,Female,North,Primary,Salaried,658876.33,,Business,665.8,11,274,93.6,2021-02-18,0
448,61.0,Female,North,Post-Graduate,Self-Employed,545384.05,497705.89,Other,673.1,10,281,77.84,2021-07-03,1
449,51.0,Other,East,Graduate,Salaried,459310.86,299439.41,Business,737.9,2,23,69.08,2024-09-13,0
450,58.0,Male,North,Graduate,Self-Employed,665090.06,1122051.92,Car,748.0,12,382,63.07,2021-03-20,1
451,60.0,Female,South,Graduate,Unemployed,3512437.68,884507.15,Car,713.1,9,383,22.85,2023-01-04,0
452,52.0,Female,West,Post-Graduate,Salaried,819858.01,336101.98,Business,676.9,1,500,22.33,2019-09-24,0
453,67.0,Female,West,Post-Graduate,Self-Employed,565989.25,269120.36,Business,623.5,12,424,19.86,2019-11-18,0
454,68.0,Male,West,Primary,Self-Employed,1055655.87,561168.81,Business,656.1,10,366,43.16,2020-12-11,0
455,45.0,Other,East,Graduate,Self-Employed,367093.07,10000.0,Education,831.3,10,186,91.28,2022-11-04,0
456,27.0,Other,South,Graduate,Unemployed,870892.77,159990.98,Car,640.7,10,388,30.55,2025-07-15,0
457,41.0,Female,South,Primary,Salaried,271482.17,289865.75,Other,711.7,1,355,47.91,2020-06-17,0
458,26.0,Other,North,Primary,Unemployed,710214.11,10000.0,Car,597.3,3,491,60.95,2019-05-14,0
459,45.0,Other,North,Post-Graduate,Self-Employed,342895.82,10000.0,Business,825.8,11,99,31.53,2023-03-28,0
460,65.0,Female,West,Graduate,Salaried,569250.5,427532.37,Education,618.6,2,404,16.29,2018-09-13,0
461,37.0,Female,South,Primary,Self-Employed,749781.23,485261.72,Education,701.3,10,256,19.22,2024-01-24,0
462,27.0,Male,North,Primary,Unemployed,985310.91,764341.12,Business,728.3,12,233,11.6,2023-08-01,0
463,38.0,Other,North,Secondary,Salaried,855562.55,582271.21,Business,789.7,12,256,50.64,2022-07-13,0
464,65.0,,North,Graduate,Unemployed,710947.38,78481.88,Education,690.2,5,175,67.96,2022-06-29,0
465,,Male,East,Post-Graduate,Salaried,974926.72,44843.18,Business,705.8,6,343,26.24,2022-05-17,0
466,68.0,Other,East,Post-Graduate,Unemployed,1065054.89,455250.35,Business,683.5,9,127,51.58,2018-09-16,0
467,22.0,Other,South,Secondary,Salaried,799152.5,419586.07,Home,713.8,12,339,66.72,2023-02-21,0
468,68.0,Male,North,Secondary,Unemployed,739990.27,,Home,,9,28,30.63,2025-04-11,1
469,40.0,Male,North,Secondary,Self-Employed,758363.23,297877.09,Education,693.0,1,63,52.26,2024-11-26,0
470,68.0,Male,South,Graduate,Salaried,606239.0,93195.38,Home,850.0,9,284,21.67,2020-05-23,0
471,38.0,,West,Secondary,Salaried,,600794.79,Business,609.0,9,25,21.34,2025-02-02,1
472,26.0,Other,West,Secondary,Salaried,3562999.49,446358.12,Car,707.3,10,308,85.39,2022-09-01,0
473,61.0,Other,East,Graduate,Self-Employed,656916.78,671175.06,Home,729.0,9,97,70.96,2024-11-11,0
474,56.0,Other,South,Post-Graduate,Unemployed,1109450.6,627275.43,Car,737.9,1,321,40.76,2024-01-20,0
475,38.0,Male,East,Graduate,Salaried,838613.05,440010.17,Business,765.7,7,95,23.58,2018-06-26,0
476,37.0,Male,West,Primary,Salaried,150784.55,543120.95,Car,569.0,0,58,72.94,2024-01-11,1
477,67.0,Other,West,Secondary,,328475.48,511857.95,Car,677.3,3,403,19.36,2020-07-21,1
478,25.0,Male,West,Graduate,Salaried,58578.16,10000.0,Business,694.4,2,115,88.87,2023-02-07,0
479,67.0,Female,West,Post-Graduate,Salaried,797182.1,621251.56,Education,670.8,9,35,33.85,2019-04-01,0
480,35.0,Other,South,Primary,Self-Employed,765736.98,48939.96,Other,605.1,10,492,61.98,2019-11-28,1
481,52.0,Female,West,Secondary,Unemployed,835779.12,267010.85,Car,668.4,6,381,84.17,2020-10-12,0
482,57.0,Female,West,Post-Graduate,Unemployed,711889.08,334621.44,Home,690.4,7,380,75.33,2018-05-18,0
483,49.0,Other,North,Primary,Self-Employed,575096.55,403084.45,Education,655.0,3,72,40.46,2020-09-06,0
484,31.0,Female,South,Graduate,Unemployed,412835.4,660116.36,Business,589.6,0,237,49.42,2019-07-22,0
485,66.0,Other,South,Primary,Unemployed,301852.19,31188.76,Education,729.4,0,156,46.2,2021-01-10,0
486,68.0,Female,West,Primary,Self-Employed,532460.86,10000.0,Education,665.8,5,459,14.38,2022-04-18,0
487,32.0,Female,South,Secondary,Self-Employed,420180.1,,Education,685.6,5,127,55.87,2025-04-12,0
488,38.0,Other,North,Post-Graduate,Unemployed,538041.13,325954.18,Other,690.9,5,181,48.45,2023-08-16,0
489,64.0,Male,West,Primary,Salaried,,10000.0,Business,609.2,11,419,93.14,2018-09-26,1
490,32.0,Male,South,Primary,Self-Employed,1030677.32,515882.28,Business,670.9,4,62,69.25,2023-07-26,0
491,64.0,Other,East,Post-Graduate,Unemployed,545732.99,365754.09,Education,585.5,4,101,15.35,2020-08-09,0
492,62.0,Female,East,Secondary,Self-Employed,849094.59,245294.45,Car,763.3,11,276,81.56,2022-12-29,0
493,37.0,Other,East,Secondary,Salaried,742058.6,638545.65,Car,702.4,4,238,91.28,2024-12-08,0
494,31.0,Other,North,Graduate,Self-Employed,559700.92,610897.66,Car,695.6,2,230,32.13,2020-01-26,1
495,44.0,Male,North,Graduate,Unemployed,,616752.59,Education,691.4,7,398,22.36,2023-02-20,0
496,51.0,Female,East,Primary,Unemployed,746599.7,811176.41,Business,657.7,9,346,22.5,2024-05-04,0
497,,Other,South,Secondary,Self-Employed,943040.95,643023.33,Car,570.6,7,187,17.86,2018-08-14,1
498,22.0,Female,North,Graduate,Self-Employed,1033310.2,,Car,594.6,1,267,43.53,2023-07-02,0
499,66.0,Other,West,Post-Graduate,Self-Employed,874925.2,209128.71,Education,665.9,7,452,57.69,2020-06-02,0
500,31.0,Male,South,Secondary,Self-Employed,972546.0,657986.09,Business,666.4,6,76,81.02,2024-09-15,0
501,54.0,Male,West,Secondary,Salaried,810570.92,392246.07,Car,681.2,6,332,87.72,2022-08-25,0
502,45.0,Other,West,Secondary,Salaried,570985.81,10000.0,Home,687.7,4,432,59.74,2023-07-17,0
503,30.0,Male,East,Post-Graduate,Salaried,640332.01,1022935.69,Other,579.6,4,218,25.25,2025-03-26,1
504,68.0,Female,North,Graduate,Salaried,775015.9,134421.83,Other,689.2,4,326,68.3,2019-05-05,0
505,24.0,Male,East,Graduate,,902552.58,620847.93,Home,,5,219,64.08,2021-12-29,0
506,53.0,Female,East,Graduate,Unemployed,,105066.46,Education,594.2,9,390,24.21,2021-08-14,1
507,27.0,Male,South,Secondary,Unemployed,427233.95,350059.86,Other,,12,253,45.02,2019-10-30,1
508,65.0,Female,West,Primary,Salaried,,95876.16,Car,,8,364,74.29,2019-04-12,0
509,22.0,Female,North,Primary,Salaried,,427724.2,Car,740.1,9,272,74.91,2021-11-02,1
510,65.0,Female,West,Primary,Salaried,,418975.2,Home,715.8,2,45,46.11,2019-04-03,1
511,23.0,Male,South,Secondary,Salaried,796236.77,110815.21,Education,719.2,1,159,66.74,2019-01-31,0
512,22.0,Other,South,Primary,Salaried,855725.47,737838.25,Other,542.4,9,183,39.94,2023-08-13,1
513,69.0,Male,West,Graduate,Unemployed,909027.64,415344.87,Other,,8,7,92.75,2019-02-09,0
514,32.0,Male,West,Primary,Self-Employed,1333225.77,552378.6,Home,668.4,5,199,46.05,2023-10-08,0
515,50.0,Female,East,Post-Graduate,Unemployed,824737.84,486341.81,Education,654.9,0,47,37.89,2019-04-19,0
516,64.0,Female,East,Secondary,Salaried,332491.36,101834.99,Business,710.7,4,442,46.38,2018-10-13,0
517,64.0,Other,South,Primary,Self-Employed,954290.55,564740.17,Car,713.5,6,360,60.2,2019-02-21,0
518,42.0,Female,East,Post-Graduate,Self-Employed,784962.41,541741.82,Business,620.8,3,434,46.1,2023-08-07,0
519,63.0,Male,South,Primary,Salaried,456522.28,246329.06,Home,658.4,1,67,31.31,2023-07-30,0
520,25.0,Other,North,Primary,Unemployed,1204392.69,554849.33,Other,687.4,9,352,37.79,2021-05-25,0
521,70.0,Other,North,Primary,Self-Employed,364351.14,413741.12,Home,597.0,8,180,78.81,2024-01-24,1
522,45.0,Female,South,Post-Graduate,Self-Employed,704694.95,562787.1,Car,619.6,0,21,25.03,2025-05-24,0
523,40.0,Other,South,Primary,Self-Employed,625875.57,117634.54,Education,633.3,10,281,58.64,2023-05-04,0
524,52.0,Other,North,Secondary,Self-Employed,307291.55,129793.42,Education,753.0,12,150,37.24,2018-04-26,0
525,68.0,Male,South,Secondary,Unemployed,258736.95,185740.7,Education,625.9,5,215,39.86,2025-06-01,0
526,58.0,Female,North,Post-Graduate,Unemployed,916284.26,208567.07,Business,549.5,1,177,24.43,2024-01-15,0
527,57.0,Female,North,Secondary,Self-Employed,387636.13,375790.37,Business,665.4,5,198,58.48,2021-08-13,1
528,53.0,Female,North,Secondary,Self-Employed,712039.35,325120.57,Education,643.3,4,191,92.4,2020-04-06,0
529,24.0,Female,East,Primary,Unemployed,585260.14,712059.94,Other,555.1,11,437,59.15,2024-08-21,1
530,51.0,Female,South,Post-Graduate,Self-Employed,167413.17,342680.21,Education,702.9,4,263,78.35,2022-11-09,1
531,60.0,Other,West,Graduate,Unemployed,,364030.22,Other,752.1,8,446,25.86,2023-08-07,1
532,60.0,Female,West,Secondary,Salaried,412991.24,886709.87,Car,589.7,11,325,15.09,2020-04-01,1
533,68.0,,East,Secondary,Self-Employed,599763.53,205947.74,Other,624.9,1,329,27.3,2022-08-17,0
534,,Female,West,Post-Graduate,Unemployed,1213208.01,523395.0,Home,709.9,3,413,80.31,2023-03-17,0
535,33.0,Male,North,Primary,Self-Employed,787618.1,514034.77,Other,713.9,2,334,82.46,2023-06-14,0
536,,Other,South,Secondary,Salaried,284786.11,607310.51,Other,638.1,5,348,65.88,2019-01-05,1
537,68.0,Male,North,Graduate,,547876.88,399802.04,Other,,8,133,52.2,2019-01-05,1
538,68.0,Female,West,Post-Graduate,Self-Employed,449130.79,398126.52,Other,628.6,6,116,22.26,2019-12-19,1
539,24.0,Other,East,Graduate,Salaried,409817.41,414667.05,Other,650.2,10,131,91.88,2019-08-17,1
540,23.0,Female,West,Graduate,Unemployed,987913.61,88482.8,Education,538.2,11,474,77.05,2020-09-08,1
541,64.0,Female,North,Secondary,Self-Employed,1133882.72,748424.24,Car,562.6,6,479,93.13,2020-11-12,1
542,31.0,Female,North,Post-Graduate,Self-Employed,1124298.23,51153.22,Business,574.2,12,334,44.53,2018-05-19,1
543,42.0,Other,East,Post-Graduate,Unemployed,,10000.0,Home,,8,38,39.91,2024-10-02,0
544,69.0,Male,East,Graduate,Unemployed,285291.91,177967.19,Home,603.3,12,333,21.57,2022-06-30,1
545,28.0,Female,West,Secondary,Self-Employed,,652193.43,Car,737.6,9,356,44.88,2021-08-01,0
546,64.0,Other,South,Primary,,254759.44,304727.78,Other,,1,217,41.25,2022-05-31,0
547,62.0,Other,East,Secondary,Salaried,535160.47,283417.78,Education,627.0,2,30,44.09,2022-10-23,0
548,31.0,Female,North,Secondary,Unemployed,754672.18,694704.5,Car,754.9,6,400,88.2,2023-02-02,0
549,33.0,Female,South,Post-Graduate,Salaried,1218442.38,247676.96,Business,678.5,6,443,27.56,2020-06-01,0
550,30.0,Female,North,Primary,Self-Employed,405710.74,581148.68,Car,672.3,7,469,31.11,2024-07-15,1
551,41.0,Male,North,Graduate,Salaried,998121.86,359689.81,Business,625.4,9,136,16.21,2024-03-31,0
552,43.0,Male,East,Post-Graduate,Self-Employed,910378.52,1006678.72,Business,611.9,9,368,73.6,2018-07-06,1
553,63.0,Female,West,Secondary,Self-Employed,,875731.67,Home,632.4,8,257,89.08,2023-04-02,1
554,41.0,Female,East,Graduate,Self-Employed,587147.15,751705.81,Car,782.1,4,387,40.65,2022-10-28,1
555,41.0,Male,North,Secondary,Salaried,671256.64,110332.66,Home,531.1,10,413,47.4,2020-02-13,1
556,51.0,Female,West,Post-Graduate,Salaried,467258.86,326860.65,Car,607.9,7,25,47.53,2024-04-16,1
557,28.0,Male,South,Post-Graduate,Salaried,581378.79,536770.54,Car,739.3,4,293,85.73,2024-07-26,1
558,70.0,Other,North,Graduate,Salaried,269996.43,585134.11,Home,714.9,4,353,93.41,2019-05-15,1
559,26.0,Female,East,Secondary,Salaried,244080.54,496957.07,Home,641.6,10,7,38.0,2018-06-29,1
560,62.0,Female,East,Secondary,Salaried,528445.8,522918.01,Business,569.7,8,492,61.19,2019-01-15,1
561,26.0,Female,East,Secondary,Self-Employed,903301.08,421956.39,Home,597.4,10,83,20.25,2023-07-04,1
562,44.0,Male,West,Graduate,Unemployed,949227.06,10000.0,Car,689.5,7,142,57.86,2022-09-29,0
563,48.0,Other,North,Graduate,Self-Employed,609705.49,319176.19,Business,783.7,10,356,70.66,2023-07-22,0
564,26.0,Other,West,Graduate,Unemployed,624669.9,259590.67,Home,685.6,2,355,86.75,2020-10-15,0
565,56.0,Female,East,Primary,Unemployed,780800.74,435129.11,Home,652.2,10,373,58.32,2020-11-03,0
566,28.0,Female,West,Post-Graduate,Unemployed,760745.3,10000.0,Education,708.4,6,28,17.08,2021-05-04,0
567,42.0,Female,North,Primary,Self-Employed,1294311.15,294901.62,Home,726.0,9,137,84.09,2019-03-12,0
568,21.0,Female,East,Post-Graduate,Self-Employed,1156599.5,20383.73,Home,695.4,10,499,73.26,2023-06-17,0
569,29.0,Other,South,Post-Graduate,Unemployed,828991.8,522103.18,Other,665.0,0,112,50.89,2019-08-18,0
570,33.0,Female,West,Post-Graduate,Salaried,517292.55,417498.77,Business,640.7,6,16,19.9,2019-09-17,0
571,58.0,Female,East,Primary,Self-Employed,711608.06,608737.21,Business,630.9,1,327,82.05,2022-11-04,0
572,52.0,Male,West,Graduate,Unemployed,870088.41,307087.14,Home,518.3,7,123,70.71,2023-12-04,1
573,38.0,Male,East,Secondary,Self-Employed,,238067.6,Education,514.5,5,234,69.29,2018-03-27,1
574,49.0,Female,South,Graduate,Unemployed,723225.66,503588.63,Business,830.5,5,476,61.18,2025-05-14,0
575,47.0,Other,West,Secondary,Salaried,923694.39,75938.31,Car,715.8,2,323,27.61,2018-12-20,0
576,31.0,Male,East,Graduate,Self-Employed,184258.2,608896.78,Car,,7,160,29.95,2024-03-30,1
577,32.0,Female,East,Graduate,Self-Employed,999282.7,10000.0,Home,748.4,9,121,20.26,2020-07-06,0
578,70.0,Male,North,Post-Graduate,Self-Employed,823996.77,384300.77,Home,719.8,11,452,53.81,2025-07-05,0
579,27.0,Male,East,Secondary,Unemployed,781299.47,63844.07,Education,752.2,8,58,24.2,2019-04-29,0
580,66.0,Male,North,Secondary,Self-Employed,930376.04,10000.0,Business,675.8,1,83,65.0,2021-10-02,0
581,70.0,Female,South,Secondary,Unemployed,726853.25,213770.92,Business,634.9,1,141,41.66,2022-08-27,0
582,35.0,Female,North,Post-Graduate,Salaried,998808.69,10000.0,Home,747.7,7,492,82.45,2025-08-26,0
583,66.0,Other,South,Primary,Unemployed,949019.86,10000.0,Other,601.5,2,227,15.22,2018-06-01,0
584,,Male,East,Secondary,Unemployed,1480548.09,692575.68,Business,608.5,4,374,73.13,2021-11-10,0
585,49.0,Female,South,Graduate,Salaried,312098.7,10000.0,Home,624.3,5,459,79.01,2025-04-11,0
586,55.0,Male,North,Graduate,Unemployed,480825.59,336054.22,Education,,2,271,94.31,2021-03-08,0
587,69.0,Male,North,Graduate,Self-Employed,657017.73,359017.32,Other,627.5,12,160,71.75,2023-09-01,0
588,43.0,Female,East,Secondary,Unemployed,642368.78,424534.03,Other,513.4,7,157,58.66,2018-01-22,1
589,57.0,Other,South,Post-Graduate,Unemployed,544347.63,10000.0,Car,708.6,4,150,66.69,2024-06-04,0
590,27.0,Female,North,Primary,Salaried,518510.42,10000.0,Business,615.6,5,237,18.33,2022-10-10,1
591,29.0,Other,West,Post-Graduate,Self-Employed,377495.25,440400.05,Business,588.0,8,403,43.56,2020-12-16,1
592,67.0,Other,North,Secondary,Self-Employed,634369.61,462443.54,Business,645.0,2,253,70.45,2019-06-14,0
593,,Female,North,Secondary,Salaried,684140.91,10000.0,Education,770.6,6,61,20.27,2024-05-30,0
594,40.0,Female,North,Graduate,Self-Employed,578667.12,305280.88,Car,756.3,12,78,22.08,2024-08-12,0
595,32.0,Female,East,Post-Graduate,Self-Employed,846239.97,137281.01,Other,597.8,6,251,58.71,2024-05-06,1
596,29.0,Male,West,Post-Graduate,Salaried,1193669.99,122203.35,Business,677.7,7,346,48.17,2021-08-25,0
597,42.0,Other,East,Primary,Unemployed,,239597.08,Other,671.1,2,367,12.11,2025-01-24,0
598,26.0,Female,North,Primary,Unemployed,269396.03,159166.18,Other,,0,495,58.47,2020-02-15,0
599,32.0,Other,East,Post-Graduate,Unemployed,933883.16,353048.38,Home,744.2,9,232,17.2,2023-12-26,0
600,52.0,Male,North,Primary,Unemployed,197094.16,665122.49,Car,690.9,6,17,83.07,2021-07-23,1
601,39.0,Male,North,Primary,Self-Employed,842365.0,551045.04,Business,,2,35,62.23,2021-08-25,0
602,27.0,Male,South,Secondary,Unemployed,987500.79,211053.71,Other,712.3,6,487,80.36,2019-05-11,0
603,36.0,Other,South,Primary,Self-Employed,199227.14,,Other,698.6,7,288,44.6,2023-06-07,1
604,58.0,Female,North,Secondary,Salaried,770210.3,407360.12,Education,769.0,12,69,35.89,2022-07-25,0
605,55.0,Other,East,Secondary,Salaried,1221417.83,359776.46,Home,543.2,7,26,10.09,2023-03-19,1
606,51.0,Other,East,Primary,Salaried,1004527.49,397892.07,Other,785.7,5,436,63.74,2024-07-24,0
607,57.0,Other,East,Graduate,Unemployed,817718.16,446112.88,Education,734.5,4,454,46.72,2024-11-05,0
608,69.0,Other,South,Primary,Unemployed,278256.93,346921.69,Business,782.1,5,179,27.9,2024-09-21,1
609,21.0,Other,North,Primary,Unemployed,1065122.12,183129.23,Business,,12,206,55.74,2025-04-12,0
610,64.0,Female,South,Post-Graduate,Salaried,413990.94,639213.05,Car,668.1,9,188,42.87,2018-02-04,1
611,68.0,Male,West,Graduate,Salaried,941870.69,425181.95,Education,660.9,9,325,35.77,2020-06-24,0
612,52.0,Female,West,Secondary,Unemployed,,354264.35,Car,633.8,3,425,64.27,2019-03-31,0
613,63.0,Male,East,Secondary,Unemployed,668537.54,27545.7,Home,722.1,11,38,20.83,2024-05-23,0
614,65.0,Other,North,Graduate,Self-Employed,,115793.93,Business,610.3,7,6,89.72,2025-03-10,1
615,38.0,Other,West,Graduate,Salaried,961627.34,609210.56,Business,659.3,11,119,13.99,2022-09-17,0
616,33.0,Male,South,Secondary,Salaried,690321.61,731106.78,Education,593.0,11,120,93.14,2022-10-02,1
617,40.0,Male,North,Post-Graduate,Salaried,1088000.37,534748.97,Education,666.0,12,325,89.48,2020-10-22,0
618,24.0,Male,West,Primary,Salaried,727434.02,217635.79,Home,673.7,1,402,61.0,2022-12-02,0
619,23.0,Male,North,Primary,Unemployed,247558.21,765854.2,Home,685.1,12,231,14.66,2024-11-06,1
620,39.0,Other,North,Post-Graduate,Self-Employed,594912.49,117535.92,Business,736.2,6,124,83.49,2025-05-26,0
621,48.0,Male,North,Primary,Unemployed,1003792.11,162081.7,Home,793.1,7,269,37.9,2020-02-28,0
622,58.0,Other,West,Secondary,Salaried,499593.6,513178.22,Car,765.7,10,265,31.78,2022-09-21,1
623,23.0,Male,West,Graduate,Unemployed,940777.99,480159.48,Education,793.6,4,303,85.24,2019-08-20,0
624,39.0,Other,North,Post-Graduate,Self-Employed,574191.83,731790.15,Car,684.7,10,79,14.87,2023-09-09,0
625,33.0,Other,East,Graduate,Self-Employed,572341.33,270489.42,Education,,11,244,60.98,2021-09-18,0
626,31.0,Male,South,Post-Graduate,Unemployed,1016477.6,791114.7,Car,572.0,7,117,88.2,2025-03-01,1
627,36.0,Male,East,Primary,Unemployed,190667.31,451599.13,Home,703.9,6,99,80.22,2018-01-28,1
628,30.0,Female,South,Secondary,Self-Employed,427345.02,513588.53,Car,767.3,12,189,13.73,2018-05-02,1
629,42.0,Female,North,Graduate,Salaried,829660.63,246329.82,Education,704.4,1,15,80.67,2019-07-17,0
630,50.0,Other,North,Primary,Salaried,908977.69,534249.67,Car,584.2,8,414,94.8,2022-11-12,1
631,33.0,Other,South,Graduate,Salaried,804777.37,627524.46,Education,524.1,3,476,13.93,2024-11-28,0
632,36.0,Male,North,Post-Graduate,Unemployed,217595.55,543528.55,Other,543.6,8,500,59.65,2023-06-26,1
633,25.0,Other,West,Post-Graduate,Self-Employed,847433.47,615189.82,Education,680.5,8,242,25.21,2022-03-12,0
634,58.0,Male,West,Secondary,Self-Employed,409508.85,691326.7,Business,635.9,0,111,28.66,2020-04-11,1
635,45.0,Male,West,Graduate,Self-Employed,67030.52,146219.15,Business,,1,156,47.78,2021-12-11,1
636,,Male,East,Primary,Self-Employed,649674.54,202582.52,Home,,4,200,12.1,2022-12-15,0
637,39.0,Other,South,Graduate,Salaried,897714.73,149528.14,Education,715.8,1,65,16.06,2018-06-06,0
638,37.0,Other,East,Primary,Self-Employed,50000.0,551846.69,Education,582.7,4,102,69.98,2019-07-19,0
639,43.0,Female,South,Secondary,Unemployed,763052.51,,Car,590.5,7,339,53.57,2019-09-04,1
640,51.0,Male,East,Secondary,Self-Employed,489172.09,129126.36,Business,633.8,7,374,79.22,2021-10-27,0
641,34.0,Female,East,Secondary,Self-Employed,155651.75,583966.08,Business,771.5,4,487,72.71,2023-08-10,0
642,64.0,Male,South,Secondary,Self-Employed,1167694.84,,Other,573.1,4,171,59.89,2024-05-13,0
643,61.0,Female,North,Graduate,Unemployed,901840.58,10000.0,Business,626.9,6,37,55.43,2020-02-11,0
644,61.0,Female,North,Secondary,Salaried,886132.01,497779.11,Home,698.2,8,95,12.73,2024-10-07,0
645,45.0,Male,South,Post-Graduate,Self-Employed,653913.77,578016.93,Home,701.8,8,10,24.61,2022-08-10,1
646,45.0,Female,South,Graduate,,743928.98,487662.09,Car,652.4,3,163,46.74,2025-06-15,0
647,53.0,Female,West,Post-Graduate,Self-Employed,631081.69,128921.58,Other,755.9,6,314,78.64,2023-11-24,0
648,23.0,Female,South,Post-Graduate,Salaried,681753.91,278286.33,Car,820.4,7,182,69.53,2021-05-03,0
649,60.0,Male,East,Graduate,Unemployed,665116.35,124906.41,Home,716.9,6,362,90.38,2020-09-08,0
650,65.0,Male,North,Graduate,Self-Employed,1055496.92,847034.02,Business,591.7,6,395,56.99,2022-02-19,1
651,31.0,Female,North,Primary,Self-Employed,693806.36,696887.47,Home,776.6,11,241,42.4,2022-06-24,0
652,66.0,Other,South,Post-Graduate,Salaried,905059.41,206482.4,Business,782.9,7,241,15.8,2024-02-25,0
653,38.0,Other,North,Graduate,Salaried,4798997.7,271708.59,Business,727.2,8,384,43.22,2018-11-14,0
654,43.0,Other,North,Post-Graduate,Unemployed,,282872.65,Education,535.8,8,115,47.57,2018-07-15,1
655,49.0,Male,West,Primary,Salaried,,407819.53,Education,697.3,5,470,30.28,2019-01-10,0
656,33.0,Male,North,Post-Graduate,Unemployed,50000.0,982190.7,Home,748.3,1,413,81.01,2025-06-13,1
657,41.0,Male,North,Post-Graduate,Unemployed,514271.29,715032.68,Education,744.3,6,66,29.75,2019-03-10,1
658,21.0,Male,South,Post-Graduate,Self-Employed,579376.81,310686.09,Other,686.6,4,337,63.03,2018-06-29,0
659,52.0,Female,West,Secondary,Self-Employed,,387722.83,Car,816.2,2,133,91.52,2024-09-23,0
660,61.0,Other,West,Post-Graduate,Unemployed,665226.1,136142.12,Car,501.2,10,251,15.74,2018-03-14,1
661,53.0,Other,North,Primary,Salaried,50000.0,,Education,568.9,4,126,72.72,2020-09-24,0
662,52.0,Female,East,Secondary,Self-Employed,273146.08,497927.75,Education,718.6,0,126,88.49,2024-09-15,0
663,62.0,Female,South,Secondary,Unemployed,,330834.07,Home,569.8,12,17,29.47,2021-09-18,1
664,63.0,Female,South,Post-Graduate,Unemployed,979834.47,522607.56,Home,577.5,3,316,84.18,2023-11-06,0
665,25.0,Other,South,Secondary,Unemployed,778159.93,330523.63,Home,654.3,3,69,17.8,2024-08-24,0
666,48.0,Female,East,Post-Graduate,Unemployed,576115.08,249398.94,Car,783.7,3,222,25.0,2020-10-16,0
667,38.0,,West,Secondary,Self-Employed,923076.71,182135.93,Home,636.7,7,230,45.93,2024-11-01,0
668,69.0,Other,South,Graduate,Self-Employed,925637.94,656428.08,Business,586.3,4,309,55.66,2024-03-14,0
669,40.0,Other,East,Post-Graduate,Self-Employed,421340.47,469680.95,Business,714.1,7,105,23.15,2020-02-16,1
670,46.0,Male,West,Secondary,Salaried,771034.18,197393.58,Business,738.1,10,306,16.05,2018-06-09,0
671,37.0,Female,South,Secondary,Self-Employed,766713.65,10000.0,Home,654.8,5,361,14.9,2022-04-28,0
672,44.0,Other,South,Graduate,Salaried,288051.14,227586.72,Other,583.1,10,80,32.21,2023-02-09,1
673,,Other,South,Post-Graduate,Salaried,7497594.79,256824.27,Business,693.2,6,208,70.02,2018-11-26,0
674,37.0,Other,North,Primary,Unemployed,272335.96,91405.48,Other,679.6,6,305,36.18,2022-08-13,0
675,70.0,Female,North,Primary,Salaried,861963.28,10000.0,Business,709.3,11,162,10.55,2019-11-21,0
676,54.0,Male,West,Secondary,Unemployed,1182276.6,,Home,752.2,2,196,25.84,2019-07-05,0
677,49.0,Female,North,Secondary,Salaried,510751.24,329278.41,Education,679.9,3,137,93.55,2022-08-02,0
678,26.0,Male,North,Graduate,Salaried,153964.23,361708.55,Other,743.2,9,125,50.62,2025-07-18,0
679,23.0,Female,West,Graduate,Self-Employed,5995368.18,573714.78,Education,515.6,12,141,89.23,2023-04-23,1
680,41.0,Male,North,Post-Graduate,,167477.66,744647.49,Business,642.5,6,317,14.87,2021-12-29,0
681,67.0,Female,West,Post-Graduate,Unemployed,1049172.92,10000.0,Car,741.7,11,389,79.28,2022-02-18,0
682,21.0,Other,East,Post-Graduate,Salaried,957433.04,841342.05,Other,646.2,0,329,40.62,2018-07-07,0
683,52.0,Other,West,Graduate,Unemployed,,602078.62,Car,534.3,7,342,82.85,2019-02-16,1
684,66.0,Male,East,Post-Graduate,Salaried,1003965.98,76932.23,Business,668.5,11,263,12.7,2023-08-02,0
685,28.0,Female,West,Graduate,Salaried,328131.41,434865.62,Education,760.6,11,50,18.96,2018-04-30,1
686,63.0,Male,East,Secondary,Unemployed,1332557.42,502477.35,Other,658.5,2,477,55.44,2023-07-09,0
687,25.0,Male,South,Graduate,Salaried,519653.89,208776.17,Education,674.0,10,406,57.76,2022-11-25,0
688,26.0,Female,South,Graduate,Self-Employed,406983.44,220157.73,Other,759.1,3,386,90.07,2024-06-04,0
689,68.0,Male,South,Primary,Self-Employed,807226.87,400942.4,Home,792.1,5,399,41.03,2025-08-14,0
690,55.0,Other,East,Secondary,Unemployed,50000.0,214813.16,Home,797.9,4,433,28.61,2025-08-17,1
691,59.0,Other,West,Primary,Self-Employed,548807.9,667142.23,Car,660.1,9,249,63.64,2020-06-02,1
692,66.0,Female,West,Graduate,Unemployed,1275677.55,350419.64,Car,553.1,11,381,14.47,2020-01-04,1
693,22.0,Female,South,Post-Graduate,Salaried,440065.66,332701.04,Car,797.6,6,41,54.87,2021-03-05,0
694,,Other,South,Post-Graduate,Unemployed,669277.14,10000.0,Business,618.7,11,160,48.89,2019-11-02,1
695,39.0,Other,South,Post-Graduate,Self-Employed,,296756.96,Car,714.0,5,376,82.77,2019-02-22,0
696,24.0,Female,West,Secondary,Unemployed,1110298.37,555253.49,Business,672.9,0,65,93.32,2025-04-16,0
697,36.0,Other,North,Post-Graduate,Unemployed,917653.03,439339.21,Business,613.9,10,386,41.91,2025-07-10,1
698,38.0,Other,South,Primary,Unemployed,50000.0,364054.4,Other,683.6,1,47,20.37,2025-03-12,1
699,57.0,Female,North,Secondary,Self-Employed,242315.92,449404.26,Home,622.5,10,364,46.86,2024-05-29,1
700,46.0,Other,North,Secondary,Unemployed,537288.43,10000.0,Home,651.0,7,37,54.11,2024-07-23,0
701,32.0,Male,North,Graduate,Salaried,5995462.51,106174.11,Home,622.5,0,70,58.88,2025-04-27,0
702,28.0,Female,North,Graduate,Unemployed,784828.64,194823.01,Other,746.4,6,488,65.94,2020-10-14,0
703,49.0,Other,North,Secondary,Salaried,922300.77,623514.77,Car,850.0,9,280,53.4,2019-02-10,0
704,30.0,Female,South,Post-Graduate,Salaried,159405.79,711653.5,Other,527.3,9,287,28.36,2022-01-10,1
705,37.0,Other,South,Primary,Unemployed,670875.6,761325.65,Education,517.9,10,222,89.92,2019-08-10,1
706,61.0,Male,West,Secondary,Self-Employed,896765.16,485079.49,Business,743.2,10,336,79.74,2024-10-13,0
707,45.0,Male,East,Graduate,Self-Employed,,455123.01,Car,704.0,8,213,15.61,2025-03-07,0
708,35.0,Other,East,Post-Graduate,Salaried,802162.27,969132.91,Other,792.7,3,198,90.9,2019-05-21,1
709,43.0,Male,East,Post-Graduate,Self-Employed,515974.27,10000.0,Other,563.6,2,167,90.45,2022-05-15,0
710,29.0,Other,East,Primary,,300537.21,246860.25,Education,578.0,10,69,22.13,2024-05-13,1
711,66.0,Female,West,Secondary,Self-Employed,777751.32,29141.62,Home,607.4,5,413,49.84,2021-03-20,1
712,40.0,Male,North,Primary,Unemployed,784549.79,358266.19,Education,708.1,1,44,72.05,2019-01-19,0
713,56.0,,North,Post-Graduate,Salaried,7156906.46,205451.05,Other,779.8,11,74,50.77,2023-10-11,0
714,33.0,Other,North,Post-Graduate,Salaried,556306.81,389851.61,Other,569.3,11,278,73.72,2020-09-27,1
715,35.0,Female,South,Primary,Self-Employed,830559.44,612916.25,Education,666.3,7,199,24.49,2019-04-09,0
716,51.0,Other,North,Post-Graduate,Unemployed,777260.92,494108.67,Business,791.5,9,206,28.48,2021-06-02,0
717,24.0,Female,South,Primary,Unemployed,444235.76,672137.74,Other,675.7,11,100,44.18,2018-02-06,1
718,30.0,Female,East,Graduate,Self-Employed,724228.46,425161.74,Business,675.7,12,341,31.26,2023-04-12,0
719,32.0,Female,South,Primary,Salaried,468460.27,355049.98,Education,638.2,2,186,73.5,2018-01-24,0
720,23.0,Other,East,Primary,Self-Employed,431618.66,202779.36,Business,709.9,0,87,66.63,2023-05-18,0
721,56.0,Male,North,Secondary,Salaried,246218.32,410534.09,Education,680.8,6,261,71.71,2022-05-12,1
722,53.0,Female,West,Graduate,Self-Employed,1066146.85,367274.92,Business,659.0,5,224,93.0,2018-02-02,0
723,26.0,Other,West,Secondary,Self-Employed,715491.01,211801.37,Home,627.1,12,63,83.45,2020-10-10,0
724,65.0,Male,South,Post-Graduate,Salaried,683962.59,276152.06,Education,650.9,9,327,63.93,2020-07-28,0
725,33.0,Male,South,Graduate,Self-Employed,985389.29,286438.2,Business,699.0,6,273,36.05,2025-02-07,0
726,24.0,Other,West,Secondary,Self-Employed,752469.32,268285.99,Home,633.1,4,191,33.85,2021-12-08,0
727,,Female,East,Graduate,Self-Employed,794945.95,420786.82,Home,698.7,9,56,46.63,2020-10-30,0
728,27.0,Other,East,Secondary,Unemployed,1029454.16,224632.65,Education,570.4,2,174,40.65,2022-01-20,0
729,34.0,Male,South,Post-Graduate,Salaried,589398.75,346016.74,Home,614.8,0,305,92.31,2025-05-04,0
730,55.0,Male,South,Secondary,Self-Employed,403984.39,309906.55,Other,755.3,12,108,55.35,2019-09-22,0
731,66.0,Male,West,Post-Graduate,Unemployed,690253.22,911817.34,Other,838.6,5,234,63.54,2019-04-26,0
732,22.0,Other,South,Post-Graduate,Self-Employed,249386.29,301085.32,Other,850.0,4,28,91.24,2018-09-07,0
733,53.0,Male,South,Secondary,Unemployed,877593.51,373248.43,Home,589.1,6,315,33.08,2020-01-24,1
734,53.0,Other,North,Secondary,Salaried,1047000.62,319967.16,Home,597.6,4,441,28.73,2021-01-04,0
735,55.0,Male,South,Primary,Salaried,,470406.91,Education,799.3,4,452,77.2,2025-03-16,0
736,61.0,Other,East,Graduate,Salaried,241289.56,329073.48,Home,701.4,11,457,56.69,2019-07-02,1
737,43.0,Other,West,Graduate,Unemployed,849156.87,1035937.17,Other,765.5,12,485,76.34,2019-03-12,0
738,56.0,Male,West,Secondary,Unemployed,,193098.79,Business,702.0,3,302,63.53,2022-06-08,0
739,44.0,Other,East,Primary,Self-Employed,904255.21,629194.14,Car,555.4,2,101,58.42,2020-01-09,0
740,32.0,Other,West,Primary,Unemployed,839235.59,338159.44,Other,638.3,2,41,46.24,2023-02-07,0
741,29.0,Male,South,Primary,Self-Employed,620714.61,10000.0,Car,669.7,0,395,80.59,2018-06-29,0
742,61.0,Other,North,Secondary,Salaried,742614.09,409043.89,Business,670.7,12,59,56.1,2021-10-18,0
743,69.0,Other,North,Primary,,399818.04,295736.44,Home,660.1,0,283,68.82,2025-01-14,0
744,55.0,Male,West,Post-Graduate,,851382.1,10000.0,Education,670.3,2,5,87.53,2018-04-09,0
745,62.0,Female,East,Primary,Unemployed,,949203.44,Education,637.1,1,256,24.41,2019-03-28,1
746,28.0,Other,South,Post-Graduate,Salaried,261777.71,493687.22,Education,666.6,0,314,22.84,2022-10-22,1
747,60.0,Male,South,Secondary,Self-Employed,814360.04,189154.78,Car,769.1,4,420,87.09,2018-11-09,0
748,45.0,Female,South,Secondary,Self-Employed,478108.37,598483.83,Education,496.7,1,62,59.12,2021-02-14,1
749,41.0,Other,West,Post-Graduate,Unemployed,356493.29,410424.82,Other,600.1,2,415,90.24,2020-10-04,1
750,,Other,North,Secondary,Self-Employed,445332.4,171436.07,Home,644.3,9,402,68.95,2020-06-17,0
751,34.0,Female,West,Secondary,Unemployed,755767.95,398219.48,Business,832.1,0,471,39.69,2019-07-25,0
752,36.0,Male,West,Graduate,Salaried,522154.39,465900.51,Home,794.6,1,497,69.14,2019-08-10,1
753,63.0,Other,West,Secondary,,402431.31,260396.19,Business,701.5,2,45,30.83,2018-02-21,0
754,68.0,Other,North,Graduate,Salaried,841727.72,10000.0,Car,650.7,7,215,71.42,2022-12-24,0
755,24.0,Other,East,Graduate,Unemployed,756260.73,356610.18,Car,669.7,6,353,90.6,2023-02-04,0
756,48.0,Female,North,Secondary,Self-Employed,699081.78,384989.0,Car,710.5,6,491,20.64,2020-05-17,0
757,68.0,Male,North,Graduate,Unemployed,1104297.52,348778.54,Business,651.8,10,333,44.43,2022-04-08,0
758,33.0,Other,North,Primary,Salaried,380338.27,588056.34,Other,720.5,12,438,38.52,2020-09-08,1
759,21.0,Male,West,Primary,Salaried,710568.55,185183.58,Education,668.4,4,48,93.02,2024-05-02,0
760,26.0,Female,East,Secondary,Unemployed,641203.13,634471.34,Home,683.5,4,495,43.84,2020-03-09,1
761,42.0,Male,East,Secondary,Salaried,287944.75,626217.87,Business,694.1,9,412,42.48,2024-07-29,0
762,26.0,Male,East,Post-Graduate,,539894.91,731595.21,Education,741.7,3,418,67.92,2019-07-31,0
763,39.0,Male,West,Primary,Salaried,322654.2,778575.92,Car,773.4,6,127,27.75,2024-11-05,1
764,70.0,Female,East,Secondary,Self-Employed,371819.45,10000.0,Car,626.2,12,463,17.41,2019-01-21,0
765,25.0,Male,North,Post-Graduate,Salaried,646375.06,633325.24,Education,731.8,4,247,93.17,2022-12-16,1
766,39.0,Female,East,Primary,Unemployed,1165595.81,747496.74,Business,557.8,2,230,41.17,2025-01-02,0
767,53.0,,East,Post-Graduate,Salaried,,558000.12,Other,850.0,0,384,77.2,2024-04-16,1
768,46.0,,West,Primary,Salaried,918860.56,485776.34,Car,820.5,10,52,39.66,2023-04-03,0
769,,Female,South,Post-Graduate,Salaried,1290471.17,798538.56,Education,615.2,1,167,39.11,2024-10-11,0
770,50.0,Other,West,Primary,Self-Employed,824022.7,557249.51,Business,745.4,10,114,37.22,2018-05-09,0
771,51.0,Male,East,Post-Graduate,Salaried,,567810.05,Education,684.0,4,330,24.97,2019-08-04,0
772,66.0,Female,East,Graduate,Salaried,385882.61,248071.16,Car,703.5,4,99,80.6,2019-01-14,0
773,43.0,,North,Secondary,Salaried,1021274.87,297758.82,Other,718.4,6,186,87.57,2024-05-25,0
774,60.0,,South,Post-Graduate,Salaried,50000.0,160621.81,Business,568.2,11,385,80.14,2021-07-20,1
775,41.0,Other,West,Primary,Salaried,1300447.6,833413.38,Car,674.0,7,487,80.76,2019-05-30,0
776,68.0,Male,South,Primary,Self-Employed,696661.68,124484.05,Education,722.3,2,312,42.09,2021-11-26,0
777,22.0,Female,East,Primary,Salaried,617632.01,602788.0,Business,738.3,7,216,44.88,2021-12-13,0
778,48.0,Other,West,Graduate,Unemployed,949053.76,259144.61,Other,666.4,6,200,34.23,2025-05-25,0
779,27.0,Other,North,Post-Graduate,Unemployed,1243024.1,,Other,622.9,6,58,52.19,2024-12-30,0
780,23.0,Female,North,Graduate,Self-Employed,364661.71,,Business,641.2,12,237,56.88,2019-04-14,1
781,62.0,Female,West,Secondary,Salaried,3353582.97,,Business,644.8,4,142,84.77,2020-12-19,0
782,23.0,Female,South,Post-Graduate,,5108341.87,538139.95,Other,735.7,8,424,73.01,2021-07-24,0
783,46.0,Female,South,Post-Graduate,Salaried,852091.33,736440.1,Home,709.1,2,485,64.08,2019-12-13,1
784,66.0,Female,South,Graduate,Salaried,326319.67,46899.32,Home,677.4,12,205,81.66,2025-01-13,0
785,26.0,Female,North,Secondary,Self-Employed,,406109.46,Education,735.6,8,476,92.65,2024-05-31,0
786,32.0,Female,North,Graduate,Salaried,1041380.92,568135.34,Car,644.8,8,435,30.85,2022-03-29,0
787,61.0,Male,North,Primary,Self-Employed,1558905.64,504808.98,Education,802.9,1,59,22.06,2020-12-09,0
788,34.0,Male,West,Post-Graduate,Self-Employed,1140830.71,347403.34,Business,680.8,1,254,91.53,2018-11-09,0
789,31.0,Female,North,Secondary,Unemployed,718284.05,432277.7,Education,592.8,0,65,92.95,2021-11-21,0
790,28.0,Male,North,Graduate,Salaried,531837.24,453048.49,Car,682.8,8,394,22.95,2022-02-03,1
791,26.0,Female,West,Post-Graduate,Unemployed,600855.15,10000.0,Business,507.9,5,367,56.88,2021-04-20,1
792,33.0,Other,East,Secondary,Salaried,785761.85,555567.32,Business,808.2,11,148,91.76,2019-02-26,0
793,48.0,Female,East,Primary,Self-Employed,933446.84,223779.89,Car,719.3,9,201,46.49,2024-05-12,0
794,23.0,Male,North,Secondary,Self-Employed,316412.46,395058.25,Business,751.9,9,428,84.57,2023-12-13,1
795,32.0,Other,East,Secondary,Self-Employed,627013.63,475679.66,Other,595.6,1,9,37.08,2018-02-14,0
796,41.0,Other,East,Primary,Unemployed,1075849.4,171523.87,Business,653.9,9,113,54.82,2019-02-26,0
797,64.0,Male,North,Post-Graduate,Salaried,710219.88,181531.56,Other,721.1,7,28,94.17,2022-09-22,0
798,41.0,,West,Graduate,Salaried,1210967.85,404417.2,Business,694.5,0,334,76.58,2024-06-16,0
799,23.0,Female,East,Graduate,Self-Employed,1232342.85,59582.27,Home,663.7,1,429,78.21,2021-05-17,0
800,56.0,Other,North,Graduate,Unemployed,610155.67,322424.2,Home,680.8,4,361,93.64,2023-07-14,0
801,22.0,Female,North,Primary,Self-Employed,791114.68,860903.99,Home,819.0,11,228,29.24,2018-12-27,1
802,28.0,Female,South,Secondary,Unemployed,675800.47,334555.9,Business,731.6,11,318,77.29,2022-04-04,0
803,28.0,Other,South,Post-Graduate,Unemployed,1118678.03,754594.8,Business,818.5,6,331,47.98,2019-05-17,0
804,38.0,Male,South,Primary,Salaried,194798.49,378545.63,Business,630.3,4,397,35.18,2018-12-06,1
805,24.0,Other,East,Graduate,Unemployed,804422.98,762214.9,Business,619.3,5,111,79.19,2023-12-02,1
806,62.0,Other,South,Post-Graduate,Salaried,929342.38,10000.0,Home,675.6,3,474,40.91,2023-01-28,0
807,38.0,Female,South,Graduate,Salaried,295509.15,576864.9,Business,651.3,7,453,19.11,2019-03-28,1
808,63.0,Male,West,Post-Graduate,Unemployed,635060.78,325010.72,Education,708.2,8,48,40.13,2020-05-18,0
809,24.0,Other,West,Post-Graduate,Salaried,431082.29,486550.39,Home,561.2,3,155,26.1,2019-12-25,1
810,62.0,Other,North,Graduate,Salaried,1163108.21,494760.86,Other,702.3,0,299,32.63,2018-09-27,0
811,65.0,Female,East,Graduate,Unemployed,636236.99,156370.7,Home,665.5,4,258,27.48,2020-04-13,0
812,27.0,Other,North,Secondary,Salaried,85942.11,691851.4,Education,626.5,11,161,82.47,2020-09-04,1
813,50.0,Male,East,Post-Graduate,Unemployed,730187.79,431132.41,Home,657.9,4,456,16.54,2025-08-14,0
814,52.0,Male,South,Secondary,Salaried,862000.18,325109.25,Home,,0,295,67.8,2021-04-05,0
815,40.0,Male,East,Graduate,Unemployed,790129.9,186734.51,Education,628.0,10,254,31.55,2023-02-23,0
816,54.0,Other,North,Secondary,Self-Employed,,735589.8,Car,561.9,9,252,19.58,2023-10-29,1
817,63.0,Male,West,Primary,Self-Employed,981841.42,391270.16,Other,584.6,6,189,27.54,2019-01-01,1
818,49.0,Female,East,Secondary,Salaried,483209.35,510384.27,Other,649.5,10,183,85.48,2022-05-21,1
819,54.0,Male,West,Secondary,Self-Employed,530510.53,10000.0,Car,705.4,12,410,39.49,2019-03-28,0
820,54.0,Male,West,Primary,Salaried,327659.4,136831.22,Education,607.4,4,254,34.5,2021-04-22,0
821,58.0,Other,South,Primary,Unemployed,5687935.65,602634.92,Education,600.5,0,133,21.71,2021-03-06,0
822,30.0,Female,South,Post-Graduate,Self-Employed,1155260.88,508954.33,Business,767.7,1,153,28.6,2023-04-23,0
823,27.0,Male,East,Secondary,Self-Employed,1227879.96,49988.86,Other,714.7,5,416,59.14,2025-08-30,0
824,33.0,Female,North,Secondary,Unemployed,984423.48,677667.82,Business,726.4,10,241,56.4,2022-03-20,0
825,65.0,Other,North,Post-Graduate,Salaried,428572.2,938774.76,Car,,6,497,44.87,2018-04-24,1
826,60.0,Female,North,Post-Graduate,Salaried,762555.33,475159.19,Business,590.2,5,70,62.78,2024-05-05,1
827,63.0,Male,East,Primary,Self-Employed,1244193.18,416969.89,Other,657.3,0,143,80.54,2025-04-15,0
828,51.0,Other,South,Secondary,Unemployed,724806.47,483718.35,Business,653.2,9,350,53.42,2018-08-06,0
829,29.0,Male,South,Primary,Unemployed,774493.7,769999.57,Home,661.0,0,417,51.22,2020-04-02,1
830,36.0,Female,West,Post-Graduate,,945766.62,10000.0,Car,701.7,7,205,14.73,2019-05-14,0
831,55.0,Other,South,Secondary,Unemployed,673348.82,743650.39,Other,660.4,2,330,11.84,2019-08-04,0
832,33.0,Female,West,Primary,Self-Employed,571075.27,307650.39,Business,780.6,9,257,41.22,2021-02-01,0
833,48.0,Other,West,Primary,Self-Employed,846236.46,563730.86,Car,609.1,0,335,65.29,2025-05-15,0
834,50.0,Male,East,Post-Graduate,Unemployed,953160.22,367310.82,Home,,2,188,52.55,2023-08-24,0
835,32.0,Female,West,Primary,Unemployed,544296.89,206682.43,Business,621.0,12,76,33.66,2025-05-20,0
836,45.0,Other,East,Secondary,Unemployed,1102575.75,275920.03,Education,652.8,11,479,53.09,2025-05-22,0
837,58.0,Male,West,Post-Graduate,Self-Employed,966589.75,335751.55,Car,662.5,11,86,29.69,2025-06-17,0
838,70.0,Male,North,Graduate,Salaried,751707.77,380009.41,Home,628.9,2,377,85.86,2022-09-17,0
839,68.0,Male,South,Secondary,Self-Employed,1156849.79,587640.5,Business,765.6,5,60,69.39,2022-03-27,0
840,49.0,Male,North,Secondary,Salaried,127167.88,463121.56,Car,793.9,6,421,54.93,2020-02-27,1
841,21.0,Male,South,Post-Graduate,,504835.71,597702.04,Education,720.3,11,495,87.43,2025-03-15,1
842,43.0,Male,North,Secondary,Unemployed,783917.18,272979.8,Education,666.3,1,229,46.34,2022-03-21,0
843,,Other,East,Primary,Salaried,860261.34,522179.51,Education,655.7,4,477,80.39,2022-05-19,0
844,25.0,Male,North,Post-Graduate,Self-Employed,886639.47,416310.21,Home,764.4,9,261,36.54,2024-12-08,0
845,23.0,,South,Post-Graduate,Salaried,577437.81,565394.89,Other,683.5,8,423,72.38,2025-06-10,0
846,60.0,Male,West,Secondary,Self-Employed,536389.19,406554.11,Home,661.3,1,491,45.38,2024-11-13,0
847,27.0,Male,West,Primary,Unemployed,,466011.53,Business,625.9,3,15,89.16,2018-04-18,0
848,24.0,Female,North,Graduate,Self-Employed,806418.82,307281.3,Car,705.2,11,223,56.71,2019-04-19,0
849,42.0,Other,North,Primary,Unemployed,604498.63,433537.72,Car,637.3,11,390,85.51,2024-01-06,0
850,24.0,Female,South,Post-Graduate,Self-Employed,,510363.2,Home,711.6,0,165,39.72,2025-05-07,0
851,63.0,Female,East,Graduate,Unemployed,901664.91,488041.06,Education,565.9,5,464,87.78,2020-06-21,1
852,62.0,Female,West,Graduate,Salaried,715579.47,571391.63,Car,641.8,8,262,18.87,2021-11-20,0
853,29.0,Male,West,Post-Graduate,Salaried,897779.5,145360.8,Home,646.1,11,422,76.97,2018-05-27,0
854,52.0,Female,West,Post-Graduate,Salaried,649842.56,357639.48,Business,772.5,4,428,92.03,2018-09-02,0
855,45.0,Other,East,Graduate,Unemployed,499197.14,461411.41,Car,633.7,10,161,12.66,2021-11-25,0
856,69.0,Male,West,Graduate,Unemployed,387735.79,347183.71,Business,583.5,6,405,71.98,2018-08-22,1
857,48.0,Female,East,Primary,Salaried,350910.74,257253.27,Other,715.8,11,478,30.25,2018-03-04,0
858,39.0,Other,North,Primary,Self-Employed,950702.55,127394.22,Other,739.5,5,142,66.03,2025-04-28,0
859,63.0,Other,South,Post-Graduate,Salaried,598552.09,576795.29,Other,606.7,7,23,92.1,2023-05-21,1
860,26.0,Female,West,Secondary,Salaried,774963.5,,Car,641.2,1,230,25.28,2021-02-05,0
861,30.0,Male,South,Primary,Unemployed,1002485.74,135725.06,Education,654.8,8,445,47.43,2021-07-23,0
862,37.0,Female,North,Primary,Unemployed,3251494.98,673258.53,Business,567.3,8,372,13.8,2020-08-19,1
863,28.0,Male,North,Graduate,Unemployed,479884.59,387260.91,Education,590.1,6,41,64.56,2021-03-05,1
864,42.0,Male,East,Secondary,Unemployed,1103495.61,593639.13,Home,639.2,4,323,12.65,2022-02-17,0
865,27.0,Female,North,Secondary,,277940.21,112597.36,Home,696.1,9,369,39.24,2020-05-30,0
866,25.0,Male,North,Post-Graduate,Unemployed,349301.13,722373.13,Other,675.6,9,327,56.6,2022-09-09,1
867,54.0,Female,North,Secondary,Self-Employed,478544.68,471705.73,Business,666.0,3,414,75.25,2022-01-22,1
868,44.0,Female,West,Secondary,Unemployed,916235.1,307405.41,Car,669.6,5,339,51.15,2020-08-01,0
869,55.0,Female,South,Post-Graduate,Unemployed,720875.91,947425.69,Car,631.9,12,151,39.03,2019-04-29,1
870,32.0,Male,North,Post-Graduate,Salaried,346607.91,526249.34,Car,683.5,4,396,57.14,2023-04-09,0
871,25.0,Male,East,Graduate,,1105812.36,771078.65,Other,734.0,6,361,57.34,2021-04-16,0
872,60.0,Other,West,Post-Graduate,Self-Employed,541184.28,382980.84,Business,653.0,5,491,48.16,2022-08-02,0
873,65.0,Other,East,Post-Graduate,Self-Employed,,519130.22,Education,822.2,1,82,86.13,2024-08-28,0
874,49.0,Other,West,Graduate,Self-Employed,346422.55,365253.43,Business,624.2,12,54,29.74,2023-07-14,1
875,41.0,Other,East,Primary,Self-Employed,734077.63,10000.0,Education,816.3,11,112,46.6,2021-02-13,0
876,31.0,Other,North,Secondary,Unemployed,489941.01,359877.26,Education,754.4,2,152,89.83,2020-11-28,0
877,30.0,Male,North,Post-Graduate,Salaried,,579719.47,Education,726.1,0,496,85.7,2024-01-13,0
878,34.0,Female,North,Primary,Self-Employed,1053687.42,649618.55,Business,656.3,7,271,20.73,2023-02-02,0
879,52.0,Female,South,Graduate,Self-Employed,650847.93,898169.42,Business,676.0,5,416,16.72,2020-06-30,0
880,61.0,Female,North,Graduate,Salaried,551701.59,353871.93,Other,655.8,11,166,85.84,2018-06-07,0
881,,Other,South,Graduate,Self-Employed,920169.35,101166.33,Car,643.3,9,197,84.13,2020-06-20,0
882,52.0,Other,South,Primary,Self-Employed,538347.01,378991.53,Home,623.3,3,330,84.45,2023-10-16,0
883,52.0,Female,West,Secondary,Self-Employed,508172.92,339323.12,Car,632.4,6,328,59.63,2025-02-25,0
884,39.0,Male,South,Primary,Self-Employed,815296.05,48116.1,Business,686.1,9,187,56.19,2021-04-25,0
885,49.0,Female,West,Post-Graduate,Unemployed,498299.37,727858.57,Car,620.2,1,182,69.24,2019-06-09,0
886,22.0,Female,East,Post-Graduate,Self-Employed,757781.1,10000.0,Business,673.1,12,214,15.17,2021-08-16,0
887,48.0,Male,South,Primary,Unemployed,167685.39,,Other,671.3,0,162,48.05,2020-06-25,1
888,42.0,Female,North,Primary,Unemployed,429160.16,10000.0,Car,637.6,0,415,42.23,2021-09-27,0
889,44.0,Male,South,Primary,Salaried,50000.0,239568.51,Home,591.8,4,415,23.72,2022-03-12,1
890,69.0,Male,South,Secondary,Salaried,991242.49,601374.23,Education,722.3,7,26,23.34,2021-05-19,0
891,68.0,Other,West,Primary,Salaried,,706857.68,Other,758.1,4,446,17.22,2018-10-30,0
892,59.0,Female,West,Primary,Self-Employed,1061744.1,,Education,732.7,6,104,80.68,2021-07-02,0
893,50.0,Female,West,Graduate,Unemployed,768873.89,587262.72,Other,622.9,1,118,92.19,2024-04-16,0
894,53.0,Female,South,Primary,Self-Employed,744490.3,691381.98,Car,688.9,6,492,41.68,2024-02-17,0
895,49.0,Female,South,Primary,Salaried,436013.82,634790.71,Business,616.9,1,53,57.68,2020-04-30,0
896,60.0,Female,West,Graduate,Unemployed,,10000.0,Education,660.4,12,124,15.01,2023-07-15,0
897,30.0,Other,West,Graduate,Unemployed,1146499.14,486884.15,Car,718.2,3,391,57.8,2023-06-25,0
898,,Female,North,Post-Graduate,Salaried,528663.26,83763.12,Home,689.5,11,380,16.92,2019-03-07,0
899,31.0,Female,South,Post-Graduate,Self-Employed,548512.28,384101.35,Home,703.5,6,258,24.51,2023-11-19,0
900,39.0,Other,South,Secondary,Self-Employed,592410.93,798724.89,Other,677.0,10,143,54.41,2024-11-24,0
901,64.0,Other,West,Primary,Self-Employed,816828.61,730924.86,Business,627.1,7,112,89.58,2019-07-09,1
902,,Female,North,Primary,Unemployed,672280.05,1026558.36,Business,758.6,4,364,25.95,2019-01-20,1
903,59.0,Other,East,Graduate,Unemployed,854534.4,593264.13,Business,694.8,3,145,34.16,2022-10-12,0
904,37.0,Female,South,Graduate,Unemployed,1117584.74,294080.4,Home,643.4,9,83,18.75,2020-06-05,0
905,29.0,Other,West,Secondary,Salaried,815887.3,81710.56,Home,621.9,9,314,33.57,2024-11-27,0
906,35.0,Female,North,Primary,Salaried,1151788.78,778646.5,Other,748.5,2,78,24.01,2018-01-02,0
907,49.0,Other,East,Primary,Unemployed,397647.37,527572.26,Car,683.3,6,198,75.78,2023-04-28,1
908,31.0,Other,North,Post-Graduate,Unemployed,,597633.25,Education,584.5,6,291,47.54,2020-10-23,1
909,32.0,Female,East,Secondary,Unemployed,982640.91,437753.43,Home,625.6,3,320,57.58,2020-02-22,0
910,,Other,North,Graduate,Salaried,275429.18,373824.15,Education,678.8,4,173,18.0,2022-02-19,0
911,62.0,Other,West,Post-Graduate,Salaried,610890.46,409981.28,Business,678.1,9,426,12.59,2023-04-13,0
912,68.0,Other,South,Secondary,Salaried,1120255.57,401671.77,Business,552.9,0,194,12.45,2019-09-20,0
913,28.0,Female,East,Secondary,Unemployed,1101137.4,522841.03,Education,751.8,3,340,62.19,2018-03-10,0
914,54.0,Other,South,Graduate,,5496946.52,267223.15,Car,617.6,10,347,15.23,2020-03-01,1
915,49.0,Male,East,Post-Graduate,Unemployed,1094905.39,494507.61,Home,596.3,0,164,33.27,2021-12-07,0
916,57.0,Male,South,Primary,Salaried,930005.9,,Education,762.4,2,378,17.35,2021-07-24,1
917,,Female,North,Post-Graduate,Unemployed,1120126.25,596140.39,Education,732.3,3,387,74.25,2019-06-28,0
918,32.0,Female,East,Post-Graduate,Self-Employed,332936.03,162824.36,Home,651.2,3,144,85.1,2019-12-27,0
919,52.0,Female,South,Secondary,Unemployed,524969.59,587666.82,Business,549.7,10,430,24.49,2024-07-25,1
920,43.0,Other,East,Primary,Unemployed,618586.16,314514.18,Car,627.4,5,363,92.32,2024-03-09,0
921,37.0,Female,West,Primary,Self-Employed,746215.9,590519.92,Home,581.7,7,76,49.72,2021-08-15,1
922,,Male,East,Graduate,Salaried,,519477.26,Business,656.0,7,176,38.62,2019-02-15,0
923,55.0,Female,East,Graduate,Self-Employed,724564.48,,Business,591.7,6,379,43.94,2020-09-24,1
924,40.0,Other,West,Primary,Salaried,806204.15,564794.47,Other,657.9,8,60,45.78,2021-01-08,0
925,31.0,Female,North,Primary,Self-Employed,1252929.89,155489.3,Car,,9,389,21.86,2025-06-10,0
926,43.0,Female,North,Secondary,Salaried,629870.51,405208.17,Car,,2,107,85.05,2021-05-19,0
927,48.0,Other,West,Secondary,Self-Employed,889655.9,500532.05,Business,718.3,7,86,39.3,2023-04-13,0
928,50.0,Female,East,Post-Graduate,Unemployed,460425.52,409194.92,Business,648.7,2,167,74.86,2019-07-01,1
929,55.0,Female,East,Primary,Unemployed,,525941.24,Other,637.6,9,96,75.27,2022-02-20,0
930,69.0,Female,West,Secondary,Self-Employed,590241.76,559892.15,Car,703.6,7,101,13.76,2021-05-21,1
931,39.0,Female,North,Graduate,Unemployed,531494.15,747675.24,Home,667.9,2,88,43.85,2023-10-21,0
932,62.0,Other,West,Primary,Self-Employed,1445381.14,412945.54,Business,669.6,5,70,58.85,2022-04-22,0
933,48.0,Female,East,Graduate,Salaried,734103.75,189511.54,Car,616.6,12,470,48.27,2022-03-08,1
934,48.0,Female,South,Post-Graduate,Self-Employed,395353.56,121342.34,Home,750.1,2,8,38.65,2024-08-14,0
935,50.0,Other,East,Primary,Unemployed,669766.55,524759.68,Education,581.5,10,194,31.45,2021-10-14,1
936,32.0,Female,North,Post-Graduate,Salaried,1166461.42,164083.64,Car,717.9,4,330,13.03,2019-04-03,0
937,26.0,Other,West,Primary,Salaried,548014.5,371701.71,Education,532.2,5,239,68.56,2020-09-26,1
938,44.0,Other,North,Graduate,Unemployed,726078.93,89957.23,Education,608.8,12,456,18.6,2023-10-01,1
939,48.0,Other,East,Graduate,Unemployed,,493090.11,Other,659.5,1,433,87.55,2019-04-22,0
940,55.0,Other,South,Graduate,Unemployed,,,Home,805.3,5,298,50.2,2022-11-25,1
941,59.0,Other,East,Primary,Salaried,547440.8,493999.66,Car,727.7,12,217,65.86,2021-01-30,1
942,22.0,Other,West,Graduate,Unemployed,706485.84,462162.18,Business,774.7,11,369,61.79,2023-03-02,0
943,51.0,Other,South,Post-Graduate,Self-Employed,743154.84,383042.24,Business,636.8,7,442,73.12,2020-05-12,0
944,23.0,Male,East,Graduate,Self-Employed,967421.22,308824.27,Education,667.7,7,292,93.72,2018-12-07,0
945,49.0,Female,West,Secondary,Self-Employed,666427.86,345515.13,Other,712.6,6,217,94.65,2018-04-06,0
946,29.0,Other,East,Secondary,Salaried,941914.45,521780.6,Business,668.6,6,116,27.96,2019-03-30,0
947,56.0,Female,West,Secondary,Self-Employed,279968.22,626738.54,Business,630.2,5,327,18.98,2025-02-06,0
948,69.0,Female,South,Primary,Self-Employed,546316.25,525741.08,Other,612.1,2,209,34.51,2023-12-22,0
949,62.0,Other,West,Primary,Self-Employed,428168.25,528079.19,Other,729.0,9,322,52.79,2018-11-26,1
950,36.0,Female,South,Secondary,Self-Employed,738788.63,132372.95,Education,604.6,5,16,73.15,2025-05-03,1
951,67.0,Other,West,Post-Graduate,Salaried,831378.4,,Other,734.4,4,38,86.03,2020-04-27,0
952,49.0,Female,South,Secondary,Self-Employed,574436.37,594366.63,Home,500.1,8,333,19.45,2024-10-10,1
953,,Other,North,Primary,Self-Employed,696029.72,21567.29,Business,601.7,6,41,76.56,2020-12-01,1
954,67.0,Other,West,Post-Graduate,Salaried,658107.98,577314.63,Home,558.3,11,398,13.39,2022-06-25,1
955,30.0,Male,West,Secondary,Self-Employed,989441.52,54828.48,Home,709.0,5,216,65.81,2019-08-05,0
956,42.0,Other,West,Graduate,Self-Employed,236297.53,878598.04,Education,747.3,7,390,30.8,2020-11-30,1
957,57.0,Female,South,Graduate,Self-Employed,687187.49,466602.48,Business,664.1,5,293,40.83,2021-04-07,0
958,64.0,Female,South,Primary,Salaried,690617.04,384832.05,Other,572.2,2,316,34.85,2022-04-23,0
959,40.0,Female,South,Graduate,Unemployed,727864.25,431278.36,Education,538.7,8,212,50.54,2019-11-29,1
960,45.0,Male,North,Graduate,Salaried,667288.06,248473.06,Education,683.9,8,251,24.91,2022-04-05,0
961,34.0,Other,South,Secondary,Self-Employed,738941.53,599293.31,Home,704.8,5,260,49.04,2025-02-28,0
962,46.0,Male,West,Secondary,Salaried,,684096.18,Education,655.3,4,288,91.74,2024-01-12,0
963,68.0,Male,South,Primary,Salaried,988996.81,935035.1,Other,695.1,2,25,93.25,2020-12-24,1
964,40.0,Male,East,Primary,Salaried,1172515.22,446583.07,Business,772.0,9,249,49.46,2024-01-09,0
965,28.0,Male,West,Secondary,Unemployed,381391.28,501476.02,Other,600.0,4,296,10.82,2022-10-27,0
966,69.0,Female,East,Graduate,Self-Employed,484240.01,819030.16,Other,680.4,9,143,51.87,2019-12-25,1
967,36.0,Other,West,Post-Graduate,Salaried,455322.55,716251.51,Car,656.1,12,489,25.49,2018-01-27,1
968,25.0,Male,South,Primary,Salaried,596269.46,348150.87,Car,652.4,7,180,64.22,2024-01-16,0
969,40.0,,West,Secondary,Salaried,436533.18,397544.83,Other,727.2,9,112,58.54,2019-09-26,1
970,63.0,Female,West,Graduate,Self-Employed,852683.85,1078674.12,Car,627.0,10,309,77.04,2021-01-08,1
971,40.0,Male,West,Graduate,Unemployed,559198.76,602087.27,Car,610.0,6,395,45.46,2022-07-14,1
972,50.0,Male,East,Post-Graduate,Self-Employed,,787359.38,Education,693.3,3,343,70.92,2021-04-22,0
973,,Other,West,Post-Graduate,Salaried,513932.84,338640.26,Business,542.1,1,43,30.67,2021-08-26,0
974,65.0,Male,East,Graduate,Unemployed,689069.79,348818.23,Education,628.9,9,305,41.88,2019-02-20,0
975,49.0,Male,East,Secondary,Unemployed,829101.94,343990.51,Home,679.9,12,380,45.17,2019-09-14,0
976,49.0,Other,North,Secondary,Salaried,434243.67,19432.03,Education,627.6,4,290,55.14,2021-04-08,0
977,,Other,East,Graduate,Unemployed,969720.02,247462.29,Home,711.6,7,190,38.31,2025-08-07,0
978,29.0,Male,East,Primary,Unemployed,1008747.9,187273.97,Business,717.4,7,413,14.08,2023-12-05,0
979,23.0,Other,North,Primary,,1290202.23,273020.47,Car,624.6,5,329,15.7,2018-11-06,0
980,53.0,Female,East,Post-Graduate,Self-Employed,640962.03,881656.71,Car,762.9,9,337,94.4,2018-10-27,0
981,62.0,Female,East,Primary,,608031.93,538521.07,Business,563.0,11,424,90.62,2018-03-29,1
982,22.0,Other,West,Secondary,Unemployed,5093381.19,337276.34,Education,715.9,3,304,67.34,2021-08-30,0
983,66.0,Male,East,Primary,Self-Employed,815985.14,293433.31,Education,692.1,0,278,61.16,2018-06-11,0
984,35.0,Female,North,Secondary,Self-Employed,882755.7,444609.73,Home,719.9,4,124,89.59,2020-06-08,0
985,45.0,Other,North,Primary,Salaried,1295524.58,479957.0,Other,685.7,7,209,26.88,2022-04-08,0
986,58.0,Female,West,Secondary,Salaried,792101.12,703272.84,Home,761.5,1,486,51.57,2024-10-13,1
987,,Female,North,Post-Graduate,Unemployed,553334.96,548007.41,Education,671.9,12,220,44.03,2019-02-14,1
988,35.0,Female,North,Secondary,Salaried,709673.2,709724.91,Car,730.9,6,453,50.07,2021-01-30,0
989,57.0,Female,East,Post-Graduate,,1062149.32,417605.28,Business,660.6,9,415,27.84,2025-05-31,0
990,32.0,Male,South,Primary,Self-Employed,715952.11,257735.83,Car,675.3,12,419,66.84,2022-02-04,0
991,40.0,Male,West,Primary,Unemployed,461564.01,537504.34,Business,667.9,0,174,12.42,2023-04-12,1
992,69.0,Female,North,Primary,Self-Employed,650005.86,255130.22,Business,673.5,0,183,86.26,2019-01-13,0
993,47.0,Male,East,Graduate,Unemployed,930197.4,156318.44,Home,600.6,4,248,49.91,2020-11-18,0
994,51.0,Male,North,Post-Graduate,Self-Employed,441967.31,558689.68,Other,600.5,2,117,53.75,2019-08-08,1
995,27.0,Female,South,Graduate,Self-Employed,700316.77,589926.36,Education,645.2,7,347,60.22,2023-10-19,1
996,63.0,Male,South,Secondary,Salaried,1148193.21,358415.14,Car,544.0,11,468,77.98,2025-02-01,1
997,61.0,Other,West,Post-Graduate,Salaried,1221686.83,494637.86,Business,639.9,7,444,39.23,2025-01-19,0
998,60.0,Female,South,Graduate,Self-Employed,1050989.57,15882.4,Business,722.7,10,398,53.73,2021-10-13,0
999,70.0,Other,South,Primary,Salaried,278107.56,288444.27,Business,633.6,1,405,41.06,2025-03-15,1
1000,28.0,Male,South,Post-Graduate,,1003552.32,369827.69,Car,644.6,5,162,48.47,2024-03-16,0
1001,30.0,Other,North,Graduate,Unemployed,4883234.57,250498.08,Car,673.2,9,404,22.9,2023-12-14,0
1002,65.0,Other,South,Secondary,Unemployed,421103.48,162373.93,Other,,1,353,24.08,2025-02-11,0
1003,48.0,Female,South,Graduate,Salaried,852474.54,243014.46,Home,735.7,8,220,85.97,2023-04-01,0
1004,37.0,Male,West,Secondary,Salaried,620597.87,,Business,638.3,11,318,60.49,2018-10-01,0
1005,31.0,Male,East,Primary,Salaried,749823.41,10000.0,Education,685.8,10,219,43.23,2020-03-03,0
1006,29.0,Other,East,Graduate,Salaried,1226460.93,692787.89,Home,760.4,10,82,27.5,2019-08-07,0
1007,54.0,Female,South,Primary,Unemployed,647664.77,507848.65,Education,578.8,4,425,20.61,2024-11-03,0
1008,38.0,Other,West,Graduate,Salaried,779599.05,861254.47,Other,714.0,4,62,63.29,2022-10-11,1
1009,27.0,Female,North,Primary,Self-Employed,1113238.56,614234.1,Education,714.4,10,258,81.12,2022-11-07,0
1010,37.0,Other,West,Secondary,Unemployed,,223791.4,Business,771.3,4,187,17.06,2019-02-19,0
1011,35.0,Other,West,Primary,Unemployed,326696.57,199592.41,Home,701.2,8,315,81.18,2022-03-20,0
1012,58.0,Other,West,Post-Graduate,Unemployed,237793.26,328886.02,Home,655.1,1,65,92.17,2020-09-04,1
1013,43.0,Other,North,Secondary,Unemployed,505287.83,185049.59,Car,692.6,6,421,78.44,2022-11-04,0
1014,22.0,Female,East,Graduate,Self-Employed,637428.99,301044.47,Car,731.2,6,415,12.41,2023-02-14,0
1015,38.0,Other,East,Post-Graduate,Self-Employed,611456.56,426038.49,Car,734.6,12,87,27.8,2024-02-20,0
1016,52.0,Female,East,Primary,Unemployed,686712.78,226151.81,Home,763.8,11,417,81.08,2020-07-21,0
1017,61.0,Male,South,Graduate,Salaried,352421.79,594023.63,Home,681.9,11,253,39.8,2022-11-29,0
1018,33.0,Other,North,Secondary,Salaried,498552.92,726114.2,Home,621.1,8,156,74.33,2024-01-14,1
1019,66.0,Male,East,Primary,Self-Employed,198627.14,104513.02,Car,670.7,8,186,43.72,2022-04-27,0
1020,49.0,Male,South,Post-Graduate,Unemployed,1174251.98,403734.25,Car,720.6,4,18,52.03,2020-06-15,0
1021,30.0,Male,West,Secondary,,923532.84,414564.2,Other,578.3,6,289,56.85,2024-05-15,1
1022,,Female,West,Graduate,Self-Employed,329071.86,931964.82,Car,554.6,11,138,70.07,2022-01-30,1
1023,41.0,Male,North,Post-Graduate,Unemployed,,374879.82,Education,622.9,11,131,77.62,2024-06-29,0
1024,27.0,Male,West,Graduate,Unemployed,1206326.65,83370.14,Home,612.0,11,364,64.82,2024-03-19,1
1025,50.0,Female,West,Secondary,Salaried,441776.36,200943.46,Education,721.1,8,234,57.51,2018-08-24,0
1026,25.0,Female,South,Post-Graduate,Salaried,646650.95,368908.4,Business,732.6,11,19,70.66,2023-07-04,0
1027,40.0,Other,East,Primary,Unemployed,263438.16,310490.6,Home,550.5,6,78,75.14,2025-08-22,1
1028,66.0,Other,South,Secondary,Salaried,439518.46,31958.12,Other,616.9,1,319,15.41,2022-08-22,0
1029,70.0,Other,West,Post-Graduate,Self-Employed,710448.58,243060.18,Business,631.7,1,174,17.57,2022-07-11,0
1030,29.0,Male,East,Post-Graduate,,,488227.81,Car,735.2,2,367,46.58,2020-10-29,1
1031,43.0,Male,East,Primary,Salaried,1123046.92,368096.14,Home,681.0,0,455,61.52,2024-03-31,0
1032,54.0,Male,South,Secondary,Unemployed,2007304.33,300720.32,Other,733.0,12,468,58.29,2022-03-16,0
1033,52.0,Other,South,Secondary,Self-Employed,787520.15,559618.46,Home,787.3,9,196,58.79,2022-12-11,0
1034,60.0,Male,East,Secondary,Unemployed,223167.71,10000.0,Other,638.8,1,418,89.41,2021-04-08,0
1035,31.0,Female,North,Primary,Self-Employed,985095.15,,Car,837.3,7,480,65.97,2022-05-12,0
1036,44.0,Female,North,Primary,Unemployed,688739.47,681491.94,Education,660.0,12,211,13.54,2018-08-29,0
1037,,,West,Post-Graduate,Self-Employed,269153.01,249966.65,Business,684.4,4,169,21.52,2020-03-22,1
1038,26.0,Female,North,Primary,Salaried,269706.14,180136.95,Home,683.4,7,317,43.05,2023-08-01,0
1039,,Female,South,Graduate,Unemployed,1087846.99,,Home,708.1,0,278,12.38,2021-05-25,0
1040,64.0,Male,North,Post-Graduate,Salaried,930682.78,378085.48,Car,594.9,2,265,41.52,2018-07-03,0
1041,66.0,Male,South,Graduate,,497045.33,757604.48,Business,593.0,0,477,42.43,2019-04-22,0
1042,35.0,Female,East,Secondary,Unemployed,521301.94,439645.95,Education,662.0,2,311,30.92,2025-07-01,1
1043,47.0,Other,West,Primary,Unemployed,585990.24,158792.34,Business,653.6,12,254,31.54,2018-02-12,0
1044,29.0,Male,South,Graduate,Salaried,1335277.88,460193.66,Education,,1,86,86.69,2023-06-25,0
1045,,Male,North,Post-Graduate,Salaried,599211.6,23989.44,Car,648.8,4,60,74.68,2022-06-06,0
1046,54.0,Male,North,Secondary,Self-Employed,,281970.83,Other,686.5,3,24,80.81,2020-01-26,0
1047,,Male,South,Graduate,Self-Employed,545919.87,452610.77,Car,837.6,12,101,75.33,2021-07-26,1
1048,43.0,Male,South,Secondary,Unemployed,878234.32,469422.92,Car,666.2,6,83,90.48,2023-09-02,0
1049,42.0,Other,East,Primary,Salaried,523809.62,174904.43,Home,727.7,8,152,57.33,2019-08-11,0
1050,47.0,Male,South,Primary,Self-Employed,795147.96,796769.38,Home,692.2,11,482,37.34,2018-06-07,1
1051,57.0,Other,West,Post-Graduate,,977273.84,488836.51,Other,753.9,0,293,56.37,2018-03-23,0
1052,45.0,Female,West,Secondary,Self-Employed,302200.02,395404.04,Other,573.9,9,133,39.34,2025-02-20,1
1053,44.0,Female,South,Primary,Self-Employed,740365.52,602802.36,Business,747.6,4,456,23.63,2018-03-27,1
1054,66.0,Female,West,Post-Graduate,Unemployed,631527.16,841288.75,Business,513.7,2,435,63.25,2020-05-02,0
1055,49.0,Other,South,Graduate,Self-Employed,1019919.67,317752.38,Other,661.0,8,110,30.91,2020-02-22,0
1056,69.0,Other,West,Graduate,Unemployed,561787.21,248809.96,Business,722.4,6,77,49.97,2024-02-02,0
1057,24.0,Other,South,Post-Graduate,Unemployed,785113.64,615570.44,Car,591.5,6,97,90.17,2018-04-08,1
1058,38.0,Male,West,Graduate,Self-Employed,105006.38,219245.45,Car,571.3,10,210,58.88,2020-03-21,1
1059,,Male,North,Primary,Salaried,1173446.22,,Home,768.0,11,326,84.45,2025-08-01,0
1060,24.0,Male,East,Graduate,,531277.41,888960.87,Business,766.8,5,108,73.2,2020-05-22,1
1061,51.0,Female,South,Post-Graduate,Unemployed,601589.41,531734.86,Education,693.3,2,88,45.29,2023-12-21,0
1062,65.0,Male,West,Post-Graduate,Self-Employed,532445.34,400470.19,Business,714.3,2,470,47.82,2018-06-11,0
1063,31.0,Female,East,Graduate,Salaried,742830.22,69825.48,Education,631.0,9,98,48.02,2018-03-23,0
1064,25.0,Male,East,Graduate,Unemployed,946163.32,,Home,606.0,2,61,94.4,2025-07-02,0
1065,43.0,Other,East,Primary,Self-Employed,1624024.72,130275.09,Education,736.4,2,191,82.36,2020-02-26,0
1066,31.0,Other,West,Primary,,502703.99,415038.4,Other,739.8,7,226,38.69,2021-01-22,0
1067,23.0,Female,North,Graduate,,1265762.27,906189.1,Business,678.7,6,107,86.89,2022-04-06,0
1068,42.0,Female,East,Secondary,Self-Employed,641183.14,10000.0,Education,662.4,6,213,70.12,2019-06-27,0
1069,38.0,Male,South,Primary,,,536616.99,Education,732.9,8,463,19.65,2019-06-11,0
1070,25.0,,North,Secondary,Unemployed,76393.33,,Business,564.7,1,9,71.46,2021-10-29,0
1071,61.0,Male,North,Primary,Salaried,1068818.59,86414.25,Business,758.7,3,475,73.42,2018-11-29,0
1072,64.0,Male,West,Secondary,Self-Employed,1024729.96,496722.43,Education,688.8,5,325,54.99,2023-05-04,0
1073,67.0,Other,South,Primary,Unemployed,431336.58,10000.0,Home,683.1,2,106,32.38,2024-01-30,0
1074,,Female,West,Graduate,Salaried,730981.06,63112.38,Business,850.0,2,207,64.0,2024-08-23,0
1075,37.0,Male,North,Post-Graduate,Self-Employed,920648.94,36128.18,Home,576.6,4,149,74.12,2018-09-22,0
1076,60.0,Other,East,Primary,Unemployed,50000.0,61203.99,Education,724.6,11,233,11.02,2025-07-25,1
1077,67.0,Male,South,Primary,Unemployed,875504.23,168659.31,Education,598.2,12,255,36.65,2020-02-19,1
1078,47.0,Female,South,Secondary,,743263.15,10000.0,Business,717.9,6,242,83.84,2023-03-18,0
1079,47.0,Other,South,Secondary,Unemployed,,241835.99,Car,,2,209,41.09,2022-11-15,0
1080,34.0,Male,East,Graduate,Salaried,1110969.37,289484.96,Car,705.2,5,106,11.84,2022-05-26,0
1081,52.0,Male,East,Post-Graduate,Unemployed,423744.19,217162.09,Education,728.2,10,35,40.04,2019-03-11,0
1082,30.0,Female,East,Post-Graduate,,421496.99,822784.51,Home,636.0,6,256,11.1,2021-06-15,1
1083,59.0,Male,West,Graduate,Self-Employed,867765.61,547808.85,Car,729.1,5,294,92.49,2018-09-16,0
1084,34.0,Female,East,Graduate,Unemployed,138822.14,192471.26,Car,537.7,5,329,87.84,2023-05-05,1
1085,29.0,Female,West,Primary,Self-Employed,1211044.17,306137.29,Other,,9,126,79.13,2020-10-17,0
1086,27.0,Female,South,Graduate,Unemployed,451195.39,531297.1,Car,729.5,8,256,49.33,2020-12-25,1
1087,44.0,Female,West,Graduate,Unemployed,760317.18,328741.04,Other,,9,252,57.76,2021-01-22,0
1088,33.0,Other,South,Graduate,Salaried,501806.75,17208.8,Business,540.3,9,314,20.23,2018-09-06,1
1089,48.0,Male,East,Post-Graduate,Salaried,520827.18,10000.0,Business,696.6,0,338,64.74,2022-09-23,0
1090,61.0,,South,Post-Graduate,Self-Employed,,549489.71,Car,743.3,5,60,89.64,2023-02-11,0
1091,58.0,Other,North,Post-Graduate,Unemployed,1218498.98,851719.69,Education,,5,77,36.8,2022-03-17,0
1092,46.0,Male,North,Secondary,Self-Employed,,79590.24,Home,602.8,10,149,37.54,2024-05-17,1
1093,,Female,North,Post-Graduate,Self-Employed,788879.45,489429.3,Other,673.1,5,187,38.74,2022-08-18,0
1094,,Female,South,Primary,Self-Employed,571684.95,242202.46,Car,625.3,2,285,79.94,2020-04-28,0
1095,36.0,Male,South,Graduate,Self-Employed,1126682.28,531847.11,Business,612.6,7,26,13.58,2020-08-10,1
1096,69.0,Other,North,Primary,Salaried,337317.0,163040.06,Other,730.9,4,257,12.0,2022-08-27,0
1097,,Female,South,Secondary,Unemployed,4808684.69,719544.27,Home,652.5,5,265,86.38,2019-11-04,0
1098,61.0,Female,East,Secondary,Self-Employed,321987.03,337497.82,Education,767.5,8,203,23.59,2020-04-05,0
1099,,Male,North,Post-Graduate,Salaried,880152.71,539508.61,Car,599.1,8,399,44.48,2020-01-28,1
1100,33.0,Female,West,Primary,Unemployed,436598.5,381109.87,Car,621.3,11,350,28.22,2024-08-26,0
1101,57.0,Other,West,Graduate,Self-Employed,1145723.14,93532.4,Business,690.9,2,445,38.38,2023-08-09,0
1102,59.0,Male,North,Primary,Salaried,707052.84,651309.42,Home,641.8,9,151,77.58,2025-06-25,0
1103,60.0,Male,East,Secondary,Unemployed,742843.07,411607.42,Car,756.0,11,295,91.7,2019-02-03,0
1104,48.0,Male,East,Secondary,Self-Employed,700019.39,258693.35,Business,720.7,10,16,35.28,2018-05-24,0
1105,34.0,Other,South,Post-Graduate,Unemployed,,644067.42,Other,718.3,7,94,11.22,2018-12-19,0
1106,38.0,Female,West,Primary,Salaried,104048.67,316613.64,Business,,11,359,23.03,2018-09-24,1
1107,48.0,Other,East,Post-Graduate,Salaried,849812.22,174427.71,Education,661.4,1,496,75.41,2021-02-24,0
1108,22.0,Other,West,Post-Graduate,Salaried,658241.12,557080.14,Home,669.6,11,234,78.88,2025-04-17,1
1109,39.0,Female,East,Post-Graduate,Salaried,433990.41,654535.87,Other,638.7,10,466,41.56,2024-03-06,1
1110,46.0,Female,East,Post-Graduate,Salaried,730888.79,824627.96,Other,667.6,2,421,67.18,2023-07-19,1
1111,37.0,Other,South,Graduate,Unemployed,902192.34,251024.02,Car,,10,89,85.63,2021-11-07,1
1112,57.0,Male,North,Primary,Unemployed,804760.35,468632.77,Home,636.5,11,207,16.95,2022-09-13,0
1113,37.0,Other,West,Post-Graduate,Salaried,,252180.17,Other,696.0,5,255,19.94,2022-03-10,0
1114,,Other,South,Primary,,1166860.87,116889.51,Home,487.6,3,332,64.73,2019-09-30,0
1115,52.0,Male,North,Primary,Self-Employed,771558.89,476238.19,Home,683.7,3,282,64.25,2020-02-22,0
1116,34.0,Female,West,Primary,Unemployed,1005854.97,415683.29,Other,653.4,4,236,90.84,2022-09-25,0
1117,40.0,Female,North,Post-Graduate,Self-Employed,539311.81,,Education,564.9,10,319,60.43,2025-08-13,1
1118,22.0,Other,East,Post-Graduate,Salaried,241235.97,10000.0,Business,700.7,12,280,75.43,2022-09-28,0
1119,23.0,Male,West,Post-Graduate,Unemployed,1192345.85,302229.63,Education,679.6,3,375,80.6,2025-01-29,0
1120,36.0,Male,West,Primary,Salaried,,183335.34,Car,691.9,8,402,69.84,2023-01-23,0
1121,58.0,Other,North,Graduate,Unemployed,1040014.86,69157.96,Home,602.3,7,145,69.26,2022-05-09,1
1122,65.0,Female,North,Secondary,Salaried,821201.1,526088.24,Car,748.1,2,25,34.67,2021-09-19,0
1123,51.0,Male,East,Post-Graduate,Salaried,668063.75,402305.41,Business,733.1,12,197,13.73,2020-01-19,0
1124,65.0,Female,West,Graduate,Unemployed,89537.57,511724.64,Business,708.0,2,384,93.2,2024-10-14,1
1125,22.0,Male,North,Primary,Self-Employed,534496.93,10000.0,Education,609.8,0,147,47.08,2022-09-26,0
1126,,Other,South,Post-Graduate,Unemployed,615690.16,875867.51,Other,606.0,2,66,12.05,2018-12-20,1
1127,44.0,Male,East,Secondary,Unemployed,379964.23,299475.59,Business,,1,291,13.38,2020-04-09,0
1128,21.0,Male,East,Secondary,Self-Employed,,360964.99,Car,679.3,8,345,32.6,2023-12-14,1
1129,33.0,Male,South,Secondary,Salaried,524018.35,155418.09,Business,,10,282,82.99,2018-10-18,0
1130,53.0,Female,South,Graduate,Self-Employed,1036376.3,534668.07,Home,698.5,10,390,45.15,2025-01-06,0
1131,69.0,Male,West,Post-Graduate,Unemployed,147980.24,609897.88,Car,782.9,5,205,48.24,2020-07-09,0
1132,36.0,Other,North,Secondary,Unemployed,777436.2,299145.58,Home,797.2,6,312,12.63,2018-09-29,0
1133,44.0,,West,Post-Graduate,Unemployed,658285.4,,Other,743.8,8,314,37.8,2021-06-16,0
1134,65.0,Male,West,Graduate,Unemployed,677074.72,260243.29,Other,593.8,12,298,21.67,2021-10-12,1
1135,60.0,Male,South,Graduate,Self-Employed,545085.66,260141.36,Car,672.3,8,121,36.61,2021-08-20,0
1136,42.0,Male,East,Secondary,Unemployed,945547.56,233754.5,Education,708.9,6,347,66.02,2024-11-16,0
1137,66.0,Male,South,Graduate,Salaried,445430.66,341569.27,Business,642.4,11,375,84.47,2025-02-28,0
1138,44.0,Female,North,Graduate,Salaried,609024.3,202300.71,Business,685.5,9,240,55.68,2019-08-23,0
1139,56.0,Female,West,Secondary,Self-Employed,,397953.44,Home,826.9,7,483,94.22,2024-07-18,0
1140,,Male,North,Graduate,Salaried,,280686.12,Home,682.2,6,203,36.62,2019-07-27,0
1141,25.0,Male,North,Graduate,Unemployed,635292.36,710623.92,Education,713.7,10,221,27.42,2025-05-28,1
1142,39.0,Male,South,Primary,Unemployed,50000.0,442431.48,Other,776.4,9,389,32.67,2024-03-13,1
1143,41.0,Other,East,Post-Graduate,Salaried,714282.54,246940.19,Home,615.0,0,493,23.63,2024-05-28,0
1144,36.0,Female,North,Primary,Salaried,,450298.31,Education,756.4,2,461,24.75,2020-06-21,0
1145,48.0,,West,Post-Graduate,Salaried,343808.8,237697.65,Other,687.3,1,214,70.56,2022-12-18,0
1146,69.0,Male,West,Post-Graduate,Self-Employed,834344.31,614199.87,Other,,12,453,54.53,2021-08-12,0
1147,34.0,Female,South,Graduate,Salaried,373506.94,679139.62,Business,658.5,12,211,27.61,2021-07-11,1
1148,59.0,Male,West,Graduate,Self-Employed,422733.53,769201.14,Business,,9,129,64.87,2018-09-22,1
1149,22.0,Male,South,Secondary,Salaried,219279.03,422785.01,Business,725.4,3,142,41.16,2020-11-30,1
1150,44.0,Male,East,Primary,Unemployed,822661.41,452568.7,Education,788.7,2,52,62.31,2024-03-14,0
1151,49.0,,North,Primary,Unemployed,798272.5,511283.45,Car,711.0,6,164,24.16,2018-10-01,0
1152,39.0,Male,North,Primary,Self-Employed,560527.96,895857.88,Car,627.1,3,13,78.66,2020-03-11,1
1153,55.0,Male,East,Primary,Unemployed,937668.69,595921.61,Other,673.2,2,130,76.89,2021-08-26,0
1154,24.0,Female,West,Secondary,Self-Employed,529727.58,540146.58,Car,748.3,2,128,83.24,2022-02-13,1
1155,66.0,Other,West,Post-Graduate,Unemployed,874722.99,520262.18,Other,680.7,6,74,10.05,2023-03-03,0
1156,67.0,Other,West,Graduate,Unemployed,,10000.0,Business,651.9,8,186,76.84,2024-06-23,0
1157,31.0,Female,West,Graduate,Self-Employed,346985.52,394172.13,Home,705.3,5,436,35.37,2024-10-11,0
1158,41.0,Other,South,Graduate,Self-Employed,1091205.47,400340.83,Car,631.2,12,331,73.78,2023-01-17,0
1159,30.0,Male,West,Primary,Salaried,914180.15,418432.18,Car,601.8,7,195,85.0,2023-03-13,1
1160,61.0,Female,North,Graduate,,727904.16,376747.02,Other,702.2,7,470,42.86,2025-04-30,0
1161,56.0,Male,South,Graduate,Salaried,50000.0,483545.56,Home,615.3,3,163,88.37,2019-11-11,1
1162,53.0,Female,East,Graduate,Self-Employed,735999.06,345217.05,Home,678.0,6,176,77.87,2023-03-01,0
1163,,Other,North,Secondary,Self-Employed,165759.87,134358.67,Education,603.2,10,404,56.58,2024-05-08,1
1164,63.0,Male,West,Graduate,Self-Employed,846421.62,358712.42,Car,581.3,2,77,74.78,2020-03-15,0
1165,23.0,Other,East,Secondary,,745060.12,410657.35,Home,640.0,12,427,85.07,2022-10-15,0
1166,31.0,Other,West,Primary,Salaried,796583.56,372077.25,Business,760.0,1,117,49.81,2019-11-10,0
1167,42.0,Other,East,Secondary,Unemployed,78991.39,10000.0,Other,732.0,8,285,85.58,2021-09-16,0
1168,54.0,Female,East,Post-Graduate,Unemployed,636264.07,550036.95,Business,566.0,3,120,79.27,2022-11-13,1
1169,24.0,Female,South,Primary,Unemployed,942157.12,,Other,711.1,3,437,76.6,2020-10-15,0
1170,53.0,Other,West,Primary,Self-Employed,805314.95,387760.27,Home,607.1,5,158,16.9,2019-10-28,1
1171,48.0,Female,West,Secondary,Self-Employed,434985.73,548217.86,Business,742.5,5,65,36.18,2023-06-16,0
1172,,Male,North,Primary,Salaried,663347.63,284704.75,Home,,2,311,37.81,2022-03-24,0
1173,30.0,Male,South,Graduate,Self-Employed,361698.7,326915.95,Education,804.9,10,82,94.31,2018-01-09,1
1174,63.0,Male,North,Secondary,Salaried,,911459.82,Business,717.2,5,56,13.31,2024-07-15,1
1175,52.0,,South,Primary,Self-Employed,1014030.51,609758.78,Other,549.6,4,75,15.52,2024-10-18,0
1176,35.0,Other,East,Graduate,Unemployed,607566.21,878957.13,Business,707.4,10,88,69.07,2023-01-28,1
1177,47.0,Male,North,Primary,Unemployed,776952.03,228555.73,Home,657.3,3,241,22.64,2019-09-28,0
1178,30.0,Other,South,Post-Graduate,Self-Employed,948469.6,265077.46,Business,692.6,1,149,75.48,2021-08-03,0
1179,28.0,Male,East,Secondary,Self-Employed,1103098.98,241603.18,Car,672.3,11,112,86.13,2025-05-11,0
1180,43.0,Female,East,Post-Graduate,Salaried,447463.22,880129.27,Education,706.9,4,204,25.86,2023-08-01,1
1181,68.0,Female,West,Primary,Self-Employed,1007439.14,345594.39,Education,758.1,11,99,10.63,2019-11-04,0
1182,30.0,Female,North,Primary,Unemployed,503567.06,590605.46,Education,744.8,7,495,33.62,2020-04-08,0
1183,66.0,Other,East,Post-Graduate,Unemployed,471460.19,688102.24,Other,775.2,8,108,27.94,2021-09-23,1
1184,60.0,Other,East,Post-Graduate,Salaried,1014941.25,540910.98,Education,793.3,11,414,13.35,2024-08-17,0
1185,42.0,Other,South,Graduate,Unemployed,1097703.89,437463.86,Car,801.6,6,480,49.4,2024-10-29,0
1186,,Male,South,Primary,Salaried,916940.84,,Business,593.8,3,347,86.87,2020-11-06,1
1187,36.0,Other,East,Primary,Self-Employed,446248.99,559850.69,Other,698.1,8,486,45.42,2023-08-18,0
1188,34.0,Other,East,Secondary,Unemployed,472992.1,10000.0,Car,,3,478,94.09,2024-04-15,0
1189,21.0,Male,East,Graduate,,651507.24,306481.08,Car,693.5,2,481,73.7,2020-11-23,0
1190,48.0,Other,North,Primary,Salaried,679793.01,458344.58,Home,707.2,4,163,94.82,2024-02-26,0
1191,21.0,Male,West,Primary,Self-Employed,806165.41,373441.87,Other,682.9,2,63,75.02,2021-10-14,0
1192,38.0,Female,North,Primary,Salaried,462300.51,331984.84,Car,704.2,2,203,78.56,2024-02-12,0
1193,30.0,Female,North,Post-Graduate,Salaried,500616.39,654330.34,Car,753.9,12,328,39.87,2021-10-25,0
1194,33.0,Other,West,Post-Graduate,Self-Employed,1565901.65,69620.65,Education,,11,39,92.97,2020-07-17,0
1195,62.0,Other,North,Graduate,Self-Employed,262664.28,793656.07,Home,714.5,0,345,89.38,2025-04-11,1
1196,29.0,Other,East,Primary,Unemployed,1061101.94,134130.67,Home,629.6,1,308,21.54,2023-07-18,0
1197,61.0,Female,South,Graduate,Self-Employed,593864.73,597316.17,Business,642.7,0,485,35.52,2019-07-15,1
1198,25.0,Female,East,Secondary,Unemployed,1271469.4,207508.75,Home,742.1,11,158,44.58,2018-04-18,0
1199,29.0,Male,South,Primary,Salaried,1070450.35,258060.25,Home,659.7,4,398,38.37,2019-05-22,0
1200,38.0,Other,East,Graduate,Salaried,801998.56,427989.43,Business,562.9,1,420,70.59,2024-06-22,0
1201,69.0,Other,North,Primary,Self-Employed,935251.11,308931.21,Home,732.6,11,31,21.64,2019-01-22,0
1202,51.0,Male,East,Secondary,Salaried,848965.43,301269.17,Other,698.5,2,307,89.87,2020-10-11,0
1203,,Other,South,Post-Graduate,Salaried,,137753.8,Other,701.7,2,382,91.37,2025-08-27,0
1204,38.0,Male,West,Secondary,Unemployed,1161589.36,339379.46,Education,546.6,7,285,30.22,2022-10-27,1
1205,43.0,Female,West,Primary,,1230588.96,909286.04,Business,631.1,9,443,85.61,2022-09-18,0
1206,58.0,Other,South,Secondary,Unemployed,587687.81,397584.26,Home,716.7,2,421,64.47,2019-05-07,0
1207,35.0,Male,South,Primary,Unemployed,1195833.17,395183.82,Home,664.9,3,146,91.55,2024-06-11,0
1208,47.0,Female,West,Post-Graduate,,553302.11,437826.03,Other,717.6,11,336,76.78,2022-02-19,0
1209,64.0,Female,East,Post-Graduate,Salaried,630593.52,764222.66,Education,722.3,3,450,66.6,2025-06-05,1
1210,21.0,Male,West,Primary,Self-Employed,936428.56,636815.47,Car,782.5,0,388,48.99,2021-03-30,0
1211,39.0,Male,West,Secondary,Unemployed,3852391.94,659023.26,Education,699.1,9,237,39.57,2025-03-23,0
1212,51.0,Female,South,Secondary,Salaried,340787.77,364791.26,Education,759.5,7,468,21.35,2020-08-18,1
1213,67.0,Male,South,Graduate,Self-Employed,541616.06,539083.57,Car,734.6,4,387,44.32,2018-09-15,1
1214,69.0,Other,North,Secondary,Salaried,424256.99,847008.72,Education,622.4,9,414,88.58,2020-01-20,1
1215,70.0,Female,East,Secondary,Unemployed,558877.45,104934.72,Business,725.9,1,380,36.04,2022-10-07,0
1216,63.0,Male,East,Primary,Self-Employed,701805.04,,Education,626.3,1,199,50.11,2020-03-14,0
1217,51.0,Male,West,Primary,Salaried,720738.19,92197.98,Business,598.4,11,44,18.77,2019-07-16,1
1218,47.0,Other,South,Secondary,Self-Employed,862421.82,391685.45,Home,647.5,8,230,71.07,2020-06-23,0
1219,23.0,Other,North,Primary,Self-Employed,672774.72,958950.18,Other,780.3,7,462,27.77,2021-10-27,0
1220,55.0,Other,North,Post-Graduate,Salaried,676515.82,571955.06,Business,660.3,7,357,33.55,2019-11-16,1
1221,42.0,Other,South,Primary,Unemployed,987167.86,574081.38,Home,679.2,11,183,89.45,2023-01-27,0
1222,61.0,Male,South,Secondary,Salaried,698127.92,318811.05,Education,640.3,2,124,72.69,2020-01-05,0
1223,,Other,West,Secondary,,1003780.77,502583.15,Home,790.4,11,109,41.16,2021-05-12,0
1224,31.0,Male,South,Primary,Salaried,794859.17,641915.61,Business,683.2,8,94,68.18,2022-09-18,1
1225,27.0,Other,East,Post-Graduate,Salaried,273389.72,554855.2,Other,655.0,10,276,90.75,2024-08-20,0
1226,55.0,Female,South,Primary,Salaried,237798.14,458563.91,Business,754.7,2,317,81.12,2022-12-29,1
1227,39.0,Other,North,Post-Graduate,Self-Employed,436452.07,618176.01,Other,704.5,11,69,86.57,2020-07-30,0
1228,66.0,Male,North,Secondary,Unemployed,594792.64,599417.06,Other,743.5,8,453,29.7,2019-06-02,1
1229,26.0,Male,North,Secondary,Unemployed,502113.19,663083.02,Business,661.3,2,27,46.36,2020-04-20,1
1230,25.0,Female,East,Primary,Salaried,841216.96,331866.59,Home,,12,169,49.18,2025-08-22,0
1231,70.0,Other,North,Primary,Unemployed,1137088.69,463150.01,Car,686.4,5,89,74.39,2025-02-22,0
1232,51.0,Other,North,Secondary,Self-Employed,630681.96,756688.34,Education,750.9,8,336,41.58,2025-01-27,0
1233,45.0,Other,West,Graduate,Self-Employed,449249.48,10000.0,Other,665.6,2,48,56.39,2019-08-29,0
1234,70.0,Female,West,Primary,Unemployed,941600.39,590931.7,Business,786.1,8,323,77.01,2021-07-10,0
1235,,Other,East,Secondary,Self-Employed,6601056.44,455509.22,Business,676.3,5,330,39.03,2022-01-20,0
1236,,Other,North,Graduate,Self-Employed,924673.7,18234.17,Car,745.1,8,121,94.21,2022-02-22,0
1237,57.0,Other,West,Graduate,Salaried,637826.79,451599.49,Other,663.7,3,128,44.87,2024-11-20,0
1238,70.0,Male,West,Graduate,Unemployed,629960.09,926709.73,Home,620.1,2,69,15.48,2021-01-01,0
1239,56.0,Female,South,Secondary,Self-Employed,1123309.44,192081.79,Car,661.2,10,95,56.54,2023-04-25,0
1240,54.0,Female,South,Graduate,Self-Employed,50000.0,249559.39,Education,710.7,10,38,22.03,2022-06-27,1
1241,31.0,Female,North,Post-Graduate,Salaried,1311888.08,466726.51,Business,756.4,8,225,28.18,2021-06-22,0
1242,39.0,Male,West,Secondary,Unemployed,1051098.28,301190.22,Education,649.9,12,196,74.4,2018-06-23,0
1243,42.0,Female,East,Graduate,Unemployed,514140.39,356613.31,Other,755.1,10,48,49.94,2021-06-14,0
1244,54.0,Other,South,Graduate,,337176.98,774167.95,Car,620.7,11,60,41.31,2024-03-27,1
1245,50.0,Male,South,Secondary,Salaried,342873.67,153499.39,Education,649.0,10,34,94.42,2021-04-08,0
1246,33.0,Male,North,Primary,Salaried,909567.06,389458.09,Other,740.8,11,67,43.55,2020-06-27,0
1247,50.0,Female,South,Secondary,Self-Employed,226967.47,334486.38,Education,588.1,3,128,60.43,2025-01-28,1
1248,35.0,Other,West,Graduate,Self-Employed,587233.53,344616.96,Home,690.3,1,494,17.13,2024-11-11,0
1249,50.0,Male,North,Primary,Self-Employed,1275195.13,279301.73,Business,664.2,0,10,87.48,2020-05-04,0
1250,28.0,Other,West,Graduate,Unemployed,340569.52,559291.02,Education,607.3,0,130,68.51,2021-09-29,1
1251,59.0,Male,North,Primary,Self-Employed,1051912.29,674354.55,Other,777.5,3,205,41.27,2021-11-17,0
1252,25.0,Male,South,Post-Graduate,Unemployed,708071.93,645766.24,Business,607.5,9,151,19.25,2021-04-12,1
1253,42.0,Other,South,Primary,Salaried,909539.85,117310.17,Business,644.2,11,85,90.04,2024-10-20,0
1254,38.0,Male,West,Primary,Self-Employed,800954.62,304208.89,Home,695.1,0,361,73.41,2021-04-19,0
1255,70.0,Male,South,Post-Graduate,Salaried,757690.06,222215.7,Home,515.7,11,28,54.14,2019-01-29,1
1256,33.0,Male,West,Secondary,Unemployed,1038490.65,888723.59,Business,729.6,5,204,43.82,2024-10-24,1
1257,25.0,Male,West,Primary,Self-Employed,487718.92,773626.32,Business,702.2,5,187,14.42,2022-10-27,1
1258,48.0,Other,North,Primary,Salaried,888053.73,314421.83,Education,649.4,3,273,80.67,2021-04-04,0
1259,56.0,Other,South,Post-Graduate,Salaried,1067336.57,409541.11,Car,700.3,7,446,66.7,2024-03-03,0
1260,35.0,Other,North,Graduate,Unemployed,937151.03,303185.12,Other,656.2,1,346,41.5,2018-03-15,0
1261,66.0,Female,West,Post-Graduate,Unemployed,927664.03,481872.74,Education,781.7,7,135,59.55,2019-11-10,0
1262,56.0,Male,East,Secondary,Unemployed,511206.18,424677.14,Education,564.3,10,352,74.69,2023-02-12,1
1263,58.0,Male,South,Secondary,Salaried,148335.01,809947.89,Car,664.2,0,400,52.54,2021-06-22,1
1264,70.0,Male,West,Primary,Unemployed,822390.87,473433.51,Business,800.2,12,225,44.36,2024-04-12,0
1265,30.0,Other,South,Secondary,Self-Employed,579652.11,474814.36,Other,697.2,7,94,73.69,2021-06-21,1
1266,44.0,Female,North,Graduate,Self-Employed,687085.09,643456.24,Home,,10,464,57.7,2018-03-13,0
1267,30.0,Other,South,Post-Graduate,Unemployed,1016894.32,213778.35,Education,804.3,12,80,44.53,2022-01-09,0
1268,26.0,Male,West,Post-Graduate,Salaried,801378.51,219787.09,Car,726.0,6,327,16.19,2020-06-06,0
1269,70.0,Male,South,Graduate,Unemployed,834807.77,685237.65,Education,795.8,4,436,26.32,2020-12-29,1
1270,61.0,Other,West,Post-Graduate,Self-Employed,638831.35,688818.92,Home,575.3,2,249,73.95,2018-01-05,1
1271,24.0,Male,North,Post-Graduate,Unemployed,1321811.03,867259.5,Home,688.5,3,421,62.01,2018-04-15,0
1272,60.0,Male,South,Post-Graduate,Unemployed,817916.62,708760.11,Business,727.6,1,444,72.71,2018-08-11,1
1273,61.0,Female,South,Primary,Unemployed,1000784.77,717534.75,Business,677.6,7,230,47.63,2021-02-27,0
1274,,Other,North,Post-Graduate,Unemployed,754287.92,420954.87,Business,608.1,2,310,21.66,2018-03-21,0
1275,45.0,Other,East,Primary,Salaried,1452906.49,70769.52,Car,703.7,12,139,11.93,2023-11-17,0
1276,33.0,Male,East,Post-Graduate,Salaried,654086.29,512983.69,Business,699.9,5,188,70.77,2019-12-03,0
1277,55.0,Male,West,Primary,Salaried,1000680.59,276597.28,Business,832.7,10,57,16.68,2019-11-01,0
1278,36.0,Male,South,Post-Graduate,Salaried,684000.72,616819.65,Other,672.2,7,258,56.42,2021-11-13,1
1279,39.0,Male,West,Graduate,Self-Employed,558848.93,713680.29,Home,725.0,0,77,83.45,2021-04-19,1
1280,36.0,Female,West,Secondary,Salaried,1044141.36,204462.86,Home,559.7,6,245,55.41,2019-08-04,1
1281,21.0,Other,West,Secondary,Unemployed,915596.89,91613.69,Other,,2,57,63.4,2020-12-05,0
1282,42.0,Male,South,Primary,Unemployed,453347.06,10000.0,Car,686.2,9,229,29.88,2022-10-11,0
1283,55.0,Other,West,Post-Graduate,Unemployed,590443.82,201036.27,Home,695.4,11,16,51.89,2024-08-07,0
1284,50.0,Male,North,Graduate,Salaried,1195346.51,860430.25,Business,732.1,7,125,86.53,2023-10-24,0
1285,55.0,Other,East,Primary,Self-Employed,972669.89,687784.91,Other,,10,86,17.33,2022-05-31,0
1286,49.0,Male,North,Secondary,Self-Employed,974386.54,301408.84,Other,614.2,2,380,16.19,2025-04-21,0
1287,46.0,Other,East,Primary,Salaried,1193567.38,318633.44,Car,599.1,10,142,29.99,2024-12-28,1
1288,23.0,Female,East,Graduate,Unemployed,568850.05,584050.19,Car,515.7,11,378,29.53,2024-01-31,1
1289,40.0,Other,West,Primary,,901425.33,247247.18,Business,,10,48,34.1,2023-01-25,1
1290,26.0,Other,South,Primary,Unemployed,667609.82,628974.62,Business,814.1,6,234,43.19,2020-03-13,1
1291,38.0,Female,South,Post-Graduate,Unemployed,611636.71,468759.59,Business,660.3,7,258,61.89,2023-07-11,0
1292,66.0,Other,East,Primary,Self-Employed,265266.59,468470.54,Car,648.5,8,300,26.67,2018-06-06,0
1293,64.0,Other,East,Post-Graduate,Unemployed,543986.53,269661.35,Home,677.9,5,391,94.53,2022-04-10,0
1294,22.0,Male,West,Post-Graduate,Unemployed,773372.39,664445.78,Business,810.6,2,403,73.45,2022-03-15,1
1295,33.0,Female,West,Secondary,Salaried,1056932.38,761181.03,Other,700.7,2,354,55.28,2024-06-17,0
1296,57.0,Male,East,Post-Graduate,Salaried,907592.61,319560.54,Education,715.4,1,355,67.85,2021-09-04,0
1297,45.0,Male,South,Primary,Unemployed,894178.75,684437.21,Business,560.6,3,180,55.03,2022-02-24,0
1298,44.0,Other,East,Post-Graduate,Unemployed,379113.63,676672.51,Education,655.7,4,494,42.83,2024-04-07,1
1299,37.0,Female,West,Secondary,Salaried,731806.49,562114.62,Car,756.6,8,427,59.04,2019-04-09,0
1300,54.0,Male,West,Graduate,,1008033.78,307997.29,Education,724.4,12,24,17.31,2022-01-31,0
1301,39.0,Other,North,Secondary,Self-Employed,444354.12,463818.8,Business,768.4,5,322,85.32,2022-09-15,1
1302,41.0,Female,North,Primary,Self-Employed,1002417.37,590269.33,Car,666.2,2,361,83.46,2019-03-23,0
1303,50.0,Male,East,Graduate,Salaried,,605909.14,Car,651.7,8,35,61.43,2019-06-24,0
1304,53.0,Female,West,Primary,Self-Employed,355373.48,543461.68,Other,629.2,2,460,21.63,2021-09-17,1
1305,53.0,Other,East,Graduate,Unemployed,266533.29,612058.69,Other,654.3,2,257,70.02,2023-09-21,1
1306,48.0,Other,South,Graduate,Unemployed,1287451.89,463052.67,Home,621.4,11,435,62.16,2019-12-30,0
1307,26.0,Female,South,Secondary,Salaried,821217.2,155773.5,Car,769.6,0,26,23.26,2021-06-10,0
1308,29.0,Male,South,Primary,Self-Employed,1141846.53,,Education,488.6,1,414,37.71,2021-07-23,0
1309,51.0,Other,West,Post-Graduate,Unemployed,898152.45,435593.59,Other,638.3,1,150,35.78,2023-10-31,0
1310,66.0,Female,East,Post-Graduate,Salaried,634942.72,10000.0,Home,680.4,3,221,48.17,2025-02-23,0
1311,29.0,,North,Secondary,Salaried,,624071.77,Home,713.2,3,491,91.49,2023-11-24,1
1312,29.0,Male,West,Primary,Salaried,950186.4,698169.1,Other,785.2,0,325,35.91,2019-01-15,0
1313,36.0,Other,North,Post-Graduate,Salaried,400133.5,547004.98,Car,619.1,8,89,75.19,2022-07-13,1
1314,43.0,Male,West,Secondary,Unemployed,610202.64,221568.69,Home,784.7,5,292,63.36,2023-06-05,0
1315,41.0,Other,North,Post-Graduate,Salaried,781609.63,484828.64,Other,750.5,6,465,65.9,2020-09-14,0
1316,32.0,Other,South,Secondary,Salaried,309627.04,,Education,655.1,2,37,48.86,2020-05-30,1
1317,32.0,Female,North,Graduate,Salaried,883961.43,,Other,593.6,2,494,18.57,2022-10-16,0
1318,56.0,Other,South,Graduate,Unemployed,374340.38,576621.43,Education,642.5,5,364,91.95,2024-06-23,0
1319,38.0,Male,East,Graduate,Self-Employed,397583.22,542959.49,Other,668.3,3,87,78.7,2021-04-02,1
1320,70.0,Male,South,Post-Graduate,Salaried,81189.92,373233.54,Car,646.0,7,314,80.11,2024-07-12,1
1321,24.0,Other,South,Secondary,Salaried,483040.55,723509.29,Home,689.4,11,62,28.21,2021-08-31,1
1322,64.0,Male,North,Primary,Self-Employed,50000.0,761450.16,Other,752.1,6,378,77.2,2018-08-11,1
1323,52.0,,East,Graduate,Salaried,142511.85,32195.5,Car,597.4,9,229,39.69,2020-05-12,1
1324,61.0,Female,East,Secondary,Self-Employed,658408.28,797939.28,Home,622.6,12,409,94.79,2018-06-15,1
1325,57.0,Male,North,Secondary,Unemployed,940519.23,142225.1,Other,,2,493,27.85,2024-05-25,0
1326,31.0,Male,West,Graduate,Unemployed,930861.96,357853.83,Other,587.7,5,344,12.04,2021-05-25,1
1327,33.0,Male,North,Secondary,Self-Employed,1223462.16,562296.75,Home,486.7,1,112,68.38,2023-08-10,0
1328,61.0,Other,South,Primary,Salaried,267694.43,498594.06,Other,718.9,1,448,68.38,2023-03-01,1
1329,70.0,Female,South,Graduate,Unemployed,696757.52,291941.16,Other,649.8,2,26,20.28,2018-05-11,0
1330,69.0,Other,South,Post-Graduate,Self-Employed,790691.82,404747.18,Education,839.5,11,378,28.2,2021-04-17,0
1331,34.0,Male,East,Primary,Unemployed,270454.97,317271.28,Business,771.4,12,271,18.81,2021-03-01,1
1332,61.0,Male,East,Post-Graduate,Salaried,317203.09,837164.21,Home,614.6,9,345,37.76,2019-07-06,1
1333,58.0,Male,East,Secondary,Unemployed,901484.84,854278.84,Other,639.7,12,38,78.89,2025-05-07,1
1334,52.0,Female,East,Graduate,Unemployed,937539.57,429719.13,Education,630.2,7,65,22.06,2020-02-21,0
1335,45.0,Male,West,Primary,Self-Employed,,931646.78,Other,844.4,11,403,23.27,2019-07-31,0
1336,31.0,Other,North,Post-Graduate,Self-Employed,,211284.07,Other,660.0,2,311,62.65,2022-12-20,0
1337,22.0,Other,North,Secondary,Unemployed,565094.3,469046.38,Education,514.5,1,180,37.15,2019-10-12,0
1338,23.0,Female,East,Primary,Self-Employed,559873.95,645094.83,Business,748.4,6,494,52.19,2025-03-05,1
1339,58.0,Male,East,Post-Graduate,Self-Employed,231372.51,10000.0,Home,641.6,3,133,50.76,2019-03-12,0
1340,28.0,Male,West,Secondary,Salaried,783632.45,516925.24,Business,692.8,12,268,20.42,2020-04-28,0
1341,46.0,Male,South,Primary,Unemployed,582380.35,990712.58,Home,661.7,0,269,18.28,2025-07-08,1
1342,42.0,Male,West,Secondary,Self-Employed,740790.49,239435.21,Home,690.5,0,214,48.5,2020-10-06,0
1343,24.0,Other,South,Primary,Salaried,795284.71,209982.97,Other,758.1,3,415,44.05,2019-04-13,0
1344,48.0,Other,East,Post-Graduate,Salaried,600242.76,99656.88,Car,663.0,5,233,46.2,2022-10-26,0
1345,28.0,Female,West,Post-Graduate,Self-Employed,449411.22,315405.57,Car,720.1,9,211,23.31,2022-12-06,0
1346,26.0,Female,West,Post-Graduate,Self-Employed,209533.41,570630.52,Home,700.3,2,363,82.57,2018-03-19,1
1347,40.0,,East,Primary,Salaried,1111130.7,323600.78,Education,711.7,7,306,51.28,2023-03-30,0
1348,58.0,Other,East,Primary,Self-Employed,761706.26,436295.39,Car,591.9,11,293,74.37,2025-01-28,1
1349,63.0,Other,West,Post-Graduate,Unemployed,810654.93,398542.72,Other,772.8,8,24,78.67,2021-05-04,0
1350,52.0,Female,East,Primary,Self-Employed,808209.65,300539.48,Business,642.7,9,229,68.24,2022-08-26,0
1351,27.0,Female,South,Secondary,Unemployed,905861.77,631317.57,Other,589.3,3,124,80.63,2021-08-13,0
1352,63.0,Male,East,Secondary,Self-Employed,736679.1,,Car,768.0,1,317,47.92,2018-03-02,0
1353,22.0,Other,North,Graduate,Salaried,721562.07,478853.77,Other,791.2,1,50,44.91,2019-10-11,0
1354,26.0,Female,South,Primary,Salaried,372039.66,232885.1,Business,573.1,9,267,60.62,2024-07-22,1
1355,22.0,Other,West,Graduate,Self-Employed,655528.71,91753.86,Other,836.5,8,20,79.3,2018-10-17,0
1356,29.0,,East,Post-Graduate,Salaried,548193.67,840811.05,Other,796.3,5,272,53.62,2020-08-12,1
1357,32.0,Male,West,Primary,Self-Employed,763366.55,421568.02,Other,626.3,10,52,80.45,2020-01-07,0
1358,46.0,Other,East,Secondary,Unemployed,828733.97,337346.3,Business,,2,266,85.73,2025-07-25,0
1359,56.0,Other,North,Graduate,Salaried,840961.51,318880.11,Other,549.4,10,481,82.07,2025-06-15,1
1360,43.0,Female,West,Primary,Self-Employed,1150742.09,800001.27,Other,782.4,1,409,59.38,2019-04-06,0
1361,62.0,Female,West,Secondary,,704115.85,689044.48,Home,711.9,3,175,71.44,2021-12-21,1
1362,59.0,,West,Primary,Self-Employed,344603.84,339434.56,Business,625.5,9,197,42.62,2020-10-15,0
1363,53.0,Other,South,Post-Graduate,Self-Employed,3948343.65,484541.95,Other,649.8,2,86,93.4,2021-12-27,0
1364,55.0,Female,South,Primary,Self-Employed,648039.1,73504.29,Car,678.5,12,403,28.87,2023-12-30,0
1365,37.0,Male,South,Primary,Unemployed,564076.39,487646.27,Car,586.4,1,222,11.87,2018-09-17,1
1366,43.0,Male,West,Post-Graduate,Salaried,630723.95,756240.59,Education,671.9,2,425,84.22,2022-07-27,1
1367,32.0,Male,East,Graduate,Self-Employed,789140.21,391095.6,Business,650.8,5,404,80.55,2018-03-31,0
1368,30.0,Female,North,Post-Graduate,Self-Employed,653726.21,202913.36,Home,630.6,10,21,84.21,2021-03-30,0
1369,51.0,Other,North,Primary,Self-Employed,712156.45,112490.88,Business,678.1,2,363,31.99,2024-01-14,0
1370,56.0,Female,South,Post-Graduate,Unemployed,183894.29,363585.65,Business,755.0,6,269,82.06,2019-03-05,0
1371,37.0,Other,West,Graduate,Unemployed,301832.99,301529.37,Home,697.9,9,207,69.2,2024-02-29,1
1372,41.0,Male,South,Primary,Unemployed,486290.56,384726.05,Business,740.6,10,30,19.4,2024-11-18,0
1373,44.0,Other,West,Secondary,Self-Employed,715611.03,974476.18,Education,713.0,7,45,45.91,2018-09-11,1
1374,36.0,Other,North,Post-Graduate,Self-Employed,740608.12,367258.41,Home,644.9,8,301,32.09,2022-03-06,0
1375,24.0,Female,West,Graduate,Unemployed,1133009.01,456624.59,Other,700.7,9,133,25.21,2021-04-16,0
1376,,Female,East,Post-Graduate,Self-Employed,463304.95,319935.07,Business,680.4,12,228,32.28,2018-02-28,0
1377,69.0,Other,North,Post-Graduate,Salaried,350993.17,508655.9,Car,515.2,12,168,92.0,2020-02-27,1
1378,44.0,Female,East,Primary,Salaried,926487.26,197881.25,Business,718.8,2,442,63.85,2022-09-12,0
1379,61.0,Male,East,Secondary,Self-Employed,493154.47,695679.6,Business,,10,222,23.62,2020-02-04,1
1380,51.0,Male,North,Primary,Salaried,853000.73,150183.02,Education,691.6,12,166,62.13,2022-05-18,0
1381,66.0,Female,North,Primary,Unemployed,831318.9,388609.82,Home,756.8,4,278,77.73,2025-03-04,0
1382,27.0,Male,North,Secondary,Unemployed,257598.13,150234.38,Other,672.8,11,258,94.29,2019-06-08,0
1383,43.0,Other,West,Primary,,1234062.12,550977.03,Home,704.4,11,214,77.36,2019-11-04,0
1384,31.0,Female,East,Post-Graduate,Unemployed,391090.99,222720.52,Home,670.9,12,457,50.69,2020-07-22,0
1385,50.0,Other,South,Graduate,Self-Employed,50000.0,175123.45,Education,642.8,8,94,36.33,2019-05-21,1
1386,69.0,Female,West,Graduate,Unemployed,873019.65,392729.08,Car,697.6,6,135,35.97,2022-02-13,0
1387,33.0,Other,West,Primary,Self-Employed,767685.09,317573.02,Business,736.8,7,151,75.43,2024-11-23,0
1388,70.0,Female,South,Primary,Salaried,1357132.33,500225.1,Other,779.6,10,333,67.67,2019-11-13,0
1389,55.0,Other,West,Secondary,Salaried,567009.82,504719.69,Education,570.6,10,282,15.17,2018-10-03,1
1390,42.0,Other,South,Graduate,Unemployed,775065.4,484658.86,Car,745.0,12,122,37.62,2024-02-12,0
1391,42.0,Male,West,Post-Graduate,Self-Employed,6341117.98,10000.0,Other,767.5,12,329,72.93,2023-10-10,0
1392,39.0,Female,East,Post-Graduate,Salaried,233780.81,640065.72,Other,710.1,2,147,31.6,2025-07-07,0
1393,34.0,Male,East,Secondary,Unemployed,960593.08,10000.0,Other,,7,365,76.66,2019-03-15,1
1394,28.0,Other,West,Secondary,Unemployed,764955.77,115619.95,Other,702.3,10,135,84.3,2022-05-01,0
1395,24.0,Female,South,Primary,Salaried,399283.08,1081580.37,Other,641.2,1,145,81.38,2025-08-21,1
1396,55.0,Other,West,Secondary,Unemployed,152762.05,259828.38,Car,716.2,4,72,86.89,2024-03-30,1
1397,36.0,Other,South,Secondary,Unemployed,572568.18,351639.12,Other,782.3,7,20,43.31,2019-10-06,0
1398,24.0,Male,South,Secondary,Salaried,659466.81,238353.07,Home,663.0,2,67,13.81,2019-04-25,0
1399,22.0,Other,West,Post-Graduate,Salaried,1036304.62,517181.43,Home,664.5,0,265,81.51,2024-09-10,0
1400,56.0,Other,East,Graduate,Unemployed,762788.43,331958.0,Car,744.9,12,52,34.54,2020-08-21,0
1401,62.0,Other,South,Secondary,Self-Employed,1075358.18,283832.36,Education,692.7,12,389,75.15,2024-03-04,0
1402,47.0,Other,North,Post-Graduate,Self-Employed,464907.77,10000.0,Car,610.1,12,55,12.96,2020-03-24,1
1403,21.0,Male,West,Post-Graduate,Unemployed,322234.93,734986.54,Business,769.1,7,432,16.34,2018-03-22,0
1404,48.0,Other,South,Graduate,Salaried,582466.69,885102.11,Business,748.0,6,474,41.53,2018-12-21,0
1405,55.0,Other,South,Post-Graduate,Self-Employed,,625481.93,Other,727.9,9,245,13.57,2024-11-24,1
1406,33.0,Female,North,Secondary,Unemployed,580826.85,595770.33,Business,747.0,9,294,62.86,2019-10-15,1
1407,56.0,Male,East,Primary,Self-Employed,97836.91,217839.84,Other,455.5,10,333,51.25,2024-11-21,1
1408,48.0,Male,South,Primary,Salaried,868052.59,303810.48,Car,688.1,7,464,42.05,2024-09-01,0
1409,48.0,Female,North,Graduate,Salaried,1074211.96,111478.83,Other,737.7,9,291,80.64,2020-02-05,0
1410,21.0,Other,East,Primary,Self-Employed,356119.32,723070.5,Business,668.8,2,486,16.19,2023-03-04,1
1411,50.0,Other,South,Graduate,Salaried,666933.05,505160.27,Other,611.2,2,406,16.34,2024-01-29,0
1412,66.0,Other,North,Post-Graduate,Salaried,721771.18,648649.14,Education,652.4,2,88,21.98,2023-05-10,1
1413,67.0,Female,West,Secondary,Salaried,,,Other,708.7,4,195,51.32,2018-07-05,0
1414,30.0,Female,South,Graduate,Self-Employed,452068.44,600131.79,Education,620.1,0,368,58.83,2018-07-23,1
1415,24.0,Other,East,Primary,Salaried,500013.99,443506.87,Home,725.4,2,262,23.85,2024-04-12,1
1416,52.0,Male,West,Primary,Self-Employed,423567.61,833695.9,Other,636.6,2,87,68.55,2023-01-28,1
1417,70.0,Female,North,Secondary,Self-Employed,459733.5,604953.34,Home,626.4,11,390,90.65,2019-01-10,1
1418,63.0,Male,South,Secondary,Salaried,1010006.38,440223.92,Home,706.4,0,385,40.83,2022-12-10,0
1419,50.0,Male,East,Graduate,,987147.47,514221.72,Education,850.0,4,468,69.56,2025-05-01,0
1420,35.0,Male,West,Graduate,Salaried,,604986.81,Other,750.1,7,216,60.41,2024-06-05,0
1421,37.0,Male,East,Primary,Salaried,638481.57,677949.12,Home,695.5,9,411,71.28,2019-08-02,0
1422,23.0,Male,West,Graduate,Salaried,589658.5,623386.06,Education,698.3,8,344,61.92,2020-06-27,1
1423,49.0,Other,West,Primary,Unemployed,680679.35,824499.59,Business,598.2,6,276,15.14,2021-01-23,1
1424,49.0,Other,South,Graduate,Salaried,1272871.79,10000.0,Education,617.1,4,461,35.46,2024-01-29,0
1425,35.0,Female,East,Primary,,73175.82,874555.22,Education,737.8,2,281,14.03,2021-09-30,1
1426,49.0,Other,North,Primary,Unemployed,651236.68,257211.46,Education,733.3,6,86,27.51,2020-01-19,0
1427,70.0,Male,North,Post-Graduate,Unemployed,660079.36,465746.96,Business,674.0,9,57,85.61,2019-02-13,0
1428,27.0,Other,West,Primary,Unemployed,766026.57,346325.8,Car,644.2,12,156,69.85,2022-12-29,0
1429,,Male,North,Primary,Unemployed,495806.4,209788.32,Car,733.3,4,362,89.94,2025-08-27,0
1430,32.0,Male,South,Post-Graduate,Unemployed,573356.3,226756.94,Home,794.6,9,187,84.11,2018-09-01,0
1431,26.0,Other,East,Primary,Self-Employed,584900.97,605479.5,Education,818.1,5,499,77.83,2024-08-06,1
1432,23.0,Other,North,Graduate,Unemployed,423775.6,10000.0,Other,685.8,11,102,81.78,2023-03-15,0
1433,64.0,Other,South,Graduate,Unemployed,652285.57,444445.34,Home,680.2,0,206,34.47,2025-08-07,0
1434,34.0,Female,North,Graduate,Salaried,589347.32,382946.13,Home,677.4,5,69,89.7,2020-05-28,0
1435,55.0,Male,East,Graduate,Salaried,572452.16,727884.21,Home,698.2,9,320,85.81,2024-02-13,1
1436,44.0,Other,North,Post-Graduate,Unemployed,1129996.17,650242.97,Business,694.9,7,296,89.95,2018-02-23,0
1437,56.0,Other,East,Secondary,Unemployed,1051943.24,513548.16,Car,659.2,11,463,30.54,2023-05-16,0
1438,63.0,Male,North,Post-Graduate,Self-Employed,,,Business,631.1,11,498,93.86,2020-07-10,0
1439,45.0,Male,West,Graduate,Self-Employed,,10000.0,Car,721.4,5,429,10.94,2023-07-14,0
1440,46.0,Other,South,Secondary,Salaried,708977.29,644305.21,Education,733.6,2,303,15.2,2020-02-05,1
1441,42.0,Male,North,Post-Graduate,Unemployed,,325257.46,Education,699.6,6,434,67.53,2021-12-29,0
1442,36.0,Other,North,Graduate,Unemployed,4302333.75,494119.96,Education,657.2,6,206,47.75,2019-07-12,0
1443,50.0,Other,West,Graduate,Salaried,390739.28,,Business,701.8,5,443,58.08,2020-02-02,1
1444,23.0,Other,South,Post-Graduate,Self-Employed,336315.87,,Education,619.2,12,456,25.23,2018-02-04,1
1445,54.0,Male,East,Secondary,Salaried,789542.36,577111.66,Other,763.1,2,5,87.12,2019-04-15,0
1446,21.0,Male,North,Graduate,Unemployed,405184.74,10000.0,Home,753.4,1,336,77.6,2025-05-28,0
1447,54.0,Male,East,Graduate,Unemployed,2329372.36,272009.98,Other,659.2,1,400,19.53,2022-11-24,0
1448,,Other,North,Post-Graduate,Unemployed,799667.68,637444.53,Other,618.1,7,358,92.69,2019-11-17,1
1449,23.0,Male,West,Secondary,Unemployed,572140.87,10000.0,Other,749.3,12,418,69.45,2020-06-03,0
1450,51.0,Male,South,Post-Graduate,Salaried,529707.83,466536.92,Home,626.9,4,448,14.54,2019-01-29,0
1451,24.0,Male,East,Primary,Self-Employed,791376.17,555762.48,Education,791.4,3,74,66.31,2019-09-29,0
1452,52.0,Male,West,Graduate,Unemployed,1192300.29,171887.08,Other,586.2,11,445,54.62,2019-03-26,1
1453,66.0,Female,South,Secondary,Salaried,714230.86,433792.09,Car,672.1,0,329,27.67,2018-07-27,0
1454,66.0,Other,South,Primary,Salaried,665128.24,34440.11,Other,805.0,11,453,18.78,2022-03-08,0
1455,26.0,Female,West,Post-Graduate,Self-Employed,,657090.24,Business,675.8,0,181,70.8,2024-09-02,1
1456,58.0,Other,North,Post-Graduate,Unemployed,713880.09,270596.23,Home,671.4,1,355,11.95,2019-10-26,0
1457,51.0,Other,East,Primary,Unemployed,519664.73,877390.2,Business,767.0,8,116,20.14,2018-04-30,1
1458,46.0,Male,North,Graduate,Self-Employed,565512.66,10000.0,Other,628.2,3,485,20.07,2023-06-18,0
1459,,Male,North,Post-Graduate,Self-Employed,1006022.62,349421.84,Education,543.9,0,201,29.88,2022-06-02,0
1460,24.0,Female,West,Secondary,Unemployed,1162786.87,302411.15,Education,795.6,4,158,65.76,2022-12-12,0
1461,59.0,Male,South,Post-Graduate,Salaried,760391.04,10000.0,Business,647.0,9,197,24.22,2020-02-17,0
1462,28.0,Other,East,Graduate,Unemployed,911612.53,588427.65,Car,669.5,12,215,66.56,2021-11-08,0
1463,27.0,Male,West,Secondary,Unemployed,448395.12,10000.0,Car,763.0,7,490,93.84,2024-12-05,0
1464,,,South,Graduate,Salaried,596507.94,445160.27,Car,653.4,9,297,68.03,2020-12-15,0
1465,67.0,Male,South,Secondary,Self-Employed,,238877.73,Car,724.4,5,346,14.9,2023-12-18,0
1466,23.0,Female,North,Graduate,Unemployed,668765.88,405793.07,Education,708.3,5,439,66.82,2023-08-08,0
1467,44.0,Other,East,Graduate,Salaried,1040864.54,71896.06,Education,641.3,7,174,77.67,2022-07-03,0
1468,36.0,Other,West,Primary,Self-Employed,281897.93,10000.0,Car,595.4,4,206,42.87,2024-09-01,0
1469,38.0,Female,North,Graduate,Salaried,831210.94,,Business,787.2,0,298,38.22,2024-12-07,0
1470,59.0,Male,North,Secondary,Salaried,764308.84,454787.0,Business,614.3,6,208,35.68,2023-01-04,1
1471,38.0,Male,East,Secondary,Salaried,887713.56,581320.71,Car,734.8,6,67,89.32,2021-03-17,0
1472,47.0,Female,West,Secondary,Unemployed,681204.71,331274.88,Business,738.0,4,114,71.06,2018-08-17,0
1473,35.0,Female,South,Secondary,Salaried,,732274.48,Home,779.0,11,67,52.13,2023-12-15,0
1474,44.0,Female,East,Secondary,Self-Employed,780938.33,10000.0,Other,731.3,8,148,37.06,2020-05-06,0
1475,50.0,Other,North,Post-Graduate,Self-Employed,664544.68,881121.5,Car,670.4,7,104,64.64,2019-11-02,0
1476,35.0,Male,South,Post-Graduate,Salaried,614635.08,,Home,688.6,6,209,67.97,2022-07-24,0
1477,38.0,Male,North,Graduate,Self-Employed,1066381.36,208991.13,Other,689.0,2,421,47.34,2024-01-09,0
1478,63.0,Male,East,Post-Graduate,Unemployed,235900.74,948334.98,Car,715.7,7,443,68.01,2019-06-09,1
1479,28.0,Other,North,Post-Graduate,Salaried,,553724.78,Home,569.0,12,475,28.5,2022-06-19,1
1480,33.0,Male,North,Secondary,,462712.29,234002.86,Business,724.7,11,83,54.04,2022-05-20,0
1481,36.0,Male,South,Secondary,,433834.15,730965.87,Business,591.3,10,354,28.12,2020-08-19,1
1482,35.0,Female,South,Graduate,Salaried,1208075.92,511669.1,Car,759.1,9,94,10.12,2022-01-29,0
1483,35.0,Other,South,Post-Graduate,Unemployed,586534.01,449512.74,Business,748.7,0,287,92.97,2018-07-06,0
1484,28.0,Female,North,Secondary,Self-Employed,765387.16,564702.89,Home,556.6,3,200,13.28,2018-02-27,0
1485,43.0,Other,North,Post-Graduate,Unemployed,245926.19,10000.0,Business,711.1,10,291,63.73,2020-01-20,0
1486,66.0,Female,South,Secondary,Salaried,1457886.12,211175.06,Car,668.5,6,249,27.03,2022-12-18,0
1487,65.0,Male,East,Secondary,Unemployed,864798.14,384813.64,Car,677.0,1,391,61.63,2020-11-05,0
1488,32.0,Male,East,Primary,Self-Employed,646196.32,347966.65,Car,699.1,2,425,85.52,2021-10-14,0
1489,61.0,,East,Primary,Salaried,785910.95,123731.23,Home,772.4,8,33,33.08,2025-09-01,0
1490,52.0,Female,South,Primary,Unemployed,,441852.15,Home,768.8,4,400,20.37,2024-04-19,0
1491,35.0,,East,Post-Graduate,Salaried,728798.17,247039.01,Education,622.5,6,122,58.53,2023-04-24,0
1492,67.0,Other,North,Graduate,Salaried,686495.13,165831.71,Business,689.9,4,296,16.18,2019-12-15,0
1493,67.0,Male,West,Secondary,Unemployed,,499793.87,Education,650.9,4,13,58.41,2025-07-09,0
1494,49.0,Male,East,Secondary,Self-Employed,462168.1,299861.27,Car,714.9,7,416,10.04,2019-07-16,0
1495,63.0,Other,South,Post-Graduate,Unemployed,1117057.43,,Business,773.1,1,81,36.14,2020-04-06,0
1496,50.0,Male,South,Post-Graduate,Self-Employed,975224.11,246498.02,Business,622.9,9,493,54.47,2020-06-02,0
1497,,Other,West,Post-Graduate,Self-Employed,,563291.99,Car,748.8,10,396,12.41,2021-10-21,0
1498,61.0,Other,North,Post-Graduate,Self-Employed,1021214.5,,Education,641.3,11,359,36.25,2019-04-18,0
1499,33.0,Male,North,Graduate,,1052866.56,457775.58,Education,624.3,3,68,22.3,2019-10-12,0
1500,52.0,Female,North,Primary,Salaried,572147.44,371549.17,Car,736.5,10,238,77.96,2021-03-09,0
1501,47.0,Other,West,Graduate,Salaried,1028493.0,344510.32,Business,566.0,7,210,35.31,2023-01-09,1
1502,33.0,Male,West,Secondary,Self-Employed,558827.31,179686.19,Education,767.7,0,136,82.92,2018-05-16,0
1503,65.0,Female,North,Primary,Unemployed,736738.2,563791.24,Other,,6,320,25.85,2023-03-18,0
1504,62.0,Other,West,Primary,Salaried,856951.02,,Education,651.1,5,110,14.21,2022-02-28,0
1505,43.0,Female,East,Post-Graduate,Self-Employed,983477.5,595732.59,Education,646.2,3,45,82.53,2024-11-20,0
1506,47.0,Female,East,Primary,Self-Employed,,408359.14,Other,850.0,12,139,84.35,2021-04-11,0
1507,28.0,Female,South,Graduate,Self-Employed,154843.98,750008.48,Education,681.0,11,488,82.91,2021-02-03,1
1508,22.0,,East,Post-Graduate,,476473.25,235975.02,Other,588.4,8,92,22.42,2018-07-15,1
1509,67.0,Male,North,Primary,Unemployed,50000.0,484118.64,Business,,12,456,54.4,2021-01-09,1
1510,29.0,Other,East,Secondary,Self-Employed,376617.94,629842.74,Business,803.1,12,27,50.71,2021-05-19,0
1511,44.0,Female,West,Primary,Salaried,420992.72,783850.8,Other,683.3,0,26,35.65,2024-05-10,1
1512,35.0,Male,South,Post-Graduate,Self-Employed,618543.41,461098.2,Business,645.3,11,452,40.24,2019-07-13,0
1513,43.0,Male,South,Primary,Self-Employed,303264.89,339587.19,Education,594.4,7,498,10.2,2022-10-29,1
1514,56.0,Other,East,Primary,Salaried,,386895.75,Education,742.2,6,118,17.19,2020-07-01,0
1515,32.0,Male,East,Post-Graduate,Salaried,812087.86,638073.02,Home,679.0,3,104,36.35,2021-04-14,0
1516,22.0,Other,West,Primary,Salaried,621830.82,194927.29,Other,585.3,6,263,73.02,2025-07-26,1
1517,62.0,Other,West,Post-Graduate,Self-Employed,516375.32,761101.31,Home,723.9,9,496,14.26,2025-05-02,1
1518,50.0,Female,North,Secondary,Salaried,473854.42,611862.49,Other,677.6,5,34,23.19,2024-01-07,0
1519,60.0,Male,South,Secondary,Unemployed,995151.99,310260.12,Car,619.9,12,477,74.5,2020-03-25,1
1520,21.0,Male,North,Secondary,Salaried,,568119.96,Education,733.0,1,115,27.37,2018-02-10,0
1521,47.0,Female,West,Secondary,Self-Employed,589852.54,418440.39,Other,644.5,7,191,89.29,2018-02-13,0
1522,60.0,Male,North,Secondary,Salaried,421908.8,473880.83,Other,631.2,11,34,24.75,2025-03-13,1
1523,56.0,Female,West,Primary,Unemployed,767754.45,10000.0,Home,,12,72,13.97,2024-01-22,0
1524,26.0,Male,West,Post-Graduate,Self-Employed,743272.45,477593.52,Other,715.7,12,72,34.88,2022-03-10,0
1525,50.0,Male,South,Graduate,Salaried,603503.5,10000.0,Business,581.6,7,169,80.11,2022-08-23,1
1526,,Other,South,Graduate,Unemployed,763317.0,471826.4,Home,820.6,7,83,77.03,2023-04-06,0
1527,32.0,Other,East,Secondary,Salaried,926734.12,680108.52,Business,588.0,6,206,74.45,2021-02-28,1
1528,36.0,Male,North,Primary,Salaried,467054.97,10000.0,Other,716.1,1,411,25.84,2019-06-17,0
1529,50.0,Other,North,Post-Graduate,Salaried,,384485.04,Business,768.3,12,475,73.13,2018-07-24,0
1530,39.0,Other,East,Graduate,Salaried,658283.44,572224.31,Other,524.8,9,82,39.96,2024-08-04,1
1531,41.0,Male,South,Post-Graduate,Salaried,640628.34,10000.0,Car,714.9,7,489,42.96,2020-11-08,0
1532,22.0,Other,East,Post-Graduate,Salaried,811458.44,365913.05,Car,717.9,6,95,42.04,2021-08-05,0
1533,68.0,Female,West,Graduate,Salaried,659361.17,17632.84,Education,697.1,4,231,84.56,2018-03-17,0
1534,50.0,Other,East,Primary,Unemployed,937198.29,649185.7,Education,800.1,9,354,42.09,2023-09-10,0
1535,33.0,Other,East,Post-Graduate,Salaried,777414.05,135125.84,Education,666.8,6,329,65.92,2019-10-18,0
1536,32.0,Male,North,Post-Graduate,Salaried,518614.73,180912.13,Business,,2,86,87.52,2024-05-12,0
1537,43.0,Female,North,Primary,Self-Employed,540062.61,363325.04,Business,746.1,11,479,23.4,2024-08-23,0
1538,34.0,Female,South,Post-Graduate,Unemployed,749980.34,217144.15,Car,646.9,10,363,59.43,2020-08-10,0
1539,62.0,Other,North,Graduate,Salaried,228432.35,654245.15,Car,590.7,0,225,42.04,2021-10-05,1
1540,34.0,Male,South,Primary,Unemployed,61501.74,452408.48,Home,765.8,0,27,33.17,2023-12-30,0
1541,32.0,Other,East,Secondary,Self-Employed,778851.45,310157.92,Other,693.5,4,266,66.33,2019-04-07,0
1542,47.0,Female,North,Post-Graduate,Self-Employed,416438.48,609980.04,Education,676.8,0,58,74.9,2019-03-26,1
1543,69.0,Other,West,Secondary,Self-Employed,6489717.17,754229.38,Other,692.1,8,473,89.26,2022-12-17,0
1544,41.0,Male,West,Secondary,Salaried,519684.14,744969.87,Education,655.0,4,489,83.97,2021-06-27,0
1545,63.0,Male,East,Secondary,Unemployed,874726.87,710910.3,Education,644.0,1,103,25.56,2021-06-05,1
1546,55.0,Other,North,Primary,Self-Employed,765563.34,600232.64,Other,670.2,7,485,53.44,2024-05-16,0
1547,49.0,Male,South,Primary,Unemployed,989167.73,747137.82,Other,599.9,9,358,54.78,2025-04-23,1
1548,22.0,Male,North,Graduate,Salaried,469679.13,585383.96,Car,628.2,0,382,68.5,2019-11-20,0
1549,55.0,Other,South,Primary,Self-Employed,505261.66,667982.56,Other,730.7,0,172,78.82,2021-01-11,1
1550,65.0,Male,North,Post-Graduate,Self-Employed,850457.93,10000.0,Other,,2,342,76.16,2024-11-09,0
1551,65.0,Other,West,Secondary,Salaried,191914.58,592150.39,Business,806.4,2,437,57.24,2020-04-27,0
1552,47.0,Female,South,Post-Graduate,Self-Employed,459777.3,596031.42,Home,711.7,1,457,63.64,2024-01-31,0
1553,36.0,Male,South,Primary,Unemployed,465880.32,485808.39,Other,707.5,2,344,53.0,2019-10-05,1
1554,53.0,Other,West,Graduate,,700608.09,487466.51,Home,827.5,7,382,61.01,2018-09-17,0
1555,,Male,North,Primary,Unemployed,1029123.07,315939.8,Education,,10,375,41.47,2024-07-11,0
1556,36.0,Other,North,Graduate,Unemployed,444928.64,196947.95,Business,625.8,7,494,44.83,2023-03-02,0
1557,58.0,Other,West,Post-Graduate,Self-Employed,960194.99,113948.18,Business,648.9,2,381,67.42,2019-09-10,0
1558,55.0,Female,South,Graduate,Unemployed,1120445.98,640962.13,Other,804.2,9,429,18.01,2021-08-18,0
1559,58.0,Male,North,Post-Graduate,Self-Employed,50000.0,153169.75,Business,689.3,6,326,64.1,2022-12-26,0
1560,30.0,Other,West,Post-Graduate,Salaried,936163.93,115793.65,Other,729.1,4,37,74.98,2024-06-09,0
1561,21.0,Female,North,Secondary,Unemployed,,289589.02,Other,657.0,5,356,62.51,2024-05-27,1
1562,40.0,Male,West,Primary,Self-Employed,491937.21,199371.21,Education,693.7,7,270,90.22,2021-11-07,0
1563,70.0,Male,East,Secondary,Salaried,638345.99,369927.87,Home,775.2,10,332,53.76,2022-06-04,0
1564,31.0,Male,South,Graduate,Unemployed,725355.22,468505.01,Education,675.2,6,153,56.99,2018-09-08,0
1565,43.0,Female,West,Graduate,Unemployed,1137739.42,346043.75,Other,745.5,3,452,66.59,2018-06-18,0
1566,56.0,Male,North,Secondary,Self-Employed,427162.47,165717.33,Education,635.4,11,59,57.03,2022-08-31,0
1567,21.0,Female,South,Primary,Self-Employed,898483.35,450592.66,Business,658.0,6,57,60.33,2024-09-09,0
1568,39.0,Other,North,Post-Graduate,Unemployed,202187.44,377593.25,Home,770.1,7,282,66.52,2021-04-20,1
1569,62.0,Female,North,Primary,Salaried,949642.48,591254.52,Education,668.4,1,328,73.76,2022-10-18,0
1570,39.0,Female,West,Post-Graduate,Self-Employed,637500.9,530245.81,Car,672.8,9,485,13.68,2023-06-06,1
1571,40.0,Male,East,Post-Graduate,Salaried,971737.99,310340.32,Car,723.5,5,317,60.78,2023-05-11,0
1572,32.0,Male,East,Post-Graduate,Self-Employed,888814.33,583169.08,Business,682.6,10,336,66.09,2022-12-06,0
1573,45.0,Female,North,Post-Graduate,,618231.64,594723.73,Car,645.4,6,172,24.51,2020-08-07,1
1574,,Male,North,Secondary,Self-Employed,853103.07,333329.69,Car,706.5,11,429,83.26,2024-09-06,0
1575,63.0,Other,West,Post-Graduate,Salaried,752292.15,500414.06,Business,789.8,3,477,76.2,2019-08-10,0
1576,70.0,Female,East,Secondary,,475922.73,146589.28,Other,591.4,9,182,57.23,2025-07-28,1
1577,63.0,Other,North,Post-Graduate,Salaried,545591.96,755483.74,Home,666.0,6,64,93.09,2021-09-04,1
1578,,Female,West,Graduate,Self-Employed,447296.66,,Business,661.9,5,162,60.94,2020-11-24,0
1579,35.0,Male,West,Primary,Self-Employed,739440.1,44822.72,Other,727.5,8,379,73.18,2021-04-26,0
1580,40.0,Male,North,Graduate,Salaried,949765.82,675115.94,Business,670.3,4,153,82.03,2024-10-06,0
1581,53.0,Other,South,Post-Graduate,Salaried,492223.28,,Other,685.9,12,40,68.51,2020-09-08,0
1582,51.0,Female,West,Secondary,Salaried,822447.14,751538.59,Education,598.2,8,39,39.97,2019-12-15,1
1583,56.0,Female,South,Post-Graduate,Unemployed,460188.01,486785.81,Home,711.7,4,214,37.77,2025-05-31,1
1584,27.0,Female,West,Primary,,995968.82,553475.84,Business,630.3,10,249,25.98,2021-02-17,0
1585,49.0,Male,East,Post-Graduate,Unemployed,666247.66,10000.0,Business,550.2,4,119,27.84,2022-06-11,0
1586,37.0,Male,North,Graduate,Self-Employed,1117859.29,213633.93,Car,760.6,9,304,77.18,2018-06-01,0
1587,57.0,Female,East,Graduate,Salaried,1348565.56,457819.67,Education,654.2,1,365,17.22,2024-08-31,0
1588,45.0,Female,East,Post-Graduate,Salaried,449691.54,800215.51,Other,633.9,4,322,73.84,2025-07-07,1
1589,44.0,Other,North,Secondary,,982123.66,10000.0,Home,663.9,8,69,90.36,2019-04-01,0
1590,49.0,Male,South,Graduate,Unemployed,431004.25,97438.44,Other,700.2,10,464,66.32,2025-01-29,0
1591,33.0,Female,East,Primary,,280708.79,10000.0,Car,690.4,5,389,59.35,2021-05-10,0
1592,48.0,Other,South,Primary,Salaried,725152.49,613553.03,Other,619.3,6,272,18.91,2020-01-17,1
1593,53.0,Female,North,Primary,Unemployed,525472.51,623796.12,Other,694.6,9,256,80.91,2018-11-23,1
1594,63.0,Other,North,Graduate,Self-Employed,310852.24,789943.34,Car,656.4,10,438,24.19,2019-03-08,1
1595,56.0,Other,North,Post-Graduate,Unemployed,1139561.73,10000.0,Home,702.4,1,326,80.47,2021-07-06,0
1596,70.0,Male,South,Primary,Salaried,1220706.85,345803.61,Car,713.1,6,15,73.42,2019-05-13,0
1597,55.0,Male,North,Graduate,Unemployed,975803.03,631721.56,Home,773.2,5,67,30.68,2022-10-14,0
1598,53.0,Male,West,Primary,Self-Employed,1149797.5,614821.0,Other,696.5,2,158,28.04,2023-03-04,0
1599,52.0,Male,East,Secondary,Unemployed,838937.18,804601.49,Home,634.5,5,265,71.25,2022-07-01,1
1600,66.0,Female,East,Post-Graduate,Unemployed,4664469.65,289216.18,Car,,12,435,92.53,2019-01-06,0
1601,26.0,Male,West,Graduate,Salaried,351842.88,10000.0,Business,685.4,2,187,39.47,2019-04-19,0
1602,,Male,South,Post-Graduate,Unemployed,1046027.49,144339.7,Business,567.2,3,246,51.32,2023-02-15,0
1603,47.0,Female,North,Primary,Salaried,1364429.32,416306.99,Other,612.4,4,136,15.84,2025-08-29,0
1604,65.0,Female,East,Primary,Self-Employed,661119.6,736543.66,Home,648.6,3,176,55.51,2025-02-13,0
1605,23.0,Female,South,Primary,,5064014.61,697125.57,Education,631.5,4,78,51.36,2020-05-04,0
1606,64.0,Other,West,Primary,Self-Employed,712530.45,712658.78,Business,758.2,3,308,36.94,2020-05-15,0
1607,46.0,Other,East,Post-Graduate,Self-Employed,667948.88,819163.3,Education,742.8,11,475,10.31,2019-12-13,1
1608,69.0,Female,North,Post-Graduate,Self-Employed,375951.13,698812.31,Car,750.9,12,173,55.7,2023-02-02,1
1609,22.0,Other,North,Secondary,Self-Employed,,,Car,647.1,1,392,42.62,2021-01-14,0
1610,58.0,Other,East,Secondary,Unemployed,644247.85,309270.49,Car,676.3,7,110,56.61,2022-12-21,0
1611,34.0,Female,South,Post-Graduate,Salaried,280739.32,638395.44,Car,694.9,11,9,61.43,2024-12-25,0
1612,55.0,Male,South,Primary,Unemployed,582755.47,531210.57,Home,720.8,2,25,88.53,2018-10-05,1
1613,67.0,Other,East,Primary,Unemployed,511100.2,176398.88,Car,673.4,0,33,70.12,2023-07-20,0
1614,31.0,Female,East,Primary,Unemployed,941265.58,585285.73,Car,679.3,8,334,16.4,2024-12-20,0
1615,30.0,Other,West,Secondary,Salaried,701542.16,86707.23,Car,582.6,7,82,73.27,2020-11-13,1
1616,44.0,Other,South,Secondary,Self-Employed,444711.59,189530.62,Home,681.5,2,99,34.62,2020-12-21,0
1617,27.0,Male,West,Post-Graduate,Unemployed,,327004.77,Car,650.8,1,357,42.43,2018-07-25,1
1618,24.0,Female,West,Secondary,Salaried,1044452.41,438816.09,Other,695.2,9,176,76.25,2020-08-26,0
1619,44.0,Male,East,Primary,Salaried,949158.36,995360.91,Business,758.1,9,165,12.55,2019-01-28,1
1620,34.0,Male,West,Primary,Unemployed,721014.32,753551.67,Other,742.4,0,340,48.38,2019-10-19,1
1621,51.0,Other,West,Primary,Self-Employed,1027612.59,158085.17,Home,686.2,4,166,83.96,2021-02-18,0
1622,57.0,Female,South,Post-Graduate,Salaried,,629172.92,Car,511.0,7,432,10.53,2020-11-17,1
1623,35.0,Male,East,Secondary,Salaried,715026.68,192135.2,Other,716.5,2,52,65.08,2018-03-05,0
1624,38.0,Female,West,Secondary,Self-Employed,589996.74,655028.99,Other,768.5,10,378,11.45,2021-01-17,1
1625,22.0,Female,East,Primary,Unemployed,749414.63,553337.75,Car,661.2,2,245,44.76,2025-04-22,0
1626,38.0,Male,North,Primary,Unemployed,806505.86,509900.66,Home,621.6,8,184,19.52,2018-06-01,0
1627,,Other,West,Graduate,Self-Employed,1057580.43,313595.46,Other,786.5,8,455,44.39,2021-03-15,0
1628,48.0,Male,North,Graduate,Self-Employed,993495.28,651728.48,Business,634.2,6,69,28.18,2022-04-03,0
1629,37.0,Female,South,Primary,Self-Employed,1193465.87,461522.18,Education,574.6,9,61,58.61,2023-07-03,1
1630,,Female,South,Secondary,Self-Employed,50000.0,37346.09,Car,631.2,8,482,80.03,2020-04-05,0
1631,38.0,Female,West,Secondary,Salaried,353179.71,325149.24,Home,698.6,2,65,29.04,2023-12-02,1
1632,,Female,East,Primary,Salaried,,606571.5,Car,779.9,7,356,89.8,2019-08-31,0
1633,21.0,Male,North,Primary,Unemployed,753294.09,417894.32,Other,680.5,11,211,48.54,2024-08-28,0
1634,57.0,Male,North,Post-Graduate,Unemployed,949144.67,301230.99,Car,667.4,4,65,44.53,2018-01-11,0
1635,36.0,Other,North,Post-Graduate,,925281.85,623661.86,Other,675.5,8,488,75.73,2023-02-27,0
1636,67.0,Female,West,Graduate,Self-Employed,304251.17,10000.0,Car,643.8,1,487,82.64,2024-02-22,0
1637,23.0,Male,South,Post-Graduate,Salaried,1342559.11,576449.9,Home,763.0,10,117,31.17,2019-05-02,0
1638,54.0,Female,South,Graduate,Salaried,637814.12,246667.98,Home,773.8,8,335,41.4,2020-11-27,0
1639,33.0,Male,West,Graduate,Self-Employed,343676.86,59233.0,Other,722.9,12,127,33.61,2022-08-11,0
1640,59.0,Male,North,Primary,Salaried,784326.14,290499.14,Other,824.0,4,446,44.38,2022-12-14,0
1641,29.0,Other,South,Post-Graduate,Unemployed,3924263.85,757243.95,Education,756.9,1,357,53.09,2019-07-19,0
1642,21.0,Female,East,Graduate,Salaried,1094808.6,506472.36,Business,655.6,8,182,52.57,2018-10-14,0
1643,35.0,Male,East,Primary,Salaried,769731.79,171704.9,Other,644.9,3,181,94.64,2018-03-13,0
1644,27.0,Other,West,Primary,Unemployed,793355.33,,Car,665.9,11,174,19.11,2019-04-21,0
1645,61.0,Other,South,Secondary,Salaried,5837529.17,363322.57,Education,605.2,1,457,12.7,2023-03-19,0
1646,48.0,Other,South,Secondary,Salaried,153785.9,523336.04,Other,692.1,3,272,22.18,2018-12-21,1
1647,68.0,Male,West,Post-Graduate,Self-Employed,1120607.77,378401.64,Education,694.5,4,489,55.25,2022-03-13,0
1648,35.0,Female,South,Secondary,Self-Employed,739080.07,455542.36,Business,567.7,12,137,36.52,2018-07-08,1
1649,35.0,Other,South,Graduate,Self-Employed,851616.53,230904.66,Car,776.4,5,126,10.58,2023-08-07,0
1650,37.0,Female,North,Secondary,Self-Employed,765864.1,155674.36,Car,,7,214,55.45,2019-10-31,0
1651,46.0,Male,South,Graduate,Salaried,674973.87,406335.17,Other,569.0,5,482,69.4,2022-06-28,1
1652,49.0,Female,West,Post-Graduate,Salaried,968160.07,136122.53,Car,727.7,8,443,81.77,2024-12-29,0
1653,58.0,Female,East,Secondary,Salaried,5341740.05,462887.49,Car,541.2,12,266,35.78,2024-05-05,1
1654,41.0,Other,South,Primary,Salaried,,481028.11,Home,624.4,4,376,45.64,2022-03-30,0
1655,42.0,Male,West,Graduate,Self-Employed,,142385.07,Home,675.2,5,136,58.86,2019-12-06,0
1656,70.0,Other,South,Post-Graduate,Salaried,419184.18,235269.27,Home,595.4,12,105,56.47,2018-11-25,1
1657,63.0,Female,West,Primary,Self-Employed,468321.38,492284.41,Business,630.7,8,417,25.2,2018-09-23,1
1658,37.0,Female,East,Secondary,Unemployed,571917.36,881012.17,Education,695.5,1,27,25.45,2019-10-22,0
1659,26.0,Female,North,Secondary,Self-Employed,762029.47,247923.18,Car,732.2,4,317,73.24,2023-12-03,0
1660,27.0,Other,South,Primary,Unemployed,905917.77,213636.64,Business,615.4,0,34,27.22,2018-09-13,0
1661,56.0,Female,West,Primary,Salaried,897381.94,92023.49,Home,708.9,4,21,89.76,2020-05-09,0
1662,69.0,Male,North,Post-Graduate,Salaried,739747.47,394839.24,Education,586.6,7,395,65.44,2022-08-27,1
1663,64.0,Female,East,Graduate,Salaried,520904.27,10000.0,Home,670.4,9,336,34.22,2025-02-18,0
1664,25.0,Female,South,Post-Graduate,,471687.51,235712.94,Home,699.0,8,89,70.02,2018-04-03,0
1665,51.0,Other,North,Post-Graduate,Salaried,918724.11,613687.53,Car,662.9,6,59,46.27,2024-03-13,0
1666,33.0,Other,South,Post-Graduate,Self-Employed,371069.16,641449.88,Car,615.8,6,133,50.9,2019-05-10,1
1667,23.0,Other,East,Graduate,Self-Employed,404172.88,484561.58,Other,686.7,12,151,56.5,2025-07-22,0
1668,23.0,Male,West,Secondary,Salaried,4074470.56,183971.82,Home,595.3,4,104,77.86,2019-07-07,0
1669,46.0,Other,West,Primary,Self-Employed,244386.58,175200.86,Business,646.5,5,438,48.75,2022-06-20,0
1670,64.0,Male,North,Graduate,Salaried,442891.0,717929.22,Home,719.4,1,130,59.14,2022-02-02,1
1671,47.0,Other,East,Secondary,Self-Employed,1140705.7,113828.97,Car,840.4,3,106,40.94,2025-04-11,0
1672,65.0,Other,North,Secondary,Salaried,719061.3,636301.25,Home,736.5,3,300,21.64,2024-01-29,0
1673,40.0,Male,East,Primary,Self-Employed,1119613.25,186848.06,Business,726.9,5,444,29.43,2019-08-27,0
1674,67.0,Male,East,Secondary,Self-Employed,187716.08,,Other,597.3,6,362,34.72,2020-09-30,1
1675,26.0,Female,West,Primary,Self-Employed,921770.62,523019.6,Business,,7,220,32.06,2019-09-29,0
1676,36.0,Female,West,Graduate,Salaried,535414.92,216568.86,Car,787.5,1,75,56.41,2018-11-09,0
1677,35.0,Male,West,Secondary,Salaried,272827.47,166885.42,Business,734.1,2,197,82.6,2025-03-04,0
1678,22.0,Female,West,Post-Graduate,Salaried,865028.11,461180.57,Home,607.2,11,436,94.22,2021-02-21,1
1679,43.0,Other,West,Secondary,Self-Employed,827664.32,445766.45,Home,756.4,1,190,42.66,2020-12-15,0
1680,34.0,Female,North,Graduate,Unemployed,832399.42,112374.92,Education,850.0,8,13,75.99,2022-12-17,0
1681,66.0,Male,West,Secondary,,516631.51,440240.02,Other,621.9,12,389,43.53,2023-12-04,1
1682,40.0,Other,South,Secondary,Self-Employed,596616.21,149123.66,Home,703.5,2,10,47.85,2022-03-26,0
1683,66.0,Male,South,Post-Graduate,Unemployed,773541.18,618755.67,Other,749.3,6,359,21.76,2024-10-08,0
1684,51.0,Female,South,Secondary,Salaried,637290.13,89455.94,Education,738.0,0,413,32.38,2023-11-14,0
1685,70.0,Other,West,Primary,Self-Employed,3294284.62,533088.93,Other,705.4,9,400,22.31,2020-03-30,0
1686,49.0,Male,West,Post-Graduate,Self-Employed,255674.49,398457.79,Education,689.3,3,354,65.78,2021-08-10,1
1687,,Female,South,Post-Graduate,Unemployed,690533.01,667580.79,Car,675.3,12,274,32.07,2020-01-12,1
1688,32.0,Female,West,Post-Graduate,Unemployed,631881.01,668672.14,Home,830.1,2,251,18.78,2018-11-04,0
1689,52.0,Female,South,Primary,Self-Employed,840942.64,493020.94,Car,759.5,5,63,34.56,2024-03-12,0
1690,27.0,Male,South,Post-Graduate,Unemployed,1219703.45,430186.07,Other,677.6,9,443,78.55,2020-02-06,0
1691,21.0,Male,West,Post-Graduate,Salaried,1389035.37,793689.42,Car,656.0,1,36,45.9,2018-04-14,0
1692,26.0,Female,South,Secondary,Salaried,,579902.49,Business,817.3,0,459,39.11,2018-02-14,0
1693,50.0,Female,South,Primary,Unemployed,971330.21,909626.33,Car,685.6,12,230,23.59,2021-02-15,0
1694,57.0,Other,East,Primary,Unemployed,845030.1,10000.0,Other,776.7,4,36,23.28,2021-12-03,0
1695,35.0,Other,North,Post-Graduate,Salaried,684085.43,222055.94,Education,744.4,2,281,83.2,2019-10-18,0
1696,62.0,Other,West,Post-Graduate,Self-Employed,1123326.45,717793.46,Education,665.9,6,35,20.66,2022-10-30,0
1697,31.0,Male,West,Primary,Unemployed,526745.75,443309.54,Other,650.7,7,140,62.99,2025-01-10,1
1698,48.0,Other,North,Primary,Unemployed,860041.64,815125.26,Car,682.0,5,390,45.09,2018-03-30,1
1699,59.0,Male,East,Graduate,Unemployed,884418.16,446178.94,Other,589.7,4,456,79.18,2024-12-13,0
1700,23.0,Male,South,Graduate,Salaried,1105098.2,467648.25,Home,716.2,3,131,27.53,2018-01-27,0
1701,30.0,Female,East,Graduate,Unemployed,938514.37,10000.0,Home,574.9,1,321,85.2,2020-07-15,0
1702,35.0,Other,South,Secondary,Salaried,1371045.16,10000.0,Car,617.6,12,291,34.21,2020-05-02,1
1703,39.0,Other,South,Primary,Salaried,876220.49,197347.74,Education,672.4,8,18,39.48,2024-01-15,0
1704,69.0,Other,South,Primary,Salaried,716065.25,573430.16,Car,758.3,7,404,38.33,2024-09-17,1
1705,36.0,Female,South,Graduate,Unemployed,997448.42,347824.05,Home,,4,86,15.57,2018-03-02,0
1706,57.0,Female,West,Primary,Unemployed,799875.81,69568.9,Car,,12,55,59.81,2020-01-11,0
1707,27.0,Other,West,Graduate,Self-Employed,483412.1,420939.81,Home,809.2,4,247,37.07,2025-06-28,0
1708,30.0,Other,South,Graduate,Self-Employed,497358.02,603256.61,Car,633.1,7,419,75.15,2018-04-19,1
1709,38.0,Female,South,Secondary,Salaried,867727.67,456444.72,Other,649.3,5,186,10.84,2019-01-21,0
1710,61.0,Female,South,Graduate,Self-Employed,872471.3,436846.63,Other,813.9,8,440,47.54,2024-08-18,0
1711,29.0,Other,East,Primary,,352589.36,691840.28,Car,697.7,8,125,70.2,2020-11-07,1
1712,68.0,Other,South,Secondary,Salaried,809102.64,829201.57,Car,685.6,7,257,13.52,2023-07-12,1
1713,58.0,Other,East,Post-Graduate,Self-Employed,375681.63,229512.21,Home,619.1,0,89,38.92,2024-02-02,0
1714,54.0,Male,East,Post-Graduate,Unemployed,,10000.0,Business,677.3,11,274,55.08,2024-01-27,0
1715,29.0,Male,East,Graduate,Salaried,547907.39,486682.36,Other,671.9,10,304,76.21,2022-01-24,1
1716,46.0,Male,East,Post-Graduate,Salaried,1042457.06,486137.63,Education,717.5,5,9,74.17,2023-12-25,0
1717,49.0,Male,South,Graduate,Salaried,845160.93,627097.26,Education,679.5,0,51,82.34,2019-11-26,0
1718,57.0,Male,West,Primary,Salaried,889148.84,34257.84,Business,611.3,9,364,65.69,2022-06-04,1
1719,46.0,Male,West,Graduate,Unemployed,1371878.42,400867.95,Home,690.8,9,189,46.58,2020-01-29,0
1720,22.0,Female,South,Secondary,Salaried,612983.57,339838.54,Car,665.2,12,48,58.87,2020-10-03,0
1721,40.0,Other,South,Post-Graduate,Self-Employed,768692.52,305058.77,Home,703.8,11,28,45.69,2018-03-29,0
1722,41.0,Female,West,Secondary,Self-Employed,1277681.77,10000.0,Education,773.1,11,219,80.63,2018-08-13,0
1723,34.0,Male,West,Post-Graduate,Unemployed,578365.82,18084.62,Car,741.9,7,93,26.99,2022-10-02,0
1724,35.0,Other,East,Graduate,Unemployed,724600.5,538414.21,Home,815.3,3,407,44.88,2018-02-20,0
1725,48.0,Female,West,Post-Graduate,Unemployed,482337.09,962208.39,Education,636.9,4,64,87.81,2020-03-16,1
1726,51.0,Other,East,Secondary,Unemployed,854756.19,728764.06,Home,607.9,6,444,68.87,2020-10-25,1
1727,38.0,Female,South,Secondary,Self-Employed,1097836.3,88670.44,Car,700.2,8,230,11.68,2018-12-21,0
1728,23.0,Female,South,Secondary,Self-Employed,592935.87,359449.18,Education,727.9,4,141,75.58,2018-11-15,0
1729,48.0,Female,East,Graduate,Unemployed,,10000.0,Car,638.8,9,394,94.78,2019-11-09,0
1730,45.0,Male,West,Graduate,Salaried,848326.55,608924.72,Home,,0,148,68.5,2019-12-10,0
1731,21.0,Female,East,Secondary,Self-Employed,522357.56,298549.83,Other,637.3,11,488,32.77,2019-01-10,0
1732,59.0,Other,West,Primary,Self-Employed,3091535.95,498188.38,Business,591.8,3,249,55.36,2020-12-08,0
1733,62.0,Male,West,Post-Graduate,Salaried,375941.54,93336.53,Other,511.7,8,139,33.44,2023-02-16,1
1734,69.0,,West,Secondary,Self-Employed,906570.05,115217.23,Other,,6,136,86.17,2023-03-30,1
1735,25.0,Male,West,Post-Graduate,Unemployed,530235.59,,Car,552.1,11,316,58.56,2018-09-02,1
1736,57.0,Other,West,Primary,Self-Employed,632597.79,700885.53,Car,685.9,5,25,69.29,2025-04-15,0
1737,44.0,Male,South,Primary,Self-Employed,172089.59,671882.91,Business,720.6,3,232,32.7,2022-10-07,1
1738,62.0,Male,South,Secondary,Self-Employed,,511879.12,Business,805.2,7,363,77.27,2019-05-08,1
1739,51.0,Female,South,Graduate,Unemployed,1065008.13,210232.68,Other,589.5,7,265,65.0,2022-10-31,1
1740,23.0,Other,West,Post-Graduate,Salaried,360992.96,402928.66,Education,588.7,3,160,67.78,2019-11-24,1
1741,61.0,Other,West,Primary,Unemployed,672166.09,447231.86,Business,667.6,1,360,48.71,2020-12-10,0
1742,64.0,,South,Primary,Self-Employed,854647.76,644548.47,Car,692.9,2,434,15.2,2018-10-13,0
1743,58.0,Female,North,Secondary,Self-Employed,253563.25,,Education,601.8,9,422,55.6,2019-10-17,1
1744,,Other,West,Graduate,Unemployed,401905.93,493342.12,Education,606.4,7,382,87.73,2018-01-25,1
1745,31.0,Male,East,Graduate,Unemployed,493628.33,516519.74,Other,661.3,10,493,66.51,2018-12-23,1
1746,65.0,Other,South,Primary,Unemployed,,313016.38,Education,798.4,9,219,48.22,2022-04-08,0
1747,55.0,Other,East,Secondary,Salaried,682422.09,405886.15,Car,647.4,4,123,57.72,2023-10-01,0
1748,65.0,Male,West,Post-Graduate,Unemployed,588540.12,383087.62,Education,601.7,8,62,45.21,2023-08-19,1
1749,63.0,Female,East,Secondary,Unemployed,726009.75,521018.9,Other,542.4,12,467,88.3,2019-02-26,1
1750,26.0,Female,East,Primary,Self-Employed,596270.43,484784.48,Home,752.6,0,63,50.46,2024-09-19,0
1751,34.0,Other,South,Post-Graduate,Unemployed,1114493.11,468340.69,Car,590.9,1,237,23.54,2019-09-08,0
1752,62.0,Male,West,Secondary,Unemployed,234907.24,339943.24,Other,736.6,8,172,73.94,2018-05-04,1
1753,63.0,Male,West,Primary,Unemployed,460385.2,291116.53,Other,630.6,4,50,16.4,2024-01-21,0
1754,45.0,Male,South,Primary,Self-Employed,438591.97,533842.15,Home,749.7,6,72,11.32,2018-05-16,1
1755,61.0,Other,West,Secondary,Unemployed,708666.86,244986.4,Education,731.4,4,148,32.89,2021-08-28,0
1756,42.0,Other,South,Graduate,Salaried,1306994.92,184258.78,Education,550.6,0,46,25.18,2021-04-24,0
1757,34.0,Other,East,Post-Graduate,Self-Employed,651390.09,426491.84,Home,836.9,7,191,31.13,2020-01-19,0
1758,36.0,Female,East,Secondary,Unemployed,,238248.26,Education,618.5,2,475,74.11,2020-09-19,0
1759,23.0,Female,North,Secondary,Self-Employed,572879.38,542147.01,Education,675.7,11,277,79.29,2022-02-13,0
1760,53.0,Other,East,Graduate,Unemployed,1202018.59,773632.4,Business,776.8,9,236,94.84,2020-10-15,0
1761,47.0,Other,West,Graduate,Unemployed,814693.47,535576.97,Home,618.3,12,242,61.37,2025-01-03,1
1762,29.0,Female,South,Post-Graduate,Salaried,828659.69,229391.86,Car,799.7,10,468,24.81,2018-07-26,0
1763,47.0,Female,West,Secondary,Unemployed,554894.09,348863.02,Other,533.7,9,303,44.7,2020-02-14,1
1764,67.0,Other,West,Post-Graduate,Self-Employed,1166868.41,490144.06,Other,794.1,11,249,83.54,2022-06-26,0
1765,32.0,Other,South,Primary,Self-Employed,2021615.15,713513.24,Car,718.8,2,30,54.48,2020-10-27,0
1766,59.0,Male,North,Primary,Salaried,858993.72,557489.12,Education,790.6,1,84,94.24,2022-07-07,0
1767,40.0,Female,South,Primary,Self-Employed,1493070.94,613224.57,Other,715.7,9,375,73.49,2018-10-03,0
1768,25.0,Other,West,Secondary,,627973.02,524442.34,Other,712.0,12,299,52.14,2019-09-16,0
1769,60.0,Male,East,Secondary,Salaried,282230.98,310271.68,Other,,12,346,89.88,2019-07-09,1
1770,32.0,Other,East,Post-Graduate,Salaried,818105.56,,Other,664.7,7,223,46.39,2019-02-24,0
1771,70.0,Male,West,Graduate,Salaried,50000.0,211941.27,Home,598.1,6,278,21.2,2018-01-18,1
1772,49.0,Male,East,Primary,Self-Employed,223176.38,10000.0,Car,768.9,6,297,38.32,2023-05-22,0
1773,40.0,,North,Primary,Salaried,548218.49,407357.5,Business,,3,251,66.14,2021-07-17,0
1774,52.0,Other,South,Primary,Salaried,815055.68,338954.4,Education,658.7,5,36,29.19,2018-12-19,0
1775,60.0,Female,South,Graduate,Self-Employed,685553.9,69186.83,Education,609.1,3,112,49.07,2020-02-17,0
1776,49.0,Female,South,Secondary,Self-Employed,504940.05,63076.3,Home,,7,225,12.18,2023-12-30,1
1777,21.0,Female,North,Post-Graduate,Unemployed,,136729.46,Car,696.4,12,246,63.54,2024-04-01,0
1778,63.0,Male,North,Graduate,Unemployed,295328.86,175767.35,Home,664.6,4,185,42.6,2020-11-13,0
1779,43.0,Female,South,Primary,Self-Employed,419064.57,738429.65,Home,701.9,7,138,33.06,2024-12-11,1
1780,62.0,Other,East,Graduate,Self-Employed,453235.17,320627.03,Home,683.8,0,305,30.9,2018-02-21,0
1781,55.0,Male,South,Post-Graduate,Self-Employed,690498.83,447492.62,Car,582.1,8,81,25.15,2024-01-20,1
1782,70.0,Female,North,Post-Graduate,Unemployed,377995.79,378461.6,Other,628.7,5,473,79.77,2024-03-21,1
1783,21.0,Male,South,Secondary,Self-Employed,853275.14,579458.03,Business,582.3,6,149,68.82,2024-09-24,1
1784,29.0,Other,North,Post-Graduate,Self-Employed,1378916.81,710552.18,Home,640.8,7,158,32.41,2018-03-26,0
1785,,Other,North,Graduate,Salaried,622949.64,65300.67,Home,772.5,0,352,70.83,2024-09-21,0
1786,26.0,Other,East,Graduate,Unemployed,,486653.61,Home,649.2,6,198,18.52,2021-10-05,0
1787,42.0,Other,South,Secondary,,857439.59,615644.55,Education,748.8,6,21,35.1,2023-02-06,0
1788,35.0,Female,West,Primary,Unemployed,974454.19,370857.45,Car,681.5,7,492,33.17,2021-02-14,0
1789,61.0,Other,East,Post-Graduate,Self-Employed,796944.91,337659.43,Business,651.7,9,298,38.81,2020-09-25,0
1790,47.0,Female,South,Primary,Salaried,1181547.67,242202.74,Business,709.0,11,393,58.98,2018-01-12,0
1791,25.0,Other,West,Primary,Self-Employed,683833.7,188768.91,Home,591.2,7,8,28.37,2022-05-10,1
1792,46.0,Other,North,Post-Graduate,Self-Employed,733175.75,253237.87,Home,711.4,0,194,13.74,2023-12-15,0
1793,60.0,Other,North,Secondary,Self-Employed,553895.82,364611.86,Car,599.8,2,35,78.47,2020-08-29,0
1794,22.0,Other,West,Graduate,Salaried,491855.46,197486.38,Home,,12,487,49.11,2022-02-28,0
1795,57.0,Female,West,Graduate,Unemployed,585927.25,270419.05,Education,785.8,6,27,21.31,2023-03-14,0
1796,37.0,Female,East,Graduate,Salaried,845905.66,731826.94,Other,669.1,2,27,37.12,2024-03-30,0
1797,26.0,Female,East,Graduate,Self-Employed,738602.31,431909.2,Business,661.4,5,327,39.78,2020-05-15,0
1798,31.0,Male,East,Post-Graduate,Self-Employed,304453.75,88226.96,Home,619.0,2,68,51.93,2023-07-21,0
1799,36.0,Female,South,Post-Graduate,Self-Employed,1001756.64,351223.71,Home,712.4,6,20,48.05,2021-04-28,0
1800,29.0,Other,North,Primary,Self-Employed,482273.75,427724.09,Car,656.0,8,191,12.31,2022-03-14,0
1801,64.0,Male,East,Secondary,Salaried,588514.27,10000.0,Education,,0,182,54.76,2024-06-01,0
1802,40.0,Other,East,Secondary,Salaried,456259.28,406568.97,Education,742.2,7,295,32.55,2022-03-18,0
1803,,Other,West,Post-Graduate,Unemployed,1322079.01,190856.92,Education,647.2,9,482,72.5,2025-03-18,0
1804,66.0,Other,West,Graduate,Unemployed,1002052.28,449079.63,Other,741.1,1,288,29.98,2021-08-13,0
1805,50.0,Male,East,Secondary,Salaried,107151.19,778328.16,Home,562.0,3,386,69.0,2023-04-26,0
1806,57.0,Other,West,Secondary,Unemployed,800774.58,633108.63,Car,690.6,7,128,28.45,2019-08-12,0
1807,34.0,Female,West,Secondary,Self-Employed,154204.55,201402.65,Car,816.6,2,169,30.41,2019-11-03,0
1808,49.0,Other,South,Primary,Salaried,850003.1,448317.84,Car,842.2,2,119,71.28,2021-10-17,0
1809,64.0,Female,South,Secondary,Self-Employed,861864.45,698046.81,Business,705.7,9,101,29.38,2019-12-19,1
1810,63.0,Female,East,Primary,Self-Employed,694168.61,280416.84,Education,658.5,9,9,77.97,2023-06-03,0
1811,65.0,Male,North,Primary,,350401.73,845970.23,Business,735.3,9,358,61.79,2018-10-12,1
1812,39.0,Other,South,Secondary,Self-Employed,581021.71,433002.21,Business,719.5,12,393,46.76,2025-01-05,0
1813,50.0,Male,West,Primary,Salaried,501859.58,434884.81,Other,743.0,0,493,43.87,2021-05-08,0
1814,44.0,Female,South,Graduate,Salaried,467179.26,352113.9,Home,692.8,9,165,24.4,2023-08-25,0
1815,61.0,Female,South,Post-Graduate,Self-Employed,236037.56,466435.88,Business,735.2,0,350,65.08,2022-11-15,1
1816,,Male,West,Secondary,Unemployed,959438.61,829172.02,Education,619.7,6,430,23.59,2018-06-13,1
1817,61.0,Female,East,Graduate,Unemployed,,26581.94,Business,732.5,6,378,16.03,2024-06-07,0
1818,62.0,Other,East,Primary,Self-Employed,634985.47,851097.1,Other,777.3,9,362,75.46,2025-08-14,1
1819,66.0,Male,South,Post-Graduate,Self-Employed,620700.61,397471.75,Education,778.3,0,448,33.98,2025-06-03,0
1820,34.0,Other,North,Primary,Self-Employed,346005.51,379917.21,Other,489.6,4,462,42.39,2019-06-20,1
1821,39.0,Male,South,Graduate,Self-Employed,447520.04,313027.72,Education,,10,235,47.14,2019-11-01,0
1822,32.0,Other,West,Primary,Unemployed,703001.87,533971.73,Other,662.1,6,371,49.19,2023-08-27,0
1823,,Female,North,Post-Graduate,Unemployed,1190485.59,902661.06,Home,593.2,7,34,38.04,2024-02-18,1
1824,45.0,Female,East,Post-Graduate,Salaried,639008.87,566459.47,Education,676.3,11,135,58.92,2022-02-24,1
1825,53.0,Female,South,Secondary,Self-Employed,407387.97,,Home,690.8,10,282,30.52,2018-01-16,0
1826,24.0,Female,East,Graduate,Self-Employed,406954.68,879480.47,Business,732.5,6,47,42.66,2019-06-27,1
1827,64.0,Female,North,Secondary,Self-Employed,50000.0,374663.89,Business,,6,170,37.86,2022-01-08,0
1828,48.0,Male,East,Primary,,385331.05,646863.4,Home,683.0,7,177,54.29,2022-08-27,0
1829,47.0,Female,East,Primary,Salaried,529496.45,529101.81,Car,704.4,4,138,15.84,2023-09-30,1
1830,33.0,Male,North,Post-Graduate,Salaried,,1153938.56,Car,,0,267,75.92,2021-07-27,0
1831,47.0,Other,East,Primary,Unemployed,913762.41,885069.53,Other,717.3,3,267,64.65,2018-09-06,1
1832,68.0,Male,West,Primary,Unemployed,632736.5,736248.11,Business,698.2,4,387,15.88,2021-01-07,1
1833,,Male,East,Post-Graduate,Unemployed,123715.98,446032.28,Education,608.1,4,177,94.15,2024-03-24,1
1834,54.0,Other,West,Graduate,Unemployed,3245895.75,369660.79,Home,698.7,3,186,74.05,2022-03-27,0
1835,57.0,Male,South,Post-Graduate,Salaried,512814.44,721637.23,Car,585.7,5,304,80.41,2024-02-25,1
1836,66.0,Male,East,Secondary,Self-Employed,500259.31,353957.37,Other,780.7,12,443,13.77,2020-08-13,0
1837,38.0,Other,West,Post-Graduate,Self-Employed,233457.08,76205.76,Other,702.6,3,54,57.9,2022-12-08,0
1838,48.0,Female,East,Secondary,Salaried,556346.01,10000.0,Home,568.9,1,341,36.24,2023-10-05,0
1839,53.0,Female,South,Secondary,Unemployed,223268.47,344777.21,Car,637.3,6,361,53.72,2021-02-06,1
1840,31.0,Female,South,Post-Graduate,Self-Employed,1088751.94,31081.22,Business,729.1,5,374,56.63,2024-12-25,0
1841,39.0,Male,North,Graduate,Salaried,885210.31,,Other,578.2,6,211,25.45,2024-08-15,1
1842,69.0,Female,East,Post-Graduate,Unemployed,861896.46,262355.24,Other,669.9,12,80,85.34,2022-01-21,0
1843,58.0,Female,North,Secondary,Salaried,1059307.04,10000.0,Car,687.0,2,117,65.57,2019-05-03,0
1844,51.0,Female,West,Primary,Unemployed,1031752.07,339414.66,Other,671.6,12,395,93.17,2021-07-19,0
1845,38.0,Female,South,Primary,Unemployed,1018238.55,10000.0,Other,672.2,12,232,45.76,2021-07-09,0
1846,60.0,,East,Post-Graduate,Unemployed,590113.13,629273.84,Home,582.9,7,268,15.64,2024-07-16,1
1847,56.0,Other,East,Post-Graduate,Self-Employed,448366.43,282944.3,Car,687.5,2,212,80.28,2020-05-10,0
1848,54.0,Other,North,Secondary,Salaried,,425806.93,Other,690.7,7,209,16.74,2020-09-01,1
1849,22.0,Other,West,Primary,Unemployed,517462.01,233806.22,Car,743.6,2,480,58.2,2024-01-21,0
1850,22.0,Male,North,Primary,Self-Employed,439028.9,,Other,691.3,6,371,74.64,2024-09-07,0
1851,29.0,,East,Post-Graduate,Salaried,799508.64,826629.54,Car,734.9,3,119,33.37,2023-09-26,1
1852,66.0,Other,South,Secondary,Self-Employed,999427.4,204215.35,Education,709.8,8,319,45.17,2023-10-26,0
1853,,Female,East,Primary,Unemployed,192056.62,549122.54,Education,672.3,12,341,86.4,2020-06-12,1
1854,49.0,Other,South,Graduate,Unemployed,189796.29,527539.67,Education,687.5,1,273,50.67,2024-10-07,1
1855,37.0,Male,North,Secondary,Salaried,975958.7,,Education,727.4,4,37,36.23,2023-06-03,0
1856,24.0,Other,North,Primary,Unemployed,1475529.4,135943.62,Business,663.1,5,326,73.75,2023-12-27,0
1857,49.0,Female,West,Graduate,Self-Employed,425004.09,190395.34,Business,742.6,4,416,76.13,2020-12-29,0
1858,51.0,Female,North,Primary,Self-Employed,1033498.72,250356.21,Car,829.7,3,424,75.63,2022-10-17,0
1859,29.0,Female,West,Secondary,Unemployed,440126.82,213490.29,Car,632.2,1,186,59.49,2023-08-03,0
1860,63.0,Male,East,Graduate,Unemployed,692230.49,598067.87,Education,722.7,8,401,73.16,2018-06-04,1
1861,62.0,Female,South,Post-Graduate,Self-Employed,987541.75,797593.93,Home,,11,195,15.86,2021-11-22,1
1862,50.0,Other,North,Graduate,Unemployed,977008.42,262814.82,Other,798.5,7,368,31.64,2019-12-25,0
1863,43.0,Male,East,Primary,Salaried,282209.2,299397.38,Car,565.4,9,63,46.1,2022-12-16,1
1864,25.0,Male,South,Graduate,Self-Employed,740044.66,667707.47,Business,730.3,1,335,80.9,2021-03-20,0
1865,45.0,,South,Secondary,Unemployed,667199.2,317551.57,Business,699.4,7,420,48.23,2018-04-16,0
1866,39.0,Other,East,Primary,Unemployed,515503.86,1065428.44,Other,676.4,12,483,12.44,2019-09-13,1
1867,45.0,Female,West,Post-Graduate,Salaried,648545.89,244871.76,Home,705.6,7,68,60.98,2022-03-27,0
1868,29.0,Male,South,Secondary,Unemployed,970457.97,388153.84,Car,524.5,4,94,78.96,2018-05-12,0
1869,,Female,East,Primary,Salaried,415907.85,194646.46,Business,792.2,6,288,28.76,2022-09-21,0
1870,49.0,Female,North,Secondary,Salaried,665393.37,233964.56,Car,767.9,4,421,44.31,2021-01-28,0
1871,70.0,Male,North,Post-Graduate,Salaried,767930.06,330106.59,Business,627.6,4,76,83.83,2022-03-24,0
1872,69.0,Female,East,Graduate,Unemployed,873227.73,464283.64,Car,768.8,12,389,40.32,2025-03-18,0
1873,61.0,Other,East,Primary,Salaried,887186.11,746681.64,Education,773.7,4,316,13.82,2020-06-05,0
1874,42.0,Female,West,Post-Graduate,Salaried,326610.57,370101.65,Car,632.9,12,500,33.04,2021-03-27,0
1875,55.0,Female,West,Primary,Self-Employed,5297874.41,304042.71,Business,629.0,3,38,31.48,2022-01-19,0
1876,39.0,Female,West,Graduate,Salaried,743386.2,475522.7,Home,742.4,1,138,69.22,2024-08-06,0
1877,29.0,Other,South,Primary,Unemployed,4361945.93,377464.67,Other,657.1,7,338,47.01,2019-01-24,0
1878,44.0,Other,North,Graduate,,901603.78,772707.15,Home,721.1,8,250,92.03,2018-12-18,1
1879,37.0,Male,North,Post-Graduate,Unemployed,745572.01,683956.01,Other,565.5,0,253,77.87,2018-11-14,1
1880,41.0,Male,West,Secondary,Salaried,168758.8,691717.66,Home,765.8,0,213,64.6,2025-04-23,0
1881,44.0,Female,East,Graduate,,876185.11,344062.68,Home,698.1,2,104,14.61,2023-08-20,0
1882,,Male,West,Post-Graduate,Self-Employed,705991.97,473879.88,Home,642.9,11,53,18.15,2019-09-21,0
1883,27.0,Other,South,Secondary,Salaried,608303.71,576468.5,Car,667.4,6,222,85.89,2020-04-22,0
1884,38.0,Female,South,Primary,Salaried,676134.03,581418.38,Other,677.2,9,71,25.66,2019-12-23,1
1885,69.0,Other,South,Graduate,Salaried,813884.61,428451.84,Other,,3,299,18.59,2020-07-22,0
1886,45.0,Female,East,Graduate,Salaried,956613.39,529104.65,Car,712.6,3,380,60.8,2021-10-06,0
1887,40.0,Other,West,Post-Graduate,Salaried,819200.9,,Education,657.5,12,7,24.73,2024-07-18,0
1888,32.0,Other,West,Secondary,Self-Employed,1009800.49,357883.62,Other,588.1,5,131,47.17,2023-02-02,1
1889,,Female,West,Graduate,Self-Employed,515050.47,220741.19,Other,711.8,12,52,38.44,2019-12-29,0
1890,25.0,Other,West,Post-Graduate,Self-Employed,453600.02,421887.93,Home,610.7,2,194,76.94,2025-03-04,1
1891,38.0,,West,Post-Graduate,Unemployed,50000.0,533549.96,Education,603.8,5,86,34.53,2022-12-14,1
1892,63.0,Other,East,Secondary,Salaried,923999.39,485204.3,Education,769.1,11,363,88.7,2019-06-06,0
1893,33.0,Male,West,Post-Graduate,Salaried,1037459.21,127241.86,Other,586.3,4,57,38.79,2018-12-02,0
1894,35.0,Male,North,Post-Graduate,Salaried,715516.51,485644.37,Business,779.9,6,285,37.92,2022-10-24,0
1895,67.0,Male,West,Primary,Self-Employed,455915.05,349948.93,Car,617.8,12,460,74.51,2025-05-16,1
1896,64.0,Male,North,Post-Graduate,Salaried,382034.41,616595.63,Business,715.0,12,268,65.74,2023-03-07,1
1897,,Other,North,Secondary,Self-Employed,453683.29,593876.14,Education,683.0,1,145,55.59,2022-10-02,0
1898,57.0,Female,West,Post-Graduate,Salaried,676274.17,486417.01,Education,706.4,4,208,76.62,2024-08-22,0
1899,62.0,Male,North,Post-Graduate,Salaried,670733.08,537341.43,Other,700.5,11,156,39.28,2022-07-19,1
1900,58.0,Male,North,Secondary,,543151.99,345615.52,Business,726.3,9,139,52.98,2025-06-16,0
1901,65.0,Male,South,Graduate,Salaried,1105041.93,188884.44,Other,741.1,10,18,44.99,2024-03-05,0
1902,28.0,Male,West,Secondary,Unemployed,862556.85,514653.92,Other,670.9,5,407,75.74,2018-04-23,0
1903,38.0,Female,West,Secondary,Unemployed,690805.7,334802.99,Education,697.3,4,115,50.48,2025-06-20,0
1904,55.0,Other,North,Primary,Self-Employed,904754.38,308293.31,Business,,8,413,68.77,2018-12-29,0
1905,59.0,Other,North,Primary,Salaried,724556.44,495810.66,Education,648.5,0,149,59.16,2024-08-14,0
1906,62.0,Male,West,Primary,Unemployed,661334.74,690692.49,Home,811.1,2,276,57.75,2022-09-05,0
1907,60.0,Female,East,Secondary,Salaried,519289.12,287343.21,Car,795.1,4,261,86.1,2021-09-10,0
1908,41.0,Male,South,Post-Graduate,Salaried,555862.99,56042.57,Home,728.7,9,348,18.17,2024-08-20,0
1909,41.0,Other,East,Primary,Salaried,731711.26,289020.04,Education,750.1,3,453,21.49,2019-02-05,0
1910,50.0,Male,South,Post-Graduate,Unemployed,881312.29,1063876.78,Education,685.0,8,289,78.26,2018-12-28,1
1911,41.0,Female,West,Graduate,Self-Employed,925605.81,617946.22,Car,,6,248,82.18,2022-02-18,0
1912,59.0,Other,North,Post-Graduate,Salaried,,10000.0,Other,619.8,0,475,64.16,2021-05-20,0
1913,39.0,Male,East,Primary,Self-Employed,908598.04,713019.82,Other,675.4,11,126,17.0,2021-10-06,0
1914,63.0,Female,South,Graduate,,791850.29,269627.92,Business,620.9,6,285,31.53,2021-11-11,0
1915,68.0,Other,East,Graduate,Self-Employed,655071.97,491380.71,Business,627.2,12,38,89.41,2023-03-26,0
1916,,Other,East,Post-Graduate,Self-Employed,962291.5,10000.0,Education,606.9,3,34,12.6,2019-03-11,0
1917,63.0,Female,South,Post-Graduate,,877752.48,314909.94,Car,534.0,2,234,64.24,2018-12-20,0
1918,69.0,Other,North,Primary,Self-Employed,680869.06,352620.89,Education,689.0,6,452,10.68,2018-04-03,0
1919,28.0,Other,West,Primary,Salaried,716057.09,378569.1,Home,505.5,6,445,25.3,2018-06-15,1
1920,61.0,Female,South,Secondary,Salaried,656517.14,134468.29,Business,726.0,0,349,33.12,2019-02-15,0
1921,47.0,Male,South,Secondary,Unemployed,873450.37,657151.96,Car,606.3,2,76,29.5,2024-03-11,0
1922,39.0,Other,East,Primary,Salaried,6769646.49,361466.19,Education,741.3,2,274,26.37,2024-10-18,0
1923,26.0,Male,East,Primary,Self-Employed,1185516.49,501214.53,Car,652.6,5,460,76.45,2019-04-18,0
1924,41.0,Male,West,Graduate,Salaried,,937448.84,Education,624.4,2,397,64.67,2024-08-22,1
1925,,Female,North,Graduate,Unemployed,618675.87,374865.39,Education,663.2,8,13,82.38,2018-04-08,0
1926,,Other,East,Graduate,Self-Employed,688939.49,16423.26,Other,587.4,2,407,74.78,2019-01-27,0
1927,47.0,Other,South,Primary,Self-Employed,776188.74,204040.8,Car,693.1,1,333,53.34,2024-03-25,0
1928,69.0,Other,North,Secondary,Salaried,759173.75,717815.84,Car,,11,500,12.12,2020-07-20,1
1929,63.0,Female,East,Graduate,Self-Employed,227188.81,,Business,817.5,11,211,60.68,2018-02-26,0
1930,44.0,Other,North,Post-Graduate,Unemployed,427855.27,252529.37,Business,792.3,8,393,33.65,2024-06-16,0
1931,57.0,Other,North,Post-Graduate,Self-Employed,402318.53,109058.69,Business,734.7,8,224,11.26,2018-10-01,0
1932,50.0,Female,South,Post-Graduate,Self-Employed,1036861.77,209096.44,Home,696.5,7,462,13.67,2022-06-23,0
1933,35.0,,West,Secondary,Unemployed,365119.48,557427.93,Other,699.6,5,117,63.98,2023-09-29,1
1934,46.0,Male,East,Secondary,Salaried,638154.47,263459.46,Car,794.5,7,445,87.3,2021-08-16,0
1935,37.0,Female,South,Post-Graduate,Unemployed,4899835.74,588152.82,Home,708.0,11,69,36.16,2021-09-17,0
1936,41.0,Female,West,Primary,,724401.0,318836.45,Education,,9,480,12.45,2019-12-15,0
1937,31.0,Female,East,Secondary,Salaried,627399.47,465306.77,Home,703.7,9,411,38.72,2024-09-22,0
1938,41.0,Male,West,Post-Graduate,Salaried,1127086.71,520663.01,Other,661.9,6,120,13.92,2018-03-24,0
1939,59.0,Female,South,Primary,Self-Employed,848133.87,479045.04,Car,770.4,2,18,35.67,2022-07-27,0
1940,58.0,Female,South,Secondary,Self-Employed,577569.24,117171.51,Home,733.0,7,444,94.19,2018-01-21,0
1941,34.0,Female,North,Primary,Salaried,857319.03,524842.33,Other,762.8,5,8,25.72,2018-07-04,0
1942,36.0,Male,North,Primary,Unemployed,803439.67,482885.77,Home,,7,314,51.41,2024-10-08,0
1943,32.0,Female,West,Primary,Unemployed,588843.62,50792.08,Education,648.1,5,197,70.82,2025-08-05,0
1944,43.0,Male,North,Graduate,Self-Employed,833839.11,253793.01,Car,785.1,9,323,79.01,2019-08-08,0
1945,29.0,Female,West,Graduate,Self-Employed,694435.94,296133.81,Education,625.5,12,278,75.31,2021-03-12,0
1946,,Other,North,Primary,Unemployed,458832.47,425337.07,Business,645.6,4,488,74.34,2020-03-13,1
1947,52.0,Male,South,Primary,Unemployed,418126.61,514327.52,Education,720.8,7,336,86.19,2022-09-09,1
1948,51.0,Male,North,Primary,Self-Employed,767150.52,318206.54,Business,695.2,11,324,15.09,2019-06-25,0
1949,61.0,Other,West,Primary,Unemployed,50000.0,233050.28,Education,625.1,6,109,38.5,2019-07-09,1
1950,58.0,Female,South,Post-Graduate,Salaried,451883.03,565811.65,Home,629.9,10,269,71.24,2025-04-04,1
1951,39.0,Other,South,Secondary,Unemployed,931939.91,118656.62,Home,840.3,3,237,80.57,2020-10-03,0
1952,34.0,Other,South,Secondary,,876616.16,87688.03,Other,716.3,10,262,82.37,2022-04-06,0
1953,66.0,Other,South,Primary,Salaried,682803.11,690139.14,Home,,5,296,16.08,2021-10-28,0
1954,70.0,Female,East,Secondary,Self-Employed,366552.53,715823.86,Business,586.8,12,185,23.91,2022-10-19,1
1955,35.0,Female,East,Post-Graduate,Self-Employed,898981.2,226733.98,Business,458.8,5,487,39.36,2020-10-16,1
1956,60.0,Male,East,Graduate,Unemployed,772517.3,140249.45,Education,725.7,8,155,60.04,2019-10-17,0
1957,28.0,Other,East,Primary,,1003752.45,434696.06,Home,752.2,2,295,45.6,2022-04-19,0
1958,47.0,Other,East,Primary,Unemployed,711313.77,402226.05,Business,537.0,11,257,25.24,2020-08-05,1
1959,58.0,Female,North,Secondary,Salaried,,210025.79,Car,698.2,9,61,35.6,2025-05-14,0
1960,39.0,Other,North,Graduate,Self-Employed,613130.34,10000.0,Business,728.2,11,483,82.64,2025-06-29,0
1961,,Other,South,Primary,Self-Employed,159398.35,197483.99,Business,743.2,11,340,14.41,2018-04-10,1
1962,56.0,Male,North,Graduate,Self-Employed,942363.94,1084732.6,Home,613.5,2,401,30.66,2022-12-27,1
1963,66.0,Other,West,Secondary,Salaried,1006915.28,264640.14,Home,613.9,6,327,28.68,2019-07-30,1
1964,,Other,East,Graduate,Salaried,801473.65,747023.34,Business,592.5,0,425,90.68,2018-07-20,0
1965,37.0,Other,South,Post-Graduate,Self-Employed,788102.22,10000.0,Home,728.3,7,350,58.98,2018-04-04,0
1966,65.0,Other,South,Primary,Unemployed,690688.51,625719.68,Education,683.5,10,134,61.56,2021-03-17,0
1967,47.0,Male,East,Primary,Unemployed,611106.6,789236.56,Home,706.4,9,194,74.91,2019-01-19,0
1968,25.0,Other,North,Primary,Salaried,575241.71,277486.68,Other,740.8,7,181,76.9,2023-12-14,0
1969,67.0,Female,West,Post-Graduate,Unemployed,272569.44,378553.86,Education,732.4,1,36,33.96,2021-01-18,1
1970,25.0,Other,South,Post-Graduate,Self-Employed,751265.91,481639.13,Business,640.6,10,340,18.76,2023-10-11,0
1971,41.0,Female,West,Primary,Self-Employed,642457.6,464064.02,Business,659.1,6,269,89.17,2022-04-12,0
1972,56.0,Other,South,Post-Graduate,Unemployed,592633.03,880772.34,Home,766.9,0,84,85.53,2025-05-15,1
1973,48.0,Female,West,Post-Graduate,Self-Employed,938399.69,532129.52,Other,568.6,6,62,17.24,2024-05-28,1
1974,68.0,Other,East,Primary,,946035.69,449534.44,Other,724.6,6,38,50.5,2018-06-20,0
1975,34.0,Female,South,Secondary,Unemployed,537093.52,535885.18,Other,739.1,5,230,69.98,2024-02-13,1
1976,,Other,West,Graduate,,813299.8,476461.27,Home,715.2,6,342,22.07,2023-04-02,0
1977,25.0,Male,South,Graduate,Salaried,543751.51,117234.56,Car,601.3,9,449,27.68,2020-04-09,1
1978,50.0,Female,North,Graduate,Unemployed,,406577.73,Home,605.8,8,420,65.02,2020-11-10,1
1979,31.0,Male,West,Secondary,Unemployed,439839.73,861211.28,Home,,3,7,78.32,2023-03-29,0
1980,61.0,Female,West,Post-Graduate,Unemployed,835448.6,551014.48,Home,601.5,11,437,24.19,2023-06-05,1
1981,28.0,Male,North,Primary,Self-Employed,956154.24,196546.07,Home,758.7,10,263,88.33,2020-03-23,0
1982,30.0,Female,West,Secondary,Unemployed,1051497.83,585214.96,Home,581.7,4,77,26.44,2025-07-28,0
1983,43.0,Male,West,Primary,Self-Employed,675883.13,,Education,573.3,1,392,62.62,2022-10-16,0
1984,66.0,Other,West,Secondary,Salaried,50000.0,251942.17,Education,737.2,12,238,44.57,2018-06-16,1
1985,70.0,Female,East,Secondary,Self-Employed,694342.96,446693.06,Other,774.6,4,488,21.76,2025-07-25,0
1986,33.0,Other,North,Post-Graduate,Salaried,1275368.94,596766.84,Education,801.6,9,43,74.62,2020-09-25,0
1987,65.0,Female,North,Primary,Salaried,603651.09,764424.74,Home,684.9,12,332,59.87,2018-12-05,0
1988,46.0,Other,South,Graduate,Self-Employed,430028.08,619579.97,Education,640.7,0,263,12.78,2022-07-02,1
1989,59.0,Other,South,Primary,Self-Employed,332256.14,487543.33,Other,690.6,8,370,27.6,2023-07-09,0
1990,46.0,Other,West,Graduate,Unemployed,943591.95,560075.33,Car,709.0,3,463,70.42,2022-08-20,0
1991,30.0,Other,South,Graduate,Self-Employed,902570.15,424507.55,Other,782.2,10,213,45.98,2019-08-23,0
1992,42.0,Male,North,Primary,Unemployed,556790.76,812630.6,Car,583.2,11,260,66.93,2021-04-03,1
1993,22.0,Female,East,Secondary,,275344.29,294520.23,Business,645.9,0,168,17.31,2018-04-09,1
1994,28.0,Female,West,Secondary,Self-Employed,447369.42,165843.1,Other,587.7,10,361,71.67,2020-08-18,1
1995,66.0,Other,South,Primary,Unemployed,750669.65,10000.0,Business,700.5,11,24,60.09,2023-11-26,0
1996,54.0,Male,East,Graduate,Salaried,755347.33,993778.44,Education,,8,500,13.81,2023-11-28,1
1997,55.0,Other,West,Post-Graduate,Self-Employed,997464.13,169497.93,Home,640.1,3,30,88.49,2020-06-22,0
1998,36.0,Male,South,Post-Graduate,Unemployed,318317.91,157263.19,Home,733.5,10,17,53.51,2018-12-04,0
1999,43.0,Female,South,Primary,Salaried,1062276.44,10000.0,Home,707.6,4,398,48.93,2018-01-16,0
2000,43.0,Male,West,Graduate,,75354.41,753817.59,Home,645.6,11,130,10.71,2024-11-15,1
2001,56.0,Other,North,Primary,Self-Employed,566441.76,334621.51,Business,632.5,7,213,72.34,2021-12-29,0
2002,48.0,Other,South,Post-Graduate,Salaried,344438.1,599698.48,Business,618.0,7,208,83.93,2019-05-29,1
2003,55.0,Male,South,Secondary,Self-Employed,262329.26,339964.94,Business,766.9,12,405,64.39,2023-02-27,0
2004,48.0,Other,West,Primary,Self-Employed,929262.52,546189.41,Education,606.4,9,363,68.46,2023-01-08,1
2005,31.0,Female,North,Secondary,Self-Employed,956930.4,,Education,747.7,9,5,49.42,2024-07-06,1
2006,,Male,South,Graduate,Unemployed,466041.08,139814.05,Other,696.4,9,433,52.16,2021-04-28,0
2007,22.0,Other,South,Primary,Salaried,421138.47,918249.63,Other,,12,230,19.3,2022-05-07,1
2008,43.0,Female,West,Primary,Salaried,,334627.18,Education,704.9,8,230,16.82,2019-04-13,0
2009,70.0,Female,East,Post-Graduate,Salaried,1159807.27,507642.07,Car,666.5,2,272,90.57,2024-04-17,0
2010,62.0,Female,North,Primary,Unemployed,6987069.74,,Other,715.9,1,57,72.14,2019-09-07,0
2011,46.0,Male,South,Secondary,Salaried,741698.14,341756.88,Car,513.8,6,343,64.67,2021-11-12,1
2012,47.0,Female,South,Primary,Salaried,355986.22,552608.49,Education,590.4,0,201,24.29,2018-06-21,1
2013,32.0,Female,North,Graduate,Self-Employed,1059663.07,195480.02,Home,672.4,7,191,30.33,2025-02-14,0
2014,62.0,Female,East,Primary,Unemployed,1241415.63,195099.98,Business,839.1,9,193,86.61,2025-08-10,0
2015,55.0,Female,West,Post-Graduate,Unemployed,1134330.89,148054.69,Other,624.8,3,135,38.08,2018-09-26,0
2016,63.0,Other,South,Graduate,Unemployed,,90815.04,Car,793.2,3,346,73.54,2021-01-01,0
2017,63.0,Female,East,Graduate,Salaried,960230.27,313790.63,Car,642.7,6,431,52.03,2022-11-14,0
2018,22.0,Other,East,Secondary,Salaried,776480.41,506445.87,Business,606.6,8,246,10.39,2023-09-12,1
2019,70.0,,North,Graduate,Salaried,828507.26,97680.79,Education,644.8,11,225,94.73,2021-10-13,0
2020,41.0,Female,South,Primary,Salaried,495800.83,143200.47,Business,765.6,9,94,55.22,2022-07-01,0
2021,33.0,Other,East,Graduate,Unemployed,572839.92,948675.06,Education,684.8,11,244,47.98,2023-07-01,0
2022,63.0,Female,North,Graduate,,312320.95,,Car,632.1,0,37,45.85,2021-10-04,1
2023,65.0,Male,North,Secondary,Self-Employed,690349.83,376654.56,Other,724.3,8,53,36.49,2021-11-07,0
2024,37.0,Male,North,Primary,Salaried,727824.08,252832.32,Car,582.0,3,389,51.78,2021-09-16,0
2025,36.0,Male,West,Post-Graduate,Salaried,482805.71,127008.7,Education,728.2,2,458,49.16,2020-12-18,0
2026,28.0,Female,East,Graduate,Self-Employed,477172.54,110586.02,Home,667.9,8,103,57.09,2025-08-04,0
2027,37.0,Male,West,Graduate,Self-Employed,484600.52,204169.15,Education,558.1,1,304,29.73,2019-01-20,0
2028,41.0,,North,Post-Graduate,Self-Employed,302034.7,451653.13,Car,755.6,0,477,75.01,2019-07-10,1
2029,,Other,South,Post-Graduate,Self-Employed,423317.0,487519.32,Home,699.0,5,430,50.43,2022-09-30,0
2030,32.0,Female,West,Secondary,Salaried,,589794.04,Other,,1,266,92.94,2025-05-06,0
2031,60.0,Other,East,Primary,Self-Employed,987481.24,292571.91,Business,620.8,0,409,81.75,2024-12-08,0
2032,24.0,Male,West,Post-Graduate,Salaried,506958.93,619066.99,Home,692.7,9,425,60.16,2019-08-09,0
2033,32.0,Other,East,Primary,Unemployed,899588.01,348567.05,Education,720.4,8,276,91.37,2021-06-17,0
2034,62.0,Male,South,Secondary,Salaried,374041.34,609222.27,Car,755.8,3,210,35.31,2018-07-09,0
2035,37.0,Female,North,Graduate,Unemployed,891336.49,575262.39,Education,647.7,9,37,19.37,2021-09-18,0
2036,,Female,South,Primary,Salaried,832509.13,11657.07,Car,665.3,10,158,31.14,2024-11-24,0
2037,63.0,Other,West,Secondary,Self-Employed,1042634.37,366337.07,Education,641.5,6,80,68.08,2019-04-15,0
2038,25.0,Male,West,Secondary,Unemployed,494086.67,433640.04,Car,720.5,1,436,46.33,2024-11-21,1
2039,31.0,Female,North,Primary,Self-Employed,1009534.64,582379.44,Car,779.5,7,116,67.75,2022-11-18,0
2040,57.0,Other,North,Graduate,Salaried,389668.03,389451.56,Home,680.9,10,154,39.43,2024-09-02,0
2041,37.0,Male,West,Primary,Salaried,685301.37,480055.46,Education,696.3,10,198,73.1,2023-11-03,0
2042,61.0,Other,North,Graduate,Salaried,842763.29,715810.95,Other,712.0,8,209,48.47,2022-06-13,1
2043,70.0,Male,West,Primary,Salaried,660374.05,233570.56,Home,641.0,4,325,15.85,2019-08-22,0
2044,,Male,East,Post-Graduate,,279497.03,261649.89,Home,614.5,1,29,84.06,2021-07-08,1
2045,55.0,Other,South,Primary,Unemployed,636787.36,531825.32,Business,594.1,5,412,30.06,2018-05-10,1
2046,54.0,Other,North,Post-Graduate,Salaried,616688.02,447784.89,Business,609.2,6,435,10.77,2024-01-11,1
2047,59.0,Female,South,Primary,Self-Employed,1197304.87,432957.19,Home,652.0,7,99,13.92,2018-04-05,0
2048,70.0,Female,North,Graduate,Salaried,1024761.04,367141.35,Car,681.5,1,227,30.52,2024-04-15,0
2049,34.0,Female,East,Post-Graduate,Unemployed,344103.36,478581.46,Business,773.9,12,46,62.89,2025-03-17,1
2050,30.0,Female,North,Secondary,Self-Employed,1033638.96,261543.78,Business,737.7,1,312,25.82,2022-10-19,0
2051,67.0,Female,West,Primary,Salaried,640191.32,286093.34,Business,607.5,2,438,46.18,2024-07-22,0
2052,69.0,Female,North,Secondary,,697996.84,639068.73,Other,645.2,3,486,12.15,2022-01-28,1
2053,51.0,Other,West,Primary,Self-Employed,691016.89,10000.0,Education,673.7,10,479,70.98,2021-03-28,0
2054,46.0,Female,West,Primary,Unemployed,491684.92,517926.35,Education,745.7,11,116,10.07,2025-08-17,1
2055,32.0,Female,East,Post-Graduate,Salaried,602215.65,317265.05,Education,645.9,6,277,72.66,2020-04-28,0
2056,45.0,Male,West,Secondary,Salaried,689538.84,86731.4,Home,658.3,9,266,86.7,2018-03-31,0
2057,38.0,Male,South,Primary,Unemployed,365257.71,325974.02,Car,635.0,3,358,81.65,2021-11-12,1
2058,51.0,Male,West,Secondary,Unemployed,464914.96,,Home,743.3,4,37,13.71,2020-12-18,0
2059,26.0,Female,West,Primary,,523379.41,359022.38,Education,673.1,3,15,17.44,2019-04-13,0
2060,64.0,Female,East,Post-Graduate,Unemployed,851545.03,64695.1,Other,599.5,11,271,65.77,2024-06-19,1
2061,24.0,Female,North,Primary,Salaried,422450.81,927882.11,Business,646.2,8,442,44.78,2021-10-07,0
2062,25.0,Male,West,Secondary,Salaried,708808.06,143200.22,Car,601.6,11,165,44.54,2020-09-23,1
2063,59.0,Female,South,Post-Graduate,Unemployed,50000.0,551095.19,Other,,12,217,18.79,2024-09-10,1
2064,25.0,Other,North,Post-Graduate,Unemployed,759580.43,491537.51,Car,639.1,11,368,60.15,2024-07-06,0
2065,65.0,Other,South,Primary,Self-Employed,1187124.53,524494.96,Car,707.9,7,183,26.02,2025-08-30,0
2066,65.0,Other,North,Primary,Self-Employed,709765.28,795730.31,Other,619.9,3,44,49.97,2023-11-29,1
2067,24.0,Male,North,Secondary,Self-Employed,720631.41,773174.15,Education,679.9,12,175,52.8,2021-10-31,1
2068,67.0,Male,West,Graduate,Salaried,410836.17,305397.64,Other,651.0,5,402,91.69,2021-11-01,0
2069,65.0,Male,North,Secondary,,682984.58,179775.66,Car,,4,431,51.95,2022-09-21,0
2070,46.0,Female,North,Secondary,Unemployed,900301.77,625704.47,Other,740.5,3,297,60.85,2022-01-06,0
2071,37.0,Other,West,Graduate,Unemployed,644562.56,,Home,,0,463,75.6,2023-04-11,0
2072,62.0,Other,North,Secondary,Unemployed,297578.63,328603.39,Home,623.6,12,301,55.76,2019-07-10,1
2073,50.0,Male,South,Post-Graduate,Salaried,183552.47,444900.96,Business,611.0,1,219,44.04,2018-09-21,1
2074,49.0,Male,East,Secondary,Unemployed,288115.06,355047.96,Car,646.7,10,120,70.06,2018-02-15,0
2075,62.0,Male,South,Secondary,Self-Employed,979632.32,828557.03,Education,647.7,12,434,71.36,2018-09-09,1
2076,40.0,Other,East,Secondary,Unemployed,,660169.36,Home,728.9,10,409,36.35,2021-01-04,1
2077,31.0,Male,West,Primary,Self-Employed,621392.79,224555.31,Business,606.9,4,229,44.96,2019-01-08,0
2078,38.0,Other,North,Secondary,Self-Employed,6255170.9,466583.64,Home,625.8,4,258,39.88,2024-12-18,0
2079,41.0,Male,North,Primary,Unemployed,540326.89,729725.24,Car,666.0,10,324,14.74,2020-01-04,1
2080,41.0,Other,South,Secondary,Self-Employed,818411.6,282400.69,Business,,9,308,94.16,2018-05-25,0
2081,66.0,Male,East,Primary,Salaried,407995.98,623934.54,Other,641.7,2,296,39.49,2020-08-07,1
2082,69.0,Male,East,Secondary,Self-Employed,785644.6,189085.8,Home,560.8,12,123,76.59,2021-06-05,1
2083,45.0,Male,East,Secondary,Self-Employed,532998.37,471306.79,Education,674.2,12,158,67.34,2024-01-16,1
2084,27.0,Female,East,Graduate,Salaried,,380899.61,Education,611.6,9,135,72.19,2023-09-11,1
2085,36.0,Female,North,Graduate,Salaried,673600.7,245713.19,Other,763.7,5,15,48.23,2020-04-16,0
2086,61.0,,North,Secondary,Unemployed,570131.27,55183.55,Business,665.9,5,316,33.12,2023-05-19,0
2087,59.0,Female,North,Secondary,Salaried,920172.34,213323.94,Home,666.1,7,212,37.89,2020-11-25,0
2088,69.0,Female,East,Post-Graduate,Unemployed,821042.57,230223.66,Business,650.4,8,265,90.71,2020-05-19,0
2089,54.0,Other,North,Post-Graduate,Unemployed,1009328.74,338749.94,Home,638.6,0,214,69.57,2023-02-18,0
2090,26.0,Other,East,Post-Graduate,Salaried,550754.84,10000.0,Education,574.4,1,18,91.89,2020-05-30,0
2091,46.0,Other,North,Post-Graduate,Self-Employed,419450.97,428886.5,Education,633.3,1,282,71.88,2022-09-27,0
2092,37.0,Other,West,Graduate,Salaried,1087716.88,373551.28,Education,636.4,4,360,27.64,2022-02-16,0
2093,41.0,Female,East,Primary,Salaried,703267.64,354284.16,Education,563.9,9,409,90.61,2023-06-08,1
2094,32.0,Female,North,Graduate,Salaried,,141093.51,Car,,11,279,59.97,2021-09-18,0
2095,42.0,Female,North,Post-Graduate,Salaried,,570653.78,Other,542.5,7,224,73.29,2022-03-22,1
2096,62.0,Male,East,Graduate,Salaried,552930.61,414370.94,Home,796.3,8,449,14.4,2022-04-28,0
2097,67.0,Other,South,Primary,Self-Employed,733666.03,355729.96,Other,686.7,9,198,61.09,2018-12-11,0
2098,44.0,Male,South,Post-Graduate,Self-Employed,378571.77,665366.01,Business,599.1,7,184,54.56,2023-04-29,1
2099,30.0,Other,West,Secondary,Salaried,886925.83,452356.27,Home,677.5,3,326,60.59,2022-07-09,0
2100,55.0,Female,North,Post-Graduate,Salaried,1152755.08,560774.11,Home,669.3,5,230,67.77,2018-12-30,0
2101,49.0,Female,East,Primary,Unemployed,508778.16,875613.31,Other,,6,460,21.55,2020-09-30,0
2102,56.0,Other,East,Graduate,Unemployed,578693.33,38654.62,Car,601.1,4,406,52.14,2022-03-14,0
2103,39.0,Male,West,Post-Graduate,Self-Employed,952205.33,65631.63,Business,652.3,11,240,76.91,2018-04-23,0
2104,56.0,Male,East,Post-Graduate,Self-Employed,854645.62,900779.27,Car,702.2,0,495,83.66,2022-09-22,1
2105,40.0,Other,North,Graduate,Unemployed,922740.24,514980.06,Home,711.9,0,323,60.01,2018-05-13,0
2106,47.0,Female,South,Graduate,,1201432.53,214927.67,Business,745.0,3,386,34.69,2020-12-14,0
2107,44.0,Other,North,Primary,Self-Employed,718689.11,,Business,704.4,6,225,93.63,2025-01-29,1
2108,22.0,Other,East,Post-Graduate,Salaried,581119.12,308590.08,Home,667.8,0,381,30.87,2021-06-14,0
2109,59.0,Female,South,Post-Graduate,Self-Employed,549598.98,86696.82,Business,668.0,1,49,56.55,2025-08-28,0
2110,48.0,Other,West,Post-Graduate,Unemployed,134214.49,364964.51,Home,601.7,6,477,17.91,2025-03-18,1
2111,38.0,Male,East,Secondary,Self-Employed,610282.09,10000.0,Business,614.2,6,285,85.26,2024-11-20,1
2112,,Other,South,Primary,Unemployed,177938.51,360590.05,Car,673.4,10,321,15.76,2019-11-04,0
2113,,Female,South,Secondary,,600636.79,119134.77,Education,717.5,7,353,30.57,2024-01-01,0
2114,24.0,Male,South,Primary,Self-Employed,493951.55,,Business,709.4,6,197,12.74,2023-06-08,1
2115,67.0,Female,East,Primary,Salaried,683954.11,172663.45,Car,661.9,2,6,25.98,2024-10-16,0
2116,67.0,Other,West,Post-Graduate,Self-Employed,942534.93,40280.46,Business,677.1,5,47,55.67,2025-08-25,0
2117,51.0,Male,East,Post-Graduate,Self-Employed,,559696.96,Other,704.3,10,101,10.74,2021-12-26,1
2118,26.0,Female,East,Graduate,Unemployed,641525.39,957939.03,Other,630.2,12,280,41.0,2019-11-19,1
2119,24.0,Female,North,Post-Graduate,Self-Employed,831819.3,116564.32,Education,596.9,2,288,93.23,2021-09-14,0
2120,69.0,Other,North,Primary,Unemployed,50000.0,436857.36,Home,726.4,1,305,28.73,2023-12-22,0
2121,33.0,Female,South,Primary,Unemployed,806647.82,377488.92,Other,639.3,11,315,93.47,2019-12-10,0
2122,44.0,Other,North,Secondary,Salaried,,,Other,,12,438,14.42,2024-08-03,0
2123,41.0,Female,East,Graduate,Salaried,1066433.56,847736.09,Home,738.5,6,50,26.71,2018-12-10,0
2124,25.0,Other,North,Primary,Salaried,684456.94,484499.01,Other,685.9,4,156,10.87,2022-12-12,0
2125,68.0,Female,East,Graduate,Salaried,354401.63,589783.63,Other,687.0,6,384,81.35,2022-11-06,1
2126,68.0,Female,East,Secondary,Salaried,438334.48,307018.62,Business,661.7,6,485,62.18,2024-09-15,0
2127,40.0,Other,West,Primary,Salaried,419198.99,10000.0,Home,685.0,1,474,69.06,2022-04-16,0
2128,,Male,North,Post-Graduate,,639054.3,636326.96,Car,588.7,10,72,23.6,2020-10-21,1
2129,47.0,Other,West,Post-Graduate,Salaried,1007079.88,10000.0,Home,790.4,5,480,64.23,2019-11-30,0
2130,54.0,Female,South,Secondary,Unemployed,974759.27,357114.78,Education,770.5,11,49,73.39,2018-02-15,0
2131,52.0,Other,West,Graduate,Unemployed,809932.35,496950.56,Education,724.7,2,20,13.96,2025-03-28,0
2132,60.0,Male,East,Graduate,Salaried,761130.94,711915.0,Home,,8,242,89.84,2019-08-16,1
2133,,Female,North,Post-Graduate,Salaried,540734.66,131684.33,Education,611.5,2,472,63.7,2023-10-15,0
2134,56.0,Female,East,Post-Graduate,Self-Employed,333364.51,521099.15,Other,552.3,4,11,45.57,2022-01-08,0
2135,,Female,East,Secondary,Salaried,1081474.93,485161.47,Home,751.6,11,304,52.93,2022-11-20,0
2136,45.0,Other,West,Post-Graduate,Self-Employed,877483.49,543751.31,Business,,2,117,53.76,2023-07-09,0
2137,65.0,Male,South,Primary,Salaried,1517403.25,324954.71,Home,683.7,10,495,14.46,2025-04-04,0
2138,67.0,Other,West,Primary,Unemployed,903156.16,368230.34,Other,676.7,4,251,80.61,2021-02-08,0
2139,21.0,Other,South,Secondary,Unemployed,712231.56,444701.46,Other,687.1,8,305,77.8,2021-08-14,0
2140,39.0,Female,South,Graduate,Self-Employed,215285.98,45517.78,Car,617.8,4,240,78.75,2018-07-15,0
2141,56.0,Male,West,Post-Graduate,Salaried,718866.11,635006.33,Other,672.7,10,33,79.71,2021-09-19,0
2142,37.0,,West,Secondary,Unemployed,361248.93,,Car,608.9,10,275,73.6,2022-08-23,1
2143,,Male,North,Secondary,Salaried,807987.76,10000.0,Car,737.4,8,468,24.0,2024-01-07,0
2144,44.0,Other,West,Post-Graduate,Self-Employed,1274562.58,124650.33,Business,712.3,5,223,55.49,2021-05-05,0
2145,,Other,West,Graduate,Salaried,1427184.79,470650.62,Home,695.7,4,380,33.86,2021-08-26,0
2146,,Male,West,Graduate,Unemployed,500201.38,579641.49,Business,837.0,5,464,39.29,2021-09-12,1
2147,38.0,Female,West,Graduate,Salaried,1090014.32,597725.47,Home,658.1,10,459,93.53,2019-10-03,0
2148,,Male,East,Post-Graduate,Self-Employed,1054684.65,199308.98,Home,708.9,4,318,44.53,2021-07-27,0
2149,60.0,Other,South,Primary,Salaried,397583.42,575226.46,Business,688.1,12,30,58.09,2020-04-26,1
2150,33.0,Female,South,Secondary,Unemployed,685039.34,,Education,738.7,9,248,65.44,2019-09-28,1
2151,69.0,Female,West,Primary,Salaried,220698.91,293558.48,Other,657.9,6,215,57.03,2024-05-14,1
2152,23.0,Female,South,Graduate,Unemployed,544979.72,444776.46,Business,635.4,4,288,10.43,2021-09-28,0
2153,46.0,Female,North,Post-Graduate,Self-Employed,1044904.19,376042.67,Education,654.2,0,181,30.83,2019-09-24,0
2154,68.0,Other,South,Post-Graduate,Unemployed,,81820.59,Education,742.3,7,74,14.09,2021-09-24,0
2155,60.0,Other,South,Graduate,Unemployed,572126.49,347058.92,Home,648.2,5,214,47.78,2025-01-10,0
2156,31.0,Other,South,Secondary,Salaried,160480.05,843604.65,Business,562.6,5,374,85.32,2025-04-12,1
2157,50.0,Female,East,Graduate,Unemployed,558558.72,585255.8,Business,739.4,6,138,28.49,2024-10-23,1
2158,21.0,Other,North,Primary,Self-Employed,547795.16,35119.35,Business,596.0,7,430,39.19,2025-06-22,1
2159,44.0,Male,West,Graduate,Unemployed,581319.04,504888.23,Other,674.6,4,314,76.36,2021-10-20,1
2160,32.0,,East,Post-Graduate,Self-Employed,832783.96,312874.59,Business,633.6,12,334,38.59,2024-05-25,0
2161,43.0,Male,East,Secondary,Self-Employed,509080.85,550849.15,Other,614.1,4,376,62.08,2025-04-10,0
2162,51.0,Other,East,Primary,Self-Employed,733127.69,797527.94,Business,762.9,12,293,24.85,2019-07-31,0
2163,65.0,,East,Post-Graduate,Self-Employed,733974.23,899627.8,Car,630.2,1,31,66.44,2019-03-26,1
2164,70.0,Other,West,Secondary,Salaried,958158.27,579834.2,Education,667.4,1,424,86.03,2020-12-10,0
2165,44.0,Female,East,Graduate,,353520.43,458284.7,Car,730.9,10,499,72.15,2023-06-22,1
2166,60.0,Other,North,Graduate,Self-Employed,866860.19,687589.76,Other,793.3,8,192,92.17,2021-12-02,0
2167,40.0,Female,North,Secondary,Self-Employed,841514.81,194343.88,Car,639.6,2,408,86.32,2023-12-15,0
2168,36.0,Male,West,Primary,Self-Employed,449692.89,361539.61,Business,557.3,10,159,47.74,2021-05-16,1
2169,58.0,Female,North,Graduate,,1025288.91,395045.33,Education,674.5,10,307,51.58,2020-10-02,0
2170,57.0,Male,North,Post-Graduate,Salaried,1533937.65,781434.32,Car,708.7,7,485,34.09,2022-07-07,0
2171,59.0,Female,North,Post-Graduate,Self-Employed,762500.36,297214.99,Other,619.2,10,438,13.34,2019-03-06,1
2172,62.0,Female,East,Primary,Self-Employed,1068698.01,705980.51,Car,698.3,11,310,25.14,2023-12-07,0
2173,28.0,Female,South,Graduate,,698672.28,161677.54,Business,687.6,12,477,59.76,2022-12-29,0
2174,52.0,Male,West,Primary,Self-Employed,1077556.26,147258.67,Car,757.3,5,365,54.81,2022-07-28,0
2175,29.0,Other,North,Primary,,496320.78,363202.49,Car,729.6,5,424,19.05,2020-03-05,0
2176,24.0,Female,South,Graduate,,655346.32,582360.5,Other,647.9,7,330,36.33,2024-11-21,1
2177,47.0,Male,West,Secondary,Self-Employed,181218.18,566067.44,Business,651.0,0,105,69.81,2025-06-27,1
2178,44.0,Other,West,Secondary,Unemployed,,666029.34,Business,787.2,8,94,92.82,2021-11-04,1
2179,58.0,Male,North,Secondary,Unemployed,1143580.94,269471.95,Car,732.4,12,272,43.18,2024-07-17,0
2180,33.0,Female,North,Primary,Unemployed,976867.92,498286.78,Business,727.4,10,90,37.39,2019-10-14,0
2181,62.0,Female,East,Post-Graduate,Self-Employed,179748.19,269439.74,Car,631.5,4,206,93.02,2021-07-28,1
2182,32.0,Other,East,Primary,Salaried,,485123.43,Business,628.5,1,61,54.27,2023-12-21,0
2183,49.0,Other,West,Graduate,Salaried,998674.78,1001745.14,Other,709.3,10,334,55.89,2024-08-26,1
2184,70.0,Male,East,Secondary,Salaried,860557.16,782575.46,Car,553.7,4,200,67.01,2019-11-11,1
2185,41.0,Male,West,Post-Graduate,Self-Employed,688805.61,487194.41,Business,697.0,3,471,43.08,2020-03-12,0
2186,51.0,Other,South,Post-Graduate,Self-Employed,867332.55,10000.0,Car,584.4,10,345,51.07,2019-03-21,1
2187,68.0,Female,South,Primary,Self-Employed,682841.7,389094.75,Other,547.1,10,218,25.77,2019-01-20,1
2188,54.0,Male,North,Secondary,Unemployed,761843.89,337245.2,Car,693.7,4,57,52.59,2024-06-10,0
2189,45.0,Female,North,Graduate,Unemployed,945676.16,98547.67,Car,676.9,4,60,60.05,2018-12-08,0
2190,59.0,Other,West,Primary,Salaried,1017510.53,10000.0,Education,780.6,12,413,58.38,2024-05-01,0
2191,29.0,Male,South,Post-Graduate,Unemployed,471986.91,715413.84,Car,754.4,0,68,56.95,2022-03-11,1
2192,58.0,Male,West,Secondary,Self-Employed,620998.35,667208.09,Car,658.0,2,65,91.66,2020-10-07,1
2193,46.0,Female,East,Primary,Salaried,746960.37,268060.5,Other,534.8,0,286,70.17,2023-02-09,0
2194,35.0,Other,North,Primary,Self-Employed,400601.95,713593.22,Education,676.5,12,262,80.34,2020-02-26,1
2195,,Male,North,Graduate,Salaried,736308.26,849923.51,Home,616.9,4,198,58.78,2021-11-14,1
2196,30.0,Other,West,Primary,Salaried,734125.4,403651.39,Education,709.8,5,193,53.62,2025-02-13,0
2197,69.0,Female,West,Primary,Unemployed,,190730.82,Education,542.1,11,18,26.34,2021-11-15,1
2198,25.0,Male,East,Secondary,Salaried,726223.14,727034.2,Business,621.9,0,173,17.92,2022-05-26,1
2199,45.0,Male,West,Graduate,Salaried,561459.07,355447.54,Education,686.2,7,448,66.71,2018-09-06,0
2200,41.0,Other,South,Primary,Unemployed,,179709.09,Business,587.9,9,414,70.86,2025-08-02,1
2201,69.0,Female,East,Primary,Salaried,718492.25,579029.78,Education,616.0,11,376,48.35,2023-08-10,1
2202,55.0,Other,South,Primary,Unemployed,548852.12,327335.03,Home,675.7,4,363,84.23,2022-12-03,0
2203,43.0,Other,East,Post-Graduate,Self-Employed,251699.25,721037.87,Home,691.9,9,404,82.14,2022-01-14,0
2204,27.0,Female,East,Graduate,Self-Employed,783053.99,10000.0,Education,702.0,7,205,36.07,2023-01-16,0
2205,50.0,Other,North,Secondary,Unemployed,927887.52,660893.92,Home,733.2,3,156,53.09,2021-01-04,0
2206,59.0,Female,South,Post-Graduate,Salaried,1093534.29,635520.33,Car,661.6,5,384,45.43,2022-11-13,0
2207,54.0,Female,East,Post-Graduate,Salaried,907735.43,589569.76,Car,796.9,7,457,47.46,2023-02-12,0
2208,57.0,Other,West,Primary,Unemployed,,463690.13,Home,645.2,3,259,49.82,2020-01-23,0
2209,24.0,Female,South,Graduate,Salaried,1177816.6,260456.92,Car,743.6,6,93,25.93,2018-05-14,0
2210,35.0,Male,East,Graduate,Self-Employed,966473.54,573671.0,Home,661.3,12,78,28.33,2024-08-11,0
2211,46.0,Female,East,Secondary,Salaried,947927.01,10000.0,Education,745.1,4,367,29.26,2018-01-10,0
2212,49.0,,South,Post-Graduate,Unemployed,,62442.46,Home,756.4,9,161,17.68,2023-09-03,0
2213,,,North,Primary,Unemployed,831842.14,10000.0,Other,551.1,5,152,55.2,2021-10-27,1
2214,21.0,Male,West,Post-Graduate,Self-Employed,590830.68,10000.0,Car,817.0,2,276,78.18,2021-08-20,0
2215,44.0,Female,North,Secondary,Salaried,663188.56,453374.09,Car,752.3,8,331,91.65,2024-02-08,0
2216,67.0,Other,East,Post-Graduate,Self-Employed,642734.01,487394.63,Car,706.1,1,474,50.85,2019-01-17,0
2217,58.0,Female,South,Primary,Self-Employed,770987.36,36644.07,Car,596.0,7,86,88.17,2023-10-29,1
2218,40.0,Female,East,Graduate,Salaried,764077.81,445131.93,Business,638.6,1,247,87.84,2024-06-23,0
2219,21.0,Female,East,Graduate,Unemployed,749443.04,820497.15,Home,601.1,0,170,16.68,2018-06-19,1
2220,30.0,Other,West,Graduate,Self-Employed,686052.81,488666.54,Education,712.9,11,340,73.93,2018-12-03,0
2221,38.0,Female,West,Secondary,Self-Employed,919897.43,481803.31,Education,771.0,1,33,83.82,2021-01-07,0
2222,,,East,Secondary,Salaried,1156405.43,443792.53,Car,615.5,6,353,67.85,2023-01-07,1
2223,67.0,Female,West,Secondary,Salaried,424163.23,570914.56,Other,617.9,12,101,27.14,2024-06-04,1
2224,34.0,Female,West,Secondary,Salaried,1110032.63,390368.8,Car,670.2,0,412,17.47,2020-11-29,0
2225,46.0,Other,North,Post-Graduate,Self-Employed,464077.6,418052.86,Other,620.2,9,329,49.13,2019-01-27,1
2226,51.0,Other,South,Graduate,Salaried,1091505.93,529474.95,Car,686.4,1,297,21.11,2019-05-04,0
2227,35.0,Other,East,Secondary,Unemployed,,10000.0,Home,735.4,10,440,26.8,2023-05-07,0
2228,42.0,Other,West,Primary,Self-Employed,705592.24,905722.13,Other,621.8,5,420,20.62,2022-10-25,0
2229,31.0,Male,East,Post-Graduate,,1340607.7,310612.21,Other,717.6,11,444,19.41,2021-06-22,0
2230,47.0,Other,West,Post-Graduate,Salaried,408876.0,631636.25,Business,749.3,8,478,56.36,2018-10-15,1
2231,66.0,Female,West,Post-Graduate,Salaried,784078.02,122807.54,Other,677.7,4,106,63.52,2021-11-04,0
2232,45.0,Other,North,Secondary,Unemployed,895239.39,816335.96,Other,776.8,12,369,82.37,2020-07-01,0
2233,24.0,Male,North,Primary,Unemployed,717402.46,221460.56,Education,619.7,2,155,50.03,2022-09-12,0
2234,21.0,Male,West,Post-Graduate,Unemployed,357105.54,195825.46,Car,711.9,3,249,45.29,2021-03-25,0
2235,29.0,Female,North,Primary,Unemployed,431825.17,650402.5,Education,702.3,3,32,60.61,2018-12-13,0
2236,,Female,East,Primary,Self-Employed,1214769.42,,Business,749.6,12,240,25.67,2020-01-17,0
2237,42.0,Female,East,Post-Graduate,Self-Employed,300000.0,714407.01,Car,705.8,4,69,88.06,2020-07-01,1
2238,31.0,Female,West,Post-Graduate,Self-Employed,708007.04,91978.15,Home,579.2,12,336,74.77,2024-11-30,1
2239,43.0,Male,North,Secondary,Salaried,702037.18,736184.93,Other,740.3,2,384,35.6,2020-08-25,1
2240,57.0,Female,North,Graduate,Self-Employed,6864325.42,1047675.64,Car,724.1,0,226,35.55,2023-01-31,0
2241,49.0,Male,West,Post-Graduate,Unemployed,472794.93,396147.24,Car,655.4,0,370,88.29,2019-12-23,1
2242,67.0,Male,South,Graduate,Salaried,907418.23,646839.83,Other,708.0,5,420,83.36,2024-05-27,0
2243,46.0,Male,West,Secondary,Self-Employed,493889.65,294772.78,Business,673.0,2,410,94.26,2021-11-21,0
2244,,Female,South,Secondary,Salaried,253140.59,489076.96,Car,600.1,3,131,11.67,2023-05-26,1
2245,35.0,Female,South,Post-Graduate,Salaried,577108.68,453729.19,Home,658.7,4,16,63.85,2024-01-16,0
2246,36.0,Male,West,Primary,Self-Employed,1028458.22,934324.95,Education,723.3,6,29,20.67,2019-06-25,1
2247,,Other,East,Graduate,Self-Employed,,337136.42,Education,733.1,11,31,33.24,2019-09-16,0
2248,25.0,Male,North,Post-Graduate,,,225085.93,Home,633.6,5,443,17.45,2021-08-06,0
2249,58.0,Other,East,Graduate,Salaried,891024.2,502620.06,Other,743.5,0,183,70.82,2020-07-03,0
2250,66.0,Female,West,Secondary,Salaried,654611.91,695514.19,Other,748.5,12,165,40.43,2019-05-12,0
2251,61.0,Other,East,Post-Graduate,Salaried,202914.13,10000.0,Education,801.8,1,386,44.89,2018-11-01,0
2252,29.0,Male,East,Post-Graduate,Unemployed,4544719.83,450331.77,Education,603.8,1,165,13.53,2019-09-23,0
2253,63.0,Other,North,Primary,,467098.1,125201.44,Home,720.2,3,359,91.97,2018-04-09,0
2254,26.0,Other,South,Post-Graduate,Unemployed,790925.27,424935.83,Other,607.5,1,439,14.25,2020-06-05,0
2255,53.0,,West,Post-Graduate,Unemployed,351082.66,290613.1,Other,643.4,6,341,19.74,2020-09-22,1
2256,67.0,Other,North,Post-Graduate,Self-Employed,1494355.66,25611.08,Business,661.7,6,481,60.65,2021-12-06,0
2257,69.0,Male,North,Graduate,Self-Employed,,252721.48,Car,688.3,7,491,23.27,2023-06-23,1
2258,61.0,Other,South,Primary,Self-Employed,770842.36,463654.4,Other,750.9,0,243,53.84,2018-04-28,0
2259,49.0,Other,South,Post-Graduate,Self-Employed,1047484.17,,Home,617.3,1,333,31.7,2021-03-09,0
2260,37.0,Male,East,Post-Graduate,Salaried,417996.26,394347.17,Home,698.7,6,199,54.78,2022-09-08,1
2261,48.0,Male,North,Post-Graduate,Salaried,593342.75,650216.1,Other,627.9,6,111,94.74,2020-10-16,0
2262,,Male,West,Post-Graduate,Self-Employed,3125593.61,627060.7,Car,693.1,5,224,38.16,2020-05-26,0
2263,,Female,East,Post-Graduate,Unemployed,639217.89,297412.65,Car,648.6,12,87,81.37,2019-03-18,0
2264,21.0,Male,North,Graduate,,649480.59,629148.05,Other,761.2,2,493,41.87,2021-04-03,1
2265,23.0,Male,West,Secondary,Self-Employed,205010.13,381116.66,Business,535.6,3,295,81.96,2022-07-03,1
2266,27.0,Male,North,Primary,Unemployed,438757.36,845837.85,Home,690.4,12,149,31.14,2020-06-19,0
2267,39.0,Male,West,Post-Graduate,,729205.32,544269.99,Education,850.0,7,359,92.76,2021-02-12,0
2268,,Female,South,Secondary,Self-Employed,,599569.09,Car,759.6,11,104,40.53,2023-11-08,1
2269,49.0,Male,East,Post-Graduate,Unemployed,774198.72,52034.13,Business,706.7,2,119,86.21,2021-03-21,0
2270,49.0,Other,North,Graduate,Salaried,896459.32,514655.45,Other,675.0,5,45,66.04,2023-10-26,0
2271,61.0,Male,South,Secondary,Self-Employed,,829898.79,Other,,6,225,13.69,2024-01-31,0
2272,56.0,Female,North,Graduate,Salaried,708554.41,343578.99,Business,778.1,0,303,57.33,2020-03-04,0
2273,46.0,Female,South,Graduate,Unemployed,268879.57,97044.37,Other,715.1,4,84,11.26,2019-10-18,0
2274,46.0,Male,North,Primary,Unemployed,507588.98,854817.2,Car,740.4,3,241,16.53,2022-02-12,1
2275,,Female,North,Post-Graduate,Salaried,517249.11,,Home,788.1,9,395,31.13,2024-06-08,0
2276,37.0,Other,South,Graduate,Self-Employed,,422346.35,Other,649.8,8,295,80.83,2019-05-24,0
2277,30.0,Female,North,Graduate,Salaried,,140354.12,Car,565.2,4,37,92.35,2020-06-21,0
2278,69.0,Female,North,Secondary,Salaried,532530.55,877211.96,Education,781.8,8,329,18.8,2018-02-09,0
2279,61.0,Other,East,Primary,Self-Employed,1155779.92,738450.68,Business,651.9,8,189,45.2,2024-06-03,0
2280,27.0,Female,East,Post-Graduate,Self-Employed,1005420.51,514041.79,Education,609.3,3,40,11.85,2019-03-05,0
2281,51.0,Male,South,Secondary,,1060467.16,700930.62,Education,638.2,4,409,14.65,2021-01-01,0
2282,37.0,Male,North,Secondary,Self-Employed,411978.33,10000.0,Other,603.5,8,235,10.32,2020-07-29,1
2283,,Female,East,Secondary,Salaried,1167856.68,643872.09,Other,678.0,6,13,29.05,2022-10-14,0
2284,23.0,Other,West,Graduate,Self-Employed,726484.34,624221.64,Business,648.2,1,355,81.1,2018-11-29,1
2285,27.0,Female,West,Graduate,Unemployed,808408.01,554398.53,Business,693.2,4,230,34.7,2023-11-05,0
2286,70.0,Female,North,Secondary,Self-Employed,673844.53,138640.41,Home,637.4,4,265,31.45,2018-10-12,0
2287,22.0,Other,West,Graduate,Unemployed,1374686.8,358336.91,Education,565.1,7,253,90.72,2020-06-27,1
2288,59.0,Male,West,Primary,Unemployed,798611.55,625989.74,Business,850.0,0,232,54.86,2019-03-30,0
2289,24.0,Female,West,Post-Graduate,Self-Employed,941901.09,390748.01,Car,728.8,4,49,90.31,2021-12-31,0
2290,35.0,Female,South,Secondary,Unemployed,588331.08,288411.89,Home,629.4,9,378,44.61,2021-11-03,0
2291,51.0,Female,South,Post-Graduate,Unemployed,711377.82,342824.46,Business,685.2,0,453,89.63,2018-08-15,0
2292,43.0,Male,North,Post-Graduate,Salaried,923167.33,308279.28,Other,702.4,11,319,50.6,2023-02-13,0
2293,40.0,Female,West,Graduate,Unemployed,738702.33,16368.05,Car,568.8,2,480,88.05,2024-04-13,0
2294,60.0,Other,North,Secondary,Self-Employed,680319.91,10000.0,Other,696.7,8,237,66.42,2020-12-04,0
2295,33.0,Other,North,Post-Graduate,Salaried,862235.89,10000.0,Education,,0,225,10.5,2022-01-30,0
2296,50.0,Other,South,Graduate,Self-Employed,495608.1,692253.04,Business,755.4,6,74,38.82,2022-05-30,1
2297,40.0,Female,North,Secondary,Unemployed,249496.71,670443.58,Car,669.8,4,344,93.06,2025-03-30,1
2298,37.0,Female,South,Graduate,Self-Employed,669853.96,10000.0,Car,700.6,1,375,55.99,2022-06-07,0
2299,59.0,Male,North,Primary,Self-Employed,917878.55,,Business,648.7,0,8,14.07,2018-11-25,0
2300,25.0,Other,North,Secondary,Salaried,,557483.45,Car,616.1,8,137,76.96,2024-12-28,1
2301,,Other,North,Post-Graduate,Self-Employed,1171119.59,519103.99,Car,654.3,4,345,92.58,2024-06-04,0
2302,33.0,Other,West,Secondary,,537304.23,417740.02,Business,704.4,10,139,54.98,2023-07-16,0
2303,44.0,Male,West,Secondary,Salaried,,323345.6,Other,814.0,12,276,56.49,2019-07-27,0
2304,67.0,Other,South,Primary,Salaried,1380999.21,455600.59,Car,647.9,6,37,64.24,2025-01-13,0
2305,47.0,Other,North,Post-Graduate,Self-Employed,688947.66,524014.36,Business,622.7,3,167,87.61,2024-11-01,0
2306,38.0,Other,South,Secondary,Self-Employed,,406937.11,Car,730.0,9,346,15.76,2024-05-30,0
2307,55.0,Female,East,Graduate,Salaried,1070724.15,820667.92,Car,732.3,2,199,85.49,2020-09-11,0
2308,41.0,Male,West,Post-Graduate,Unemployed,78456.57,82260.74,Home,601.7,4,159,68.12,2021-02-14,0
2309,28.0,Other,West,Post-Graduate,Salaried,1168284.28,596941.51,Education,731.7,9,367,54.18,2021-08-05,0
2310,,Other,South,Post-Graduate,Unemployed,766445.28,94803.09,Business,622.8,11,33,75.53,2022-05-11,0
2311,60.0,Female,South,Primary,Self-Employed,1342083.13,581808.35,Car,675.3,11,141,91.14,2020-08-22,0
2312,67.0,Male,North,Secondary,Unemployed,650439.67,357813.74,Education,689.1,2,102,37.54,2021-05-01,0
2313,43.0,Other,East,Post-Graduate,Unemployed,481054.53,120735.54,Education,630.7,7,474,77.72,2020-03-12,0
2314,69.0,Other,North,Primary,Salaried,742494.32,69865.25,Business,640.5,2,135,71.18,2021-01-08,0
2315,64.0,Female,West,Primary,Salaried,762347.37,643717.34,Car,789.9,6,80,91.71,2022-05-29,0
2316,44.0,Other,North,Graduate,Self-Employed,735135.36,273935.81,Car,811.7,3,111,12.6,2018-03-01,0
2317,23.0,Male,South,Primary,Salaried,684545.03,102451.28,Business,776.0,10,291,21.84,2023-03-26,0
2318,64.0,Female,East,Graduate,Salaried,605364.51,297040.1,Car,675.5,10,230,29.51,2022-10-15,0
2319,,Male,West,Secondary,Self-Employed,666053.54,405040.49,Other,,2,283,49.95,2025-07-21,0
2320,65.0,Female,East,Primary,Unemployed,386195.67,668540.86,Home,616.2,5,38,23.35,2021-09-02,1
2321,22.0,Male,West,Secondary,Salaried,1301308.25,261206.98,Home,724.7,8,398,31.75,2019-06-12,0
2322,21.0,Other,South,Primary,Unemployed,868549.14,673490.97,Car,685.2,2,128,37.39,2019-09-21,0
2323,63.0,Female,South,Primary,Unemployed,677385.39,537255.55,Home,644.3,5,418,27.4,2019-04-15,0
2324,47.0,Female,East,Primary,Salaried,1679872.3,447252.29,Car,752.1,12,223,62.04,2024-04-05,0
2325,21.0,Other,East,Graduate,Unemployed,693545.15,601903.32,Education,745.1,6,205,32.43,2023-03-17,1
2326,56.0,Female,South,Primary,Unemployed,595289.31,225693.47,Car,769.8,7,213,35.44,2024-07-04,0
2327,39.0,Male,South,Primary,Self-Employed,932975.07,533539.32,Car,775.4,12,213,62.3,2022-08-30,0
2328,66.0,Male,East,Secondary,Self-Employed,746858.89,500522.53,Business,724.2,2,73,66.16,2024-03-13,0
2329,61.0,Female,South,Graduate,Salaried,607083.78,618682.3,Home,781.6,11,161,52.24,2022-07-16,1
2330,26.0,Male,West,Post-Graduate,Unemployed,863783.7,,Other,716.2,5,168,53.06,2022-11-19,0
2331,56.0,Female,North,Post-Graduate,Salaried,404612.38,339588.11,Other,736.0,9,14,92.4,2018-03-23,1
2332,48.0,Other,East,Graduate,Unemployed,674537.74,768697.97,Education,593.3,2,96,61.78,2020-06-20,1
2333,59.0,Male,North,Secondary,Self-Employed,766228.65,347701.84,Other,637.0,5,232,52.15,2024-10-23,0
2334,56.0,Female,East,Primary,Salaried,945021.23,291696.06,Business,565.9,7,215,92.58,2022-12-17,1
2335,21.0,Male,South,Primary,Salaried,50000.0,187492.48,Car,769.2,0,413,74.3,2021-11-28,1
2336,45.0,Female,West,Primary,Salaried,622064.93,199296.91,Other,641.8,0,473,53.69,2021-01-20,0
2337,61.0,Other,North,Secondary,Unemployed,380780.58,258579.57,Other,695.2,7,148,43.19,2019-03-10,0
2338,59.0,Female,West,Primary,Salaried,1152513.63,10000.0,Car,699.0,9,69,49.66,2025-02-07,0
2339,54.0,Other,West,Primary,Unemployed,478734.57,28011.57,Education,615.6,2,267,41.07,2025-03-17,0
2340,70.0,Male,West,Secondary,Self-Employed,,176619.25,Other,647.9,3,31,70.5,2024-05-17,1
2341,39.0,Other,East,Graduate,Self-Employed,71334.0,10000.0,Home,775.4,4,405,33.52,2023-03-10,0
2342,23.0,Female,East,Secondary,Self-Employed,545972.24,10000.0,Business,615.6,11,223,21.51,2025-03-07,1
2343,43.0,Male,East,Primary,Self-Employed,844099.7,395103.9,Other,785.0,3,179,59.28,2023-10-13,0
2344,66.0,Female,East,Post-Graduate,Unemployed,510949.94,632426.2,Other,665.9,5,235,53.13,2020-07-02,0
2345,25.0,Female,North,Post-Graduate,Self-Employed,435193.89,611394.87,Business,691.9,0,255,81.49,2020-05-12,1
2346,27.0,Male,West,Secondary,Self-Employed,951568.91,206255.69,Other,552.3,5,341,12.17,2025-01-09,1
2347,31.0,Female,South,Graduate,Unemployed,818330.26,533263.76,Home,675.0,3,214,59.44,2024-10-10,0
2348,,Male,West,Secondary,Self-Employed,744803.51,1256489.17,Education,825.9,2,481,79.82,2022-05-28,1
2349,28.0,Female,East,Primary,Unemployed,628903.27,667078.4,Car,663.3,2,130,32.77,2023-06-19,1
2350,66.0,Male,West,Primary,Self-Employed,519796.72,139609.06,Education,759.5,0,472,93.47,2018-05-31,0
2351,25.0,Male,North,Secondary,Unemployed,977202.83,1036130.02,Other,740.5,4,414,49.96,2022-05-24,1
2352,26.0,Female,West,Primary,Salaried,584651.52,625715.24,Car,764.1,12,407,11.21,2022-09-11,1
2353,30.0,Other,East,Secondary,Unemployed,1011434.7,226828.33,Home,676.0,6,156,34.08,2024-04-02,0
2354,37.0,Male,East,Post-Graduate,Salaried,632755.71,134955.59,Business,828.3,9,175,14.34,2022-07-29,0
2355,52.0,Male,North,Graduate,Unemployed,327882.68,424819.77,Business,633.1,3,335,21.64,2022-08-07,0
2356,23.0,Male,West,Primary,Salaried,1193493.31,579970.62,Car,,3,209,58.07,2025-05-30,0
2357,30.0,Other,West,Primary,Unemployed,1000699.6,503000.5,Home,648.5,7,400,61.47,2022-11-04,0
2358,42.0,Female,West,Post-Graduate,Salaried,428322.98,439580.81,Home,701.0,9,439,27.75,2021-06-21,1
2359,45.0,Other,South,Post-Graduate,Unemployed,748490.76,489229.02,Other,634.0,3,306,72.45,2018-10-25,0
2360,30.0,Male,South,Secondary,Unemployed,237202.22,504832.17,Car,639.7,7,48,23.57,2022-09-08,1
2361,62.0,Female,South,Secondary,Salaried,214670.72,494947.41,Business,691.2,9,291,37.55,2024-01-27,1
2362,33.0,Male,West,Primary,Self-Employed,443204.72,293988.21,Education,600.7,11,387,73.11,2018-11-21,1
2363,47.0,Female,North,Post-Graduate,Self-Employed,617878.39,171492.03,Business,773.9,7,214,11.12,2024-05-14,0
2364,30.0,Female,West,Graduate,Self-Employed,1170354.79,379554.81,Business,808.8,5,95,40.75,2020-06-09,0
2365,56.0,Female,North,Post-Graduate,Salaried,,,Car,720.2,4,218,37.04,2023-04-02,0
2366,60.0,Other,North,Secondary,Unemployed,268218.4,10000.0,Car,,2,284,36.04,2022-06-22,0
2367,,Male,West,Primary,Self-Employed,655551.8,311338.47,Business,654.6,0,5,39.04,2023-07-12,0
2368,67.0,Female,West,Graduate,Self-Employed,805234.92,364853.73,Other,677.3,3,43,68.65,2025-03-11,0
2369,44.0,,East,Secondary,Self-Employed,589996.82,294725.25,Education,693.0,2,394,74.75,2020-12-11,0
2370,26.0,Other,East,Primary,Unemployed,843361.25,427316.76,Business,651.6,9,48,93.05,2024-03-28,0
2371,21.0,Female,South,Primary,Self-Employed,5020329.05,347225.24,Business,568.2,6,253,84.14,2019-02-25,1
2372,62.0,Other,East,Post-Graduate,Unemployed,656399.96,667912.95,Business,655.1,4,34,34.22,2020-07-10,1
2373,49.0,Male,North,Post-Graduate,Salaried,564427.81,56789.86,Home,700.2,1,51,12.97,2024-05-26,0
2374,52.0,Other,East,Post-Graduate,Salaried,749789.87,139282.11,Car,,0,195,14.09,2021-11-26,0
2375,66.0,Female,East,Post-Graduate,,623463.18,258319.82,Education,722.9,7,191,86.88,2024-10-06,0
2376,61.0,Male,East,Secondary,Self-Employed,688140.29,221241.31,Other,644.0,11,236,73.59,2020-11-08,0
2377,69.0,Female,East,Primary,Unemployed,677575.42,28737.07,Education,666.1,1,183,76.18,2020-05-15,0
2378,26.0,,West,Post-Graduate,Self-Employed,,584405.97,Other,678.5,12,318,75.22,2022-12-25,0
2379,28.0,Female,North,Graduate,Unemployed,673856.59,10000.0,Education,766.0,5,259,75.18,2023-02-19,0
2380,60.0,Male,South,Graduate,Unemployed,711116.14,299207.32,Business,677.1,4,306,62.04,2023-10-13,0
2381,31.0,Male,South,Graduate,Self-Employed,681095.07,474328.18,Car,677.8,9,321,59.09,2022-11-24,0
2382,41.0,Other,East,Primary,Unemployed,968678.94,88059.24,Education,713.7,1,466,19.91,2018-08-21,0
2383,47.0,Male,East,Post-Graduate,Salaried,418294.94,10000.0,Other,624.6,9,118,79.57,2018-11-09,0
2384,63.0,Male,North,Secondary,Salaried,278934.86,515112.68,Business,610.1,11,106,65.32,2023-12-19,1
2385,37.0,Male,West,Primary,Unemployed,933660.3,685988.49,Other,660.4,5,440,38.21,2024-02-18,0
2386,30.0,Female,West,Graduate,Self-Employed,562544.14,674234.62,Home,579.5,7,354,31.71,2024-01-21,1
2387,39.0,Male,East,Post-Graduate,Salaried,803434.75,567875.43,Business,768.9,4,354,50.33,2020-01-09,0
2388,32.0,Female,West,Post-Graduate,Unemployed,990702.9,10000.0,Other,652.0,5,414,22.24,2020-01-12,0
2389,54.0,Female,West,Graduate,Salaried,504128.85,178127.15,Car,515.6,5,155,33.7,2023-10-02,1
2390,38.0,Female,North,Graduate,Unemployed,3537647.32,896815.46,Business,601.3,2,374,89.53,2020-05-22,0
2391,32.0,Other,North,Primary,Salaried,609172.28,188180.25,Education,772.1,4,197,86.14,2023-10-15,0
2392,54.0,Female,North,Primary,Self-Employed,669856.14,305867.84,Business,771.6,6,373,77.01,2021-12-02,0
2393,56.0,Male,West,Graduate,Unemployed,,272285.5,Education,804.1,0,499,90.06,2023-03-22,0
2394,54.0,Female,East,Secondary,Salaried,414570.17,326725.29,Home,726.5,6,22,21.16,2019-06-19,0
2395,34.0,Female,South,Graduate,Self-Employed,1096003.79,10000.0,Business,756.1,12,470,51.82,2024-01-09,0
2396,43.0,Male,West,Secondary,,412204.01,689225.91,Business,584.1,1,71,63.17,2020-05-08,1
2397,55.0,Female,West,Post-Graduate,,704875.73,322123.11,Education,775.6,4,182,62.92,2023-09-23,0
2398,48.0,Other,South,Graduate,Salaried,917109.29,451040.45,Home,655.3,0,89,63.42,2024-03-06,0
2399,31.0,Female,East,Secondary,Unemployed,1014178.97,244874.22,Other,661.4,5,432,90.94,2021-01-21,0
2400,31.0,Male,South,Primary,Unemployed,735800.22,810011.52,Car,500.8,7,457,13.06,2019-09-24,1
2401,64.0,Other,South,Primary,,905758.37,700882.08,Business,705.3,11,391,83.51,2020-05-08,0
2402,45.0,Male,West,Graduate,Salaried,626022.96,529164.64,Business,675.5,7,480,84.18,2023-05-23,1
2403,30.0,Female,West,Primary,Unemployed,216681.06,325305.66,Home,673.1,8,472,51.06,2024-04-17,1
2404,47.0,Other,East,Post-Graduate,Salaried,531812.35,10000.0,Education,650.0,4,331,63.83,2025-02-20,0
2405,48.0,Female,South,Graduate,Unemployed,1044334.14,950145.42,Education,724.7,7,334,70.68,2018-05-30,1
2406,,Male,South,Graduate,Self-Employed,159388.87,517782.27,Home,843.5,12,241,28.75,2025-02-18,1
2407,40.0,Other,South,Post-Graduate,Self-Employed,565840.28,10000.0,Home,674.2,5,177,34.68,2022-08-09,0
2408,39.0,Other,West,Graduate,Self-Employed,529312.93,10000.0,Business,774.3,8,442,91.12,2022-01-13,0
2409,35.0,Female,West,Post-Graduate,Unemployed,132939.58,317087.86,Car,627.0,4,498,92.05,2023-10-11,1
2410,34.0,Female,East,Post-Graduate,Unemployed,1042401.0,611303.46,Business,802.4,11,88,34.09,2024-10-02,0
2411,22.0,Female,South,Post-Graduate,Self-Employed,1282069.91,432253.93,Home,686.6,5,303,81.43,2025-08-06,0
2412,52.0,Male,South,Primary,Unemployed,1113517.37,179697.04,Home,609.0,3,35,17.24,2018-07-13,0
2413,36.0,Other,North,Graduate,Unemployed,636321.44,108501.62,Home,682.3,3,131,40.25,2024-03-01,0
2414,23.0,Female,North,Secondary,Unemployed,533123.44,523993.48,Business,683.7,3,110,48.85,2020-03-20,1
2415,52.0,Other,East,Graduate,Self-Employed,958697.97,768219.38,Education,651.3,9,225,66.1,2022-02-16,1
2416,,Male,West,Secondary,Unemployed,966812.83,10000.0,Home,,0,461,39.12,2025-04-10,0
2417,49.0,Male,East,Secondary,Unemployed,970708.6,598212.99,Education,735.4,1,291,29.06,2021-11-14,0
2418,30.0,Male,West,Graduate,Salaried,634349.28,654284.58,Home,709.1,10,401,55.02,2023-08-13,1
2419,60.0,Male,North,Secondary,Self-Employed,567908.83,284025.03,Business,748.1,11,156,37.17,2018-09-03,0
2420,69.0,Female,North,Secondary,Unemployed,508791.21,387251.07,Education,727.0,8,379,75.84,2019-08-03,0
2421,64.0,Other,South,Secondary,Self-Employed,816026.86,280460.37,Car,705.5,4,454,94.26,2018-02-09,0
2422,39.0,Male,East,Secondary,Self-Employed,221456.69,414505.94,Business,665.8,4,51,24.96,2018-12-29,0
2423,57.0,Other,South,Secondary,Self-Employed,541156.96,695715.4,Education,654.0,9,472,31.49,2019-07-13,0
2424,47.0,Other,South,Graduate,Unemployed,7450774.68,83098.13,Education,648.9,12,63,27.34,2021-05-24,0
2425,51.0,Male,West,Secondary,Self-Employed,889287.82,472607.76,Car,603.3,7,223,56.48,2018-12-24,1
2426,28.0,Male,North,Primary,Self-Employed,377745.84,651540.89,Other,777.9,9,49,85.04,2020-04-14,1
2427,40.0,Female,West,Graduate,Self-Employed,533938.96,344722.97,Car,608.6,10,275,70.47,2024-06-27,1
2428,33.0,Other,South,Secondary,Self-Employed,470749.32,62663.5,Business,633.9,9,23,53.62,2018-10-15,0
2429,56.0,Female,North,Graduate,Unemployed,633484.32,18101.09,Home,729.4,6,456,83.32,2022-06-22,0
2430,51.0,Male,West,Graduate,Salaried,,510169.49,Education,641.9,8,466,57.87,2024-12-07,0
2431,22.0,Other,East,Post-Graduate,Salaried,1066054.27,658928.13,Business,824.8,3,144,90.98,2020-12-15,0
2432,25.0,Female,East,Secondary,Self-Employed,789996.06,,Business,665.5,5,34,80.24,2023-07-25,0
2433,,Male,North,Primary,Self-Employed,783888.59,861896.82,Business,697.9,3,344,52.28,2025-03-16,1
2434,22.0,Female,West,Post-Graduate,Salaried,990517.51,419858.3,Home,588.8,6,445,75.58,2018-09-05,1
2435,43.0,Male,South,Post-Graduate,Salaried,497462.75,287135.16,Home,799.3,6,356,61.39,2019-07-15,0
2436,52.0,Male,East,Primary,Unemployed,,272555.5,Business,602.7,0,405,12.25,2023-07-23,0
2437,33.0,Other,South,Secondary,Salaried,700464.22,574500.56,Business,794.8,5,460,55.43,2023-07-04,1
2438,42.0,Other,South,Graduate,Unemployed,,728116.43,Education,683.0,2,77,54.59,2021-08-24,0
2439,68.0,Female,South,Secondary,Self-Employed,660128.82,615493.44,Business,708.7,9,493,45.77,2018-04-09,0
2440,55.0,Male,South,Secondary,Unemployed,1198897.57,506977.87,Home,786.1,3,207,84.63,2025-02-13,0
2441,23.0,Female,East,Primary,Self-Employed,688822.0,582924.01,Car,,6,465,77.96,2023-10-20,1
2442,52.0,Other,West,Post-Graduate,Self-Employed,895287.49,572758.92,Home,731.7,1,239,38.3,2019-11-22,0
2443,28.0,Female,South,Primary,Unemployed,4062339.43,699449.24,Education,772.7,4,134,77.94,2022-02-23,0
2444,66.0,Female,West,Primary,,1001973.77,331682.45,Business,698.1,6,280,42.4,2019-02-22,0
2445,25.0,Female,East,Graduate,Salaried,1047382.78,581998.01,Business,678.7,5,178,70.29,2021-01-09,0
2446,53.0,Female,North,Graduate,Salaried,175852.06,95607.38,Car,760.3,12,437,94.29,2023-08-10,0
2447,39.0,Male,North,Secondary,Salaried,1023313.39,138199.61,Home,594.0,9,186,67.34,2022-10-03,1
2448,26.0,Other,West,Post-Graduate,Self-Employed,1554813.45,,Car,780.7,2,259,75.91,2020-06-22,0
2449,,Other,East,Primary,Unemployed,1181095.3,687390.41,Education,546.4,3,204,77.82,2020-08-07,0
2450,,Female,East,Primary,,906092.49,837660.32,Home,696.6,3,137,12.5,2024-10-12,1
2451,25.0,Other,East,Secondary,Unemployed,902464.5,818255.85,Business,752.5,0,128,33.38,2023-12-02,1
2452,50.0,Other,North,Graduate,Salaried,305422.5,344251.21,Other,639.8,7,480,58.49,2025-05-30,1
2453,43.0,Other,East,Post-Graduate,Salaried,686798.96,744330.68,Business,628.2,1,384,73.88,2023-05-04,0
2454,42.0,Other,West,Secondary,Self-Employed,584918.85,438769.52,Education,680.5,6,500,89.07,2018-10-01,0
2455,50.0,Other,South,Secondary,,240274.56,189517.21,Business,661.3,5,350,19.99,2022-08-04,0
2456,38.0,Male,North,Post-Graduate,Salaried,873718.66,112574.71,Business,672.7,1,356,91.22,2018-07-09,0
2457,56.0,Other,South,Primary,Self-Employed,836998.23,375199.93,Other,608.7,5,234,44.43,2018-11-03,1
2458,40.0,Male,East,Graduate,Salaried,402195.11,875859.25,Other,764.4,4,93,63.17,2025-02-22,0
2459,33.0,Male,South,Primary,Salaried,480062.27,178714.94,Business,720.5,6,342,51.82,2024-03-22,0
2460,41.0,Other,South,Primary,Unemployed,258956.57,10000.0,Business,549.7,7,54,80.37,2021-10-31,1
2461,23.0,Male,West,Primary,,534854.73,129332.88,Education,780.4,0,254,71.86,2019-05-10,0
2462,46.0,Male,West,Graduate,Self-Employed,912353.31,133234.99,Car,748.5,1,303,82.78,2020-09-14,0
2463,67.0,Female,South,Secondary,Self-Employed,766695.42,10000.0,Business,804.1,10,269,87.97,2025-04-22,0
2464,39.0,Other,North,Secondary,Self-Employed,,613551.38,Car,584.2,7,7,14.8,2024-04-14,1
2465,32.0,Female,West,Primary,Unemployed,632321.96,496281.27,Business,609.2,0,286,92.36,2019-11-11,0
2466,63.0,Male,East,Post-Graduate,Salaried,283720.12,380485.85,Business,640.7,6,189,87.4,2020-04-12,1
2467,40.0,,North,Primary,Self-Employed,241509.47,668487.54,Home,798.3,0,429,11.18,2025-08-29,0
2468,36.0,Other,South,Secondary,Salaried,620005.14,451155.38,Business,595.5,8,389,72.32,2022-11-16,1
2469,69.0,Female,East,Post-Graduate,Self-Employed,594230.21,87089.09,Car,624.4,4,309,23.14,2022-11-18,0
2470,60.0,Female,South,Post-Graduate,Self-Employed,677682.51,664264.6,Business,708.9,4,349,83.4,2021-10-25,1
2471,44.0,,North,Primary,Salaried,642362.02,302757.99,Education,697.5,9,143,52.37,2024-06-23,0
2472,42.0,Male,South,Secondary,Unemployed,818155.66,402672.71,Business,655.2,6,96,43.76,2020-07-13,0
2473,63.0,Female,East,Primary,Unemployed,920159.33,342971.49,Business,834.6,3,128,10.86,2018-05-16,0
2474,35.0,Other,West,Graduate,Salaried,369681.43,191111.25,Car,706.3,10,81,33.1,2022-06-26,0
2475,42.0,Female,West,Secondary,Salaried,647817.89,238697.48,Car,501.2,0,373,77.88,2020-05-09,0
2476,52.0,Other,South,Post-Graduate,Salaried,311116.29,439629.61,Car,732.9,2,277,90.21,2022-06-28,1
2477,52.0,Male,East,Secondary,Unemployed,611665.76,257373.59,Car,684.9,12,122,70.98,2018-08-06,0
2478,37.0,Male,North,Secondary,Unemployed,777681.81,802762.82,Education,704.5,0,141,26.79,2020-08-13,0
2479,44.0,Female,North,Graduate,Unemployed,288929.41,653438.36,Home,628.4,8,325,88.36,2021-01-08,1
2480,51.0,Female,East,Graduate,Unemployed,,177623.06,Education,650.0,0,462,93.07,2025-01-15,0
2481,40.0,Other,South,Post-Graduate,Self-Employed,516617.95,846788.02,Home,610.2,8,410,28.91,2024-12-17,1
2482,41.0,Female,East,Secondary,Self-Employed,1028188.04,684485.99,Car,783.3,3,336,92.43,2024-10-03,0
2483,54.0,Other,South,Secondary,Salaried,907593.41,391345.81,Education,772.5,9,471,61.61,2025-08-04,0
2484,22.0,Female,North,Primary,Salaried,796510.87,647325.93,Education,726.8,12,302,80.06,2022-09-19,0
2485,21.0,,West,Post-Graduate,Self-Employed,445554.0,562091.35,Home,637.9,10,397,13.13,2025-03-31,1
2486,40.0,Other,North,Primary,Salaried,453501.05,127328.19,Other,639.9,3,77,57.56,2022-01-07,0
2487,42.0,Other,West,Graduate,Salaried,766902.84,529278.25,Other,695.9,5,294,74.55,2020-09-18,0
2488,64.0,Male,South,Graduate,Self-Employed,822208.17,447182.65,Education,774.3,9,177,87.94,2021-03-29,0
2489,47.0,Male,North,Secondary,Unemployed,,730530.75,Business,705.1,8,256,28.46,2018-08-08,1
2490,34.0,Female,South,Secondary,Salaried,1020396.17,130326.45,Car,754.5,2,184,72.55,2025-05-14,0
2491,39.0,Other,North,Primary,Unemployed,986458.09,265077.36,Home,659.0,10,205,10.43,2019-01-29,0
2492,40.0,Other,South,Post-Graduate,Self-Employed,,,Education,727.1,11,16,73.56,2020-05-01,0
2493,69.0,Female,North,Post-Graduate,Self-Employed,214497.43,539162.6,Home,647.8,7,268,40.38,2022-01-27,1
2494,60.0,Other,East,Primary,Salaried,556614.2,162785.8,Education,632.1,6,154,87.8,2025-05-14,0
2495,43.0,Other,South,Post-Graduate,Unemployed,704246.63,10000.0,Home,524.4,4,135,87.7,2020-05-24,0
2496,68.0,Other,East,Post-Graduate,Self-Employed,1075118.84,706658.34,Education,610.6,2,261,90.19,2018-05-03,0
2497,26.0,Other,South,Post-Graduate,Self-Employed,393595.75,311455.44,Car,655.0,1,308,54.94,2024-01-20,0
2498,37.0,Female,South,Graduate,Salaried,1009755.79,200476.34,Car,636.0,5,321,28.22,2018-06-16,0
2499,36.0,Male,East,Secondary,Self-Employed,1271788.09,538689.07,Car,713.0,6,415,61.7,2025-03-05,0
2500,43.0,Female,North,Secondary,Unemployed,,214405.25,Business,715.0,1,100,79.72,2021-12-27,0
2501,,Other,North,Secondary,Self-Employed,1076766.61,410082.3,Business,729.2,4,200,46.31,2021-05-12,0
2502,37.0,Female,North,Secondary,Salaried,468915.32,10000.0,Home,708.7,9,67,65.85,2018-12-02,0
2503,42.0,Other,North,Primary,Salaried,1183501.64,515083.75,Education,708.8,5,184,56.86,2022-08-02,0
2504,28.0,Other,West,Primary,Salaried,420294.39,260735.24,Car,650.8,5,72,81.83,2022-08-31,0
2505,53.0,Male,North,Secondary,Self-Employed,505309.75,782843.41,Education,771.8,12,442,50.96,2023-10-26,1
2506,50.0,Male,East,Primary,Salaried,,10000.0,Business,639.8,8,33,42.71,2025-05-03,0
2507,,Male,West,Post-Graduate,Salaried,762256.87,163791.25,Other,632.8,10,421,72.87,2024-08-26,0
2508,48.0,Male,South,Secondary,Unemployed,1036756.57,113145.64,Education,683.8,8,10,64.57,2024-11-04,0
2509,22.0,Male,East,Graduate,Salaried,50000.0,433224.05,Car,644.3,9,117,27.64,2019-07-30,1
2510,23.0,Other,North,Post-Graduate,Self-Employed,781037.47,801468.98,Education,637.1,4,26,66.59,2020-05-23,1
2511,54.0,Female,South,Primary,Unemployed,421936.73,315470.11,Car,,6,59,15.8,2020-01-13,0
2512,24.0,Male,South,Primary,Salaried,735299.36,10000.0,Other,608.0,1,224,37.03,2025-07-22,0
2513,48.0,Male,South,Secondary,Salaried,1111220.19,506759.37,Car,763.7,2,447,66.79,2025-03-27,0
2514,41.0,Male,South,Primary,Self-Employed,436650.38,610294.18,Education,,7,302,71.25,2019-07-10,1
2515,59.0,Other,North,Post-Graduate,Unemployed,301745.99,554962.46,Home,573.1,1,438,11.71,2024-07-14,0
2516,39.0,Male,North,Post-Graduate,Self-Employed,343279.87,339994.6,Home,705.1,2,391,14.16,2020-06-08,0
2517,65.0,Other,West,Primary,Self-Employed,1095441.26,127234.75,Home,677.7,0,453,55.99,2018-11-05,0
2518,70.0,Female,North,Graduate,Unemployed,155691.66,422959.01,Home,753.3,5,139,33.84,2021-12-14,1
2519,47.0,,East,Primary,Self-Employed,916032.78,60996.59,Education,639.9,8,117,68.16,2025-02-24,0
2520,30.0,Other,East,Post-Graduate,Unemployed,968976.72,367721.63,Business,,10,321,65.92,2021-04-04,0
2521,48.0,Female,South,Primary,Salaried,950766.09,837940.78,Business,639.8,6,390,43.2,2018-12-17,0
2522,39.0,,West,Graduate,Unemployed,522988.34,51604.34,Home,664.9,1,245,94.08,2025-07-16,0
2523,29.0,Female,South,Post-Graduate,Self-Employed,1449659.94,264832.5,Home,621.0,6,48,20.28,2022-05-18,0
2524,70.0,Other,West,Post-Graduate,Unemployed,494152.17,292837.84,Home,659.1,12,486,44.0,2024-02-25,0
2525,28.0,Female,South,Secondary,Salaried,467876.75,548427.35,Car,676.7,4,27,23.44,2022-01-30,0
2526,41.0,Male,East,Graduate,Unemployed,143227.64,472380.73,Business,722.6,2,179,80.36,2022-05-18,0
2527,25.0,Female,South,Primary,Salaried,562879.92,435061.73,Home,793.0,0,325,40.6,2020-07-21,0
2528,53.0,Female,South,Secondary,Salaried,879697.72,,Car,673.7,9,496,80.49,2020-07-30,0
2529,67.0,Other,North,Graduate,Unemployed,669064.01,274206.28,Home,797.2,9,143,87.9,2020-07-15,0
2530,38.0,Other,South,Post-Graduate,Self-Employed,246856.82,509757.31,Other,598.6,12,253,53.52,2020-12-22,1
2531,69.0,Male,West,Primary,Unemployed,258786.04,295701.39,Home,681.3,1,223,89.1,2019-08-27,1
2532,62.0,,East,Post-Graduate,Unemployed,3388978.2,764470.37,Other,708.0,6,82,83.23,2019-10-29,0
2533,69.0,Male,West,Secondary,Unemployed,887152.08,10000.0,Education,628.8,4,402,90.25,2021-11-21,0
2534,53.0,Female,East,Graduate,Unemployed,959596.09,238708.65,Car,670.4,12,257,80.04,2019-09-03,0
2535,29.0,Male,East,Primary,Salaried,570732.32,270789.1,Education,829.3,10,290,74.36,2024-03-17,0
2536,42.0,Female,West,Post-Graduate,Self-Employed,229146.02,111430.57,Business,651.5,8,497,50.1,2018-01-30,0
2537,45.0,Female,North,Secondary,Salaried,1105627.69,200327.84,Business,500.7,4,169,70.08,2023-08-13,0
2538,41.0,Other,South,Primary,Self-Employed,500925.23,213030.95,Car,,11,471,43.15,2022-01-14,1
2539,46.0,Male,North,Primary,Salaried,1003499.33,663941.75,Business,740.0,1,136,77.18,2020-12-14,0
2540,26.0,Female,East,Graduate,Salaried,302647.32,368797.62,Car,717.8,12,449,60.79,2021-06-06,1
2541,25.0,Female,West,Secondary,Unemployed,358648.8,206265.43,Business,719.6,5,121,29.3,2020-09-22,0
2542,60.0,,West,Graduate,Unemployed,277702.95,748310.5,Other,743.8,11,110,77.3,2021-05-24,1
2543,65.0,Male,South,Primary,Self-Employed,465356.04,649017.59,Other,758.2,8,52,81.22,2023-05-05,1
2544,58.0,Female,East,Primary,Salaried,854634.06,,Car,649.5,6,475,28.67,2019-06-07,0
2545,28.0,Other,North,Graduate,Unemployed,803012.98,535603.95,Other,641.2,7,12,34.64,2020-04-26,0
2546,34.0,Male,West,Primary,Salaried,1044723.72,197767.21,Business,659.4,7,375,82.97,2020-11-13,0
2547,45.0,Other,South,Primary,Salaried,50000.0,867292.44,Other,675.1,7,198,91.8,2019-07-25,1
2548,29.0,Male,West,Graduate,Self-Employed,714954.53,482295.9,Car,637.5,8,217,83.54,2024-01-10,0
2549,48.0,Female,South,Primary,Self-Employed,661949.53,840840.26,Business,683.4,4,374,76.24,2025-03-22,1
2550,63.0,Female,South,Graduate,Unemployed,742400.07,595564.83,Education,691.3,5,123,18.03,2020-04-08,1
2551,58.0,Female,South,Primary,Salaried,,177453.99,Business,620.3,12,226,39.88,2019-09-23,0
2552,68.0,Other,South,Post-Graduate,Self-Employed,666279.31,299373.62,Other,669.4,12,367,11.61,2024-04-09,0
2553,27.0,Other,East,Secondary,Salaried,967384.76,528328.63,Other,641.2,8,417,63.16,2022-03-05,0
2554,36.0,Other,West,Graduate,Unemployed,930277.84,416667.9,Business,522.2,3,395,82.52,2020-03-03,0
2555,32.0,Female,North,Post-Graduate,Self-Employed,367171.35,419443.29,Other,,3,189,77.01,2022-10-08,1
2556,25.0,Other,East,Secondary,Self-Employed,742604.37,485757.27,Business,,8,17,91.59,2025-04-26,0
2557,29.0,Male,North,Primary,Salaried,5077927.23,719580.55,Other,731.3,1,191,83.6,2018-05-16,0
2558,27.0,Female,South,Primary,Self-Employed,159052.07,394793.3,Other,679.8,4,98,73.7,2022-08-18,0
2559,59.0,Female,North,Graduate,Unemployed,721309.33,401427.46,Other,710.2,6,402,79.64,2020-10-21,0
2560,57.0,Female,West,Post-Graduate,Self-Employed,658682.81,101337.14,Car,807.1,3,276,66.23,2018-04-20,0
2561,45.0,Male,South,Primary,Self-Employed,50000.0,604563.08,Other,663.3,2,394,26.46,2020-01-13,1
2562,45.0,Male,East,Graduate,Unemployed,756101.78,263969.05,Business,695.4,4,471,40.86,2023-04-05,0
2563,60.0,Female,West,Secondary,Unemployed,872343.97,802640.72,Car,714.7,5,162,67.62,2019-01-28,0
2564,67.0,Other,West,Primary,Salaried,706644.59,10000.0,Other,746.6,9,222,53.18,2022-07-23,0
2565,42.0,Female,South,Secondary,Self-Employed,542796.09,148579.8,Education,474.9,7,446,80.55,2024-08-18,1
2566,38.0,Female,West,Graduate,Unemployed,694729.42,633023.0,Education,701.7,2,255,43.63,2023-07-12,1
2567,54.0,Other,South,Graduate,Self-Employed,236337.49,540617.98,Education,674.6,4,231,73.29,2021-11-29,1
2568,41.0,Female,South,Primary,Unemployed,1096312.47,372791.38,Education,643.9,0,401,40.99,2022-12-19,0
2569,64.0,Female,East,Graduate,Unemployed,879667.25,134608.53,Home,752.5,4,175,84.59,2020-08-28,0
2570,70.0,Female,West,Secondary,Salaried,402821.97,160757.79,Other,669.4,8,115,26.89,2023-12-26,0
2571,28.0,Male,North,Graduate,Salaried,705940.18,738782.0,Education,678.7,4,420,76.37,2023-04-29,1
2572,21.0,Male,North,Secondary,Self-Employed,611324.57,282213.47,Education,708.6,11,136,81.27,2021-07-11,0
2573,54.0,Female,West,Post-Graduate,,745333.45,,Home,637.2,4,478,43.54,2021-02-25,1
2574,36.0,Other,West,Graduate,Salaried,783669.18,484424.32,Education,650.3,7,105,79.89,2024-05-25,0
2575,59.0,Male,West,Post-Graduate,,760270.51,466143.61,Business,565.0,1,32,84.56,2018-03-28,0
2576,55.0,Female,West,Post-Graduate,Salaried,446768.72,556447.91,Other,635.6,6,158,93.02,2020-12-10,1
2577,33.0,Female,West,Secondary,Self-Employed,1298005.72,386986.99,Home,725.5,5,233,83.29,2022-03-01,0
2578,43.0,Male,West,Post-Graduate,Self-Employed,818969.09,444228.12,Business,574.1,6,21,25.79,2023-03-30,1
2579,69.0,Other,West,Primary,Salaried,362375.18,452855.78,Other,755.1,1,487,23.59,2020-01-17,1
2580,28.0,Other,North,Secondary,Salaried,507808.34,209051.6,Business,682.7,9,335,60.0,2021-05-03,0
2581,47.0,Other,West,Graduate,Salaried,999323.75,,Home,637.7,0,255,59.2,2018-07-03,0
2582,48.0,Other,East,Post-Graduate,Unemployed,211681.1,10000.0,Education,684.6,8,109,74.71,2025-08-20,0
2583,53.0,Other,East,Primary,Self-Employed,1232629.79,312392.9,Education,560.9,7,114,46.79,2021-09-07,1
2584,60.0,Other,South,Post-Graduate,Self-Employed,643519.12,434395.48,Car,702.1,0,101,20.0,2023-01-25,0
2585,68.0,Male,East,Secondary,Salaried,1000475.7,,Car,635.2,4,490,32.19,2020-12-30,0
2586,32.0,Male,West,Primary,Salaried,1073213.8,742960.75,Education,700.6,5,228,10.43,2021-11-02,0
2587,31.0,Other,South,Secondary,Self-Employed,,931031.04,Business,796.1,10,323,44.19,2020-03-13,1
2588,43.0,Female,East,Primary,Salaried,1232089.78,587313.67,Business,681.1,7,310,64.63,2019-04-26,0
2589,34.0,Male,North,Graduate,Salaried,760944.31,373877.68,Car,774.8,3,52,57.47,2021-08-29,0
2590,26.0,Male,North,Graduate,,634855.65,19844.81,Home,658.5,12,359,82.62,2023-10-20,0
2591,65.0,Other,East,Post-Graduate,Self-Employed,916332.05,437372.11,Other,734.4,8,152,70.25,2020-06-09,0
2592,49.0,,East,Secondary,Unemployed,551031.89,139155.99,Home,635.6,11,81,33.03,2021-09-11,0
2593,44.0,Male,East,Primary,,933328.05,158921.65,Education,708.7,8,450,21.74,2021-01-29,0
2594,32.0,Other,North,Graduate,Self-Employed,550571.55,214350.82,Other,738.9,6,401,54.87,2023-11-25,0
2595,23.0,Other,West,Post-Graduate,Salaried,728001.11,987159.35,Education,,9,173,81.82,2020-12-08,1
2596,21.0,Other,North,Secondary,Unemployed,924175.94,422962.59,Education,596.3,4,304,72.85,2021-08-25,0
2597,39.0,Other,South,Graduate,Self-Employed,492510.46,514012.32,Other,642.5,6,309,89.07,2021-11-20,0
2598,53.0,Female,West,Post-Graduate,Unemployed,,788802.08,Business,724.7,2,344,22.97,2022-12-02,0
2599,52.0,Other,South,Post-Graduate,Unemployed,647164.04,723805.97,Business,656.8,2,116,53.72,2019-08-31,0
2600,60.0,Other,East,Post-Graduate,Self-Employed,1160128.13,10000.0,Education,684.5,5,462,40.96,2021-03-10,0
2601,67.0,Male,South,Graduate,Self-Employed,779967.62,302539.06,Other,709.2,12,220,66.01,2023-06-25,0
2602,35.0,Other,North,Post-Graduate,Self-Employed,1065509.38,549330.45,Home,687.9,7,225,47.97,2024-12-31,0
2603,30.0,Female,North,Secondary,Self-Employed,1442156.26,14380.59,Home,649.8,3,417,15.33,2021-03-05,0
2604,52.0,Female,East,Graduate,Unemployed,427209.79,348102.84,Education,663.1,5,149,91.63,2021-10-09,1
2605,44.0,Female,West,Post-Graduate,Unemployed,1178510.42,192486.17,Home,600.5,10,114,27.3,2025-05-19,1
2606,56.0,Male,West,Primary,Self-Employed,876321.04,79925.93,Car,603.2,4,416,73.22,2019-01-11,0
2607,,Male,South,Post-Graduate,Unemployed,,,Business,619.4,2,52,63.19,2024-06-29,1
2608,23.0,Other,East,Primary,Salaried,746943.56,10000.0,Home,559.0,1,347,67.8,2018-05-28,0
2609,44.0,Male,South,Secondary,,347607.86,705691.52,Car,709.5,3,93,13.72,2022-07-21,1
2610,57.0,,West,Secondary,Unemployed,767743.44,326262.92,Home,680.0,0,345,66.87,2020-08-25,0
2611,56.0,Female,West,Secondary,Unemployed,497561.6,365289.87,Education,753.1,1,390,74.25,2023-01-29,0
2612,29.0,Other,West,Post-Graduate,Self-Employed,603753.35,197167.68,Business,664.0,11,52,25.78,2020-02-03,0
2613,38.0,Female,West,Post-Graduate,Salaried,1027630.55,770373.44,Business,711.3,10,291,26.5,2019-11-13,0
2614,59.0,Female,South,Graduate,Self-Employed,511142.45,348480.27,Other,707.3,11,286,50.32,2021-05-23,0
2615,49.0,Male,North,Graduate,Self-Employed,567755.98,216949.18,Business,608.3,12,296,62.41,2021-10-03,1
2616,46.0,Other,North,Post-Graduate,Self-Employed,974096.0,613139.81,Other,756.1,0,487,22.97,2022-04-01,0
2617,45.0,Male,South,Secondary,Self-Employed,356047.1,635687.93,Business,817.5,10,280,25.48,2019-07-24,1
2618,56.0,Female,North,Post-Graduate,Unemployed,950082.94,432242.24,Home,701.1,7,111,29.58,2024-04-04,0
2619,34.0,Female,East,Post-Graduate,Unemployed,352359.73,373200.74,Education,743.1,5,258,52.62,2018-07-30,0
2620,64.0,Female,West,Primary,Salaried,456361.6,210457.47,Education,593.3,10,474,77.22,2022-03-04,1
2621,42.0,Female,South,Post-Graduate,Salaried,1145952.75,566683.82,Car,628.0,6,138,64.33,2024-09-30,0
2622,50.0,Female,South,Primary,Salaried,439926.81,237206.16,Education,708.5,6,186,26.4,2020-10-26,0
2623,30.0,Male,North,Graduate,Unemployed,1088379.74,599117.27,Home,680.0,5,75,14.31,2021-08-27,0
2624,42.0,,North,Graduate,Salaried,1175578.24,272397.04,Car,643.2,5,455,82.44,2021-08-01,0
2625,32.0,Other,North,Graduate,Salaried,611148.04,114803.26,Car,738.0,3,100,82.61,2025-07-13,0
2626,34.0,Female,North,Primary,Self-Employed,517139.13,471936.31,Car,680.2,11,414,52.96,2018-11-14,0
2627,29.0,Female,North,Graduate,Salaried,406605.34,214888.2,Business,762.6,4,302,80.71,2022-07-23,0
2628,22.0,Male,East,Secondary,Salaried,443383.66,193085.49,Education,758.3,1,495,19.61,2021-04-02,0
2629,21.0,Male,South,Primary,Self-Employed,461564.24,194932.38,Other,673.2,0,224,16.53,2024-09-04,0
2630,58.0,Male,South,Primary,Self-Employed,548773.04,88670.56,Car,819.0,7,61,34.01,2023-01-05,0
2631,26.0,Male,South,Secondary,Self-Employed,449214.32,228016.87,Home,741.8,6,184,43.84,2018-06-27,0
2632,47.0,Female,East,Secondary,Self-Employed,861147.1,,Business,692.5,12,79,31.3,2021-08-27,0
2633,29.0,Male,North,Graduate,Unemployed,1053827.67,169044.5,Business,770.2,2,237,71.54,2019-04-07,0
2634,56.0,Male,North,Post-Graduate,Self-Employed,386766.3,383431.57,Other,682.3,7,494,16.46,2018-10-18,0
2635,33.0,Male,East,Graduate,Unemployed,995992.56,10000.0,Education,705.9,3,394,69.18,2020-08-05,0
2636,67.0,Other,East,Secondary,Salaried,323979.36,356188.69,Home,706.2,6,174,50.21,2018-08-18,0
2637,66.0,Other,East,Primary,Unemployed,624589.17,388823.41,Home,636.4,11,275,76.65,2025-01-16,0
2638,30.0,Other,North,Graduate,Salaried,,234423.63,Home,,10,468,15.51,2021-06-02,0
2639,59.0,Other,East,Graduate,Salaried,743933.34,601232.86,Business,671.7,6,108,74.94,2018-01-27,1
2640,65.0,Female,North,Secondary,Salaried,489176.17,862626.58,Business,682.4,4,66,44.48,2020-12-15,1
2641,21.0,Other,South,Secondary,,935265.48,35026.43,Other,714.2,11,363,84.28,2019-11-26,0
2642,68.0,Female,West,Post-Graduate,Self-Employed,823142.56,10000.0,Home,722.2,8,196,42.36,2019-03-21,0
2643,43.0,Male,East,Graduate,Unemployed,422547.28,222262.99,Home,798.3,3,20,74.9,2018-10-11,0
2644,70.0,Male,West,Graduate,Unemployed,596228.58,419362.83,Business,635.0,11,338,16.26,2024-08-08,0
2645,22.0,Female,South,Graduate,Unemployed,229152.15,352603.89,Car,658.7,11,372,78.12,2021-04-27,0
2646,44.0,Female,West,Secondary,Salaried,981678.27,148239.52,Business,562.6,6,447,41.34,2024-06-19,1
2647,55.0,Female,North,Secondary,Unemployed,893021.77,250344.58,Business,721.5,1,302,66.24,2019-10-18,0
2648,68.0,Other,South,Post-Graduate,,631933.13,694569.69,Other,715.6,8,445,83.53,2019-04-27,1
2649,62.0,Male,West,Post-Graduate,Unemployed,920528.77,483677.65,Car,690.3,7,30,14.16,2020-03-15,0
2650,54.0,Female,North,Primary,Self-Employed,597152.67,,Other,625.7,10,358,54.53,2023-03-20,0
2651,50.0,Female,East,Post-Graduate,Salaried,897060.29,584231.42,Business,711.9,5,223,65.04,2024-09-23,0
2652,49.0,Other,South,Secondary,Salaried,663835.67,260912.09,Education,765.6,6,361,77.84,2019-04-05,0
2653,28.0,Other,South,Graduate,Salaried,982808.12,356475.26,Home,799.1,11,344,49.06,2021-03-02,0
2654,52.0,Female,South,Graduate,Unemployed,449774.2,31382.68,Home,733.1,12,374,54.62,2025-03-02,0
2655,56.0,Female,East,Graduate,Salaried,800088.55,489626.08,Other,674.2,4,260,48.35,2020-09-04,0
2656,36.0,Male,North,Secondary,Salaried,1026725.98,135365.65,Business,623.0,12,68,25.08,2019-08-16,0
2657,37.0,Male,East,Secondary,Unemployed,348031.64,547627.92,Home,692.5,1,296,45.72,2024-07-25,1
2658,34.0,Female,South,Post-Graduate,Self-Employed,564038.35,409363.61,Car,769.1,8,115,13.37,2025-03-12,0
2659,36.0,Other,North,Primary,Salaried,571152.12,596996.54,Other,,10,146,75.92,2023-07-04,1
2660,31.0,Male,South,Secondary,Salaried,842816.58,603559.68,Other,606.0,4,386,41.31,2023-01-26,0
2661,35.0,Other,West,Graduate,Unemployed,1074656.33,578614.44,Home,596.6,12,130,58.25,2021-02-08,1
2662,41.0,Male,West,Graduate,Salaried,1298454.51,34950.51,Home,691.4,11,252,76.38,2024-04-23,0
2663,29.0,Female,East,Primary,Unemployed,599541.04,249256.76,Car,694.3,11,44,15.84,2021-09-15,0
2664,50.0,Other,East,Post-Graduate,,917869.17,179166.88,Education,622.7,11,408,25.99,2024-08-19,0
2665,47.0,Male,East,Graduate,Salaried,860440.49,716870.91,Business,616.6,6,460,80.28,2023-03-02,1
2666,57.0,Other,North,Primary,,558007.87,478555.67,Car,836.9,10,473,33.17,2019-03-11,1
2667,52.0,Male,North,Post-Graduate,Unemployed,774188.13,70535.23,Other,699.8,9,81,19.75,2018-01-06,0
2668,62.0,Female,South,Graduate,Unemployed,926944.84,810277.02,Home,650.0,10,305,30.86,2023-01-11,0
2669,27.0,Female,South,Post-Graduate,Salaried,1103617.57,610949.02,Education,709.1,6,32,64.66,2022-08-15,0
2670,42.0,Male,East,Graduate,Self-Employed,1007699.05,241364.4,Other,850.0,0,471,25.12,2019-05-21,0
2671,66.0,Female,South,Graduate,Self-Employed,644071.89,268561.86,Business,,1,389,47.81,2025-06-22,0
2672,24.0,Male,West,Primary,Salaried,1040092.46,581149.11,Other,528.6,4,246,68.24,2025-06-04,0
2673,54.0,Female,North,Secondary,Salaried,772544.66,320250.61,Car,745.8,6,102,38.67,2018-11-02,0
2674,31.0,Female,North,Graduate,Self-Employed,691513.57,577914.71,Home,719.5,1,201,53.74,2024-10-23,1
2675,33.0,Male,East,Post-Graduate,Unemployed,739287.98,562364.79,Education,678.7,8,179,93.34,2024-09-12,0
2676,56.0,Other,North,Graduate,Salaried,653080.25,331092.05,Education,654.5,5,377,50.24,2019-11-30,0
2677,58.0,Other,East,Primary,Self-Employed,755290.04,495231.56,Home,759.4,10,149,23.6,2024-07-15,0
2678,39.0,Other,South,Primary,Self-Employed,6025469.3,796999.26,Car,744.9,5,360,69.78,2024-06-22,0
2679,47.0,Male,North,Graduate,Unemployed,686052.48,424127.96,Education,737.7,1,235,35.67,2018-06-25,0
2680,48.0,Other,North,Secondary,Self-Employed,1102488.07,10000.0,Car,676.4,6,211,40.94,2021-05-02,0
2681,59.0,Other,North,Graduate,Salaried,,659784.35,Car,595.8,1,472,45.39,2021-01-23,0
2682,67.0,Male,North,Graduate,Self-Employed,,102253.22,Other,557.9,1,102,15.24,2021-07-12,0
2683,70.0,Female,West,Primary,Unemployed,1070136.18,968020.89,Car,522.7,0,377,20.66,2020-10-28,1
2684,70.0,Female,North,Post-Graduate,Self-Employed,512653.89,616577.12,Business,678.1,12,456,31.52,2020-09-17,1
2685,22.0,Other,West,Post-Graduate,Self-Employed,639731.74,524700.73,Education,750.8,10,343,60.15,2024-01-02,1
2686,24.0,Male,West,Graduate,Salaried,1593029.66,238284.27,Education,538.2,7,254,83.38,2018-11-04,1
2687,65.0,Other,West,Secondary,Self-Employed,911164.0,459334.16,Business,800.8,1,14,68.47,2024-09-16,0
2688,29.0,Other,South,Secondary,Self-Employed,818452.41,494412.55,Business,738.9,1,228,73.32,2025-06-22,0
2689,69.0,Other,South,Secondary,Self-Employed,618097.44,10000.0,Car,626.4,2,117,57.22,2019-02-28,0
2690,63.0,Other,North,Graduate,Salaried,571951.98,446929.48,Car,603.5,10,223,53.86,2023-05-13,1
2691,43.0,Other,West,Secondary,Unemployed,972617.95,243063.37,Home,764.9,5,301,30.0,2018-11-27,0
2692,62.0,Other,North,Post-Graduate,Self-Employed,897353.52,401362.78,Education,789.7,11,34,39.43,2023-04-07,0
2693,21.0,Male,East,Post-Graduate,Self-Employed,636355.52,87846.5,Other,663.2,9,317,62.02,2022-06-25,0
2694,47.0,Other,East,Primary,Unemployed,933656.49,32327.91,Education,741.2,3,284,89.42,2021-08-25,0
2695,56.0,Other,East,Primary,Self-Employed,,631743.68,Education,715.1,5,177,18.57,2020-02-13,0
2696,27.0,Male,West,Post-Graduate,Self-Employed,946584.57,499241.62,Education,783.3,1,476,73.55,2019-02-12,0
2697,27.0,Other,North,Graduate,Salaried,313797.69,10000.0,Business,616.0,5,380,61.46,2021-10-04,1
2698,36.0,Other,West,Primary,Unemployed,831429.61,522070.49,Car,661.6,3,138,21.42,2023-06-18,0
2699,64.0,Other,South,Graduate,Self-Employed,,712948.72,Business,698.3,1,459,77.36,2023-11-26,0
2700,68.0,Other,East,Post-Graduate,Salaried,794469.63,,Business,536.6,1,41,86.77,2022-12-13,0
2701,34.0,Other,West,Secondary,Salaried,931702.93,491349.11,Home,738.5,1,464,11.37,2024-01-01,0
2702,,Male,North,Primary,Salaried,1580826.18,,Business,840.8,4,349,80.59,2018-04-20,0
2703,40.0,Other,East,Primary,Unemployed,423119.5,329585.32,Home,700.5,1,261,23.01,2018-11-07,0
2704,49.0,Other,West,Secondary,Salaried,,10000.0,Home,659.1,1,222,63.92,2023-04-12,0
2705,39.0,Other,East,Post-Graduate,Self-Employed,343214.21,264916.68,Car,709.2,2,497,11.75,2020-02-08,0
2706,,Male,East,Post-Graduate,Salaried,536643.02,359915.37,Home,710.9,6,189,15.64,2018-07-04,0
2707,21.0,,West,Secondary,Unemployed,599946.47,312315.24,Car,647.5,11,238,58.55,2019-06-30,0
2708,64.0,Female,West,Primary,Unemployed,931733.09,654089.47,Other,661.8,11,242,21.09,2018-12-15,0
2709,69.0,Female,North,Secondary,Unemployed,290687.62,152475.86,Business,575.4,7,256,46.0,2022-11-29,1
2710,,,South,Primary,Self-Employed,540839.08,519429.91,Other,715.1,8,48,55.31,2024-06-08,1
2711,51.0,Female,South,Graduate,Salaried,737891.57,597953.28,Other,678.8,8,214,89.0,2018-12-13,1
2712,56.0,Male,South,Primary,Self-Employed,974225.68,1027152.87,Business,714.2,9,341,44.23,2021-06-30,0
2713,41.0,Male,East,Graduate,Self-Employed,283596.32,378171.11,Other,838.8,10,171,30.27,2022-05-22,0
2714,33.0,Female,South,Graduate,Self-Employed,1235114.31,164123.77,Business,641.8,10,293,36.88,2018-05-08,0
2715,,Male,North,Graduate,Self-Employed,763913.64,464606.87,Education,600.8,3,239,57.51,2021-02-17,0
2716,67.0,Other,West,Post-Graduate,Self-Employed,315722.77,442403.16,Other,740.3,4,484,74.54,2018-05-28,1
2717,54.0,,North,Post-Graduate,Salaried,175035.07,293382.12,Home,736.7,11,74,92.87,2019-03-10,0
2718,38.0,Female,West,Primary,Unemployed,1109214.4,408253.68,Business,619.7,12,39,93.91,2019-12-13,1
2719,44.0,Other,West,Post-Graduate,Self-Employed,3106868.75,129232.35,Home,709.3,0,492,68.99,2021-06-26,0
2720,54.0,Female,North,Graduate,Unemployed,653532.56,535313.8,Other,668.0,6,69,75.42,2021-05-16,0
2721,47.0,Female,West,Primary,Unemployed,3326074.24,423139.22,Education,737.8,12,12,29.63,2019-10-06,0
2722,63.0,Other,West,Post-Graduate,Unemployed,925165.38,413574.38,Education,663.4,3,73,36.18,2022-03-21,0
2723,59.0,Female,West,Secondary,Self-Employed,869951.72,50565.41,Business,664.6,12,496,29.34,2019-02-19,0
2724,57.0,Male,North,Primary,Unemployed,621149.11,200618.56,Business,691.7,8,67,18.95,2025-08-17,0
2725,70.0,Other,North,Secondary,Self-Employed,922722.4,373700.01,Education,742.0,11,199,79.33,2019-02-01,0
2726,59.0,Other,South,Graduate,Self-Employed,76025.71,434900.9,Business,,3,143,30.57,2023-03-01,1
2727,39.0,Other,South,Secondary,Salaried,1240261.79,481010.24,Home,662.0,2,166,17.77,2025-04-13,0
2728,42.0,Male,West,Primary,Salaried,509051.92,319986.14,Business,653.9,0,332,21.69,2022-04-03,0
2729,62.0,Female,West,Secondary,Unemployed,614374.5,358968.09,Education,710.1,10,163,32.51,2025-04-03,0
2730,33.0,Male,East,Graduate,Self-Employed,564618.63,294769.58,Car,626.6,6,66,20.51,2022-08-04,0
2731,47.0,Other,South,Post-Graduate,Unemployed,733119.98,298121.7,Car,708.3,7,395,75.79,2021-07-21,0
2732,67.0,Female,North,Secondary,Salaried,469198.61,190339.31,Car,743.5,4,440,62.02,2025-05-14,0
2733,33.0,Other,South,Primary,Self-Employed,534293.12,596908.1,Home,666.3,3,490,66.92,2025-01-18,1
2734,52.0,Female,South,Graduate,Self-Employed,783184.57,676716.67,Education,600.4,8,50,59.8,2025-01-26,1
2735,29.0,Other,South,Primary,Self-Employed,547051.59,557811.08,Business,599.8,4,403,87.33,2024-05-05,1
2736,39.0,Female,East,Post-Graduate,Salaried,716563.44,431523.91,Business,682.8,9,277,84.27,2019-07-10,0
2737,44.0,Other,West,Primary,Unemployed,886897.09,10000.0,Home,577.9,8,185,86.77,2021-04-03,1
2738,29.0,Female,South,Post-Graduate,Salaried,407855.13,544370.26,Home,644.8,7,85,83.08,2020-11-03,0
2739,69.0,Female,South,Post-Graduate,Salaried,341409.29,531234.52,Education,758.4,2,436,63.74,2020-11-01,1
2740,63.0,Male,South,Graduate,Salaried,263850.34,506903.47,Car,574.5,4,108,20.57,2022-06-03,0
2741,68.0,Male,West,Graduate,Salaried,504861.36,52172.23,Car,682.2,8,483,55.15,2020-12-31,0
2742,48.0,Female,East,Graduate,Unemployed,1125607.16,598610.85,Other,604.6,4,296,45.2,2020-12-11,0
2743,43.0,Other,South,Post-Graduate,Unemployed,968257.54,60719.64,Home,732.1,11,60,51.91,2021-03-25,0
2744,54.0,Other,South,Post-Graduate,Unemployed,1127235.38,740538.23,Car,548.8,4,466,12.01,2020-05-23,0
2745,51.0,Female,East,Graduate,Salaried,446171.82,580743.43,Home,677.8,10,146,93.17,2021-02-13,0
2746,31.0,Male,South,Secondary,Salaried,773918.68,411857.71,Business,708.3,1,498,11.35,2018-01-27,0
2747,70.0,Female,West,Post-Graduate,Self-Employed,433761.43,95235.23,Car,602.9,8,372,90.53,2022-12-17,1
2748,34.0,Male,South,Post-Graduate,Unemployed,1117702.16,318322.31,Car,729.9,12,122,79.69,2023-02-15,0
2749,59.0,Male,North,Graduate,Salaried,267343.34,603464.61,Education,709.2,0,11,21.73,2018-01-06,1
2750,65.0,Female,North,Graduate,Self-Employed,454132.16,712374.91,Business,655.4,12,200,92.56,2021-11-07,1
2751,36.0,Other,East,Primary,Self-Employed,,437213.65,Other,596.7,1,289,48.52,2018-05-05,0
2752,34.0,Female,South,Graduate,Salaried,557891.16,10000.0,Education,708.0,3,58,93.5,2024-11-12,0
2753,54.0,Female,North,Primary,Unemployed,360016.56,847150.86,Home,,5,315,64.31,2018-04-20,1
2754,51.0,Female,East,Secondary,Salaried,397693.34,759391.41,Other,697.6,7,48,84.07,2019-05-12,1
2755,62.0,Other,West,Graduate,Salaried,578763.94,91199.98,Business,712.6,5,420,62.76,2024-12-30,0
2756,44.0,Other,North,Post-Graduate,Salaried,,279794.72,Other,648.0,3,12,79.62,2024-03-06,0
2757,39.0,Male,West,Post-Graduate,Self-Employed,6066583.65,295389.93,Education,789.4,1,489,28.79,2018-04-09,0
2758,54.0,Other,East,Primary,Self-Employed,562985.96,172885.43,Education,686.2,8,178,90.71,2018-01-21,0
2759,23.0,Other,West,Graduate,Salaried,537047.34,849675.74,Other,736.7,9,154,67.56,2019-06-09,1
2760,28.0,Other,East,Graduate,Salaried,526346.64,373835.76,Education,661.6,12,500,88.1,2025-04-21,0
2761,46.0,Female,North,Post-Graduate,Unemployed,,629603.69,Business,595.8,9,450,27.1,2024-06-09,1
2762,49.0,Other,East,Graduate,Self-Employed,111793.95,711503.03,Education,698.6,10,291,67.12,2022-09-15,1
2763,60.0,Female,North,Post-Graduate,Unemployed,1145473.76,590257.17,Car,579.6,7,333,22.86,2022-10-23,1
2764,62.0,Male,East,Secondary,Salaried,140509.16,10000.0,Business,645.0,3,237,50.18,2018-10-24,0
2765,68.0,Female,West,Primary,Self-Employed,654894.85,773339.14,Home,839.9,4,131,93.86,2022-12-02,1
2766,51.0,Female,South,Post-Graduate,Unemployed,692864.33,469765.54,Other,,12,265,81.23,2022-03-09,0
2767,29.0,Female,West,Primary,Salaried,724455.09,10000.0,Education,726.0,11,86,49.92,2020-05-03,0
2768,45.0,Female,West,Graduate,Unemployed,622620.92,1149461.19,Home,667.1,2,441,31.18,2018-04-21,1
2769,44.0,Female,West,Secondary,Self-Employed,746710.93,789041.73,Other,691.0,0,302,55.87,2018-01-04,0
2770,23.0,Female,East,Secondary,Salaried,410126.6,446332.34,Other,725.2,4,42,79.8,2020-10-04,0
2771,53.0,Male,West,Primary,Self-Employed,483874.51,763713.24,Home,601.4,7,448,71.21,2022-12-13,1
2772,22.0,Male,East,Primary,Unemployed,397393.4,,Business,668.0,4,408,30.37,2022-12-29,1
2773,40.0,Male,West,Post-Graduate,Salaried,890526.26,271545.49,Home,584.9,10,427,82.05,2022-04-12,1
2774,43.0,Other,West,Post-Graduate,Salaried,868240.08,282660.49,Other,558.8,0,383,37.63,2022-03-15,0
2775,30.0,Male,West,Secondary,,606058.06,701204.46,Car,719.0,8,190,85.0,2025-01-15,1
2776,66.0,Other,South,Primary,Self-Employed,774993.28,,Other,667.3,2,74,27.42,2020-06-15,0
2777,22.0,Other,East,Graduate,,1162800.95,434741.97,Business,704.6,11,8,34.6,2021-01-23,0
2778,51.0,Female,North,Graduate,Self-Employed,574493.9,578644.97,Business,589.1,1,380,90.8,2025-04-16,1
2779,56.0,Female,West,Post-Graduate,Self-Employed,515901.07,303856.69,Education,766.6,11,163,41.5,2025-04-28,0
2780,51.0,Male,North,Graduate,Unemployed,965303.87,27510.38,Car,772.1,7,206,13.98,2021-12-16,0
2781,58.0,Other,South,Post-Graduate,Salaried,453282.41,487760.64,Business,712.3,0,152,58.72,2024-01-10,1
2782,44.0,Female,North,Post-Graduate,Unemployed,1020018.01,375570.04,Car,721.7,6,44,68.39,2024-03-19,0
2783,59.0,Female,South,Graduate,Self-Employed,856395.68,151473.68,Business,634.5,10,146,12.95,2022-04-06,0
2784,33.0,Other,South,Secondary,Salaried,447520.24,,Home,805.6,1,136,31.01,2020-03-05,1
2785,26.0,Female,West,Graduate,Self-Employed,813563.8,476793.66,Car,678.8,5,133,52.65,2021-08-17,0
2786,65.0,Other,West,Graduate,Self-Employed,762274.0,542307.71,Business,737.4,5,43,33.5,2022-08-15,0
2787,66.0,Other,North,Secondary,,897923.48,350615.61,Education,592.8,8,107,65.26,2023-02-12,1
2788,46.0,Other,East,Post-Graduate,Unemployed,813570.64,627913.85,Education,641.6,3,341,93.9,2024-02-01,0
2789,25.0,,West,Secondary,Self-Employed,338782.77,469322.58,Business,745.1,0,359,20.43,2024-11-22,0
2790,59.0,Female,South,Post-Graduate,Unemployed,598662.16,16743.83,Education,700.1,2,308,26.65,2024-01-08,0
2791,28.0,Male,South,Post-Graduate,Salaried,301190.17,430896.52,Other,568.0,9,458,93.86,2019-01-06,1
2792,69.0,Male,South,Post-Graduate,Salaried,756398.68,479345.34,Home,585.2,11,384,67.47,2019-06-06,1
2793,29.0,Male,East,Graduate,Self-Employed,1123113.67,749067.89,Car,698.1,4,465,39.91,2022-04-17,0
2794,30.0,Male,East,Primary,Unemployed,739750.89,196620.81,Car,726.7,3,328,77.32,2024-09-30,0
2795,39.0,Female,East,Graduate,Unemployed,759928.81,522987.87,Other,685.1,4,12,29.98,2025-03-19,0
2796,39.0,Male,East,Primary,Self-Employed,1072406.82,378167.39,Education,720.8,2,457,34.06,2021-05-03,0
2797,44.0,Other,West,Primary,Salaried,1443403.65,456529.18,Education,675.9,2,268,14.6,2024-07-21,0
2798,38.0,Female,North,Secondary,Salaried,2849120.33,551081.43,Education,659.4,0,469,62.68,2023-04-02,0
2799,65.0,Female,East,Post-Graduate,Self-Employed,,10000.0,Home,734.3,10,117,51.61,2021-12-23,0
2800,49.0,Female,West,Primary,,451619.92,22697.18,Business,,5,169,36.35,2019-03-14,0
2801,47.0,Female,South,Post-Graduate,Unemployed,454221.07,499556.39,Home,570.2,9,386,83.95,2024-10-23,1
2802,29.0,Other,South,Primary,Self-Employed,440961.13,70351.96,Car,814.5,1,111,85.2,2020-06-30,0
2803,51.0,Female,South,Secondary,Unemployed,337924.5,121153.96,Other,641.3,2,461,34.48,2023-01-03,0
2804,25.0,Other,North,Secondary,Self-Employed,488633.99,128672.22,Education,,0,118,48.24,2019-04-04,0
2805,59.0,Other,South,Secondary,Salaried,722064.54,785797.19,Business,527.1,4,415,25.36,2019-01-02,1
2806,,Male,West,Graduate,Salaried,859663.13,350918.39,Business,706.9,0,372,33.47,2020-10-26,0
2807,38.0,Other,North,Primary,Self-Employed,648609.82,566352.89,Car,702.4,6,306,17.9,2019-08-27,1
2808,31.0,Other,West,Graduate,,163166.92,642988.67,Business,661.5,8,127,37.13,2023-03-07,1
2809,27.0,Other,West,Secondary,Unemployed,1326264.67,593012.15,Car,680.2,0,27,59.98,2018-09-03,0
2810,42.0,,West,Graduate,Unemployed,489590.06,630277.78,Business,602.5,7,482,47.91,2021-09-16,1
2811,28.0,Male,East,Post-Graduate,Self-Employed,322606.5,440866.3,Business,663.8,4,145,78.29,2025-02-25,1
2812,54.0,Female,North,Post-Graduate,Self-Employed,716624.04,440245.63,Business,656.9,4,388,44.92,2020-04-02,0
2813,34.0,Other,West,Graduate,Unemployed,352587.58,1085714.85,Other,746.7,12,378,81.67,2023-08-09,1
2814,44.0,Male,South,Post-Graduate,Unemployed,680807.57,30018.83,Education,747.2,0,26,76.78,2025-03-08,0
2815,30.0,Male,East,Primary,Unemployed,938103.46,838262.9,Education,580.8,1,9,57.94,2020-01-24,0
2816,42.0,Female,West,Primary,Self-Employed,,708190.66,Home,631.0,11,106,48.52,2019-06-19,1
2817,39.0,Male,South,Secondary,Salaried,896548.61,608229.26,Home,733.9,0,284,16.59,2023-06-17,0
2818,60.0,Other,South,Secondary,Unemployed,1232639.04,128415.1,Education,769.9,4,461,93.21,2020-02-19,0
2819,23.0,Female,East,Secondary,,1471785.53,791070.56,Home,763.3,2,290,32.13,2023-03-03,0
2820,55.0,Other,North,Primary,Self-Employed,546325.5,735587.17,Other,638.5,10,155,73.88,2022-07-09,1
2821,,Other,East,Secondary,Unemployed,587267.92,634242.0,Business,636.9,8,118,46.67,2018-01-20,1
2822,53.0,Other,South,Graduate,Unemployed,879611.76,303188.27,Business,,11,13,55.0,2021-10-05,0
2823,31.0,Other,South,Post-Graduate,Salaried,219638.83,208971.26,Education,555.0,3,418,87.61,2019-08-08,1
2824,66.0,Male,East,Post-Graduate,Salaried,465903.15,133868.36,Car,725.4,11,315,70.49,2023-04-24,0
2825,70.0,Male,East,Post-Graduate,Salaried,595108.73,236223.47,Other,817.1,6,208,18.96,2021-12-18,0
2826,24.0,Female,South,Graduate,Self-Employed,114294.2,571912.27,Other,628.8,8,421,56.66,2023-10-31,1
2827,37.0,Other,East,Post-Graduate,Salaried,1086059.18,132125.3,Car,709.1,9,189,17.09,2022-10-16,0
2828,63.0,Other,South,Primary,Salaried,283565.63,707064.94,Business,706.2,8,121,69.11,2020-08-21,0
2829,,Other,South,Primary,Salaried,686910.56,202888.01,Car,714.3,12,475,27.3,2023-07-16,0
2830,31.0,Other,South,Secondary,Unemployed,767117.25,642982.7,Home,692.0,1,261,74.97,2020-01-09,1
2831,44.0,Female,North,Secondary,Salaried,767618.2,479539.39,Car,707.3,12,356,28.43,2018-09-30,0
2832,52.0,Female,North,Secondary,Salaried,423014.06,411090.25,Business,768.3,6,252,25.92,2019-04-06,1
2833,52.0,Other,North,Post-Graduate,Self-Employed,500708.35,210176.12,Education,676.7,0,358,18.94,2024-07-11,0
2834,34.0,Other,West,Primary,Self-Employed,665152.15,495686.49,Home,731.9,4,276,30.27,2020-06-14,0
2835,,Male,West,Secondary,Unemployed,624434.09,684418.75,Car,738.7,10,34,86.32,2024-03-12,1
2836,23.0,Other,South,Graduate,Unemployed,922387.53,729958.76,Other,712.1,10,380,71.11,2018-02-09,0
2837,62.0,Male,East,Primary,Unemployed,1131192.61,712926.41,Car,602.6,0,196,83.2,2020-05-29,0
2838,29.0,Other,North,Secondary,Salaried,1009639.22,404173.46,Car,635.0,7,201,23.62,2019-08-28,0
2839,,,North,Primary,Unemployed,973973.81,563106.51,Home,658.6,11,115,24.23,2022-05-02,0
2840,46.0,Female,South,Primary,Salaried,1056556.45,745849.77,Education,761.0,7,411,80.49,2024-01-09,0
2841,27.0,Other,East,Primary,Self-Employed,522017.34,657794.98,Education,681.9,3,404,11.34,2019-12-02,1
2842,34.0,Female,North,Primary,Unemployed,380864.17,996555.79,Education,704.5,0,189,77.31,2018-11-14,1
2843,22.0,Female,North,Secondary,Self-Employed,1167437.32,544623.17,Other,676.3,8,154,45.09,2023-06-28,0
2844,37.0,Male,West,Post-Graduate,Self-Employed,962965.13,338604.0,Education,665.8,0,291,65.68,2020-07-19,0
2845,23.0,Other,West,Secondary,Unemployed,508502.29,652361.67,Car,678.2,7,467,23.89,2019-11-16,1
2846,56.0,Male,South,Primary,Salaried,663269.23,877864.37,Education,701.9,8,469,30.08,2018-02-14,1
2847,22.0,Female,East,Primary,Salaried,522502.63,472834.4,Business,823.1,9,25,40.93,2020-01-03,1
2848,61.0,Male,West,Graduate,Unemployed,821089.18,310958.53,Education,850.0,12,44,71.12,2023-03-03,0
2849,49.0,Female,North,Graduate,Unemployed,95379.99,175392.04,Education,774.4,1,88,86.01,2020-11-08,0
2850,55.0,Male,East,Graduate,Unemployed,574536.24,690677.82,Business,647.8,10,271,20.24,2018-09-13,0
2851,52.0,Other,North,Primary,Self-Employed,786226.97,156829.71,Home,755.8,5,71,32.78,2022-06-23,0
2852,57.0,Female,North,Secondary,Salaried,470606.81,616968.55,Car,721.0,5,43,89.22,2023-06-03,0
2853,56.0,Female,South,Secondary,Salaried,1167931.46,410283.99,Other,689.6,2,230,49.14,2019-07-11,0
2854,43.0,Male,East,Post-Graduate,Salaried,1026502.33,302176.72,Business,645.0,4,273,57.94,2023-04-27,0
2855,31.0,Male,East,Primary,Unemployed,251221.97,51455.33,Car,636.0,7,461,68.18,2018-03-07,0
2856,,Female,East,Graduate,Salaried,502467.95,316945.66,Business,640.1,9,414,54.92,2022-04-23,0
2857,36.0,Other,West,Post-Graduate,,512513.78,,Car,597.7,2,368,30.38,2018-11-14,0
2858,30.0,Male,West,Secondary,Salaried,981127.57,48341.77,Home,850.0,3,430,29.95,2021-06-30,0
2859,47.0,Other,East,Secondary,Self-Employed,,486176.87,Car,759.7,2,52,41.82,2020-03-14,1
2860,46.0,Female,North,Graduate,Self-Employed,1007768.99,616420.46,Education,614.4,2,459,28.46,2022-02-01,0
2861,44.0,Male,West,Graduate,Self-Employed,,700959.79,Other,805.1,3,143,84.06,2019-08-27,1
2862,37.0,Other,East,Secondary,Unemployed,221409.78,140268.18,Education,647.1,4,90,75.05,2018-11-28,0
2863,45.0,Other,South,Graduate,Unemployed,711220.6,520131.77,Business,698.0,6,144,73.96,2025-03-13,0
2864,39.0,Female,South,Post-Graduate,Self-Employed,823708.08,157447.35,Other,,7,93,31.52,2020-04-16,0
2865,28.0,Female,West,Secondary,Unemployed,324442.72,777663.02,Car,665.8,5,488,65.33,2023-12-07,1
2866,24.0,Male,North,Primary,Salaried,838324.93,10000.0,Education,711.5,2,138,37.56,2020-03-16,0
2867,46.0,Other,North,Primary,Self-Employed,1344319.19,331114.6,Business,580.9,6,486,24.28,2020-04-22,1
2868,21.0,Other,West,Secondary,Unemployed,758015.22,371455.32,Business,586.8,1,376,12.25,2024-09-02,0
2869,40.0,Male,West,Graduate,Salaried,216079.93,78434.27,Business,696.0,7,311,91.24,2025-01-19,0
2870,25.0,Female,North,Secondary,Unemployed,615285.85,389350.95,Car,709.1,9,9,18.7,2019-11-06,0
2871,26.0,Other,West,Secondary,Unemployed,685153.04,407284.06,Car,825.4,7,89,57.42,2024-12-18,0
2872,28.0,Other,East,Secondary,Self-Employed,914227.8,631495.29,Home,705.7,1,140,73.54,2024-12-02,0
2873,50.0,Male,North,Primary,,325668.69,112633.07,Home,726.1,7,263,84.38,2019-11-03,0
2874,38.0,Other,West,Primary,Unemployed,239194.63,,Education,732.8,10,248,28.94,2023-06-24,1
2875,58.0,Other,West,Secondary,Self-Employed,454584.59,622740.83,Other,638.6,9,144,48.84,2021-08-18,1
2876,53.0,Other,South,Post-Graduate,Self-Employed,1064690.45,429101.31,Business,743.3,7,249,58.86,2025-05-27,0
2877,22.0,Female,South,Primary,Salaried,230417.25,,Education,646.6,4,378,67.18,2019-02-28,1
2878,48.0,Other,West,Post-Graduate,Unemployed,854459.41,616871.67,Home,618.9,12,287,63.78,2024-12-10,1
2879,60.0,Male,East,Secondary,Self-Employed,453570.6,514339.37,Car,738.4,7,172,81.85,2019-12-04,1
2880,63.0,Female,East,Graduate,Salaried,535006.96,263954.59,Other,774.8,1,274,11.98,2019-06-20,0
2881,43.0,Female,West,Graduate,Salaried,1107330.24,362886.94,Business,637.0,2,415,33.5,2020-09-27,0
2882,67.0,,East,Graduate,Unemployed,824724.59,902596.04,Car,604.0,12,401,37.43,2020-07-04,1
2883,42.0,Other,North,Primary,Unemployed,862905.18,470300.65,Business,,4,219,48.93,2024-08-24,0
2884,41.0,Other,East,Post-Graduate,Self-Employed,354344.4,692394.13,Car,570.4,9,389,63.94,2019-12-19,1
2885,34.0,Male,East,Graduate,Salaried,768712.79,154978.19,Business,800.0,9,320,14.48,2018-09-04,0
2886,21.0,Female,East,Post-Graduate,Self-Employed,175274.8,391681.79,Car,,9,370,16.98,2019-06-12,1
2887,65.0,Male,East,Post-Graduate,Salaried,590584.41,,Education,636.9,7,197,69.96,2021-09-28,0
2888,29.0,Male,South,Graduate,Self-Employed,333208.9,399287.26,Home,665.3,0,266,40.1,2018-04-02,1
2889,25.0,Male,South,Primary,Self-Employed,352840.11,350051.98,Home,599.4,10,200,86.66,2024-10-06,1
2890,66.0,Male,South,Primary,Unemployed,815080.92,496472.27,Education,,12,201,14.1,2020-10-01,0
2891,39.0,Male,South,Primary,Salaried,627891.22,700896.46,Business,569.3,6,32,66.52,2025-08-04,1
2892,56.0,Female,West,Post-Graduate,Self-Employed,962134.8,355177.83,Business,574.5,1,21,59.33,2022-08-29,0
2893,50.0,Other,North,Graduate,Unemployed,719210.37,658811.9,Education,621.8,5,157,38.12,2018-08-27,1
2894,33.0,Other,East,Graduate,Salaried,770480.84,391683.13,Car,646.1,0,76,42.45,2020-04-16,0
2895,24.0,Other,East,Graduate,Unemployed,226783.14,305702.26,Home,663.6,1,110,41.04,2018-10-14,1
2896,50.0,Female,West,Graduate,Unemployed,519158.27,366598.86,Home,689.2,2,414,77.63,2018-02-28,0
2897,41.0,Female,South,Graduate,Unemployed,596238.43,305281.83,Car,651.4,6,85,19.13,2022-09-17,0
2898,50.0,Male,West,Graduate,Self-Employed,1035183.07,567869.28,Car,600.8,3,32,24.81,2021-02-28,0
2899,43.0,Male,South,Graduate,Unemployed,738749.62,456802.33,Car,731.9,8,322,27.53,2023-03-08,0
2900,55.0,Female,East,Primary,,50000.0,718880.72,Education,,1,307,66.94,2024-08-11,0
2901,60.0,Female,East,Graduate,Salaried,266437.49,194285.68,Car,658.1,6,341,94.98,2021-05-07,0
2902,58.0,Female,West,Graduate,Self-Employed,7577316.44,367673.99,Education,850.0,2,160,84.21,2023-11-26,0
2903,52.0,Other,East,Post-Graduate,,1108032.35,120784.02,Home,600.4,10,182,74.98,2019-05-27,1
2904,68.0,Male,South,Primary,Salaried,765210.06,,Education,634.5,7,78,74.5,2021-11-08,0
2905,63.0,Other,South,Primary,Self-Employed,1005582.96,533233.29,Home,718.8,4,363,82.3,2018-06-25,0
2906,35.0,Female,East,Post-Graduate,,391153.53,688087.26,Car,686.4,9,70,78.16,2018-12-26,1
2907,52.0,Female,East,Primary,Self-Employed,455757.73,698238.0,Home,655.2,3,450,20.67,2024-04-19,0
2908,48.0,Male,East,Graduate,Self-Employed,268185.12,10000.0,Business,,1,182,40.48,2023-04-02,0
2909,26.0,Female,East,Post-Graduate,Unemployed,897291.08,200254.01,Home,832.4,9,127,45.75,2020-09-05,0
2910,42.0,Other,East,Post-Graduate,Salaried,169966.73,313405.19,Car,705.7,6,64,83.41,2018-10-21,1
2911,29.0,Other,West,Post-Graduate,Unemployed,680398.54,640365.71,Education,721.7,6,39,60.44,2018-11-30,0
2912,,Other,West,Secondary,Salaried,941713.48,323047.74,Other,614.1,7,288,35.85,2023-05-28,1
2913,48.0,Male,East,Primary,Self-Employed,794135.25,362913.9,Education,642.1,3,204,58.51,2020-01-21,0
2914,29.0,Female,South,Primary,Unemployed,533399.66,525154.73,Home,666.5,4,212,59.84,2018-02-10,1
2915,57.0,Female,North,Post-Graduate,Salaried,,10000.0,Car,781.6,8,190,66.73,2020-07-15,0
2916,33.0,Female,East,Post-Graduate,Unemployed,4137519.68,497807.16,Education,747.4,3,333,72.64,2023-07-02,0
2917,31.0,Male,South,Post-Graduate,Salaried,737321.12,98342.72,Home,738.9,0,434,92.82,2018-05-25,0
2918,34.0,Male,East,Secondary,Unemployed,,290506.1,Car,759.6,11,232,35.89,2022-04-10,0
2919,42.0,Other,West,Graduate,Unemployed,765392.51,,Business,665.4,3,432,92.93,2018-01-14,0
2920,29.0,Other,North,Primary,Unemployed,540059.24,245629.73,Car,662.2,10,500,66.49,2018-09-20,0
2921,53.0,Male,West,Graduate,Self-Employed,725565.72,120510.76,Car,,10,205,46.03,2022-05-30,0
2922,53.0,Male,South,Secondary,Unemployed,833141.32,406069.21,Business,752.4,5,302,53.81,2021-10-09,0
2923,60.0,Other,South,Primary,Unemployed,,446928.76,Car,641.2,3,256,40.7,2021-11-14,0
2924,30.0,Female,West,Primary,Unemployed,,391554.58,Education,643.7,11,234,90.99,2021-09-13,0
2925,24.0,Male,West,Graduate,Salaried,918113.11,10000.0,Education,746.9,7,289,15.23,2018-10-02,0
2926,60.0,Other,South,Secondary,Salaried,802311.61,306502.43,Home,673.0,5,86,77.94,2024-09-21,0
2927,41.0,Female,West,Post-Graduate,Self-Employed,989491.96,628846.68,Car,601.6,3,209,71.7,2022-07-31,0
2928,,Other,East,Graduate,Unemployed,902438.16,467123.32,Other,712.5,12,389,42.87,2024-05-13,0
2929,63.0,Other,East,Graduate,Self-Employed,948573.39,10000.0,Business,597.0,4,302,76.19,2020-02-17,0
2930,47.0,Male,North,Primary,Unemployed,,857263.0,Education,747.1,8,279,81.76,2021-11-06,1
2931,59.0,Other,South,Post-Graduate,Salaried,526844.57,607581.22,Home,744.7,9,361,65.35,2022-02-02,0
2932,58.0,Female,South,Post-Graduate,Salaried,,704137.21,Other,731.8,0,217,42.54,2024-04-20,0
2933,52.0,,North,Primary,Salaried,50000.0,222090.92,Home,718.4,3,479,63.88,2020-05-29,1
2934,69.0,Male,North,Secondary,Unemployed,700741.93,214639.85,Business,632.6,7,224,93.17,2022-12-20,0
2935,35.0,Other,North,Graduate,Self-Employed,636153.78,582116.1,Education,732.6,7,5,49.1,2019-02-17,1
2936,52.0,Female,East,Post-Graduate,Self-Employed,526954.58,656757.03,Car,565.1,9,213,51.58,2018-05-20,1
2937,59.0,Female,South,Primary,Self-Employed,711309.62,649410.12,Other,849.2,5,143,93.96,2024-03-01,1
2938,53.0,Male,West,Post-Graduate,Salaried,725691.88,745294.09,Education,776.1,5,113,93.39,2019-07-14,0
2939,38.0,Female,West,Primary,Self-Employed,,357699.3,Other,644.9,8,31,36.0,2019-01-07,0
2940,50.0,Other,East,Graduate,Self-Employed,344107.43,456718.34,Business,681.3,9,348,14.73,2018-05-24,1
2941,69.0,Other,North,Graduate,Salaried,592344.91,58671.49,Car,652.1,12,298,29.72,2024-06-08,0
2942,27.0,Male,South,Primary,Self-Employed,1266399.81,264516.54,Education,763.4,7,39,54.51,2019-08-11,0
2943,29.0,Other,North,Secondary,Self-Employed,1041502.59,271536.23,Other,691.6,10,39,18.8,2024-07-15,0
2944,40.0,Female,North,Secondary,Salaried,520570.76,607673.53,Car,685.3,10,300,34.03,2020-01-14,1
2945,56.0,Other,East,Primary,Salaried,384572.61,328549.48,Education,545.7,0,328,42.92,2019-11-09,0
2946,22.0,Female,East,Secondary,Salaried,816296.16,10000.0,Other,629.3,7,286,28.52,2023-03-04,0
2947,27.0,Male,West,Post-Graduate,Salaried,393747.25,383084.54,Other,684.0,10,324,84.17,2023-01-08,0
2948,31.0,Male,South,Secondary,Salaried,256955.8,172263.59,Home,691.4,4,291,16.79,2021-08-27,0
2949,51.0,Other,South,Primary,Salaried,597878.75,394992.18,Home,552.3,7,41,60.4,2025-06-16,1
2950,30.0,Other,South,Secondary,Unemployed,881333.39,669214.94,Home,671.7,12,229,32.93,2022-01-04,0
2951,34.0,Female,South,Post-Graduate,Self-Employed,445895.02,520525.64,Education,586.5,10,91,32.63,2024-09-11,1
2952,69.0,Other,East,Primary,Unemployed,745059.33,921328.55,Education,742.2,4,300,81.53,2023-05-07,0
2953,41.0,Female,South,Post-Graduate,Unemployed,737265.4,632637.47,Other,624.5,12,157,67.62,2023-10-24,1
2954,57.0,Male,East,Post-Graduate,Self-Employed,788297.32,277697.81,Car,555.8,5,490,18.86,2019-02-26,1
2955,35.0,Other,West,Primary,Unemployed,434571.5,338073.54,Other,577.3,7,23,65.17,2018-09-04,1
2956,33.0,Other,North,Secondary,Self-Employed,914512.35,423555.59,Education,705.4,9,119,32.03,2021-08-18,0
2957,53.0,Male,South,Secondary,Self-Employed,793458.13,376345.93,Other,644.8,5,197,27.23,2020-09-14,0
2958,44.0,Other,West,Secondary,Self-Employed,1172817.57,433184.53,Car,603.8,5,44,36.93,2021-10-13,1
2959,55.0,Female,North,Post-Graduate,Salaried,162049.07,273063.65,Other,707.9,10,383,84.28,2019-08-19,1
2960,61.0,Male,West,Primary,Salaried,905468.32,979815.96,Other,610.4,4,251,45.53,2020-01-07,0
2961,43.0,Male,North,Secondary,Salaried,559136.54,235291.38,Other,547.2,2,216,54.76,2024-05-26,0
2962,38.0,Female,South,Graduate,Salaried,,575951.08,Other,507.1,11,119,21.86,2018-01-04,1
2963,37.0,Female,South,Primary,Self-Employed,790135.4,,Home,669.7,1,436,55.83,2019-11-04,0
2964,24.0,Male,West,Post-Graduate,Salaried,984003.68,297766.84,Education,720.9,3,468,87.76,2023-08-31,0
2965,63.0,Male,West,Post-Graduate,Unemployed,565565.13,725443.59,Car,558.9,8,492,42.33,2022-12-20,1
2966,26.0,Female,East,Post-Graduate,Self-Employed,880399.13,481760.56,Car,557.7,0,273,45.52,2024-01-21,0
2967,40.0,Female,West,Secondary,Unemployed,610563.01,,Other,755.2,2,112,11.72,2019-11-28,0
2968,62.0,Female,South,Secondary,Salaried,57850.04,10000.0,Other,779.7,10,114,43.4,2018-11-16,0
2969,39.0,Other,West,Graduate,Unemployed,593597.61,475783.29,Home,563.8,8,398,11.21,2020-04-29,1
2970,53.0,Male,West,Secondary,Self-Employed,1090786.95,289540.08,Car,822.6,7,149,58.53,2025-01-31,0
2971,64.0,Male,South,Graduate,Self-Employed,1400752.0,528872.77,Education,710.3,6,125,75.33,2022-11-03,0
2972,40.0,Male,South,Graduate,Salaried,658523.24,400252.96,Home,593.6,5,237,62.3,2022-03-30,1
2973,61.0,Male,South,Post-Graduate,Salaried,959532.33,,Education,790.5,12,217,73.53,2025-05-26,0
2974,47.0,Other,North,Post-Graduate,Salaried,810194.51,224105.07,Education,622.6,9,342,38.52,2023-09-25,0
2975,38.0,Male,North,Post-Graduate,Self-Employed,759248.2,424222.99,Home,592.4,5,245,84.26,2020-06-23,1
2976,32.0,Female,East,Primary,Self-Employed,719827.92,320583.32,Home,827.6,12,273,58.64,2021-11-20,0
2977,25.0,Male,East,Primary,Self-Employed,666981.56,365770.35,Business,719.9,0,91,30.73,2025-05-22,0
2978,49.0,Female,North,Graduate,Self-Employed,1018290.02,223455.36,Other,667.0,3,341,26.93,2019-05-15,0
2979,69.0,Male,South,Primary,Self-Employed,606111.75,575366.33,Car,755.0,8,360,24.1,2024-06-29,1
2980,24.0,Other,North,Primary,Salaried,1290995.42,639716.9,Business,,2,61,81.8,2022-05-27,0
2981,59.0,Other,North,Secondary,Unemployed,455100.28,495860.05,Education,668.8,11,121,93.88,2019-07-11,1
2982,36.0,Female,East,Post-Graduate,Salaried,790839.11,558844.45,Car,582.9,2,192,13.9,2019-11-21,0
2983,56.0,Female,South,Graduate,Salaried,793825.59,1030184.93,Other,688.8,10,434,29.72,2025-03-16,1
2984,69.0,Female,West,Secondary,Salaried,50000.0,239124.16,Other,673.0,0,272,44.93,2020-11-09,0
2985,62.0,Other,North,Graduate,Unemployed,951837.06,463564.94,Home,795.7,4,484,67.04,2023-07-23,0
2986,41.0,Female,East,Graduate,Self-Employed,620153.14,521637.97,Other,,7,92,18.91,2024-11-21,1
2987,65.0,Female,West,Graduate,Unemployed,716566.97,518264.55,Business,797.4,11,10,12.51,2020-11-15,0
2988,42.0,Female,West,Primary,Self-Employed,1202286.55,229809.19,Car,684.0,4,404,33.64,2022-03-30,0
2989,35.0,Male,South,Post-Graduate,Unemployed,318947.44,650305.29,Other,754.0,4,58,22.58,2024-04-05,1
2990,34.0,Male,East,Secondary,Unemployed,270340.08,671963.82,Car,790.3,2,409,55.35,2024-07-26,1
2991,70.0,Female,East,Primary,Salaried,498743.17,590196.55,Home,594.3,7,230,41.74,2022-10-30,1
2992,48.0,,North,Secondary,Self-Employed,404995.15,306805.67,Car,685.0,5,81,32.24,2025-04-06,0
2993,52.0,Female,South,Graduate,,521923.13,530046.99,Business,,12,318,28.72,2020-05-06,0
2994,23.0,Male,East,Primary,Salaried,451556.03,176015.5,Home,665.0,2,312,78.49,2023-04-01,0
2995,37.0,Other,West,Post-Graduate,Salaried,401930.21,168497.1,Education,614.9,4,377,51.6,2025-07-15,0
2996,69.0,Female,East,Post-Graduate,Self-Employed,1481878.16,155677.21,Other,619.0,6,239,55.39,2024-10-06,1
2997,51.0,Female,West,Secondary,Self-Employed,905975.9,339185.93,Other,683.3,3,400,68.41,2018-03-28,0
2998,67.0,Female,East,Post-Graduate,Unemployed,625641.42,667278.83,Education,640.4,11,15,34.93,2019-03-25,0
2999,34.0,Other,West,Primary,Unemployed,1278412.12,497285.89,Business,730.8,8,343,77.4,2023-02-13,0
3000,57.0,Male,North,Graduate,Unemployed,97244.03,174491.69,Education,734.1,2,123,44.87,2021-06-16,0
3001,49.0,Other,South,Primary,Unemployed,1369512.61,388530.31,Car,710.9,2,202,37.85,2023-05-09,0
3002,70.0,Other,South,Graduate,Unemployed,640744.64,759513.25,Other,771.8,12,292,63.02,2023-12-28,1
3003,25.0,Female,South,Post-Graduate,Unemployed,483418.05,220599.05,Car,650.8,5,351,94.95,2021-10-03,0
3004,24.0,Female,West,Post-Graduate,Salaried,,351565.87,Business,756.0,6,109,20.54,2021-08-07,0
3005,28.0,Other,East,Primary,Self-Employed,315601.05,538125.43,Education,528.9,1,143,73.73,2018-01-10,1
3006,47.0,Male,West,Post-Graduate,Salaried,501023.18,436066.1,Other,818.8,1,31,71.76,2021-07-03,0
3007,47.0,Male,East,Graduate,Unemployed,524072.16,377671.67,Business,530.3,11,410,35.97,2023-02-01,1
3008,57.0,Other,West,Secondary,Self-Employed,686688.77,10000.0,Business,593.0,5,63,77.74,2025-03-14,1
3009,61.0,Other,South,Post-Graduate,,818535.82,203114.84,Home,672.8,7,433,57.62,2025-06-25,0
3010,65.0,Female,West,Post-Graduate,Salaried,415163.08,807672.3,Other,661.1,2,186,65.04,2024-08-14,1
3011,41.0,Male,East,Post-Graduate,Salaried,802862.79,638279.31,Home,725.3,3,363,11.7,2018-09-08,0
3012,39.0,Male,West,Primary,Self-Employed,854244.08,607796.31,Home,637.9,6,438,52.01,2021-12-13,0
3013,30.0,Male,West,Graduate,Salaried,988608.06,177948.09,Business,667.7,6,114,73.01,2021-08-27,0
3014,31.0,Male,West,Post-Graduate,Self-Employed,570700.6,357434.44,Business,670.5,4,112,53.5,2025-01-20,0
3015,29.0,Other,South,Primary,Self-Employed,866001.69,337981.1,Other,791.9,4,131,90.81,2022-06-12,0
3016,40.0,Female,West,Secondary,Unemployed,806080.51,359194.84,Home,759.5,5,219,14.61,2021-03-04,0
3017,,Female,North,Secondary,Self-Employed,818591.25,733613.65,Home,731.5,12,364,39.83,2025-06-09,0
3018,65.0,Other,West,Post-Graduate,Self-Employed,556029.52,578839.87,Business,,2,84,77.4,2025-07-15,1
3019,46.0,Male,West,Graduate,Salaried,5653019.04,361688.38,Education,689.8,4,85,63.31,2025-04-24,0
3020,35.0,Other,North,Graduate,Unemployed,1123816.86,677211.84,Home,652.1,6,472,16.23,2024-03-03,0
3021,36.0,Other,West,Graduate,Self-Employed,1058989.88,354538.53,Education,636.9,3,198,75.94,2022-12-22,0
3022,44.0,Other,East,Post-Graduate,Salaried,756049.21,496920.1,Education,702.5,7,10,94.4,2021-11-25,0
3023,31.0,,West,Secondary,Self-Employed,492165.34,231327.43,Other,536.0,4,153,17.87,2020-02-22,0
3024,46.0,Other,East,Primary,Self-Employed,575792.3,532380.21,Home,642.6,6,17,12.97,2025-04-08,1
3025,51.0,Other,East,Graduate,Salaried,929542.72,10000.0,Home,517.0,1,448,59.73,2023-04-29,0
3026,32.0,Other,North,Primary,Unemployed,942932.03,536886.88,Business,792.8,4,418,83.79,2023-12-11,0
3027,48.0,Male,West,Graduate,Salaried,644228.33,,Car,653.8,4,354,42.02,2021-08-03,0
3028,30.0,Other,North,Primary,Salaried,764685.51,311746.86,Education,631.4,12,235,13.33,2025-08-02,0
3029,,Other,East,Secondary,Self-Employed,634109.04,258759.54,Education,760.4,4,27,75.82,2024-03-25,0
3030,56.0,Other,North,Post-Graduate,,868309.6,713550.23,Car,629.8,11,456,20.15,2019-07-11,0
3031,21.0,Other,North,Primary,Self-Employed,3896654.01,99528.96,Home,553.7,9,451,11.01,2025-05-04,1
3032,33.0,Other,North,Graduate,Self-Employed,648886.73,386789.21,Car,664.6,0,288,81.3,2019-04-06,0
3033,42.0,Male,North,Primary,Self-Employed,1049521.22,319720.24,Business,565.3,9,24,63.95,2019-03-09,1
3034,57.0,Female,West,Post-Graduate,Self-Employed,923370.63,534463.25,Car,685.2,10,43,23.66,2021-04-05,0
3035,53.0,Female,East,Graduate,Unemployed,1052427.84,658109.73,Education,631.3,3,208,76.07,2018-07-31,0
3036,59.0,Male,East,Post-Graduate,,999965.53,411154.67,Business,685.9,9,81,10.04,2020-07-06,0
3037,64.0,Male,North,Graduate,Unemployed,,714776.85,Other,683.9,7,440,83.15,2023-09-30,1
3038,,Other,North,Post-Graduate,Self-Employed,401827.15,212267.85,Education,831.3,9,350,74.07,2021-04-05,0
3039,23.0,Male,North,Post-Graduate,Salaried,,375270.98,Education,810.6,3,411,85.45,2019-06-05,0
3040,67.0,Male,South,Graduate,Self-Employed,445502.05,125894.46,Business,653.7,4,53,87.93,2022-08-20,0
3041,37.0,Male,South,Graduate,Self-Employed,570532.59,627069.94,Education,741.6,8,107,59.01,2021-07-03,0
3042,30.0,Other,South,Primary,Self-Employed,722149.12,,Other,694.1,9,284,88.87,2019-05-27,0
3043,45.0,Male,South,Post-Graduate,Unemployed,411512.02,646867.51,Car,631.5,12,77,90.91,2022-11-20,1
3044,26.0,Other,East,Graduate,Unemployed,352340.58,222142.3,Business,689.5,4,67,55.26,2024-11-15,0
3045,56.0,Female,West,Primary,Unemployed,925498.04,10000.0,Home,781.3,2,462,53.68,2018-12-27,0
3046,47.0,Other,East,Graduate,Self-Employed,405276.61,256118.4,Car,814.9,0,73,73.66,2025-05-29,0
3047,70.0,Male,South,Primary,,562726.18,530159.98,Business,753.3,11,131,62.81,2018-05-06,0
3048,63.0,Other,East,Post-Graduate,Self-Employed,405854.85,881853.73,Car,651.0,10,30,85.52,2022-09-25,1
3049,69.0,Other,West,Secondary,Self-Employed,1349945.42,582553.83,Home,720.7,8,122,53.29,2020-10-08,0
3050,26.0,Male,South,Graduate,Salaried,519746.09,27461.07,Car,716.1,12,322,74.0,2025-03-24,0
3051,41.0,Female,West,Graduate,Self-Employed,751119.17,573794.36,Business,704.4,12,257,50.54,2020-01-14,0
3052,64.0,Male,North,Primary,Self-Employed,817152.76,460532.09,Other,708.6,12,271,54.67,2021-11-11,0
3053,40.0,Other,East,Secondary,Salaried,627287.28,427599.76,Education,698.8,6,369,75.1,2023-06-27,0
3054,50.0,Other,East,Post-Graduate,Self-Employed,901616.12,254435.68,Home,580.6,9,400,57.64,2022-02-18,1
3055,45.0,Female,East,Post-Graduate,Salaried,,115896.87,Business,662.0,5,128,21.12,2025-03-02,1
3056,66.0,Other,West,Primary,Unemployed,529001.32,195487.23,Other,605.8,4,215,73.42,2022-12-29,0
3057,54.0,Other,East,Secondary,Unemployed,748629.38,230717.96,Home,804.4,9,171,62.56,2021-04-05,0
3058,28.0,Male,North,Graduate,Self-Employed,,262873.28,Car,744.6,3,492,63.77,2025-01-25,0
3059,52.0,Other,West,Post-Graduate,Unemployed,386602.52,,Home,731.1,9,199,85.08,2021-12-17,1
3060,66.0,Other,North,Primary,Salaried,1329527.61,299191.98,Home,651.0,12,74,11.73,2024-03-03,0
3061,68.0,Female,North,Graduate,Unemployed,687664.3,696134.27,Home,659.1,2,168,17.29,2023-06-24,1
3062,57.0,Other,North,Primary,Unemployed,751971.77,66963.08,Education,713.4,12,348,94.23,2018-02-27,0
3063,61.0,Female,West,Post-Graduate,Self-Employed,1035541.58,289435.63,Car,696.6,2,252,82.91,2025-03-10,0
3064,60.0,Female,South,Graduate,Salaried,859994.05,10000.0,Car,666.0,5,63,48.81,2024-07-29,0
3065,62.0,Female,West,Secondary,Self-Employed,834976.85,937084.83,Car,738.4,6,242,41.72,2023-01-07,1
3066,45.0,Male,North,Graduate,Unemployed,606327.79,436768.99,Other,594.4,7,170,14.09,2025-06-19,1
3067,49.0,Male,West,Primary,Unemployed,,287516.79,Other,582.3,10,326,25.5,2023-09-20,1
3068,59.0,Other,West,Graduate,Self-Employed,759878.19,860424.18,Car,483.4,6,459,70.18,2022-08-16,1
3069,68.0,,North,Secondary,Salaried,827857.37,467713.52,Education,,6,221,52.54,2020-09-30,0
3070,69.0,Female,West,Post-Graduate,Salaried,910280.46,839055.73,Education,622.4,9,195,70.79,2022-01-24,1
3071,67.0,Other,East,Post-Graduate,Self-Employed,1491180.21,443643.87,Education,677.5,2,272,68.53,2025-04-26,0
3072,67.0,Other,South,Post-Graduate,Unemployed,258752.9,142511.76,Car,530.6,2,353,42.2,2020-12-02,0
3073,27.0,Male,East,Primary,Unemployed,,151591.45,Other,734.6,11,157,31.73,2024-07-04,0
3074,42.0,Other,North,Primary,Self-Employed,564616.19,574975.7,Home,677.6,0,36,65.42,2020-04-02,1
3075,45.0,Other,North,Primary,Salaried,681638.66,670996.93,Education,669.9,11,438,65.08,2021-05-15,0
3076,69.0,Other,South,Post-Graduate,Self-Employed,50000.0,411944.48,Car,537.7,11,378,50.5,2025-01-31,1
3077,51.0,Other,North,Graduate,Self-Employed,1252388.83,154095.17,Education,603.9,8,205,47.46,2023-04-05,1
3078,,Other,North,Graduate,Self-Employed,476230.26,384713.6,Other,661.3,1,98,68.94,2024-10-14,1
3079,32.0,Male,South,Post-Graduate,Unemployed,,303158.43,Other,629.5,3,402,69.11,2019-03-06,0
3080,33.0,Female,North,Graduate,Self-Employed,373359.58,396298.57,Business,693.9,1,132,46.94,2024-02-11,0
3081,26.0,Female,West,Primary,Self-Employed,527482.63,14502.41,Business,637.5,10,335,41.82,2024-08-15,0
3082,63.0,Female,South,Graduate,Unemployed,669603.46,189365.46,Business,747.2,2,84,28.71,2022-02-18,0
3083,63.0,Other,South,Secondary,Self-Employed,1583206.98,520519.33,Car,783.7,12,80,56.49,2019-12-28,0
3084,55.0,Other,West,Graduate,Self-Employed,716045.28,110819.65,Car,666.0,5,376,85.97,2021-12-07,0
3085,47.0,Male,North,Primary,Salaried,445164.44,364655.75,Other,674.3,5,169,12.88,2019-09-11,0
3086,43.0,Female,North,Graduate,Unemployed,940381.71,699374.29,Home,706.8,8,250,36.87,2021-06-25,0
3087,62.0,Female,East,Graduate,Self-Employed,1067494.29,423091.0,Business,587.2,10,426,45.74,2024-09-01,1
3088,26.0,Male,West,Graduate,Self-Employed,536720.49,10000.0,Education,722.1,11,285,91.16,2022-03-24,0
3089,36.0,Other,South,Secondary,Unemployed,901574.82,328586.84,Business,571.9,6,122,26.88,2023-05-19,1
3090,31.0,Male,West,Secondary,Self-Employed,874452.63,326792.86,Education,661.7,0,97,28.58,2021-04-03,0
3091,24.0,Female,West,Secondary,,620206.65,534378.12,Home,832.8,0,134,50.23,2022-09-03,1
3092,38.0,Other,East,Primary,Unemployed,735718.36,166596.62,Other,640.0,6,198,11.37,2023-12-22,0
3093,,Other,West,Graduate,Unemployed,465877.65,478548.63,Other,688.5,3,319,47.5,2023-12-06,1
3094,64.0,Other,East,Graduate,Self-Employed,1018903.49,816008.89,Other,598.9,7,64,30.8,2025-01-31,1
3095,45.0,Male,West,Secondary,Salaried,994654.52,505379.15,Car,652.8,4,249,50.52,2021-02-11,0
3096,35.0,Male,West,Graduate,Self-Employed,,130206.21,Business,672.8,6,467,79.26,2024-12-17,0
3097,58.0,Male,East,Primary,Self-Employed,955971.08,174197.31,Education,711.5,9,25,64.34,2018-04-27,0
3098,,Other,North,Secondary,Self-Employed,838226.27,173862.32,Education,705.9,8,191,34.17,2021-08-14,0
3099,32.0,Male,West,Graduate,Salaried,,525411.25,Car,702.3,2,101,61.86,2020-10-08,0
3100,44.0,Male,West,Secondary,Unemployed,,534518.93,Car,784.1,9,488,50.15,2024-07-25,1
3101,67.0,Other,South,Post-Graduate,Salaried,584948.4,78115.45,Business,591.4,12,327,37.64,2023-04-12,1
3102,48.0,Other,South,Post-Graduate,Self-Employed,639023.76,160662.89,Business,638.6,3,302,64.5,2023-10-13,0
3103,22.0,Other,East,Graduate,Self-Employed,301800.82,245835.81,Home,617.8,5,10,77.23,2018-08-15,1
3104,,Other,North,Primary,Self-Employed,694568.33,282086.82,Other,655.8,9,463,92.71,2018-04-22,0
3105,35.0,Male,East,Graduate,Unemployed,587730.33,29138.32,Home,632.9,2,181,34.62,2020-08-31,0
3106,68.0,Other,West,Secondary,Self-Employed,957791.31,306400.15,Education,680.0,7,168,27.28,2024-03-07,0
3107,56.0,Male,West,Graduate,Unemployed,1219692.05,676983.84,Education,724.7,0,264,67.06,2021-05-30,0
3108,69.0,Male,West,Secondary,Unemployed,427314.02,384168.91,Education,678.5,3,384,43.31,2024-12-08,1
3109,23.0,Male,North,Secondary,Unemployed,760011.14,10000.0,Home,607.0,0,214,61.51,2023-01-11,0
3110,41.0,Other,East,Secondary,Self-Employed,1135339.01,413163.62,Other,756.4,0,428,89.15,2023-06-04,0
3111,56.0,Male,North,Post-Graduate,Unemployed,719120.26,279404.52,Car,673.3,1,119,50.22,2023-05-18,0
3112,57.0,Other,South,Post-Graduate,Unemployed,518729.77,632548.66,Home,662.1,3,22,44.68,2020-12-04,1
3113,48.0,Female,South,Graduate,Self-Employed,512833.87,458326.76,Home,642.8,6,248,50.86,2021-12-04,1
3114,,Female,North,Graduate,Salaried,965896.78,388905.47,Car,580.1,7,251,86.52,2019-06-20,1
3115,42.0,Female,West,Secondary,Salaried,,10000.0,Education,617.9,1,18,63.4,2021-08-04,0
3116,52.0,Male,East,Primary,Salaried,465919.63,416698.2,Education,557.5,10,81,13.95,2018-03-29,1
3117,26.0,Male,West,Primary,Salaried,337983.66,721870.05,Education,734.8,3,64,44.52,2018-02-26,1
3118,61.0,Female,East,Primary,Salaried,600714.34,201988.64,Home,730.5,3,336,34.19,2021-02-02,0
3119,40.0,Male,West,Graduate,Unemployed,569814.2,581576.35,Education,644.0,10,249,11.96,2024-05-26,1
3120,,Male,South,Post-Graduate,Salaried,645893.88,186495.53,Other,704.9,11,441,86.13,2023-09-05,0
3121,34.0,Other,South,Secondary,Self-Employed,415128.19,564734.78,Home,659.2,8,474,73.22,2023-06-08,1
3122,69.0,Other,West,Post-Graduate,Unemployed,950694.64,656094.09,Car,604.8,4,144,64.99,2024-11-14,0
3123,63.0,Other,West,Post-Graduate,Unemployed,298286.81,131914.43,Car,677.0,11,285,11.55,2024-03-03,0
3124,41.0,,South,Primary,Self-Employed,906538.8,726525.96,Home,685.9,1,383,47.19,2024-05-01,1
3125,58.0,Male,East,Post-Graduate,Unemployed,551228.88,399154.69,Home,608.1,8,57,28.94,2018-03-14,1
3126,64.0,Female,South,Graduate,Self-Employed,905698.12,469044.92,Car,693.3,6,134,37.67,2022-08-02,0
3127,28.0,Other,East,Post-Graduate,Unemployed,856596.61,591470.48,Other,729.5,8,236,43.55,2019-10-25,0
3128,40.0,Female,North,Post-Graduate,Salaried,918263.85,191220.03,Car,747.3,10,293,65.04,2024-12-01,0
3129,26.0,Female,East,Post-Graduate,Salaried,727440.05,10000.0,Business,548.2,2,200,89.71,2018-12-04,0
3130,42.0,Female,South,Post-Graduate,Unemployed,990915.46,360139.95,Other,798.8,5,99,46.56,2021-03-08,0
3131,,Other,North,Graduate,Unemployed,661041.46,162252.09,Other,637.6,1,432,28.63,2023-03-12,0
3132,52.0,Female,East,Secondary,Self-Employed,353180.81,624649.27,Car,751.4,12,285,78.68,2022-12-25,1
3133,51.0,Male,South,Post-Graduate,Unemployed,689930.56,384709.77,Home,659.5,4,228,32.23,2021-01-11,0
3134,33.0,Male,West,Secondary,Salaried,1141633.79,355121.08,Car,740.8,5,202,17.34,2020-03-19,0
3135,55.0,Other,East,Secondary,Self-Employed,694372.74,527933.92,Education,604.6,9,346,39.88,2019-06-27,1
3136,21.0,Other,South,Primary,Self-Employed,1177688.82,642101.66,Car,632.4,0,266,86.9,2025-04-05,0
3137,51.0,Male,South,Secondary,Self-Employed,968999.62,508634.43,Business,781.2,10,321,28.01,2023-12-09,0
3138,31.0,Female,East,Post-Graduate,Unemployed,790169.75,419849.43,Education,823.6,2,234,48.01,2022-10-26,0
3139,53.0,Female,South,Graduate,Self-Employed,860528.52,10000.0,Other,746.4,8,233,64.41,2023-02-19,0
3140,60.0,Other,West,Post-Graduate,Unemployed,,632946.25,Education,712.2,5,331,85.21,2019-10-06,0
3141,66.0,Other,South,Secondary,Salaried,6042323.94,10000.0,Car,660.4,10,221,86.29,2025-03-31,0
3142,25.0,Female,South,Graduate,Salaried,500051.32,721589.58,Car,616.2,3,452,19.12,2023-01-18,1
3143,56.0,Other,North,Primary,Self-Employed,610294.73,239602.26,Business,609.4,10,486,85.4,2019-01-28,1
3144,38.0,Male,East,Secondary,Salaried,259474.32,588945.78,Home,683.8,2,280,14.96,2019-05-04,0
3145,43.0,Female,North,Primary,Unemployed,598341.28,913320.64,Business,599.1,1,189,51.2,2020-12-01,0
3146,70.0,Female,West,Primary,Salaried,554197.77,10000.0,Business,679.9,3,371,42.3,2018-09-02,0
3147,62.0,Male,South,Post-Graduate,Unemployed,776205.64,523843.83,Home,580.1,2,79,89.31,2021-10-11,0
3148,70.0,Female,West,Primary,Self-Employed,714914.27,649760.89,Car,699.4,1,35,55.0,2018-05-16,1
3149,66.0,Other,West,Post-Graduate,Self-Employed,426210.27,198523.96,Home,759.8,5,99,83.72,2022-09-28,0
3150,55.0,Male,East,Primary,Self-Employed,697491.49,10000.0,Car,641.6,8,481,78.81,2019-11-03,0
3151,51.0,Other,North,Secondary,Salaried,799475.93,392499.42,Home,,12,106,59.18,2020-03-09,1
3152,42.0,Other,South,Graduate,Self-Employed,896438.65,382694.05,Education,610.4,6,412,13.36,2018-01-30,1
3153,53.0,Male,West,Secondary,Unemployed,,10000.0,Home,594.4,8,320,24.6,2020-08-04,1
3154,42.0,Male,East,Graduate,Salaried,645586.56,651523.75,Home,780.4,3,93,21.49,2023-02-01,1
3155,39.0,Female,South,Primary,Unemployed,208884.56,130579.28,Other,625.4,4,255,75.52,2022-02-15,0
3156,46.0,Other,South,Graduate,Self-Employed,169207.48,273089.47,Car,722.4,8,31,14.88,2025-01-21,0
3157,46.0,Female,East,Secondary,Unemployed,356251.42,579048.72,Business,615.6,10,337,41.07,2018-03-11,1
3158,44.0,Male,West,Secondary,Salaried,738324.88,607429.0,Home,621.6,7,21,62.45,2018-08-11,0
3159,35.0,Other,West,Post-Graduate,Self-Employed,,10000.0,Home,725.8,3,61,78.53,2022-03-16,0
3160,28.0,Female,South,Primary,Self-Employed,702918.5,376035.46,Car,696.2,9,351,26.99,2020-05-05,0
3161,32.0,Female,South,Secondary,Salaried,807626.18,171175.38,Business,736.4,11,146,21.09,2022-05-02,0
3162,27.0,Male,West,Primary,Unemployed,1574639.41,910208.22,Other,581.8,3,58,10.66,2023-05-02,0
3163,39.0,Other,North,Primary,Self-Employed,425801.96,915226.38,Business,662.9,10,331,58.68,2018-04-29,1
3164,70.0,Female,East,Primary,Self-Employed,824997.58,528209.36,Business,586.9,2,415,45.46,2020-07-14,0
3165,36.0,Female,West,Primary,Salaried,548651.79,549543.16,Business,717.6,2,417,88.92,2023-11-30,0
3166,47.0,Female,West,Post-Graduate,,,265352.18,Home,699.7,9,90,92.18,2022-02-09,0
3167,63.0,Other,West,Graduate,Salaried,671695.69,471049.56,Business,634.3,2,370,52.16,2025-08-26,0
3168,28.0,Other,North,Post-Graduate,Unemployed,701997.15,10000.0,Other,714.1,9,365,87.36,2023-11-17,0
3169,36.0,Male,East,Graduate,Self-Employed,1349225.5,786022.82,Education,709.9,4,88,71.48,2019-04-21,0
3170,47.0,Other,East,Primary,Unemployed,664579.39,733638.69,Home,727.1,3,232,16.32,2023-04-09,0
3171,64.0,Male,North,Primary,Self-Employed,358633.0,580865.25,Business,775.8,8,185,50.42,2018-01-21,1
3172,26.0,Female,South,Secondary,Salaried,549052.58,271154.7,Other,711.0,0,63,18.8,2019-05-30,0
3173,61.0,Female,North,Primary,Salaried,760734.84,305490.97,Other,847.3,7,305,42.36,2022-09-25,0
3174,25.0,Other,North,Post-Graduate,,403073.36,744865.29,Car,550.7,5,153,82.74,2022-06-22,1
3175,39.0,Male,East,Post-Graduate,Self-Employed,979399.45,518856.75,Education,665.8,4,496,66.17,2018-10-13,0
3176,63.0,Male,West,Graduate,Salaried,1154124.32,215352.97,Home,701.8,12,275,22.4,2020-07-26,0
3177,26.0,Other,South,Secondary,Self-Employed,382525.65,539590.88,Business,700.4,9,419,39.56,2025-01-15,0
3178,46.0,Male,North,Post-Graduate,Self-Employed,1236832.33,,Other,726.3,4,222,31.86,2020-02-11,0
3179,41.0,Male,South,Graduate,Unemployed,778450.34,403927.2,Business,694.2,11,456,28.12,2025-04-29,0
3180,68.0,Other,North,Post-Graduate,Unemployed,573753.56,405848.49,Business,713.0,10,11,90.45,2024-02-04,0
3181,57.0,Female,North,Graduate,Unemployed,955712.91,42812.4,Education,655.8,12,397,54.79,2018-02-26,0
3182,61.0,Other,West,Secondary,Self-Employed,802656.6,298036.05,Other,757.1,3,141,69.68,2022-03-01,0
3183,51.0,Other,West,Graduate,Salaried,1133253.64,479342.45,Education,595.0,5,433,30.52,2025-06-19,1
3184,21.0,Female,West,Graduate,Unemployed,1139045.13,410768.4,Home,693.2,11,64,54.06,2024-12-20,0
3185,68.0,Other,South,Primary,Unemployed,566985.5,295707.89,Education,663.5,5,21,60.91,2023-06-02,0
3186,49.0,Other,South,Graduate,Salaried,266740.71,170774.83,Business,732.7,6,489,27.47,2024-10-19,0
3187,,Male,West,Primary,Unemployed,1034656.61,589141.14,Other,784.5,11,477,86.39,2022-04-11,0
3188,68.0,Male,West,Graduate,Unemployed,800816.71,678540.26,Car,707.5,3,50,74.78,2019-09-07,0
3189,56.0,Female,North,Secondary,Unemployed,1033976.52,775669.79,Education,681.6,5,204,51.31,2019-07-16,0
3190,69.0,Male,South,Graduate,Salaried,823373.33,510776.99,Business,710.4,7,363,19.87,2020-12-05,0
3191,62.0,Other,East,Secondary,Salaried,649865.51,243848.59,Other,650.2,7,446,31.62,2019-02-19,0
3192,37.0,Other,West,Primary,Unemployed,522976.97,228733.79,Other,699.2,7,138,19.51,2025-04-14,0
3193,39.0,Male,North,Graduate,Self-Employed,759870.87,463062.95,Other,636.7,10,496,81.99,2021-09-13,0
3194,52.0,Female,South,Post-Graduate,Unemployed,1040776.62,522601.31,Education,576.0,3,207,35.11,2020-01-17,0
3195,50.0,,East,Primary,Salaried,915733.46,644079.86,Home,586.6,1,70,59.55,2018-12-15,0
3196,36.0,Male,South,Graduate,Self-Employed,912775.34,457979.85,Other,685.4,5,101,41.7,2025-08-02,0
3197,38.0,Male,South,Secondary,Salaried,1244081.07,267281.64,Other,645.7,2,113,21.85,2019-06-01,0
3198,51.0,Other,East,Secondary,Unemployed,103910.8,182145.82,Home,670.8,11,445,78.45,2018-08-31,0
3199,36.0,Male,South,Primary,Self-Employed,50000.0,489924.51,Other,610.3,8,110,50.78,2019-11-26,1
3200,32.0,Male,East,Primary,Unemployed,577651.64,222244.63,Car,611.9,9,419,60.66,2023-01-03,1
3201,25.0,Male,South,Post-Graduate,Unemployed,1214559.14,182899.16,Education,660.5,12,400,78.35,2024-01-23,0
3202,62.0,Other,East,Graduate,Self-Employed,333182.7,389102.03,Car,629.3,1,54,28.98,2020-05-05,1
3203,40.0,Female,East,Secondary,Salaried,842510.44,218745.88,Education,769.7,0,12,37.27,2020-08-10,0
3204,56.0,Other,South,Graduate,Salaried,212783.39,183895.3,Car,574.5,0,346,57.21,2020-01-04,1
3205,67.0,Male,West,Primary,Self-Employed,906027.2,292094.88,Business,797.5,5,268,51.34,2021-12-21,0
3206,70.0,Male,West,Post-Graduate,Self-Employed,621181.3,189604.35,Business,802.9,3,115,73.2,2023-01-02,0
3207,24.0,Other,West,Primary,,428183.58,109370.2,Other,685.0,1,298,77.05,2018-10-10,0
3208,42.0,Male,South,Post-Graduate,Self-Employed,482566.81,462528.46,Other,772.5,7,110,71.74,2020-02-19,1
3209,25.0,,South,Primary,Salaried,738436.32,394416.02,Education,581.6,3,19,45.2,2024-01-15,0
3210,,Female,East,Secondary,Self-Employed,738156.7,533795.52,Business,690.9,1,205,25.51,2021-01-12,0
3211,56.0,Other,North,Graduate,Unemployed,657080.16,682887.35,Car,794.3,0,398,46.09,2021-09-07,0
3212,45.0,Other,North,Graduate,Self-Employed,234461.15,725278.65,Other,644.0,1,71,12.06,2023-01-19,0
3213,63.0,Other,West,Graduate,Self-Employed,763118.74,389861.52,Education,,0,476,93.17,2019-02-09,0
3214,48.0,Other,West,Graduate,Self-Employed,260631.61,137267.82,Car,,11,361,71.14,2018-11-22,1
3215,23.0,,West,Graduate,Salaried,928763.3,,Other,580.3,5,477,68.69,2021-08-27,1
3216,32.0,Other,South,Primary,Salaried,210357.65,353374.55,Home,580.0,12,166,61.12,2024-09-10,1
3217,35.0,Female,North,Primary,Self-Employed,1147755.84,,Education,725.3,10,280,14.43,2025-01-24,0
3218,48.0,Male,North,Graduate,Unemployed,501109.23,373797.38,Business,679.1,0,11,13.42,2021-04-18,0
3219,37.0,Female,South,Graduate,Self-Employed,833482.47,245380.33,Home,632.6,11,500,55.52,2022-12-11,0
3220,39.0,Female,West,Primary,Salaried,663305.18,76997.69,Car,649.6,4,207,46.12,2021-07-19,0
3221,54.0,Female,East,Secondary,Unemployed,1027930.23,469292.27,Education,850.0,1,92,66.74,2019-03-14,0
3222,24.0,Female,North,Post-Graduate,Salaried,1124484.31,638957.36,Business,740.9,9,16,36.2,2019-03-22,0
3223,37.0,Male,North,Secondary,Salaried,988095.69,515110.48,Car,756.5,12,374,66.21,2020-02-12,0
3224,28.0,Female,East,Graduate,Self-Employed,592101.32,329506.16,Business,694.0,5,162,91.89,2019-02-13,0
3225,58.0,Other,South,Secondary,Unemployed,449754.75,515635.6,Home,529.0,2,133,68.07,2018-12-11,0
3226,26.0,Other,East,Post-Graduate,Unemployed,679354.28,539797.45,Other,545.8,10,70,33.11,2025-08-28,1
3227,66.0,Other,East,Primary,Salaried,917226.7,674147.05,Other,638.6,11,444,32.62,2021-05-11,0
3228,63.0,Other,South,Graduate,Unemployed,1049962.14,,Other,780.1,8,135,86.25,2020-08-19,0
3229,52.0,Other,West,Secondary,Self-Employed,299246.22,267411.35,Other,682.7,10,349,78.47,2022-09-09,0
3230,23.0,Female,North,Post-Graduate,Salaried,1001672.0,378579.02,Other,719.2,1,293,18.47,2024-01-13,0
3231,57.0,Male,North,Secondary,Self-Employed,394387.91,489225.97,Car,581.8,6,390,14.88,2024-11-06,1
3232,,Female,West,Primary,Unemployed,889960.52,630124.64,Education,745.4,10,317,27.9,2023-01-11,0
3233,47.0,Other,West,Post-Graduate,Salaried,704157.4,127693.83,Education,746.9,10,228,72.36,2020-05-20,0
3234,38.0,Female,North,Secondary,Self-Employed,747570.94,116407.93,Home,691.3,1,144,12.89,2023-01-19,0
3235,65.0,Female,West,Graduate,Salaried,947088.88,522738.86,Education,666.0,12,322,68.82,2024-01-14,0
3236,45.0,Female,East,Graduate,Unemployed,645419.77,440419.39,Business,732.9,4,483,73.44,2021-01-07,0
3237,45.0,Other,East,Primary,Unemployed,1364335.82,189745.82,Education,712.3,11,144,92.58,2018-01-14,0
3238,34.0,Other,South,Post-Graduate,Self-Employed,1245731.24,341965.02,Other,641.9,11,245,21.11,2025-01-04,0
3239,41.0,,West,Post-Graduate,Salaried,409653.11,10000.0,Car,764.2,4,435,89.76,2019-10-08,0
3240,47.0,Female,East,Graduate,Unemployed,574599.38,516479.46,Car,599.1,12,330,25.93,2023-03-19,1
3241,62.0,Other,West,Primary,Self-Employed,1035159.0,208822.09,Education,726.2,5,28,14.81,2023-05-29,0
3242,35.0,Female,North,Primary,Self-Employed,685255.82,592852.5,Car,,8,136,21.86,2023-07-05,1
3243,64.0,Other,North,Graduate,Self-Employed,456626.34,498052.86,Other,631.1,5,315,24.95,2018-05-28,1
3244,51.0,Male,North,Secondary,Salaried,201733.36,103818.85,Education,690.3,3,32,50.65,2018-07-08,0
3245,68.0,Female,East,Primary,Unemployed,554583.92,333858.57,Home,629.6,6,298,83.14,2019-12-21,0
3246,26.0,Other,South,Graduate,,726857.83,233550.51,Education,591.7,9,318,20.01,2025-03-26,1
3247,23.0,Male,North,Secondary,Salaried,,1166499.48,Car,470.2,1,139,46.94,2022-01-03,1
3248,35.0,Other,West,Graduate,Salaried,,985917.68,Car,569.9,5,313,90.92,2022-11-06,1
3249,57.0,Male,East,Post-Graduate,,934915.88,332900.67,Business,629.6,5,455,83.25,2021-03-21,0
3250,67.0,Other,South,Post-Graduate,Self-Employed,271982.92,290217.73,Car,762.9,12,171,14.57,2020-09-24,1
3251,64.0,Female,South,Secondary,Self-Employed,962267.85,10000.0,Business,707.7,5,28,90.65,2021-09-13,0
3252,60.0,Male,West,Secondary,Self-Employed,420504.26,316193.93,Other,812.4,10,161,67.42,2023-09-25,0
3253,66.0,Male,South,Post-Graduate,Self-Employed,243457.7,494207.82,Car,684.9,10,274,58.4,2021-01-04,0
3254,53.0,Female,North,Post-Graduate,Self-Employed,1057810.4,380319.07,Car,803.3,6,475,62.41,2018-08-02,0
3255,59.0,Other,North,Secondary,Salaried,400760.37,642704.66,Education,628.4,4,56,73.21,2023-06-14,1
3256,,Other,East,Secondary,Unemployed,1224639.71,391065.88,Car,671.5,12,57,58.18,2019-07-06,0
3257,50.0,Female,North,Primary,Unemployed,1342137.56,597334.38,Car,533.4,4,322,43.63,2022-01-04,0
3258,44.0,Female,West,Post-Graduate,Salaried,958886.79,,Home,691.0,1,373,37.48,2021-05-22,0
3259,35.0,Female,East,Post-Graduate,Salaried,242811.92,455079.12,Business,636.0,11,241,33.39,2020-02-20,1
3260,35.0,Male,West,Primary,,300000.0,766794.48,Home,642.1,11,440,92.91,2020-05-22,1
3261,27.0,Male,East,Primary,Salaried,315958.95,10000.0,Business,656.0,12,287,62.41,2019-10-10,0
3262,25.0,Male,South,Graduate,Salaried,761849.9,254363.24,Education,717.7,11,308,46.24,2022-07-09,0
3263,36.0,Female,North,Primary,Self-Employed,439304.66,735799.32,Car,693.9,8,369,82.54,2018-05-14,0
3264,25.0,Female,West,Secondary,Unemployed,589744.51,199632.37,Education,652.7,10,213,14.94,2019-09-11,0
3265,69.0,Female,East,Primary,Self-Employed,354738.76,410137.39,Car,739.3,8,436,85.73,2022-03-21,1
3266,32.0,Other,West,Primary,Unemployed,782052.76,677973.71,Business,591.6,6,307,84.52,2025-06-08,1
3267,42.0,Other,North,Post-Graduate,Salaried,,10000.0,Education,745.4,1,411,19.84,2024-04-19,0
3268,56.0,Male,South,Post-Graduate,Self-Employed,1137802.78,661435.73,Other,717.7,12,446,38.08,2023-07-01,0
3269,45.0,,East,Secondary,Unemployed,857041.61,220535.3,Business,672.4,4,468,93.6,2019-07-17,0
3270,52.0,Female,North,Secondary,Self-Employed,946010.96,708875.82,Other,690.3,11,182,82.08,2018-09-23,0
3271,63.0,,West,Primary,Self-Employed,256609.77,618357.26,Car,536.8,7,27,34.93,2020-11-09,1
3272,21.0,Other,North,Graduate,Salaried,661965.58,170354.49,Business,738.8,7,339,10.9,2022-10-24,0
3273,44.0,Other,North,Graduate,Self-Employed,546213.47,332884.17,Home,596.4,7,205,44.94,2019-03-06,1
3274,50.0,Male,North,Primary,Self-Employed,453289.75,,Business,695.3,7,226,11.18,2023-02-16,1
3275,56.0,Male,West,Post-Graduate,Self-Employed,699055.6,697288.99,Car,631.3,8,325,46.37,2023-06-03,1
3276,65.0,Other,North,Graduate,Salaried,944328.95,333142.8,Home,,2,288,74.58,2021-05-11,0
3277,61.0,Male,West,Post-Graduate,Self-Employed,556134.67,321926.02,Home,638.3,5,323,51.25,2020-06-28,0
3278,54.0,,West,Post-Graduate,Unemployed,,705050.97,Other,743.9,0,181,60.41,2021-01-01,0
3279,55.0,Male,North,Primary,Salaried,883734.35,428467.14,Education,640.9,2,36,55.23,2022-08-27,0
3280,52.0,Other,West,Secondary,Self-Employed,955783.2,492379.07,Home,686.4,6,452,65.16,2018-07-13,0
3281,35.0,Male,West,Post-Graduate,Salaried,1259254.0,68190.17,Other,753.3,5,68,43.27,2022-04-01,0
3282,46.0,Male,South,Graduate,Salaried,422977.56,706106.49,Business,662.7,6,477,84.25,2020-02-29,1
3283,53.0,Male,West,Graduate,Salaried,50000.0,442356.01,Other,647.9,4,189,13.91,2024-03-01,0
3284,49.0,Other,South,Graduate,Salaried,572511.0,820271.19,Home,625.9,10,446,57.5,2019-02-01,0
3285,24.0,Male,North,Primary,Self-Employed,494586.96,193816.54,Business,664.7,3,441,70.48,2024-04-27,0
3286,24.0,Other,West,Primary,Self-Employed,937955.33,580507.17,Education,556.7,11,217,10.11,2023-12-26,1
3287,57.0,Other,East,Secondary,Salaried,,111285.92,Education,674.9,4,244,85.1,2018-07-28,0
3288,51.0,Female,East,Primary,Salaried,4069579.25,93681.96,Home,686.2,0,86,82.14,2022-10-09,0
3289,,Female,East,Graduate,Self-Employed,788120.37,373066.04,Car,721.7,1,463,62.97,2021-09-04,0
3290,55.0,Other,East,Primary,Self-Employed,85698.97,603816.56,Car,680.1,7,162,12.07,2019-10-18,1
3291,43.0,Female,South,Graduate,Self-Employed,624362.71,546327.28,Home,735.3,1,168,81.59,2018-08-18,1
3292,26.0,Male,South,Primary,Unemployed,986608.48,132107.7,Education,654.1,12,401,39.37,2022-01-20,0
3293,26.0,Male,East,Graduate,Salaried,418065.15,380941.92,Education,671.0,11,484,80.11,2023-07-11,1
3294,48.0,Other,South,Post-Graduate,Unemployed,851680.06,548430.4,Other,655.1,12,400,23.09,2022-07-26,0
3295,58.0,Female,North,Graduate,Self-Employed,679477.94,578187.69,Car,664.3,2,350,41.42,2020-04-14,1
3296,47.0,Female,North,Secondary,Unemployed,643210.44,268448.93,Education,694.9,1,109,50.56,2024-11-02,0
3297,55.0,Female,South,Primary,,813585.0,393127.7,Education,596.7,3,225,35.29,2022-10-18,0
3298,68.0,Other,North,Graduate,Salaried,867358.39,281952.41,Other,591.7,12,148,41.69,2022-09-20,1
3299,58.0,Other,West,Post-Graduate,Salaried,,508729.55,Car,642.7,1,278,48.06,2024-03-05,0
3300,64.0,Other,South,Primary,Unemployed,194838.51,421646.79,Other,686.4,2,419,80.1,2020-09-12,0
3301,45.0,Female,South,Post-Graduate,,867976.93,403578.1,Business,664.8,7,13,31.97,2018-04-10,0
3302,53.0,Female,West,Post-Graduate,Salaried,264834.56,684910.59,Business,700.5,2,204,13.64,2019-10-19,1
3303,53.0,Male,South,Primary,,899946.12,430639.96,Business,688.4,8,401,54.7,2019-08-27,0
3304,22.0,Other,West,Graduate,Salaried,797146.8,496223.75,Other,591.7,2,155,49.45,2018-07-26,0
3305,65.0,Male,West,Post-Graduate,Unemployed,5068104.78,335862.32,Car,582.0,12,340,80.51,2022-08-23,1
3306,53.0,Female,North,Secondary,Self-Employed,681494.54,638830.92,Other,710.5,9,203,10.96,2022-03-30,0
3307,24.0,Male,West,Secondary,Salaried,473218.45,863831.77,Education,627.0,5,262,88.96,2022-09-26,1
3308,27.0,Male,North,Secondary,Self-Employed,635139.29,186941.14,Other,630.9,9,231,10.71,2019-05-21,0
3309,67.0,Female,South,Secondary,Self-Employed,1076905.42,408655.04,Business,720.6,8,238,56.83,2018-07-02,0
3310,41.0,Male,North,Primary,Self-Employed,546602.28,640676.46,Business,641.8,11,329,21.52,2018-09-03,1
3311,68.0,Other,North,Post-Graduate,,663886.59,192012.57,Other,587.3,7,330,68.12,2020-06-30,1
3312,21.0,Male,West,Post-Graduate,Salaried,220145.87,472701.46,Education,762.8,10,402,38.43,2020-09-14,1
3313,26.0,Male,North,Post-Graduate,Unemployed,325642.54,937990.59,Education,710.3,10,380,47.37,2018-11-15,1
3314,45.0,Male,North,Post-Graduate,Unemployed,658170.37,357707.27,Car,773.3,4,499,71.42,2020-10-05,0
3315,49.0,Female,East,Post-Graduate,Self-Employed,781665.28,848476.8,Home,732.4,6,74,12.72,2021-06-19,0
3316,69.0,Other,West,Graduate,Self-Employed,442174.0,204869.43,Education,700.8,6,76,19.93,2024-11-21,0
3317,61.0,Male,South,Primary,Self-Employed,1157567.95,782338.53,Car,662.9,8,408,45.86,2023-02-05,0
3318,29.0,Female,East,Primary,Salaried,922611.34,96915.32,Other,726.6,0,226,66.63,2019-02-10,0
3319,31.0,Other,West,Secondary,Salaried,69226.68,614666.87,Education,607.4,3,126,62.37,2020-04-11,0
3320,62.0,,North,Secondary,Self-Employed,905231.61,138879.63,Business,718.3,6,100,57.85,2022-10-31,0
3321,44.0,Other,South,Post-Graduate,Salaried,270400.69,406214.28,Business,720.2,10,479,16.73,2021-06-04,0
3322,35.0,Female,West,Primary,Unemployed,596585.23,652110.25,Business,681.8,0,378,16.56,2022-10-19,1
3323,25.0,Other,East,Graduate,Self-Employed,586395.72,826764.9,Education,,9,59,46.52,2021-12-27,0
3324,67.0,Other,West,Graduate,Unemployed,673515.74,667049.42,Car,706.7,8,450,32.85,2022-06-27,1
3325,21.0,Other,South,Primary,Self-Employed,,285064.25,Car,750.6,8,297,53.05,2023-02-18,0
3326,31.0,Male,West,Primary,Unemployed,1024540.62,641456.22,Other,676.5,12,466,43.99,2019-03-11,0
3327,64.0,Other,South,Graduate,Salaried,453057.52,37448.22,Home,740.3,3,347,87.59,2018-01-04,0
3328,47.0,Female,East,Post-Graduate,Self-Employed,936628.04,565958.74,Car,742.0,6,469,77.07,2020-10-01,0
3329,48.0,Male,North,Post-Graduate,Salaried,393100.91,10000.0,Car,660.5,7,460,51.68,2020-12-14,0
3330,53.0,Other,West,Graduate,Self-Employed,877551.91,191066.43,Other,651.1,11,434,93.5,2024-02-29,0
3331,61.0,Female,South,Secondary,Salaried,983444.31,228980.91,Home,721.0,4,375,15.93,2021-11-11,0
3332,27.0,Male,West,Post-Graduate,Unemployed,619931.79,776683.55,Education,639.3,0,471,66.0,2025-01-12,0
3333,39.0,Other,West,Post-Graduate,Unemployed,546684.23,238731.57,Education,672.1,11,163,39.33,2023-02-14,0
3334,66.0,Other,East,Post-Graduate,Salaried,,934144.2,Other,677.3,7,71,32.26,2025-02-19,0
3335,34.0,Male,West,Graduate,Self-Employed,567370.73,222167.61,Car,,12,342,83.98,2018-03-31,0
3336,60.0,Male,South,Post-Graduate,Self-Employed,720974.45,234136.49,Other,654.9,6,330,32.07,2019-05-12,0
3337,43.0,Male,East,Graduate,Self-Employed,1027562.72,330656.26,Other,817.6,2,150,53.84,2018-10-20,0
3338,57.0,Other,East,Post-Graduate,Self-Employed,577925.06,86455.38,Home,783.9,8,385,32.19,2020-12-19,0
3339,62.0,Other,North,Post-Graduate,Unemployed,1009376.55,742868.35,Car,729.1,11,450,49.73,2018-04-20,0
3340,25.0,Other,East,Graduate,Unemployed,582877.61,414940.11,Home,742.4,10,154,30.29,2023-01-17,0
3341,68.0,Female,South,Primary,Unemployed,,545310.96,Other,740.8,1,331,18.56,2018-10-20,1
3342,26.0,Other,West,Primary,Self-Employed,955704.11,376906.63,Home,761.7,8,263,59.61,2023-03-18,0
3343,44.0,,South,Secondary,Self-Employed,,186751.26,Business,785.8,10,210,89.27,2022-04-26,0
3344,32.0,Male,North,Post-Graduate,Unemployed,,285342.89,Other,541.3,3,71,46.33,2023-01-30,0
3345,24.0,Female,West,Graduate,Salaried,,690414.12,Car,590.5,10,128,47.48,2023-10-20,1
3346,60.0,Female,East,Graduate,Self-Employed,332884.16,10000.0,Home,733.0,6,294,78.47,2023-10-28,0
3347,64.0,,West,Secondary,,830924.04,105680.18,Other,,11,460,58.34,2023-11-30,1
3348,22.0,Male,West,Graduate,Self-Employed,687591.55,476488.68,Other,618.4,5,313,71.5,2021-07-08,1
3349,68.0,Other,South,Primary,Unemployed,1454105.62,375896.73,Car,655.6,3,41,92.96,2023-01-01,0
3350,62.0,Female,West,Graduate,,886197.45,10000.0,Home,684.6,1,320,80.71,2019-01-24,0
3351,30.0,Female,West,Primary,Salaried,746294.44,432974.27,Education,759.2,6,162,66.35,2024-04-25,0
3352,28.0,Male,North,Primary,Self-Employed,794819.3,567866.72,Car,662.2,10,32,84.34,2022-09-24,0
3353,52.0,Male,West,Graduate,Unemployed,849592.76,188254.91,Business,722.7,10,299,87.08,2025-09-01,0
3354,70.0,Male,East,Secondary,Unemployed,1035837.02,161894.45,Education,731.6,9,248,36.97,2018-12-30,0
3355,69.0,Female,East,Graduate,Unemployed,800125.18,100251.96,Other,637.9,7,313,26.39,2019-02-02,0
3356,38.0,Other,West,Secondary,Unemployed,429444.27,502262.14,Education,590.5,9,197,66.08,2021-07-16,1
3357,63.0,Male,East,Post-Graduate,Salaried,771180.06,592846.49,Business,785.2,2,397,51.92,2025-06-16,0
3358,54.0,Female,North,Primary,Salaried,546695.03,347552.92,Car,660.6,10,61,86.13,2019-10-02,0
3359,26.0,Female,West,Primary,Unemployed,,181073.71,Business,745.1,1,145,33.61,2022-03-09,0
3360,46.0,Male,East,Primary,Salaried,733364.62,226251.96,Home,565.0,1,373,38.3,2021-01-12,0
3361,32.0,Female,South,Secondary,Unemployed,474475.13,551126.65,Business,653.3,6,437,64.6,2022-06-06,1
3362,51.0,Other,South,Secondary,Salaried,386413.66,475210.35,Home,692.2,0,226,54.17,2024-11-21,1
3363,60.0,Male,West,Graduate,Salaried,831718.49,10000.0,Business,669.8,11,253,64.1,2022-09-09,0
3364,35.0,Male,West,Primary,Unemployed,556733.77,455506.19,Business,620.3,12,453,84.27,2019-11-07,1
3365,30.0,Female,West,Primary,Self-Employed,605225.46,357365.32,Other,659.9,0,250,19.48,2018-07-26,0
3366,24.0,Male,West,Post-Graduate,Self-Employed,582376.33,559301.65,Other,616.4,5,300,14.98,2019-05-01,1
3367,48.0,Male,West,Graduate,Unemployed,635991.19,295745.74,Business,663.4,9,481,62.86,2025-07-20,0
3368,25.0,Female,East,Post-Graduate,Self-Employed,1016773.73,693972.96,Other,792.7,8,117,11.56,2025-07-05,0
3369,55.0,Male,West,Graduate,Unemployed,344855.84,384289.72,Car,,6,276,72.97,2024-01-13,1
3370,,Female,West,Graduate,Unemployed,971555.46,819640.23,Education,559.1,9,370,47.42,2021-08-21,1
3371,22.0,Male,North,Graduate,Self-Employed,,933614.29,Business,695.6,7,444,22.87,2025-05-18,0
3372,69.0,Female,East,Primary,Unemployed,501681.53,,Car,668.4,8,86,87.03,2020-01-18,0
3373,49.0,Male,East,Post-Graduate,Unemployed,1166403.94,612812.15,Car,662.1,10,419,76.52,2025-05-30,0
3374,51.0,Male,North,Secondary,Self-Employed,1121877.14,,Other,705.5,10,429,61.96,2022-02-02,0
3375,22.0,Other,North,Graduate,Salaried,1338766.7,488886.15,Other,642.2,4,311,32.25,2021-11-22,0
3376,69.0,Male,South,Post-Graduate,Unemployed,1160310.93,395468.41,Other,720.7,8,294,85.36,2025-01-07,0
3377,24.0,Female,East,Primary,Self-Employed,1050390.03,438955.48,Business,701.6,6,428,88.38,2018-10-25,0
3378,67.0,Male,West,Post-Graduate,Salaried,,736861.66,Other,751.1,10,82,81.0,2021-02-13,1
3379,22.0,Other,East,Post-Graduate,Salaried,,652982.98,Education,626.5,10,10,31.67,2025-04-06,1
3380,21.0,Female,West,Secondary,Salaried,618511.79,497381.55,Education,690.5,1,387,76.84,2022-08-22,1
3381,60.0,Male,South,Graduate,Salaried,470824.13,943839.53,Other,660.3,4,306,92.05,2021-11-19,0
3382,57.0,,South,Post-Graduate,Self-Employed,590733.17,895555.38,Business,688.7,12,211,29.75,2020-12-10,0
3383,24.0,Female,South,Graduate,Self-Employed,314015.31,335485.68,Other,722.1,3,320,65.99,2022-01-16,0
3384,32.0,Female,West,Graduate,,1007220.9,377338.03,Education,679.1,1,165,65.08,2021-10-20,0
3385,27.0,Male,South,Post-Graduate,Salaried,792061.03,,Home,806.0,3,85,86.98,2020-04-18,1
3386,50.0,Male,East,Secondary,Salaried,640961.99,509533.58,Car,733.3,10,372,28.73,2021-02-15,0
3387,57.0,Male,East,Primary,Salaried,411088.86,733862.41,Business,726.9,6,89,56.9,2023-07-04,1
3388,66.0,Other,South,Graduate,Salaried,524871.82,243881.8,Business,568.0,11,272,13.77,2021-06-02,1
3389,64.0,Female,South,Graduate,Unemployed,348853.33,322798.35,Business,671.8,11,97,59.01,2023-01-25,1
3390,67.0,Male,South,Primary,Self-Employed,337403.91,487653.44,Business,683.0,5,280,21.3,2025-08-02,1
3391,44.0,Female,North,Graduate,Self-Employed,763434.21,326457.41,Business,738.5,7,387,12.08,2020-05-30,0
3392,42.0,Male,South,Post-Graduate,Unemployed,355170.57,586247.5,Other,609.3,11,350,45.82,2023-06-21,1
3393,55.0,Male,South,Secondary,Unemployed,339369.21,452373.65,Car,630.1,3,264,25.67,2024-07-17,1
3394,63.0,Other,West,Post-Graduate,Self-Employed,157009.62,38135.98,Education,763.5,7,357,73.56,2020-03-10,0
3395,42.0,Male,East,Post-Graduate,Self-Employed,1017858.93,629919.2,Education,704.0,0,282,92.0,2025-05-14,0
3396,29.0,Other,West,Primary,Unemployed,850793.03,305001.65,Business,,3,270,14.83,2018-11-04,0
3397,57.0,Other,South,Secondary,Salaried,335768.06,200288.77,Business,677.8,6,341,82.16,2020-03-28,0
3398,30.0,Other,East,Post-Graduate,Salaried,817441.96,10000.0,Home,668.4,0,161,68.99,2023-06-09,0
3399,36.0,Female,North,Post-Graduate,Unemployed,3168751.99,476981.15,Education,635.0,10,391,45.29,2019-12-23,0
3400,25.0,Other,West,Primary,Unemployed,888996.21,267626.82,Home,759.9,8,319,59.51,2018-01-07,0
3401,26.0,Female,North,Graduate,Unemployed,719115.39,385848.43,Other,644.3,3,365,44.02,2020-09-28,0
3402,39.0,Male,West,Post-Graduate,Self-Employed,594788.39,421344.66,Business,632.4,7,73,76.26,2020-03-23,0
3403,34.0,Female,South,Graduate,Unemployed,1043442.12,71187.98,Car,783.8,1,355,88.39,2018-08-13,0
3404,23.0,Female,South,Primary,Unemployed,532631.91,723028.8,Home,670.5,7,173,91.48,2022-03-20,1
3405,56.0,Male,North,Secondary,Self-Employed,704506.99,335396.13,Education,725.8,7,90,60.86,2020-07-24,0
3406,60.0,Female,North,Post-Graduate,Salaried,423282.26,388953.59,Education,687.9,0,72,68.31,2019-03-14,1
3407,32.0,Other,South,Primary,Self-Employed,524985.09,10000.0,Car,,1,451,16.75,2021-07-24,0
3408,22.0,Other,North,Primary,Unemployed,1045522.01,570927.0,Education,722.9,7,90,84.53,2019-01-02,0
3409,35.0,Male,South,Post-Graduate,Unemployed,772559.19,442136.17,Car,715.5,10,434,25.37,2021-08-19,0
3410,30.0,Other,North,Graduate,Salaried,403968.13,343093.38,Home,657.4,10,234,91.17,2019-12-25,1
3411,69.0,Male,North,Graduate,Self-Employed,629271.07,740892.4,Home,643.7,0,484,49.56,2019-08-09,0
3412,65.0,Male,East,Primary,Salaried,170417.88,428910.37,Business,677.7,11,436,86.16,2021-12-08,1
3413,66.0,Female,South,Primary,Self-Employed,761104.98,522919.72,Home,811.4,9,144,42.12,2019-05-05,0
3414,67.0,Male,North,Secondary,Self-Employed,828312.9,542742.81,Home,709.2,2,20,60.29,2022-12-21,0
3415,51.0,Male,South,Post-Graduate,Salaried,544124.69,731731.93,Other,583.5,6,177,30.3,2024-04-26,1
3416,44.0,Male,East,Primary,Self-Employed,,504050.13,Car,770.9,9,168,84.26,2018-03-21,0
3417,64.0,Male,South,Graduate,Unemployed,496636.18,564860.99,Education,648.8,10,67,32.78,2022-01-25,1
3418,44.0,Other,South,Primary,Salaried,1037651.11,220426.4,Other,580.5,4,203,83.13,2021-03-23,0
3419,27.0,Other,North,Post-Graduate,Unemployed,753401.01,10000.0,Home,681.1,6,183,18.94,2023-11-10,0
3420,59.0,Male,West,Post-Graduate,Self-Employed,719351.09,169158.4,Education,685.5,7,180,20.2,2024-06-27,0
3421,22.0,Male,West,Graduate,Self-Employed,674538.01,509128.9,Other,701.1,10,469,53.79,2021-03-08,0
3422,68.0,Male,North,Graduate,Unemployed,841685.69,10000.0,Business,637.9,7,406,91.33,2018-02-11,0
3423,26.0,Female,East,Secondary,Unemployed,1133478.14,,Business,656.8,7,197,73.93,2018-12-29,0
3424,28.0,Female,East,Graduate,Salaried,508803.09,166547.79,Other,643.0,4,177,28.52,2021-04-29,0
3425,24.0,Female,East,Secondary,Self-Employed,1101528.28,508117.54,Car,790.6,5,161,49.99,2021-07-14,0
3426,58.0,Male,East,Graduate,Salaried,640285.27,305784.05,Other,696.1,12,317,12.11,2023-11-03,0
3427,28.0,Female,North,Secondary,Salaried,671796.98,664283.02,Education,808.7,6,8,47.37,2019-04-06,1
3428,31.0,Female,West,Secondary,Salaried,846055.17,540757.75,Other,654.3,10,46,26.0,2019-01-18,0
3429,22.0,Other,North,Graduate,Unemployed,931236.88,273388.22,Education,625.0,0,54,43.01,2023-01-14,0
3430,56.0,Other,West,Primary,Salaried,712167.85,521926.2,Other,709.6,3,113,74.19,2024-11-07,0
3431,31.0,Female,West,Graduate,Unemployed,799806.97,151236.7,Business,575.1,2,420,15.18,2022-04-17,0
3432,51.0,Other,East,Graduate,Salaried,,10000.0,Home,709.3,6,91,38.13,2018-07-15,0
3433,62.0,Female,North,Secondary,Unemployed,1118860.36,13633.68,Business,716.1,9,302,58.01,2021-12-29,0
3434,28.0,Other,South,Graduate,Unemployed,951672.56,51162.89,Education,667.1,12,431,19.1,2020-09-03,0
3435,30.0,Other,North,Primary,Self-Employed,891792.73,411272.64,Car,739.5,6,177,80.79,2019-04-28,0
3436,54.0,Female,West,Secondary,Salaried,425322.19,556399.63,Other,568.0,0,440,83.17,2020-03-08,1
3437,35.0,Other,South,Primary,Unemployed,781577.54,233980.14,Home,,6,331,50.35,2022-07-04,0
3438,68.0,Female,West,Graduate,,5020209.59,689028.5,Education,686.5,1,301,48.95,2024-10-01,0
3439,66.0,Other,East,Secondary,Salaried,600145.24,879514.74,Education,714.7,4,131,53.34,2022-11-13,1
3440,68.0,Male,West,Secondary,,689072.26,175325.62,Business,718.2,5,311,87.75,2025-01-03,0
3441,35.0,Other,North,Primary,Self-Employed,875305.39,643741.11,Business,675.4,12,26,26.21,2025-02-12,0
3442,46.0,Male,North,Post-Graduate,Self-Employed,915124.22,122459.61,Other,505.7,4,37,68.24,2021-06-16,0
3443,62.0,Other,West,Primary,Self-Employed,805732.4,287761.45,Home,611.1,11,285,17.3,2025-02-06,1
3444,58.0,Other,South,Post-Graduate,Self-Employed,686973.62,438920.26,Car,640.1,4,100,83.58,2022-10-19,0
3445,50.0,Other,West,Primary,Self-Employed,700353.54,476087.64,Other,850.0,3,152,16.38,2021-11-11,0
3446,30.0,Male,West,Secondary,Self-Employed,1147283.37,776447.59,Business,725.9,4,241,42.45,2019-11-30,0
3447,55.0,Female,South,Primary,Unemployed,172649.86,451380.88,Home,660.2,5,482,39.66,2022-09-07,0
3448,70.0,Other,North,Primary,Unemployed,826677.5,72559.08,Other,660.2,6,211,29.67,2025-02-22,0
3449,59.0,Female,North,Primary,Unemployed,656021.75,713277.32,Education,649.0,7,264,72.54,2019-03-03,1
3450,25.0,Other,South,Secondary,Self-Employed,1125155.48,97560.36,Home,599.7,10,71,33.91,2022-07-06,1
3451,50.0,Other,South,Primary,Unemployed,827908.96,768837.27,Home,761.6,3,396,78.71,2020-04-05,1
3452,33.0,Male,South,Primary,Unemployed,559946.14,495715.02,Other,709.9,11,108,54.21,2018-01-29,1
3453,68.0,Other,West,Primary,Salaried,749041.22,721177.9,Car,613.7,4,302,25.72,2023-05-09,1
3454,67.0,Male,North,Graduate,Self-Employed,901384.79,662407.78,Car,759.7,10,254,78.84,2024-04-06,0
3455,63.0,Female,North,Secondary,Salaried,449126.44,285683.54,Other,680.9,1,107,43.79,2018-09-17,0
3456,40.0,Female,East,Primary,Self-Employed,1396606.21,336550.01,Car,563.2,7,211,11.13,2023-09-24,1
3457,47.0,Female,North,Secondary,Unemployed,,203000.57,Other,737.4,0,132,59.95,2022-09-06,0
3458,63.0,Other,South,Primary,Unemployed,817604.75,263428.18,Car,648.5,10,281,37.96,2025-02-10,0
3459,32.0,Other,South,Secondary,,800030.6,49363.16,Home,666.4,3,308,36.92,2022-09-24,0
3460,49.0,Female,South,Secondary,Salaried,1086532.61,306586.75,Business,759.6,1,445,67.73,2021-10-27,0
3461,52.0,Male,North,Graduate,Self-Employed,596349.95,370402.61,Business,665.4,1,146,69.82,2018-11-14,0
3462,,Female,West,Graduate,Unemployed,754502.82,511349.7,Education,653.2,8,108,74.37,2019-06-09,0
3463,46.0,Female,West,Primary,Unemployed,916712.43,823293.93,Business,752.8,1,250,88.77,2019-06-17,0
3464,69.0,Other,North,Post-Graduate,Self-Employed,650886.15,670979.45,Business,605.1,10,38,70.0,2022-07-28,1
3465,39.0,Other,South,Post-Graduate,Unemployed,976342.79,516341.2,Education,571.4,6,212,89.18,2020-09-25,1
3466,47.0,Female,East,Secondary,Unemployed,104731.62,647234.35,Other,633.7,5,118,39.13,2023-01-30,1
3467,38.0,Female,East,Graduate,Unemployed,1047030.52,334477.13,Other,576.8,12,267,87.52,2020-02-25,1
3468,31.0,Female,North,Secondary,Self-Employed,599043.03,10000.0,Business,535.9,0,149,21.09,2020-12-29,0
3469,52.0,Other,North,Post-Graduate,Salaried,589222.86,287792.87,Home,696.4,5,409,91.57,2024-03-24,0
3470,35.0,Other,North,Graduate,Salaried,528919.11,39791.89,Business,743.1,9,154,10.22,2023-09-12,0
3471,37.0,Male,North,Post-Graduate,Salaried,847901.81,478247.18,Other,752.1,8,379,41.9,2021-07-30,0
3472,58.0,Other,North,Secondary,Salaried,64014.58,898115.68,Other,663.0,11,387,52.71,2025-01-02,0
3473,40.0,Female,West,Graduate,Self-Employed,1141320.16,475627.51,Education,642.3,0,38,85.42,2022-07-11,0
3474,51.0,Female,North,Graduate,Self-Employed,600197.52,144430.84,Home,748.9,8,41,92.67,2025-06-22,0
3475,42.0,Male,North,Post-Graduate,Self-Employed,1041921.14,383389.17,Home,556.4,4,64,14.32,2022-07-16,0
3476,47.0,Female,West,Post-Graduate,Salaried,166789.47,565690.82,Car,548.8,10,180,26.46,2018-11-21,1
3477,39.0,Female,East,Post-Graduate,Self-Employed,624419.62,633855.94,Education,671.0,1,155,28.1,2022-05-05,0
3478,37.0,Male,South,Secondary,Unemployed,574482.7,717085.58,Education,689.4,4,401,94.96,2022-09-08,1
3479,59.0,Other,West,Graduate,Unemployed,490764.57,10000.0,Other,663.9,11,405,82.67,2019-04-18,0
3480,23.0,Female,East,Graduate,Salaried,767135.83,387878.34,Car,693.5,6,119,89.7,2023-11-27,0
3481,68.0,Male,East,Graduate,Salaried,194355.57,747065.32,Home,744.5,2,85,65.67,2024-10-23,1
3482,64.0,Other,North,Primary,Self-Employed,392872.91,451142.44,Car,625.8,11,170,38.08,2022-12-06,1
3483,42.0,,West,Secondary,Self-Employed,274535.32,653956.43,Home,645.2,3,34,42.44,2020-05-09,0
3484,62.0,Female,West,Graduate,Unemployed,644230.72,740504.96,Car,758.0,4,55,30.07,2023-06-13,1
3485,68.0,Female,East,Post-Graduate,Unemployed,1211035.16,845689.06,Home,615.7,7,45,60.1,2023-04-16,1
3486,29.0,Other,East,Graduate,Salaried,495941.02,221553.78,Other,641.3,10,17,88.42,2024-01-14,0
3487,68.0,Other,West,Post-Graduate,Unemployed,412723.89,356943.37,Home,633.5,1,125,67.38,2022-05-04,1
3488,54.0,Other,South,Graduate,Unemployed,837998.98,219565.87,Home,674.2,1,493,35.25,2024-01-18,0
3489,68.0,Male,West,Secondary,Self-Employed,633995.54,55054.35,Education,632.3,4,243,33.7,2023-02-20,0
3490,38.0,Other,South,Post-Graduate,Self-Employed,211005.27,587566.85,Home,752.8,1,36,61.13,2020-10-31,1
3491,50.0,Other,South,Primary,Salaried,646189.4,499138.64,Education,555.7,6,413,10.62,2023-01-13,1
3492,47.0,Other,East,Post-Graduate,Self-Employed,253914.95,88438.8,Business,618.0,10,467,11.58,2025-04-25,1
3493,21.0,Other,South,Graduate,Self-Employed,961225.7,221396.98,Business,716.7,9,115,81.23,2024-09-26,0
3494,60.0,Male,North,Post-Graduate,Self-Employed,1107800.52,685123.24,Home,679.9,12,160,75.72,2022-06-04,0
3495,54.0,Other,West,Secondary,Unemployed,448516.28,545807.35,Home,667.0,6,40,44.32,2020-08-10,0
3496,36.0,Other,West,Graduate,Salaried,704542.77,532783.32,Other,789.5,6,71,35.76,2024-11-23,0
3497,37.0,Female,South,Graduate,Unemployed,465673.9,537422.58,Education,609.9,12,165,29.12,2021-05-01,1
3498,39.0,Male,South,Secondary,Self-Employed,565393.96,616659.62,Other,729.5,2,29,86.93,2025-04-25,1
3499,31.0,Male,East,Graduate,Self-Employed,,286391.75,Other,569.7,5,131,82.97,2021-08-09,1
3500,48.0,Female,South,Graduate,Salaried,,,Education,668.6,1,312,24.4,2020-06-13,1
3501,28.0,Male,South,Post-Graduate,Self-Employed,1084088.66,244074.34,Other,640.0,2,241,45.97,2022-09-06,0
3502,68.0,Male,North,Primary,Unemployed,270557.46,459935.52,Education,632.8,5,228,89.78,2024-11-26,1
3503,37.0,Other,East,Primary,Unemployed,794209.49,139126.02,Business,801.9,11,347,90.29,2024-06-14,0
3504,39.0,Male,South,Post-Graduate,Self-Employed,1004428.7,469716.67,Car,,1,330,65.3,2023-06-18,0
3505,34.0,Male,East,Post-Graduate,Self-Employed,660042.04,1340616.1,Car,732.0,6,387,15.4,2025-05-23,0
3506,48.0,Other,South,Primary,Self-Employed,523160.73,354759.73,Car,655.2,9,488,79.88,2023-10-03,0
3507,42.0,Male,West,Primary,Self-Employed,971577.85,374410.39,Other,,10,371,91.94,2022-10-27,0
3508,26.0,Female,North,Secondary,Unemployed,888547.22,407655.83,Education,850.0,8,150,92.35,2023-02-06,0
3509,70.0,Male,East,Primary,Self-Employed,1131806.45,500551.91,Education,565.9,0,196,69.4,2024-01-04,0
3510,70.0,Other,West,Primary,Salaried,690810.04,376415.73,Other,652.6,0,210,62.43,2025-06-04,0
3511,67.0,Female,East,Secondary,Unemployed,466426.49,672276.58,Education,622.0,12,5,29.72,2021-07-16,1
3512,38.0,,South,Secondary,Salaried,799084.28,416696.49,Other,592.0,11,169,31.6,2018-03-11,1
3513,43.0,Male,South,Graduate,Unemployed,785987.01,368503.04,Car,667.8,5,355,26.06,2018-04-21,0
3514,32.0,Other,East,Graduate,,701147.19,534065.76,Business,738.4,0,462,38.12,2022-02-01,0
3515,30.0,Other,South,Graduate,,893897.4,263069.33,Home,631.8,7,284,68.77,2020-07-28,0
3516,,Other,West,Secondary,Unemployed,883107.4,10000.0,Home,830.0,8,265,40.05,2022-12-28,0
3517,64.0,Other,North,Post-Graduate,Self-Employed,855849.38,212671.24,Other,736.9,9,233,54.07,2018-02-19,0
3518,70.0,Female,East,Post-Graduate,Salaried,437446.62,,Education,,10,359,72.16,2023-01-21,0
3519,64.0,Other,West,Graduate,Unemployed,4142376.65,42568.8,Business,690.4,1,485,55.41,2025-03-01,0
3520,,Other,South,Primary,Self-Employed,,10000.0,Business,,10,72,12.94,2021-10-30,1
3521,58.0,Female,West,Post-Graduate,Salaried,1231128.56,123813.2,Other,683.7,6,427,32.07,2023-12-24,0
3522,31.0,Male,North,Post-Graduate,Salaried,759496.95,268251.51,Other,798.9,12,142,11.11,2023-05-11,0
3523,62.0,Other,North,Post-Graduate,Unemployed,381267.96,137236.18,Education,,12,208,51.51,2020-01-07,0
3524,29.0,Female,North,Primary,Self-Employed,1157963.68,709773.07,Other,729.5,6,217,66.29,2021-01-29,0
3525,35.0,Male,North,Post-Graduate,Salaried,514948.44,622173.08,Other,751.8,0,283,31.08,2020-02-29,1
3526,35.0,,North,Post-Graduate,Self-Employed,1050028.44,35471.68,Education,850.0,0,35,81.33,2023-07-10,0
3527,34.0,Male,South,Secondary,Self-Employed,1060040.1,301263.25,Business,654.2,10,125,18.2,2023-07-04,0
3528,68.0,Female,West,Secondary,Self-Employed,1066019.33,376180.6,Business,714.1,6,29,77.21,2018-09-09,0
3529,54.0,Other,East,Post-Graduate,Unemployed,291686.77,331463.77,Other,705.2,0,240,23.68,2024-10-26,1
3530,67.0,Female,West,Post-Graduate,Unemployed,804393.88,488392.65,Education,699.1,0,381,39.31,2022-05-20,0
3531,55.0,Female,East,Graduate,Self-Employed,,199589.77,Other,558.0,12,379,29.12,2025-01-18,1
3532,,Female,East,Post-Graduate,Self-Employed,356254.03,727904.39,Car,692.0,9,371,62.6,2025-01-07,1
3533,34.0,Male,North,Post-Graduate,Salaried,748850.39,91975.19,Home,704.5,3,17,32.42,2024-02-09,0
3534,22.0,Other,West,Graduate,Unemployed,533444.66,668938.27,Home,657.1,5,139,47.97,2020-04-08,0
3535,48.0,Other,South,Primary,Self-Employed,740076.87,532910.02,Car,552.8,10,108,14.48,2021-11-30,1
3536,45.0,Other,North,Post-Graduate,Unemployed,800084.86,201545.1,Home,551.2,8,397,87.09,2020-11-23,1
3537,27.0,Female,West,Secondary,Salaried,844157.94,606870.04,Home,631.6,0,208,93.43,2025-08-23,0
3538,,Other,West,Post-Graduate,Self-Employed,1281550.69,311134.99,Car,599.4,0,294,55.12,2019-01-24,0
3539,44.0,Male,West,Post-Graduate,Unemployed,886711.71,562991.71,Business,,7,63,16.18,2023-01-26,1
3540,38.0,Other,East,Post-Graduate,Unemployed,756524.72,384103.97,Other,620.2,4,247,85.34,2021-12-04,0
3541,42.0,Other,West,Post-Graduate,,,661525.82,Other,646.3,7,478,42.29,2024-07-15,0
3542,44.0,Other,South,Post-Graduate,Unemployed,918903.3,227114.13,Home,630.7,3,376,23.69,2025-06-29,0
3543,27.0,Female,North,Post-Graduate,Unemployed,654550.8,799637.85,Car,619.2,0,352,47.39,2025-03-31,0
3544,30.0,,North,Primary,Self-Employed,,230788.77,Other,614.4,7,82,38.63,2024-08-17,1
3545,66.0,,North,Post-Graduate,Salaried,444809.07,714745.67,Other,695.1,12,154,17.79,2019-05-30,0
3546,68.0,Male,North,Primary,Self-Employed,1216258.38,740482.01,Home,738.1,11,214,43.8,2025-06-03,0
3547,61.0,Other,West,Post-Graduate,Unemployed,467828.54,373114.71,Car,699.0,3,169,46.99,2018-09-08,0
3548,39.0,Male,North,Post-Graduate,Unemployed,513932.18,292060.71,Education,784.5,1,365,46.07,2022-05-07,0
3549,36.0,Other,West,Primary,,1004167.8,,Car,748.3,2,205,54.9,2021-05-21,0
3550,58.0,Female,East,Graduate,Unemployed,1013614.28,696038.99,Car,,8,368,60.08,2024-03-29,0
3551,45.0,Other,West,Post-Graduate,Self-Employed,917892.7,619084.56,Car,807.6,5,271,18.18,2025-07-08,0
3552,,Female,East,Secondary,Salaried,6649062.7,502577.0,Education,586.6,11,134,32.2,2023-03-31,1
3553,46.0,Male,West,Primary,Salaried,870440.47,190448.09,Education,712.2,9,96,15.66,2022-02-27,0
3554,65.0,Female,North,Primary,Self-Employed,645524.55,255331.23,Business,637.4,4,333,48.61,2025-01-08,0
3555,37.0,Male,South,Primary,Salaried,507176.51,41417.98,Business,607.3,8,240,54.0,2019-04-17,1
3556,48.0,Other,South,Graduate,Self-Employed,730039.87,221669.81,Car,668.6,5,315,34.32,2019-12-24,0
3557,39.0,Female,North,Post-Graduate,Self-Employed,949035.33,10000.0,Education,784.4,10,101,84.8,2020-10-14,0
3558,40.0,Male,North,Graduate,Unemployed,1113278.32,440228.22,Business,,10,397,59.19,2019-03-24,0
3559,35.0,Other,East,Graduate,Unemployed,298896.77,247375.63,Home,589.7,8,424,65.44,2021-07-07,1
3560,64.0,Other,East,Secondary,Unemployed,291021.25,305595.73,Home,687.0,7,255,69.27,2021-08-10,1
3561,58.0,Male,North,Secondary,Salaried,970388.6,555441.15,Other,528.0,0,472,54.72,2025-05-15,0
3562,61.0,Other,East,Primary,Salaried,393794.9,16395.1,Other,755.6,9,321,74.93,2021-08-27,0
3563,36.0,Male,West,Graduate,Self-Employed,477112.27,442028.39,Car,627.0,7,499,21.01,2018-02-28,0
3564,47.0,Other,North,Primary,Unemployed,832483.6,431869.51,Car,680.8,9,283,12.19,2019-05-08,0
3565,21.0,Other,South,Primary,Salaried,1387712.63,401664.1,Home,786.4,8,381,50.72,2019-10-19,0
3566,50.0,Male,South,Post-Graduate,Self-Employed,1360285.68,711220.21,Business,671.8,12,222,58.54,2019-11-28,0
3567,31.0,Other,South,Post-Graduate,Unemployed,880295.6,528892.44,Car,706.0,9,292,15.06,2018-01-11,0
3568,60.0,Female,South,Graduate,Unemployed,,589332.1,Car,586.1,4,439,79.83,2019-09-26,1
3569,40.0,Other,East,Graduate,Self-Employed,295504.96,204203.3,Other,568.0,10,424,55.95,2025-03-26,1
3570,,Other,East,Post-Graduate,Salaried,511948.82,673115.9,Other,773.4,3,486,30.38,2022-01-27,0
3571,62.0,Female,East,Post-Graduate,Self-Employed,754824.52,648528.42,Car,584.5,6,46,66.32,2018-04-20,1
3572,22.0,Other,East,Primary,Self-Employed,659664.63,551340.97,Business,738.0,4,373,59.74,2025-07-04,0
3573,,Female,North,Primary,Unemployed,493580.35,,Other,716.3,8,319,67.99,2019-01-28,1
3574,28.0,Female,East,Primary,Salaried,1072671.89,506607.74,Other,728.2,12,269,35.57,2023-06-05,0
3575,32.0,Male,North,Primary,Self-Employed,365541.64,551205.64,Business,743.4,8,435,11.88,2023-07-14,1
3576,22.0,Female,East,Secondary,Unemployed,648409.17,568312.26,Other,647.3,3,498,74.83,2025-06-14,0
3577,29.0,Other,North,Primary,Salaried,,1105760.29,Education,688.4,6,261,12.08,2024-02-20,1
3578,,Other,East,Post-Graduate,Unemployed,91316.02,733273.49,Home,758.4,6,443,22.95,2020-02-06,1
3579,21.0,Other,East,Post-Graduate,Salaried,1135285.44,813639.1,Other,655.3,10,234,86.85,2021-06-16,0
3580,44.0,Female,East,Post-Graduate,Self-Employed,419436.92,116284.82,Car,693.6,2,433,34.42,2023-05-17,0
3581,24.0,Male,North,Post-Graduate,Salaried,1046701.66,293774.06,Education,738.6,0,488,62.53,2025-07-25,0
3582,62.0,Male,South,Secondary,Salaried,974468.14,139303.0,Home,604.6,8,12,79.7,2019-07-06,1
3583,41.0,Other,South,Post-Graduate,Self-Employed,774747.98,84104.63,Education,633.1,12,427,46.78,2024-03-24,0
3584,49.0,,East,Primary,Unemployed,756078.62,314735.33,Business,709.9,8,216,57.38,2022-04-23,0
3585,69.0,,North,Primary,Salaried,50000.0,883774.99,Education,578.8,4,452,92.72,2023-04-22,1
3586,43.0,Other,East,Secondary,Unemployed,630876.56,255768.16,Education,630.5,3,127,34.29,2024-12-21,0
3587,61.0,Female,West,Secondary,Salaried,449761.58,187025.92,Business,809.2,11,362,36.47,2018-05-25,0
3588,23.0,Male,West,Graduate,Unemployed,721065.24,704750.82,Other,625.5,1,272,18.88,2022-06-02,1
3589,43.0,Male,West,Post-Graduate,Unemployed,588801.67,579926.6,Home,,3,131,85.18,2025-04-06,1
3590,26.0,Female,South,Post-Graduate,Salaried,678539.06,653521.35,Education,595.0,6,231,69.26,2023-03-03,1
3591,55.0,Other,East,Post-Graduate,Self-Employed,684793.44,387530.04,Other,660.0,1,137,28.98,2022-08-30,0
3592,,Male,West,Primary,Self-Employed,851729.47,301864.63,Home,755.2,11,490,53.93,2024-07-13,0
3593,65.0,Female,South,Primary,Unemployed,1092293.54,226953.75,Business,544.0,5,273,67.28,2024-01-20,1
3594,61.0,Other,North,Graduate,Salaried,1226551.3,317244.7,Home,529.8,7,433,57.97,2018-05-29,1
3595,29.0,Female,East,Graduate,Unemployed,759994.68,397745.6,Business,713.5,2,469,63.4,2023-12-18,0
3596,48.0,Male,South,Primary,Self-Employed,491576.72,43765.42,Other,780.6,1,332,24.5,2023-10-14,0
3597,36.0,Other,East,Graduate,Unemployed,503847.31,,Car,662.3,9,475,36.1,2019-12-02,0
3598,33.0,Female,North,Primary,Self-Employed,490031.77,194034.6,Car,741.6,11,97,34.56,2021-07-31,0
3599,65.0,Other,North,Secondary,Salaried,196800.52,493097.29,Home,728.3,2,268,79.84,2020-04-03,1
3600,50.0,Male,West,Post-Graduate,Salaried,569401.08,453294.8,Education,669.6,8,385,16.31,2022-04-07,0
3601,38.0,Male,East,Post-Graduate,Self-Employed,763643.73,595503.19,Home,799.3,11,197,92.49,2020-05-02,0
3602,66.0,Female,South,Primary,Self-Employed,,594358.74,Home,794.2,10,487,52.1,2019-12-02,0
3603,38.0,Female,East,Primary,Self-Employed,371590.09,10000.0,Education,595.8,7,71,65.22,2025-07-01,1
3604,55.0,Female,East,Post-Graduate,Salaried,1190316.4,129268.51,Car,744.0,12,77,79.87,2020-10-03,0
3605,37.0,Male,South,Primary,Salaried,956719.45,448570.33,Education,598.1,3,28,74.93,2018-11-11,0
3606,44.0,Female,North,Post-Graduate,Salaried,1123043.75,515000.29,Education,660.3,5,437,63.94,2020-03-15,0
3607,47.0,Male,South,Graduate,Salaried,101710.43,,Other,689.7,5,210,30.39,2022-02-27,1
3608,57.0,Other,East,Post-Graduate,,967511.92,271180.54,Car,798.3,9,291,13.6,2021-11-15,0
3609,33.0,Female,North,Graduate,Self-Employed,720375.66,388837.21,Business,676.4,10,203,10.08,2025-07-22,0
3610,44.0,Female,East,Primary,Unemployed,545200.78,191321.48,Business,697.0,5,216,67.75,2022-05-24,0
3611,41.0,Male,East,Secondary,Salaried,405528.45,345298.06,Home,757.1,11,73,23.92,2019-11-25,1
3612,46.0,Male,South,Post-Graduate,Salaried,326700.52,508362.24,Education,692.9,0,428,46.51,2024-04-27,1
3613,58.0,Other,West,Primary,Salaried,1094321.22,576728.16,Car,791.7,2,431,14.2,2019-09-23,0
3614,34.0,Other,East,Graduate,Self-Employed,50000.0,10000.0,Car,753.0,12,66,32.91,2019-06-24,0
3615,30.0,Male,South,Secondary,Self-Employed,671532.52,735117.37,Other,682.5,11,72,75.79,2018-08-17,1
3616,59.0,Other,West,Primary,Unemployed,869862.05,320041.51,Car,645.1,10,125,38.3,2025-03-09,0
3617,42.0,Other,East,Post-Graduate,Unemployed,722057.86,547391.67,Business,607.2,7,215,25.62,2021-02-23,1
3618,45.0,Female,South,Post-Graduate,Salaried,990812.55,650675.56,Education,628.7,9,449,48.62,2024-07-03,0
3619,21.0,Male,North,Graduate,Self-Employed,693432.23,398151.94,Business,622.8,3,197,14.65,2023-06-11,0
3620,67.0,Female,West,Post-Graduate,Self-Employed,528015.81,775687.84,Car,728.6,12,106,46.49,2024-08-04,1
3621,55.0,Male,South,Secondary,Unemployed,671740.21,243144.62,Car,718.5,4,226,24.13,2019-10-18,0
3622,33.0,Female,North,Post-Graduate,Salaried,642164.89,437497.43,Business,634.9,5,95,71.36,2020-06-09,0
3623,64.0,Female,East,Primary,Salaried,1089796.5,456495.31,Education,793.0,0,454,71.12,2019-01-28,0
3624,42.0,Other,South,Secondary,Unemployed,431211.28,691285.53,Education,850.0,4,420,41.42,2022-12-19,1
3625,23.0,Male,East,Secondary,Salaried,578811.68,937814.92,Other,,10,493,49.02,2019-04-08,1
3626,49.0,Male,North,Graduate,Self-Employed,572798.25,623364.31,Other,656.7,9,45,72.17,2024-11-01,1
3627,51.0,Male,West,Primary,Unemployed,522031.21,576076.61,Business,744.3,7,71,29.12,2025-08-20,1
3628,25.0,Female,East,Secondary,Unemployed,684911.09,230369.36,Other,644.1,4,206,67.91,2021-03-13,0
3629,27.0,Other,South,Post-Graduate,Unemployed,673096.98,588130.48,Home,594.4,0,289,64.23,2022-04-10,1
3630,68.0,Other,East,Primary,Salaried,218604.35,557482.96,Home,584.4,5,416,78.15,2025-06-29,1
3631,69.0,Female,North,Graduate,Salaried,897747.8,233644.3,Education,569.3,2,221,66.08,2022-12-31,0
3632,,Female,South,Secondary,Salaried,50000.0,212060.51,Business,685.4,6,425,32.66,2021-03-29,0
3633,41.0,Male,West,Primary,,637487.66,799160.13,Car,778.3,4,117,35.36,2018-08-29,1
3634,66.0,Other,South,Primary,Unemployed,642237.36,420628.6,Education,660.1,1,176,67.44,2022-08-12,0
3635,36.0,Female,West,Graduate,Self-Employed,593091.84,10000.0,Other,764.1,2,382,83.09,2022-07-04,0
3636,50.0,Female,South,Primary,Self-Employed,1552167.65,75350.35,Home,717.1,6,153,33.95,2023-09-05,0
3637,50.0,Female,West,Graduate,,217034.56,338325.11,Home,676.4,4,434,92.44,2023-11-16,0
3638,28.0,Other,North,Primary,Unemployed,556578.94,10000.0,Home,692.3,10,15,12.17,2020-11-15,0
3639,49.0,Other,South,Primary,,794953.93,542971.56,Business,711.2,9,93,94.93,2021-03-06,0
3640,,Other,South,Primary,,488841.77,387661.24,Education,716.8,0,239,13.41,2021-01-29,0
3641,44.0,Female,West,Graduate,Unemployed,746866.15,,Home,603.5,5,24,42.9,2018-03-05,1
3642,38.0,Female,North,Graduate,Unemployed,654007.4,,Car,671.0,1,175,44.27,2024-05-10,0
3643,50.0,Other,West,Secondary,Unemployed,249829.44,,Business,695.5,1,58,91.99,2019-05-16,1
3644,27.0,Female,East,Primary,,332146.98,403054.28,Education,583.1,4,62,13.04,2019-03-07,1
3645,65.0,Male,South,Primary,Self-Employed,834913.9,285094.35,Car,709.3,0,259,27.01,2018-11-01,0
3646,41.0,Female,North,Post-Graduate,Unemployed,1270007.48,10000.0,Home,620.7,5,421,71.59,2019-12-26,0
3647,68.0,Male,South,Primary,Unemployed,353266.16,161850.33,Home,,3,213,13.31,2025-07-16,0
3648,70.0,Other,West,Primary,Unemployed,484034.76,389683.17,Car,704.2,12,309,61.95,2023-08-31,1
3649,63.0,Female,South,Graduate,Self-Employed,538163.26,10000.0,Car,543.0,4,380,16.53,2024-08-18,0
3650,40.0,Male,West,Post-Graduate,Self-Employed,622854.3,461056.29,Education,,6,138,64.81,2023-05-17,0
3651,56.0,Male,East,Secondary,Salaried,815372.21,439860.67,Business,721.0,10,378,21.53,2023-04-03,0
3652,52.0,Male,West,Primary,Unemployed,645628.75,265148.78,Car,645.6,6,238,49.0,2018-09-30,0
3653,37.0,Other,North,Graduate,Self-Employed,1044115.74,327596.1,Other,660.4,11,445,85.34,2020-02-22,0
3654,32.0,Other,South,Primary,Salaried,607195.92,480231.46,Business,728.0,6,202,17.13,2022-05-06,0
3655,30.0,Female,West,Primary,Salaried,50000.0,,Home,650.5,6,34,84.94,2024-04-21,0
3656,56.0,Other,West,Post-Graduate,Self-Employed,434599.24,237971.04,Car,593.1,11,295,25.34,2025-05-07,1
3657,69.0,Female,West,Post-Graduate,,259372.15,626639.31,Home,716.3,9,309,65.09,2021-11-20,1
3658,66.0,Male,South,Primary,Self-Employed,567856.0,757304.65,Other,692.5,10,23,38.88,2018-07-19,1
3659,32.0,Male,East,Primary,Salaried,405014.57,694473.13,Education,661.1,5,461,46.64,2021-04-23,1
3660,34.0,Other,North,Post-Graduate,Self-Employed,697457.57,211923.95,Home,722.2,11,97,60.68,2024-07-21,0
3661,,Female,North,Secondary,Salaried,1012773.91,637620.25,Home,728.4,8,112,45.11,2023-11-08,0
3662,49.0,Female,East,Graduate,Salaried,545660.85,10000.0,Home,612.1,1,65,75.18,2022-11-19,0
3663,38.0,Male,South,Graduate,Salaried,832370.87,670021.85,Other,724.9,5,424,47.89,2025-03-25,0
3664,36.0,Female,West,Post-Graduate,Self-Employed,1280181.5,10000.0,Business,774.6,9,35,28.1,2023-07-24,0
3665,51.0,Female,South,Secondary,Self-Employed,1260842.37,253050.99,Home,667.5,5,132,31.99,2023-07-16,0
3666,54.0,Male,North,Primary,Salaried,805560.87,694308.0,Car,710.7,12,428,70.79,2020-04-29,1
3667,61.0,Other,North,Post-Graduate,Self-Employed,1073299.87,792355.13,Business,710.9,1,421,75.32,2018-02-09,0
3668,66.0,Female,West,Graduate,Self-Employed,510423.83,481361.39,Education,618.7,6,209,17.17,2018-03-17,1
3669,59.0,Male,South,Secondary,Self-Employed,,452778.92,Business,676.5,6,372,16.37,2025-04-03,0
3670,29.0,Female,North,Secondary,Unemployed,230769.05,596364.89,Education,686.5,10,410,82.86,2018-06-04,1
3671,47.0,Other,South,Secondary,Unemployed,534172.71,576542.45,Other,752.4,5,201,55.98,2022-06-30,0
3672,49.0,Other,East,Post-Graduate,Self-Employed,899635.85,93378.68,Home,794.7,1,277,13.63,2020-08-13,0
3673,61.0,Other,North,Primary,Unemployed,623756.23,581003.6,Education,739.8,12,230,86.84,2022-03-28,0
3674,49.0,Other,South,Graduate,Salaried,334258.95,448998.28,Other,602.6,4,231,43.35,2020-06-04,1
3675,22.0,Female,West,Primary,Self-Employed,945171.64,416762.46,Home,625.6,12,180,23.35,2020-04-10,0
3676,31.0,Female,North,Primary,Salaried,409679.84,514295.02,Business,605.1,11,7,79.75,2024-10-28,1
3677,,Female,South,Secondary,Unemployed,949755.8,188453.08,Education,638.7,4,71,72.48,2022-09-23,0
3678,37.0,,West,Secondary,Unemployed,697731.9,704329.3,Car,630.7,4,374,35.04,2021-10-11,1
3679,68.0,Male,South,Post-Graduate,Self-Employed,680159.91,1099494.19,Car,668.0,1,136,35.01,2023-12-16,1
3680,32.0,Male,West,Primary,Self-Employed,661374.96,355490.7,Other,631.9,1,181,66.34,2020-04-04,0
3681,27.0,Other,South,Secondary,Self-Employed,305465.26,,Education,651.9,0,43,40.51,2023-10-13,0
3682,25.0,Male,South,Secondary,Self-Employed,358984.49,65402.88,Other,,10,385,31.37,2021-01-24,0
3683,54.0,Male,South,Primary,Salaried,1038592.74,627660.24,Other,669.9,5,17,48.92,2021-06-17,0
3684,43.0,Female,East,Primary,Salaried,537938.02,766633.9,Education,,0,231,53.21,2023-01-06,1
3685,33.0,Female,West,Secondary,Salaried,958699.57,361397.49,Business,,6,370,15.07,2020-06-19,0
3686,25.0,Other,South,Secondary,,357146.77,678117.35,Education,666.2,1,187,74.98,2019-01-17,0
3687,48.0,Other,South,Post-Graduate,Self-Employed,605529.1,446063.39,Other,771.3,11,85,91.66,2020-12-19,0
3688,42.0,Male,North,Post-Graduate,Salaried,336951.0,20264.94,Education,661.4,10,190,73.29,2023-04-26,0
3689,46.0,Other,South,Graduate,Self-Employed,1043481.16,453638.49,Other,738.5,0,464,71.68,2018-09-09,0
3690,33.0,Female,South,Post-Graduate,Self-Employed,850312.96,146150.98,Business,536.4,10,476,46.26,2019-06-02,1
3691,,Female,East,Primary,Salaried,697560.09,403783.39,Other,753.3,1,149,39.29,2020-03-02,0
3692,62.0,Male,South,Post-Graduate,Self-Employed,573177.39,195773.29,Education,712.3,10,400,46.68,2021-11-01,0
3693,45.0,Other,South,Post-Graduate,Self-Employed,824806.24,616574.63,Other,655.2,3,403,35.92,2025-02-09,0
3694,43.0,,West,Primary,Self-Employed,493811.72,230261.78,Education,714.8,2,97,68.3,2024-06-27,0
3695,37.0,Other,West,Post-Graduate,Unemployed,398054.28,408104.12,Other,668.0,10,397,70.17,2018-02-15,1
3696,31.0,Other,West,Primary,Self-Employed,505813.48,856121.4,Other,732.8,8,281,38.15,2019-08-25,0
3697,35.0,Male,East,Graduate,,592139.79,1063835.34,Car,685.9,9,322,68.58,2023-03-25,0
3698,38.0,Female,West,Post-Graduate,Unemployed,857267.43,10000.0,Other,527.6,4,424,85.45,2018-01-31,0
3699,66.0,Male,East,Post-Graduate,Self-Employed,1111702.28,306668.49,Home,663.3,4,485,65.86,2023-06-21,0
3700,28.0,Female,North,Post-Graduate,Salaried,405019.68,244014.94,Home,665.8,12,487,55.65,2021-10-30,0
3701,68.0,Other,South,Primary,Unemployed,408335.75,417150.06,Home,778.9,11,258,26.79,2021-04-10,1
3702,46.0,,West,Post-Graduate,Self-Employed,953538.65,667156.31,Business,597.4,6,91,36.41,2025-07-25,1
3703,32.0,Female,West,Post-Graduate,Self-Employed,,360933.04,Home,645.5,10,327,25.41,2020-11-21,0
3704,64.0,Female,West,Secondary,,1060291.82,188966.89,Business,727.4,10,142,54.1,2024-05-26,0
3705,55.0,Male,South,Post-Graduate,Salaried,573100.82,,Education,774.4,0,18,76.74,2020-02-14,1
3706,42.0,,South,Secondary,Salaried,691321.69,685095.09,Other,677.8,12,54,91.95,2021-11-17,0
3707,28.0,Female,West,Secondary,Salaried,,200512.44,Car,716.9,7,426,12.21,2023-02-12,0
3708,27.0,Female,East,Secondary,Self-Employed,50000.0,13115.01,Education,768.3,5,129,57.05,2020-03-02,0
3709,21.0,Male,North,Secondary,Self-Employed,1169306.59,10000.0,Education,640.8,11,499,24.86,2018-12-29,0
3710,65.0,Other,East,Post-Graduate,Self-Employed,238859.87,,Home,801.8,1,154,59.24,2025-07-01,0
3711,35.0,Male,North,Graduate,Salaried,6887277.74,654653.59,Education,587.6,2,194,56.91,2020-02-04,0
3712,40.0,Other,South,Post-Graduate,Unemployed,890603.7,568076.09,Business,548.3,12,207,84.36,2024-11-28,1
3713,36.0,Male,South,Post-Graduate,,187508.95,637039.91,Car,625.7,9,264,84.49,2018-05-05,1
3714,57.0,Other,South,Primary,Salaried,282280.62,856781.36,Other,702.0,12,16,33.35,2024-07-05,1
3715,32.0,Male,North,Secondary,Unemployed,675975.18,594125.67,Business,687.0,0,225,61.17,2023-06-03,1
3716,29.0,Male,North,Primary,Self-Employed,277607.51,879430.05,Home,770.5,3,266,22.84,2024-08-22,1
3717,70.0,Male,West,Primary,Salaried,438299.19,23329.73,Home,560.1,7,223,16.68,2024-04-07,1
3718,40.0,Other,North,Primary,Unemployed,,416984.8,Car,673.9,5,354,93.55,2021-01-11,0
3719,28.0,Male,North,Primary,,976152.41,10000.0,Education,680.2,5,257,32.27,2020-01-31,0
3720,57.0,Female,North,Post-Graduate,Unemployed,713206.87,152392.36,Home,604.9,9,71,59.12,2025-08-31,1
3721,59.0,,East,Secondary,Self-Employed,844452.72,262214.0,Home,607.5,11,296,20.95,2022-02-18,1
3722,57.0,Male,East,Secondary,Unemployed,719341.55,967522.5,Business,548.3,6,427,54.19,2019-03-16,1
3723,22.0,Female,South,Secondary,Salaried,522684.67,253958.26,Home,591.4,3,340,32.67,2024-10-25,0
3724,58.0,Female,South,Secondary,Self-Employed,,627209.09,Business,657.5,5,108,78.35,2018-04-29,0
3725,68.0,Male,East,Post-Graduate,Salaried,820108.27,589870.67,Education,573.0,8,336,92.13,2024-01-19,1
3726,47.0,Male,East,Primary,Self-Employed,516479.62,566544.84,Business,638.1,5,54,68.07,2024-05-24,0
3727,69.0,Other,North,Secondary,Unemployed,897526.71,10000.0,Other,767.5,3,194,26.92,2019-02-07,0
3728,25.0,Female,South,Primary,Unemployed,907948.49,499430.23,Education,614.9,7,356,12.26,2025-08-09,1
3729,64.0,Other,South,Graduate,Unemployed,50000.0,381583.87,Education,668.5,3,315,32.14,2024-08-13,1
3730,51.0,Female,South,Primary,Salaried,471848.07,522662.02,Home,785.5,8,28,26.3,2018-04-08,1
3731,44.0,Female,West,Primary,Salaried,1218862.22,309500.75,Education,642.6,5,110,68.81,2023-02-15,0
3732,22.0,Other,North,Secondary,Unemployed,499976.73,187675.4,Business,762.8,4,12,37.15,2018-10-22,0
3733,25.0,Other,South,Graduate,Unemployed,621757.26,402349.88,Home,658.8,4,377,65.86,2019-07-08,0
3734,21.0,Other,West,Secondary,Self-Employed,1247872.12,73098.9,Education,627.7,2,167,37.78,2020-10-16,0
3735,48.0,Other,West,Primary,Salaried,909280.14,493489.97,Home,622.3,11,404,72.35,2024-04-29,0
3736,60.0,Male,East,Secondary,Salaried,292818.06,554929.95,Education,725.7,9,135,19.17,2022-11-02,1
3737,69.0,Male,West,Post-Graduate,Unemployed,582980.96,76445.77,Other,714.0,10,215,79.14,2019-06-24,0
3738,40.0,Male,North,Primary,Self-Employed,629299.87,818603.96,Business,612.5,0,5,16.55,2019-11-06,0
3739,58.0,Male,West,Graduate,Salaried,824438.13,198336.57,Education,781.2,3,100,28.82,2025-04-04,0
3740,36.0,Female,North,Graduate,Salaried,664364.48,280598.8,Other,706.6,12,263,11.92,2023-06-17,0
3741,64.0,Male,North,Post-Graduate,Unemployed,1185566.52,389321.12,Car,792.9,5,8,62.25,2021-01-12,0
3742,46.0,Female,North,Primary,Self-Employed,741474.76,678100.85,Other,656.1,1,18,69.51,2023-07-02,1
3743,26.0,Female,East,Graduate,,1273834.69,122677.39,Other,755.5,11,433,73.71,2018-12-11,0
3744,40.0,Other,East,Secondary,Salaried,480496.58,312282.37,Home,558.8,2,323,46.05,2020-10-07,0
3745,51.0,Male,North,Secondary,Unemployed,821399.85,700081.97,Home,693.4,10,348,24.58,2023-12-31,1
3746,62.0,Male,North,Graduate,Unemployed,362025.15,645490.39,Education,675.2,12,59,65.57,2020-09-26,0
3747,52.0,,North,Secondary,Salaried,555030.62,388048.54,Car,732.1,12,447,42.28,2022-03-08,0
3748,38.0,Female,East,Secondary,Salaried,876975.81,408307.77,Education,,1,112,15.6,2022-10-04,0
3749,,Male,South,Post-Graduate,Self-Employed,366112.04,462244.6,Home,599.9,5,176,66.42,2024-12-02,1
3750,63.0,Other,West,Secondary,Self-Employed,50000.0,601822.07,Business,699.6,7,209,62.95,2025-04-18,1
3751,63.0,Other,West,Post-Graduate,Salaried,336409.51,203278.87,Business,739.6,7,358,46.93,2021-04-02,0
3752,66.0,Male,East,Post-Graduate,Self-Employed,807947.2,451730.88,Home,750.5,0,489,13.41,2019-04-09,0
3753,63.0,Other,East,Secondary,Salaried,967094.9,325833.2,Education,704.8,12,430,51.1,2018-02-03,0
3754,57.0,Female,South,Secondary,Salaried,731262.46,436252.51,Business,790.9,2,112,74.94,2018-12-18,0
3755,25.0,Male,West,Primary,Salaried,421769.7,506657.47,Other,737.5,10,162,87.45,2022-08-20,1
3756,54.0,Other,West,Secondary,Salaried,467553.54,10000.0,Other,608.0,12,61,20.0,2023-07-17,1
3757,24.0,Male,South,Post-Graduate,Salaried,1000030.73,248946.0,Education,572.4,6,10,25.45,2021-05-19,1
3758,42.0,Female,North,Graduate,Self-Employed,1197462.18,10000.0,Other,634.0,11,197,72.97,2020-04-25,0
3759,52.0,,East,Graduate,Self-Employed,660943.7,446999.0,Home,612.9,10,38,15.74,2023-08-01,1
3760,24.0,Female,South,Post-Graduate,Unemployed,1061116.13,206415.3,Car,684.3,8,313,31.72,2021-02-05,0
3761,46.0,Other,North,Post-Graduate,Salaried,121185.95,,Other,611.6,11,239,19.92,2024-01-15,1
3762,31.0,Other,West,Post-Graduate,,627259.21,325632.46,Education,581.5,4,426,47.86,2021-03-26,0
3763,44.0,Male,East,Post-Graduate,Self-Employed,597173.02,134795.54,Education,780.1,10,57,64.45,2023-10-31,0
3764,39.0,Female,West,Post-Graduate,Unemployed,666716.93,451178.44,Home,,10,397,84.33,2021-12-12,0
3765,67.0,Male,North,Primary,Self-Employed,191300.92,508042.34,Car,758.7,4,328,64.39,2021-10-13,0
3766,27.0,Male,East,Post-Graduate,Self-Employed,433148.27,389040.94,Car,720.0,2,497,39.87,2019-12-20,1
3767,37.0,Other,East,Post-Graduate,Self-Employed,971111.26,476981.14,Car,715.9,1,260,49.88,2025-02-12,0
3768,62.0,Male,South,Secondary,Salaried,,759802.97,Car,618.3,11,143,28.36,2021-06-14,1
3769,29.0,Other,North,Primary,Unemployed,810673.16,430794.02,Education,739.0,7,87,41.96,2019-10-03,0
3770,53.0,Male,South,Primary,Unemployed,527172.19,646124.05,Other,,3,229,24.47,2018-05-18,1
3771,,Other,West,Primary,Unemployed,258508.82,705439.94,Education,686.0,11,5,45.91,2021-11-23,1
3772,55.0,Male,North,Primary,Salaried,598351.45,367187.38,Car,744.5,3,208,31.25,2020-12-18,0
3773,23.0,Female,North,Post-Graduate,Self-Employed,,342989.43,Home,703.7,12,215,22.22,2020-02-03,1
3774,59.0,Female,East,Secondary,Salaried,,267622.78,Education,656.4,9,213,12.33,2023-11-13,0
3775,64.0,Female,West,Secondary,Salaried,768735.94,209893.25,Car,808.3,4,116,16.69,2018-07-05,0
3776,56.0,Other,West,Post-Graduate,Self-Employed,814981.39,10000.0,Car,564.6,5,472,53.07,2020-02-28,1
3777,55.0,Female,South,Primary,Salaried,,335894.83,Home,566.3,10,246,66.75,2023-12-11,1
3778,25.0,Other,South,Graduate,Salaried,1093366.45,627084.1,Car,,10,483,59.35,2020-05-01,0
3779,34.0,Other,West,Graduate,Self-Employed,435162.41,,Home,715.6,6,339,30.58,2020-02-06,1
3780,38.0,Female,South,Post-Graduate,Unemployed,182240.15,753329.51,Car,630.6,6,58,43.66,2022-02-09,1
3781,33.0,Other,North,Graduate,Self-Employed,488216.03,126901.04,Business,785.4,10,200,16.58,2022-04-29,0
3782,25.0,Female,East,Primary,Unemployed,1128318.76,881557.13,Home,650.0,10,393,65.12,2022-02-11,0
3783,69.0,Female,North,Secondary,Self-Employed,757111.61,240690.53,Business,775.0,6,239,88.59,2018-05-15,0
3784,70.0,Female,West,Primary,Self-Employed,,699586.58,Other,829.0,2,390,33.31,2025-06-27,1
3785,69.0,Male,South,Post-Graduate,Self-Employed,925261.95,258517.19,Other,664.8,6,168,73.98,2020-08-21,0
3786,25.0,Other,West,Secondary,Unemployed,661382.08,657393.14,Home,,5,63,25.27,2024-10-04,0
3787,46.0,Female,North,Post-Graduate,Self-Employed,108766.94,56706.49,Business,772.6,2,478,39.59,2024-02-16,0
3788,45.0,Other,South,Post-Graduate,Self-Employed,1126408.34,87731.75,Home,739.2,2,86,66.94,2022-01-31,0
3789,52.0,Other,South,Post-Graduate,Unemployed,519925.02,310862.41,Home,662.9,11,421,78.22,2023-04-17,0
3790,43.0,Other,North,Primary,Self-Employed,1052724.39,10000.0,Other,616.9,6,272,44.49,2025-03-24,1
3791,44.0,Male,East,Post-Graduate,Salaried,507887.07,491877.17,Other,695.1,5,11,62.35,2022-08-03,1
3792,30.0,Male,South,Post-Graduate,Self-Employed,853609.88,416827.75,Business,729.4,12,49,32.51,2025-08-26,0
3793,,Other,East,Graduate,Salaried,310924.51,402401.37,Business,607.6,11,365,52.78,2021-02-14,1
3794,47.0,Other,South,Secondary,Self-Employed,365802.38,532156.53,Home,717.5,11,394,30.96,2022-06-07,0
3795,64.0,,North,Primary,Unemployed,171944.65,480141.07,Other,,5,318,52.7,2025-01-27,0
3796,69.0,Female,South,Post-Graduate,Salaried,292697.67,10000.0,Education,656.0,4,14,63.12,2020-08-04,0
3797,70.0,Other,West,Secondary,Salaried,,844917.85,Car,645.6,6,255,29.77,2019-07-03,1
3798,27.0,Other,South,Secondary,Unemployed,879537.98,584335.78,Business,678.9,5,30,76.06,2022-05-27,0
3799,37.0,Other,West,Secondary,Self-Employed,618315.59,480730.39,Other,622.6,12,405,15.82,2018-01-18,0
3800,41.0,Female,East,Secondary,Unemployed,1097042.54,452124.78,Other,771.2,6,421,71.33,2021-10-28,0
3801,46.0,Female,South,Secondary,Unemployed,497744.23,530541.93,Other,776.8,8,48,28.04,2019-07-06,1
3802,28.0,Female,South,Post-Graduate,Unemployed,881727.64,566710.7,Other,708.5,6,173,88.75,2018-08-11,0
3803,42.0,Other,North,Post-Graduate,Self-Employed,1228117.02,391415.23,Other,569.5,6,337,84.29,2021-12-25,1
3804,49.0,Other,East,Primary,Self-Employed,827593.12,,Car,641.9,6,145,93.59,2024-06-01,0
3805,49.0,Male,West,Secondary,Salaried,454409.94,45714.02,Business,599.4,4,315,18.8,2022-09-09,0
3806,50.0,Male,North,Post-Graduate,Salaried,50000.0,327381.06,Other,829.1,2,97,22.34,2020-02-01,1
3807,26.0,Male,North,Secondary,Unemployed,399709.94,10000.0,Education,730.1,7,109,18.84,2021-08-31,0
3808,55.0,Male,North,Graduate,Self-Employed,738549.95,359891.31,Car,675.6,11,110,29.99,2023-04-26,0
3809,68.0,Male,West,Primary,Unemployed,823559.08,370769.0,Home,613.4,10,367,35.05,2020-07-11,1
3810,45.0,Male,South,Secondary,Self-Employed,305870.88,546514.3,Education,569.1,4,233,63.4,2022-01-08,0
3811,27.0,Other,East,Graduate,Unemployed,393150.29,424553.11,Home,746.4,0,208,88.46,2019-06-29,1
3812,32.0,Other,North,Primary,Self-Employed,1047443.45,609408.69,Car,652.9,1,350,57.32,2024-06-04,0
3813,44.0,Male,West,Primary,Salaried,1077340.03,278759.22,Business,734.2,11,219,38.79,2020-03-31,0
3814,50.0,Male,West,Primary,Self-Employed,572936.85,460000.56,Car,,1,224,80.21,2021-07-29,1
3815,45.0,Male,South,Primary,Self-Employed,546448.01,424726.39,Other,607.6,12,473,82.63,2020-09-07,1
3816,70.0,Other,West,Post-Graduate,Salaried,731535.64,628317.13,Home,598.9,6,323,75.42,2019-07-30,1
3817,38.0,Other,West,Graduate,Unemployed,,540735.46,Other,787.8,1,335,42.05,2022-12-23,0
3818,45.0,Other,East,Graduate,Salaried,900627.07,206935.78,Home,682.9,12,457,19.95,2019-08-13,0
3819,49.0,Other,East,Primary,Salaried,5779037.57,364556.22,Other,654.7,1,156,70.01,2024-01-27,0
3820,50.0,Other,North,Graduate,Salaried,788332.67,236321.26,Education,723.8,5,230,45.54,2024-08-09,0
3821,29.0,Female,South,Secondary,Salaried,428171.68,689079.95,Home,652.2,10,379,14.78,2023-09-18,1
3822,34.0,Male,East,Graduate,Unemployed,858646.92,207140.49,Other,629.5,8,115,85.99,2021-06-18,0
3823,27.0,Other,South,Secondary,Self-Employed,931303.78,198450.62,Education,609.4,8,481,43.3,2025-05-17,1
3824,35.0,Female,North,Post-Graduate,Self-Employed,,182045.18,Car,720.4,2,262,52.27,2018-11-11,0
3825,61.0,Other,East,Secondary,Unemployed,422815.17,751680.32,Education,698.7,5,418,14.05,2025-06-18,1
3826,55.0,Other,East,Graduate,Unemployed,923755.21,417623.05,Education,655.6,9,379,49.25,2019-09-09,0
3827,28.0,Male,East,Graduate,Self-Employed,508418.79,455588.16,Home,564.9,1,164,86.25,2019-05-02,1
3828,58.0,Male,East,Primary,Self-Employed,258341.79,477508.18,Car,647.0,2,286,91.09,2022-01-17,1
3829,68.0,Female,West,Secondary,Salaried,533024.44,147890.65,Business,803.6,3,193,31.38,2023-03-07,0
3830,63.0,Other,North,Post-Graduate,Unemployed,672744.93,90873.68,Education,639.0,5,44,66.7,2018-01-02,0
3831,70.0,Male,East,Primary,Self-Employed,969097.59,10000.0,Home,663.4,12,499,29.42,2022-07-30,0
3832,66.0,Male,East,Primary,Unemployed,1039551.14,99951.6,Car,680.5,9,82,21.83,2024-08-03,0
3833,60.0,Female,South,Primary,,885624.22,427879.35,Education,797.6,1,160,47.5,2025-07-25,0
3834,44.0,Female,East,Post-Graduate,Unemployed,845566.47,417405.48,Education,762.8,11,321,12.37,2024-11-16,0
3835,41.0,Female,West,Graduate,Salaried,431188.96,619154.28,Other,703.0,3,426,90.2,2025-02-12,1
3836,23.0,Male,North,Primary,Self-Employed,505643.82,357515.1,Home,725.2,0,291,21.72,2019-01-01,0
3837,46.0,Male,East,Primary,Self-Employed,421211.36,24463.97,Business,671.5,0,108,41.12,2024-05-07,0
3838,68.0,Other,West,Primary,Unemployed,159151.86,567597.49,Car,,11,356,65.37,2025-01-26,1
3839,27.0,Male,North,Post-Graduate,Self-Employed,439749.52,181610.93,Other,670.4,6,345,26.01,2019-11-07,0
3840,28.0,Male,South,Secondary,Self-Employed,737142.42,153796.56,Other,569.2,8,415,90.6,2018-09-06,1
3841,64.0,Male,East,Post-Graduate,Self-Employed,666628.42,403573.95,Education,710.8,5,235,61.69,2021-07-20,0
3842,63.0,Other,West,Secondary,Unemployed,273158.32,730712.0,Other,,3,183,34.82,2023-01-23,1
3843,65.0,Male,North,Post-Graduate,,3001036.8,534016.11,Education,725.7,4,500,62.96,2018-08-24,0
3844,60.0,Other,East,Post-Graduate,Salaried,995317.59,252972.83,Other,766.4,9,334,12.0,2020-02-23,0
3845,45.0,Male,South,Secondary,Unemployed,390365.56,170452.5,Car,796.4,1,17,42.55,2023-05-24,0
3846,49.0,Other,East,Post-Graduate,Self-Employed,540547.73,861312.68,Other,668.9,12,156,55.92,2018-08-03,0
3847,60.0,Male,North,Graduate,Unemployed,536065.07,330576.59,Education,,5,383,25.51,2018-10-28,0
3848,40.0,Male,East,Primary,Unemployed,910231.21,195395.48,Other,661.2,9,77,10.33,2021-01-15,0
3849,50.0,Male,East,Graduate,Unemployed,893316.91,414127.96,Other,761.2,7,173,62.3,2018-08-12,0
3850,54.0,Male,South,Post-Graduate,Salaried,962007.63,968780.4,Other,760.4,3,95,10.53,2021-01-28,1
3851,69.0,Female,East,Primary,Salaried,1507573.35,704213.02,Business,736.6,9,179,79.49,2023-01-10,0
3852,34.0,Other,South,Secondary,Unemployed,476143.03,219151.54,Home,615.9,9,223,75.46,2025-05-07,1
3853,32.0,Female,East,Post-Graduate,Salaried,776348.3,498008.72,Home,600.4,9,94,20.04,2019-11-04,1
3854,34.0,Female,West,Graduate,,842858.43,53669.92,Car,790.8,5,292,25.05,2024-12-25,0
3855,25.0,Female,North,Graduate,Self-Employed,538976.39,326171.62,Education,636.5,9,463,72.39,2021-05-29,0
3856,34.0,Female,West,Graduate,Unemployed,1059637.57,251674.26,Education,700.3,7,394,57.23,2019-12-20,0
3857,55.0,Female,North,Post-Graduate,Self-Employed,466478.91,493957.01,Home,622.7,10,170,67.54,2023-06-15,0
3858,46.0,Female,North,Graduate,Unemployed,839662.37,358043.35,Car,,4,447,38.65,2019-02-12,0
3859,42.0,,North,Graduate,Unemployed,417229.83,543729.91,Business,707.6,9,260,62.47,2018-07-09,0
3860,,Other,East,Primary,Unemployed,901953.58,275967.11,Education,587.9,3,264,69.85,2020-01-22,0
3861,27.0,Male,North,Secondary,Salaried,257748.24,610122.14,Other,742.4,2,19,64.35,2019-10-09,1
3862,21.0,Female,South,Graduate,Unemployed,372382.93,,Home,577.9,4,363,79.71,2019-07-05,0
3863,,Other,South,Graduate,Salaried,465950.65,385888.66,Car,638.3,1,72,67.2,2021-09-08,1
3864,42.0,Male,West,Graduate,Salaried,509674.87,227154.93,Education,602.9,10,433,61.25,2024-11-20,1
3865,69.0,Male,North,Primary,Unemployed,451330.39,132401.04,Home,754.2,10,352,37.34,2019-06-16,0
3866,52.0,Other,West,Secondary,Salaried,1053764.48,407059.79,Business,602.6,12,37,20.41,2021-03-22,1
3867,22.0,Female,North,Post-Graduate,Unemployed,321606.04,264646.88,Education,721.7,0,149,67.17,2021-08-12,1
3868,24.0,Other,East,Graduate,Unemployed,,303054.11,Education,586.9,5,402,54.18,2020-12-08,1
3869,31.0,Other,West,Graduate,Self-Employed,1103527.97,610488.8,Other,611.8,1,453,53.66,2024-02-12,0
3870,23.0,Male,North,Secondary,Self-Employed,118556.32,252132.94,Education,,5,22,70.02,2021-06-27,1
3871,49.0,Other,West,Primary,Unemployed,748552.45,,Business,760.5,9,199,65.88,2018-05-02,0
3872,58.0,Other,South,Post-Graduate,Unemployed,254630.35,457436.29,Education,744.8,1,92,79.46,2020-12-11,0
3873,70.0,,South,Secondary,,786726.41,75025.57,Other,759.1,11,36,68.92,2024-07-16,0
3874,63.0,Female,North,Secondary,Self-Employed,634022.48,173016.18,Business,743.9,10,461,31.41,2018-04-28,0
3875,28.0,Female,West,Primary,Self-Employed,881602.57,418574.55,Business,720.3,0,477,63.03,2020-11-26,0
3876,34.0,Female,South,Secondary,,295854.85,10000.0,Education,594.5,8,182,88.82,2025-05-29,1
3877,57.0,Female,North,Primary,Unemployed,1009175.46,113565.26,Other,661.6,8,381,50.25,2023-12-06,0
3878,26.0,Male,West,Graduate,Unemployed,490621.34,142775.44,Car,562.8,10,49,20.2,2020-08-02,1
3879,34.0,Male,West,Post-Graduate,Unemployed,770022.04,587729.18,Business,812.5,0,347,49.55,2019-02-07,0
3880,36.0,Other,North,Secondary,Unemployed,1019250.25,10000.0,Car,672.7,9,335,13.48,2023-10-01,0
3881,32.0,Female,North,Post-Graduate,Unemployed,651622.56,10000.0,Other,689.8,4,270,34.97,2020-09-06,0
3882,27.0,Male,East,Primary,Salaried,790880.15,392066.1,Car,745.3,1,416,74.51,2021-04-06,0
3883,53.0,Other,North,Secondary,Self-Employed,655596.74,528399.24,Business,570.4,8,414,76.4,2020-07-03,1
3884,64.0,Female,South,Graduate,Unemployed,704240.66,391671.25,Home,729.8,0,434,39.02,2025-06-27,0
3885,52.0,Other,East,Secondary,Unemployed,737733.65,585188.62,Business,733.7,2,394,23.79,2018-12-01,0
3886,60.0,Male,North,Post-Graduate,Salaried,903629.54,260897.18,Home,722.5,2,46,17.86,2023-01-25,0
3887,53.0,Other,East,Secondary,Self-Employed,792530.23,489600.44,Car,813.7,10,198,46.78,2025-02-20,0
3888,57.0,Male,South,Graduate,Self-Employed,735536.44,,Other,627.5,11,175,13.73,2019-02-16,0
3889,45.0,Other,East,Graduate,Self-Employed,257376.58,300913.13,Education,706.7,9,72,79.69,2018-12-05,0
3890,63.0,Male,North,Graduate,Self-Employed,459117.48,47799.29,Education,622.6,7,77,39.9,2023-03-25,0
3891,40.0,Female,East,Primary,,1151562.49,380192.38,Education,647.5,4,305,10.16,2020-12-12,0
3892,37.0,Other,East,Secondary,,866882.69,317827.91,Car,617.6,4,269,15.8,2021-04-12,0
3893,66.0,Other,South,Primary,Self-Employed,1083031.27,126969.81,Car,697.2,5,447,11.46,2024-04-13,0
3894,26.0,Female,West,Graduate,Self-Employed,458662.84,264346.87,Other,665.5,3,485,60.66,2020-07-05,0
3895,35.0,Female,South,Secondary,Self-Employed,440094.64,208454.92,Home,796.3,7,382,20.37,2022-01-22,0
3896,31.0,Female,North,Secondary,Self-Employed,,1133306.48,Business,641.8,0,371,27.3,2023-11-29,1
3897,29.0,Female,North,Primary,Self-Employed,1044330.3,1014060.11,Car,697.9,4,472,15.85,2023-06-02,1
3898,31.0,Male,South,Graduate,Salaried,653817.15,695138.64,Home,632.5,10,326,57.22,2023-06-29,0
3899,21.0,Male,South,Primary,Unemployed,50000.0,292361.12,Other,637.5,10,480,56.42,2020-01-05,0
3900,38.0,Other,North,Primary,Salaried,479251.69,431490.43,Other,613.3,1,377,15.18,2023-11-14,1
3901,60.0,Male,South,Graduate,Self-Employed,651083.74,718352.59,Car,748.7,4,74,76.3,2018-01-09,1
3902,40.0,,North,Graduate,Salaried,452651.0,320776.2,Other,782.9,11,55,75.34,2022-12-27,0
3903,64.0,Other,North,Post-Graduate,Salaried,880032.99,344321.8,Home,700.7,12,433,82.18,2018-04-11,0
3904,45.0,Male,East,Graduate,,144177.29,640967.4,Other,755.4,0,341,53.84,2025-06-16,1
3905,36.0,Other,West,Primary,Salaried,960045.27,53783.89,Car,707.7,2,192,52.14,2024-01-20,0
3906,40.0,Female,East,Graduate,Salaried,809893.4,131599.19,Home,,10,96,50.01,2019-10-29,0
3907,49.0,Female,West,Graduate,Salaried,404221.8,620346.25,Business,600.6,8,112,17.25,2024-05-05,1
3908,46.0,Female,North,Secondary,Self-Employed,1134838.02,896292.87,Business,596.8,8,29,14.47,2021-02-04,1
3909,45.0,Male,South,Post-Graduate,Self-Employed,1113654.41,534219.9,Other,711.2,7,193,17.83,2018-05-18,0
3910,43.0,Female,North,Graduate,Self-Employed,793703.85,273485.71,Other,765.9,7,334,30.13,2021-01-11,0
3911,25.0,Female,South,Post-Graduate,,843111.2,266056.09,Education,699.3,12,44,55.56,2020-02-26,0
3912,28.0,Male,South,Post-Graduate,Salaried,866009.75,149830.36,Car,,0,385,83.99,2018-12-21,0
3913,49.0,Other,South,Graduate,Self-Employed,781459.15,410589.62,Business,638.6,2,351,39.79,2019-09-17,0
3914,42.0,Female,North,Graduate,Self-Employed,360673.05,412765.61,Education,575.5,7,197,28.92,2018-11-11,1
3915,59.0,Female,South,Graduate,Self-Employed,795078.06,375444.13,Business,720.3,4,86,80.81,2020-04-15,0
3916,49.0,Male,West,Graduate,Unemployed,1804822.13,396219.75,Business,643.7,6,471,69.33,2022-05-16,0
3917,58.0,Other,North,Graduate,,1240731.47,433662.82,Business,658.4,2,155,71.55,2019-12-01,0
3918,37.0,Male,West,Primary,Unemployed,855457.83,524156.84,Business,726.2,7,277,14.47,2021-01-18,0
3919,23.0,Male,East,Post-Graduate,Self-Employed,633759.36,247863.12,Car,712.3,3,40,19.22,2018-07-10,0
3920,57.0,Male,East,Primary,Salaried,304845.82,443520.52,Education,708.2,12,384,64.33,2025-08-24,1
3921,22.0,Male,South,Graduate,Unemployed,596129.23,,Education,493.6,0,365,54.6,2024-02-23,0
3922,43.0,Other,West,Graduate,Unemployed,876909.7,25129.8,Business,544.9,6,138,37.26,2025-02-08,1
3923,57.0,Female,South,Post-Graduate,Unemployed,234216.45,231583.73,Car,756.4,2,328,59.38,2018-08-25,0
3924,51.0,Male,West,Post-Graduate,Self-Employed,1061930.48,,Car,671.2,7,458,67.11,2021-09-04,0
3925,69.0,Other,East,Graduate,Salaried,657845.7,477883.98,Home,676.2,6,498,47.32,2025-07-26,0
3926,59.0,Other,South,Post-Graduate,Self-Employed,727768.58,188426.58,Car,555.5,12,150,45.08,2018-10-18,1
3927,34.0,Other,West,Secondary,Self-Employed,568580.23,444075.07,Home,661.5,9,497,77.32,2024-11-13,0
3928,70.0,Other,South,Post-Graduate,Salaried,222291.29,126720.2,Car,686.8,5,109,79.25,2018-06-20,0
3929,64.0,Other,East,Primary,Unemployed,625257.86,332655.97,Home,576.6,1,323,91.41,2019-10-08,0
3930,34.0,Male,East,Primary,Salaried,991581.33,108670.52,Home,832.7,6,295,76.36,2020-06-28,0
3931,50.0,Female,West,Post-Graduate,Unemployed,871851.14,475955.57,Home,681.1,0,321,49.09,2023-12-07,0
3932,56.0,Other,South,Post-Graduate,Self-Employed,1169982.39,456084.13,Other,631.3,3,331,18.97,2022-09-01,0
3933,31.0,Male,North,Post-Graduate,Salaried,390521.43,415675.19,Home,850.0,10,316,87.53,2022-12-18,1
3934,53.0,Other,North,Post-Graduate,Salaried,912166.5,,Home,756.4,12,208,42.41,2018-10-20,0
3935,54.0,Male,South,Primary,Salaried,1145814.84,165564.16,Business,759.7,0,56,10.52,2019-09-06,0
3936,56.0,Male,North,Post-Graduate,Unemployed,789973.9,821574.15,Car,560.4,0,168,18.14,2018-05-27,1
3937,,Male,North,Graduate,,678298.98,279554.63,Education,744.7,8,466,50.53,2018-09-23,0
3938,26.0,Male,South,Graduate,Salaried,538023.43,542287.0,Other,565.5,6,122,81.06,2024-04-07,1
3939,,Male,North,Primary,Self-Employed,692597.34,534563.39,Home,627.2,10,202,20.33,2023-01-02,0
3940,30.0,Male,East,Secondary,Unemployed,,395761.96,Home,739.3,9,204,36.87,2018-05-28,0
3941,54.0,Female,East,Primary,Salaried,424394.05,20540.0,Education,707.5,8,30,38.16,2023-03-27,0
3942,30.0,Male,North,Post-Graduate,Unemployed,497226.68,320407.42,Education,649.0,3,130,92.01,2020-01-05,0
3943,39.0,Other,South,Primary,,347999.86,394126.63,Home,662.1,0,84,11.41,2019-01-05,1
3944,70.0,Other,South,Secondary,Unemployed,518389.4,10000.0,Business,721.1,12,423,49.29,2021-06-12,0
3945,56.0,Other,West,Post-Graduate,Self-Employed,1359905.29,437643.18,Business,807.7,4,318,46.75,2018-05-09,0
3946,69.0,Female,East,Primary,Unemployed,854849.5,511164.53,Home,,10,85,90.52,2024-10-29,0
3947,37.0,Other,East,Graduate,,791193.21,118805.84,Education,607.9,5,447,31.85,2021-08-06,1
3948,50.0,Female,South,Post-Graduate,Unemployed,1698288.36,577021.84,Other,662.7,10,235,19.46,2020-03-20,0
3949,34.0,Female,West,Graduate,Self-Employed,577666.83,283466.33,Other,632.5,12,402,24.75,2023-04-03,0
3950,61.0,Other,East,Graduate,Unemployed,746477.83,186689.01,Education,680.1,9,399,77.91,2022-10-21,0
3951,62.0,Other,East,Graduate,Salaried,1290799.97,589946.54,Other,779.0,4,124,42.7,2021-08-29,0
3952,56.0,Other,South,Secondary,Self-Employed,775153.88,534184.55,Business,674.9,3,161,77.1,2021-09-25,0
3953,47.0,Female,East,Graduate,Unemployed,522451.72,386299.87,Car,686.8,11,396,45.31,2022-02-03,0
3954,63.0,Male,South,Post-Graduate,Unemployed,1773910.02,440957.17,Business,631.9,11,319,56.51,2019-04-09,0
3955,25.0,Male,North,Graduate,Unemployed,731782.11,302797.91,Other,500.7,1,473,36.41,2019-01-01,0
3956,27.0,Other,North,Primary,Self-Employed,,490348.55,Other,638.9,5,129,61.81,2019-10-20,0
3957,50.0,Female,North,Graduate,Self-Employed,1177043.45,10000.0,Other,657.4,3,464,61.01,2025-02-24,0
3958,,Male,North,Primary,Unemployed,649250.72,730013.15,Other,787.7,5,37,13.27,2024-10-08,1
3959,37.0,Other,East,Secondary,Self-Employed,685416.25,441929.33,Business,641.9,0,351,41.88,2022-06-15,0
3960,61.0,Female,West,Secondary,Unemployed,712206.14,753422.39,Home,685.3,2,200,83.4,2019-11-07,0
3961,26.0,Male,East,Primary,Self-Employed,655578.64,494543.22,Car,605.9,8,447,82.53,2023-05-03,1
3962,48.0,Other,West,Primary,Self-Employed,1202461.94,313018.89,Car,770.5,0,411,41.99,2020-11-19,0
3963,53.0,Other,East,Graduate,Salaried,641910.11,10000.0,Education,697.6,7,158,70.24,2019-07-05,0
3964,55.0,Male,West,Secondary,Unemployed,621926.9,214467.18,Education,688.4,12,303,34.89,2021-10-08,0
3965,42.0,Female,East,Primary,Unemployed,835435.84,147254.29,Education,762.0,2,478,77.8,2021-10-24,0
3966,30.0,Female,West,Graduate,Self-Employed,567491.86,610867.31,Education,,9,317,43.95,2019-03-25,0
3967,34.0,Other,West,Secondary,Salaried,177517.29,208749.13,Car,617.9,8,199,42.67,2019-06-09,1
3968,57.0,Male,East,Graduate,Salaried,1084562.39,431673.27,Other,841.0,0,21,73.41,2025-01-19,0
3969,42.0,Male,East,Secondary,Self-Employed,822295.87,277834.47,Education,641.5,7,347,73.44,2019-03-09,0
3970,54.0,Male,West,Graduate,Salaried,819495.66,336429.37,Business,681.2,3,53,72.74,2019-04-25,0
3971,36.0,Male,East,Post-Graduate,Unemployed,557659.51,193445.71,Education,716.6,9,328,24.99,2021-10-11,0
3972,40.0,Female,South,Graduate,Unemployed,894934.75,,Other,682.5,1,239,89.2,2020-08-04,0
3973,64.0,Other,West,Secondary,Unemployed,128265.39,120331.18,Business,,12,402,94.51,2021-09-16,1
3974,38.0,Other,South,Post-Graduate,Unemployed,462887.08,488352.17,Other,,6,47,75.22,2018-01-01,1
3975,63.0,Other,West,Secondary,Salaried,641070.85,120202.35,Other,640.4,5,57,36.73,2022-06-15,0
3976,49.0,Other,South,Graduate,Unemployed,406344.88,397990.14,Business,614.6,6,197,62.36,2019-03-02,1
3977,54.0,Female,East,Graduate,Salaried,,835943.09,Car,566.0,3,110,18.44,2018-12-10,1
3978,45.0,Other,South,Post-Graduate,Salaried,967210.47,613297.04,Car,739.9,6,371,68.92,2018-02-10,0
3979,35.0,Female,North,Secondary,,503787.01,23827.32,Home,706.2,10,50,46.34,2021-12-21,0
3980,49.0,Other,East,Graduate,Self-Employed,575603.16,420855.71,Education,777.2,7,45,65.08,2021-04-06,0
3981,33.0,Male,East,Post-Graduate,Unemployed,,451738.21,Education,,7,382,51.54,2021-04-06,0
3982,27.0,Male,West,Secondary,Salaried,1084595.14,553434.95,Education,710.0,12,94,85.28,2020-06-27,0
3983,50.0,Male,West,Post-Graduate,Self-Employed,667656.83,122383.8,Business,576.1,7,34,25.88,2021-10-10,1
3984,23.0,Female,North,Primary,Self-Employed,1119325.91,67208.02,Other,632.1,0,268,89.6,2019-08-30,0
3985,60.0,Female,North,Secondary,Unemployed,466734.35,523779.34,Education,697.5,4,259,33.05,2019-03-16,1
3986,21.0,Female,West,Primary,Salaried,986371.89,486452.89,Home,,6,271,34.1,2020-05-11,0
3987,25.0,Male,South,Secondary,Self-Employed,1604734.15,277414.48,Home,647.0,10,115,55.15,2024-03-08,0
3988,57.0,Other,West,Secondary,Salaried,687859.26,20980.94,Business,610.4,8,435,82.76,2024-11-05,1
3989,42.0,Male,West,Post-Graduate,,1281892.56,408311.08,Education,615.2,6,386,10.68,2023-09-26,1
3990,68.0,Other,South,Secondary,,761426.71,218436.39,Home,711.6,12,49,38.37,2023-10-25,0
3991,46.0,,East,Secondary,Salaried,889035.55,237039.38,Car,599.1,1,110,17.09,2024-11-21,0
3992,41.0,Female,East,Secondary,,727300.09,805962.42,Business,,10,491,46.27,2020-01-17,0
3993,63.0,Female,South,Primary,Self-Employed,609413.63,480494.31,Car,732.2,6,325,75.79,2019-03-28,0
3994,51.0,Other,South,Graduate,Salaried,931086.78,251481.32,Car,756.0,3,216,24.63,2019-01-16,0
3995,42.0,Female,East,Post-Graduate,Self-Employed,899169.49,424678.51,Education,666.3,9,217,81.87,2023-08-31,0
3996,48.0,Male,South,Primary,Salaried,447714.16,335815.63,Education,730.3,2,63,53.8,2023-06-24,0
3997,41.0,Male,East,Post-Graduate,Self-Employed,,362441.69,Home,676.3,12,184,14.94,2018-09-24,1
3998,55.0,Other,West,Graduate,Self-Employed,784237.26,68192.41,Business,734.3,9,293,88.18,2020-06-16,0
3999,52.0,Male,East,Primary,Salaried,926932.43,501215.51,Business,676.4,8,432,69.17,2025-03-06,0
4000,44.0,Female,West,Graduate,Self-Employed,270741.41,462720.6,Car,646.6,11,376,93.08,2024-12-17,0
4001,,Female,West,Post-Graduate,Self-Employed,789641.84,10000.0,Education,584.9,9,124,28.19,2022-03-20,1
4002,27.0,Male,North,Secondary,Unemployed,256142.85,328800.97,Home,463.9,8,133,27.25,2023-04-06,1
4003,21.0,Male,West,Secondary,Unemployed,834385.88,946575.65,Car,642.2,11,391,53.45,2023-05-10,0
4004,24.0,Male,East,Post-Graduate,Unemployed,543524.62,262564.42,Other,615.6,6,149,86.6,2022-01-13,1
4005,,Other,East,Post-Graduate,Unemployed,609159.22,49507.42,Other,481.6,5,442,52.55,2023-07-07,1
4006,51.0,Female,North,Primary,Self-Employed,428930.37,311309.12,Other,771.3,7,474,91.76,2021-04-18,0
4007,66.0,Other,South,Secondary,Self-Employed,856723.43,314673.89,Other,654.6,1,15,55.81,2025-04-13,0
4008,,Male,North,Primary,Salaried,170275.7,594026.69,Car,611.4,10,315,58.56,2021-05-20,1
4009,45.0,Male,North,Post-Graduate,Self-Employed,949654.56,316598.37,Education,823.6,2,138,17.97,2021-01-21,0
4010,27.0,Female,North,Secondary,Unemployed,684678.0,438351.56,Other,742.6,9,149,61.02,2023-05-06,0
4011,47.0,Female,North,Graduate,Self-Employed,774795.69,327374.66,Car,655.7,10,353,58.21,2024-08-16,0
4012,54.0,Female,West,Post-Graduate,Salaried,1506394.35,156991.04,Home,661.3,2,360,73.84,2023-01-12,0
4013,61.0,Female,South,Secondary,Unemployed,884346.68,339216.26,Education,629.8,4,374,29.27,2019-05-09,0
4014,56.0,Male,North,Primary,Unemployed,1151229.31,81292.01,Education,571.1,11,448,40.83,2018-09-29,1
4015,,Female,East,Secondary,Salaried,929302.76,299014.73,Business,722.7,1,351,48.35,2020-05-30,0
4016,67.0,Other,West,Primary,Unemployed,734376.74,586134.15,Other,707.6,10,81,36.46,2021-04-12,0
4017,51.0,Other,East,Secondary,Unemployed,906919.52,218950.11,Other,687.4,7,315,82.55,2025-05-24,0
4018,32.0,Male,East,Primary,Self-Employed,176019.3,517150.87,Education,605.0,7,461,32.74,2019-07-01,1
4019,22.0,Other,West,Primary,Unemployed,660778.59,111586.51,Business,684.4,4,356,15.13,2021-01-29,0
4020,65.0,Female,East,Post-Graduate,Salaried,913315.39,326380.41,Business,657.2,6,205,24.59,2019-01-12,0
4021,41.0,Other,East,Post-Graduate,Self-Employed,,262031.04,Home,693.5,12,477,82.05,2022-12-15,0
4022,64.0,Other,North,Post-Graduate,Self-Employed,384257.71,247686.35,Business,690.1,9,307,58.51,2020-03-09,0
4023,21.0,,East,Graduate,Self-Employed,447269.58,39459.37,Car,,10,229,59.08,2022-10-03,0
4024,49.0,Female,North,Post-Graduate,Self-Employed,,751349.74,Business,540.4,0,363,92.4,2020-06-17,1
4025,42.0,Other,West,Graduate,Unemployed,828818.65,214500.34,Car,605.3,6,282,64.87,2021-05-30,1
4026,65.0,Male,South,Post-Graduate,Self-Employed,204529.59,483002.99,Education,769.4,2,198,57.0,2022-07-08,1
4027,68.0,Male,North,Secondary,Self-Employed,797535.55,103154.96,Business,661.5,11,464,42.85,2021-08-21,0
4028,39.0,Female,North,Graduate,Salaried,1035901.48,503114.62,Car,661.9,2,81,24.73,2023-03-02,0
4029,31.0,Other,West,Secondary,Salaried,,501080.64,Education,713.5,0,297,33.91,2021-07-15,1
4030,70.0,Female,North,Secondary,Unemployed,235613.62,258605.73,Car,618.0,2,79,78.68,2020-11-03,1
4031,64.0,Other,West,Graduate,,802700.37,381873.33,Business,,5,274,75.67,2023-12-04,0
4032,62.0,,South,Secondary,Salaried,762540.87,10336.43,Other,,9,249,61.26,2025-05-19,1
4033,33.0,Other,South,Graduate,Unemployed,641315.49,98029.42,Home,634.6,11,412,43.88,2024-07-07,0
4034,49.0,Other,South,Secondary,Self-Employed,631500.8,583171.8,Home,625.8,8,57,87.44,2022-04-01,1
4035,52.0,Female,South,Primary,Unemployed,852473.63,68592.77,Other,645.3,8,256,29.79,2025-01-31,0
4036,54.0,Female,South,Graduate,Salaried,537983.2,579490.1,Other,660.8,9,211,12.59,2020-03-17,0
4037,46.0,Female,West,Post-Graduate,Self-Employed,50000.0,596310.36,Car,641.0,8,50,86.35,2023-01-16,1
4038,65.0,Female,South,Secondary,Salaried,426949.25,1137547.26,Education,785.6,9,28,40.51,2024-06-18,1
4039,,Male,South,Graduate,,613431.98,210347.06,Business,709.5,6,65,14.7,2020-08-22,0
4040,52.0,Other,West,Post-Graduate,Salaried,893222.03,219610.15,Car,749.4,4,404,61.48,2024-11-20,0
4041,,Other,East,Post-Graduate,Salaried,645329.37,374834.14,Business,627.9,4,244,44.25,2020-04-15,0
4042,,Male,East,Primary,Salaried,955480.77,383395.12,Other,689.4,2,288,88.94,2021-05-09,0
4043,60.0,Other,East,Primary,Self-Employed,950972.54,10000.0,Home,811.2,9,87,76.65,2021-01-01,0
4044,38.0,Female,South,Graduate,Self-Employed,287977.15,244400.57,Car,789.1,11,119,39.3,2024-10-23,1
4045,45.0,Female,West,Secondary,Salaried,925128.33,107939.68,Car,662.8,11,475,58.78,2025-02-18,0
4046,30.0,Male,South,Primary,Salaried,361184.33,207280.25,Car,822.9,11,350,17.19,2021-08-19,0
4047,52.0,Female,West,Secondary,Unemployed,1032332.97,419361.14,Home,806.1,6,417,84.21,2024-11-09,0
4048,41.0,Male,West,Primary,Salaried,913533.27,81658.37,Home,790.1,6,337,60.52,2018-02-10,0
4049,52.0,Female,East,Secondary,Unemployed,681423.32,423715.7,Car,588.4,9,355,16.87,2021-11-26,1
4050,30.0,Female,East,Graduate,Salaried,367384.78,390959.0,Car,745.6,6,178,25.53,2020-01-14,1
4051,60.0,Male,North,Graduate,Self-Employed,824698.22,91414.13,Other,745.5,9,312,26.92,2018-08-01,0
4052,,Other,East,Primary,Salaried,866976.52,439461.94,Business,683.0,11,342,67.27,2022-11-19,0
4053,34.0,Male,West,Secondary,Salaried,575967.7,464504.11,Business,710.1,7,154,13.49,2023-08-21,1
4054,57.0,Other,West,Secondary,Unemployed,360787.62,440052.27,Other,,1,146,36.69,2024-02-12,1
4055,36.0,Male,South,Primary,Unemployed,1129385.63,416750.77,Home,716.7,8,188,14.02,2022-04-20,0
4056,30.0,Female,East,Primary,Unemployed,758169.75,767186.71,Education,715.8,8,186,73.26,2023-12-04,1
4057,38.0,Male,West,Primary,,1091100.83,319217.59,Education,803.6,5,162,49.02,2024-12-23,0
4058,37.0,Male,North,Graduate,Self-Employed,504581.03,302544.67,Home,754.2,5,209,42.35,2020-07-10,0
4059,58.0,Other,South,Graduate,Salaried,546803.19,227212.49,Business,725.8,1,75,81.4,2025-07-18,0
4060,,Female,North,Graduate,Unemployed,495102.05,569378.6,Education,622.5,0,438,93.75,2022-01-14,1
4061,65.0,Other,North,Graduate,Self-Employed,440991.27,,Education,563.2,7,298,69.46,2020-10-15,1
4062,35.0,Other,West,Primary,Unemployed,446870.06,,Home,585.5,0,365,26.21,2019-09-17,1
4063,22.0,Other,South,Secondary,Salaried,903314.06,599859.38,Home,526.7,12,450,36.22,2020-10-25,1
4064,25.0,Male,West,Post-Graduate,Salaried,712017.02,284371.95,Other,662.0,10,218,74.76,2019-07-02,0
4065,,Female,South,Secondary,Self-Employed,849411.0,10000.0,Other,832.1,8,129,18.31,2020-12-13,0
4066,70.0,Other,West,Graduate,Unemployed,730486.17,465463.84,Car,746.6,12,105,72.71,2020-01-11,0
4067,44.0,Other,North,Primary,Salaried,435761.63,526801.02,Education,611.5,8,22,73.57,2021-09-28,1
4068,56.0,Female,East,Primary,Salaried,599614.13,97953.62,Education,796.9,12,115,56.28,2021-09-03,0
4069,38.0,Female,East,Primary,Self-Employed,768377.06,707853.17,Other,701.2,8,59,57.58,2018-07-22,0
4070,54.0,Female,North,Graduate,Self-Employed,445822.46,679964.36,Home,748.6,10,407,81.4,2021-04-23,1
4071,50.0,Other,East,Graduate,Self-Employed,721610.81,411943.94,Education,743.2,2,471,43.62,2022-10-20,0
4072,36.0,Female,East,Graduate,Unemployed,548135.17,231719.95,Other,627.4,7,481,78.23,2022-10-10,0
4073,23.0,Male,South,Post-Graduate,,,557131.27,Education,685.6,12,292,18.69,2022-10-19,0
4074,53.0,Male,South,Post-Graduate,Salaried,541668.91,309925.8,Education,658.1,10,205,18.22,2022-04-26,0
4075,55.0,Male,East,Post-Graduate,Salaried,1109759.96,265983.36,Home,711.2,1,327,26.97,2025-08-07,0
4076,49.0,Other,South,Post-Graduate,Salaried,1118752.37,553137.76,Car,751.3,7,101,35.25,2023-02-12,0
4077,35.0,Other,South,Secondary,Self-Employed,778106.63,10000.0,Other,611.9,9,362,92.62,2022-07-27,1
4078,55.0,Female,West,Graduate,Salaried,732045.72,1110716.04,Other,611.2,4,343,26.75,2020-06-01,1
4079,49.0,Female,West,Post-Graduate,Unemployed,615240.44,587120.66,Other,706.8,9,326,45.69,2023-06-19,1
4080,24.0,Male,North,Graduate,Self-Employed,1021445.08,213661.87,Education,677.8,4,139,22.69,2019-05-25,0
4081,41.0,Female,East,Primary,Salaried,1265579.18,651174.11,Business,663.5,2,268,91.45,2020-08-28,0
4082,70.0,Male,East,Graduate,Self-Employed,979179.2,10000.0,Car,724.3,10,346,42.35,2024-10-21,0
4083,36.0,Male,West,Graduate,Salaried,50000.0,430902.26,Education,808.4,6,318,18.13,2022-11-19,0
4084,51.0,Male,South,Graduate,Salaried,769762.9,10000.0,Business,703.1,8,143,10.61,2024-12-10,0
4085,53.0,Male,East,Graduate,Salaried,1078245.94,545428.97,Education,608.2,1,341,91.35,2021-11-13,0
4086,58.0,Female,North,Post-Graduate,Salaried,546029.86,270960.78,Other,629.3,12,101,56.12,2020-05-21,0
4087,46.0,Other,East,Secondary,Self-Employed,591898.58,444949.26,Car,731.4,8,270,85.22,2022-04-17,0
4088,33.0,Female,East,Graduate,Self-Employed,770961.05,732345.56,Home,693.7,0,238,88.88,2021-06-30,0
4089,36.0,Other,North,Post-Graduate,Salaried,734854.6,404021.55,Car,671.9,1,350,61.87,2018-07-14,0
4090,24.0,Male,South,Secondary,Self-Employed,1172866.6,10000.0,Car,685.8,3,370,94.55,2023-02-15,0
4091,48.0,Male,East,Post-Graduate,Salaried,498794.73,255683.23,Education,721.2,6,460,13.81,2024-07-24,0
4092,34.0,Male,North,Graduate,Salaried,1345341.58,564821.6,Other,736.4,10,471,41.11,2024-08-12,0
4093,50.0,Female,South,Post-Graduate,Salaried,1092799.91,124412.56,Business,766.5,5,419,62.24,2022-11-15,0
4094,24.0,Other,East,Primary,Self-Employed,957147.26,131337.23,Car,617.7,7,85,49.7,2018-02-15,1
4095,28.0,Female,East,Primary,Unemployed,957112.36,276648.03,Car,767.8,1,364,27.01,2022-02-12,0
4096,65.0,Other,South,Secondary,Salaried,873782.4,287826.08,Other,807.2,6,25,13.58,2019-06-05,0
4097,37.0,Female,South,Secondary,Self-Employed,868078.62,867230.88,Home,615.1,9,168,88.52,2021-05-16,1
4098,62.0,Female,East,Primary,Salaried,451751.25,548041.12,Other,634.3,9,143,62.93,2023-02-21,1
4099,70.0,Female,East,Post-Graduate,Salaried,865912.64,52606.67,Car,642.6,8,101,46.39,2022-07-29,0
4100,26.0,Female,East,Secondary,Unemployed,978105.44,515153.65,Education,697.3,1,130,29.08,2023-10-14,0
4101,32.0,Female,South,Post-Graduate,Unemployed,920883.57,,Car,708.6,10,402,74.42,2023-02-03,0
4102,56.0,Female,South,Graduate,Salaried,457828.53,244038.53,Home,731.4,4,115,13.05,2020-02-27,0
4103,43.0,Other,South,Graduate,Self-Employed,882596.16,463781.48,Home,698.1,0,486,76.83,2023-12-22,0
4104,43.0,Male,South,Primary,Salaried,396597.66,173010.07,Car,813.1,0,284,13.95,2018-11-11,0
4105,27.0,Male,South,Graduate,Self-Employed,656044.08,232465.08,Home,651.3,6,310,53.52,2019-07-13,0
4106,37.0,Male,East,Graduate,Self-Employed,842531.1,635727.94,Car,651.7,3,326,21.31,2019-06-07,0
4107,51.0,Other,North,Primary,Unemployed,1039271.7,623324.41,Home,748.8,7,283,83.26,2023-07-16,0
4108,61.0,Male,West,Secondary,Self-Employed,993570.21,265407.25,Education,650.6,6,279,35.37,2020-03-12,0
4109,38.0,Female,West,Primary,Unemployed,310630.34,593214.34,Business,653.4,9,366,26.0,2018-05-24,0
4110,36.0,Other,West,Post-Graduate,Unemployed,153967.0,366706.55,Car,649.2,4,179,38.78,2023-02-03,0
4111,,Other,West,Primary,Unemployed,247595.89,749798.34,Education,652.5,10,303,29.78,2024-12-24,1
4112,21.0,Other,South,Primary,Unemployed,915169.65,128579.14,Home,,9,205,58.41,2024-10-21,0
4113,61.0,,North,Primary,Salaried,349344.2,266613.4,Education,656.8,1,93,29.93,2025-05-25,0
4114,26.0,Female,South,Graduate,Salaried,482041.74,767907.71,Car,768.6,5,271,74.64,2020-06-10,0
4115,31.0,Other,East,Graduate,Salaried,757590.7,354674.59,Home,717.8,6,497,46.93,2022-11-08,0
4116,26.0,Other,East,Post-Graduate,Salaried,324908.02,474945.68,Other,667.4,10,360,44.43,2018-12-12,1
4117,46.0,Male,South,Primary,Unemployed,654441.53,22213.33,Car,684.1,5,229,52.1,2025-06-08,0
4118,50.0,Other,West,Post-Graduate,Unemployed,754799.05,125986.64,Car,725.8,10,284,94.12,2021-09-16,0
4119,42.0,Other,North,Secondary,Self-Employed,870496.56,244150.19,Other,697.0,9,146,75.38,2019-11-16,0
4120,48.0,Male,East,Primary,Unemployed,816678.41,823252.61,Other,821.3,0,392,63.09,2023-09-29,1
4121,67.0,Female,North,Graduate,Salaried,625416.96,10000.0,Home,628.8,4,386,18.83,2018-01-09,0
4122,66.0,Male,West,Graduate,Salaried,1189905.9,364128.11,Car,,11,87,92.47,2022-07-03,0
4123,31.0,Female,East,Secondary,,784487.79,199497.0,Business,641.9,11,299,72.88,2020-01-01,0
4124,21.0,Female,South,Post-Graduate,Unemployed,271320.27,440325.56,Education,691.5,1,237,34.07,2025-01-20,1
4125,69.0,Other,North,Secondary,Salaried,468350.48,205149.61,Education,762.8,2,14,58.31,2024-02-23,0
4126,70.0,Other,West,Primary,Salaried,690033.92,538849.52,Home,717.9,2,404,75.2,2018-06-10,0
4127,59.0,Other,North,Primary,Self-Employed,725072.96,119886.79,Education,598.2,5,448,87.68,2021-07-27,1
4128,62.0,Other,West,Primary,Unemployed,419360.22,462195.55,Business,695.8,10,437,39.77,2020-04-14,1
4129,24.0,Female,North,Post-Graduate,Salaried,544696.11,736855.93,Home,616.1,7,97,75.33,2020-03-23,1
4130,64.0,Female,West,Post-Graduate,Self-Employed,737038.75,422027.39,Business,729.9,0,107,88.62,2020-02-03,0
4131,69.0,Other,East,Graduate,Salaried,694227.55,937806.05,Car,702.2,1,187,17.77,2022-08-26,1
4132,47.0,Male,South,Graduate,Unemployed,636520.22,477574.32,Other,743.4,3,14,60.41,2024-11-23,0
4133,28.0,Male,West,Graduate,Self-Employed,705719.57,634397.62,Car,603.9,11,199,46.73,2018-12-27,1
4134,42.0,Male,South,Graduate,Unemployed,1195956.57,599156.64,Car,652.8,2,268,74.16,2019-07-10,0
4135,40.0,Female,East,Post-Graduate,Self-Employed,436715.7,384098.79,Education,664.2,9,295,28.0,2020-11-13,1
4136,56.0,Other,West,Graduate,Salaried,380650.29,254463.9,Business,629.9,1,347,61.63,2018-01-01,0
4137,39.0,Female,West,Secondary,Salaried,868549.32,487088.91,Business,702.8,5,148,13.48,2021-06-16,0
4138,42.0,Female,North,Graduate,Salaried,1692576.11,288235.86,Home,702.8,10,15,91.48,2025-04-19,0
4139,64.0,Male,North,Secondary,Self-Employed,533099.68,601233.11,Education,576.5,6,483,35.3,2023-03-18,1
4140,64.0,Other,West,Post-Graduate,,1035962.54,346149.24,Education,747.7,6,265,65.07,2023-05-25,0
4141,45.0,Male,South,Secondary,Self-Employed,114865.84,463647.5,Other,620.9,3,7,85.85,2018-12-31,1
4142,70.0,Other,West,Post-Graduate,Salaried,525872.02,528802.19,Other,,2,420,18.04,2023-01-27,1
4143,57.0,Female,West,Primary,Self-Employed,511429.74,538877.51,Home,581.2,5,66,36.2,2023-02-26,1
4144,34.0,Other,South,Secondary,Unemployed,286588.07,207459.01,Business,649.0,11,81,43.86,2022-09-12,0
4145,57.0,Other,South,Secondary,Unemployed,581639.97,634424.71,Education,,6,200,15.94,2022-02-18,1
4146,49.0,,North,Secondary,Self-Employed,722388.49,701648.78,Business,705.1,5,412,85.23,2022-10-01,1
4147,68.0,Male,South,Graduate,Unemployed,951915.72,,Other,720.2,2,245,28.07,2025-04-16,0
4148,42.0,Female,South,Secondary,Salaried,782754.03,565647.35,Home,582.7,2,308,63.22,2018-05-25,0
4149,34.0,Other,West,Post-Graduate,Salaried,,807549.92,Other,694.0,10,188,15.75,2019-05-07,0
4150,63.0,Male,South,Post-Graduate,Salaried,1069492.06,574042.71,Other,754.0,7,204,93.32,2023-12-26,0
4151,66.0,Other,West,Graduate,Self-Employed,657653.65,527265.34,Education,723.3,6,173,18.84,2020-11-13,1
4152,33.0,Other,East,Primary,,229926.29,20450.76,Other,754.3,6,275,15.49,2025-07-31,0
4153,65.0,Male,South,Primary,Self-Employed,610547.11,430033.89,Home,654.9,0,393,10.4,2021-01-17,0
4154,58.0,Male,North,Graduate,Salaried,690541.39,964841.09,Business,821.5,11,496,63.8,2024-08-17,1
4155,69.0,Male,North,Secondary,Unemployed,1072846.56,303132.16,Other,718.6,2,230,18.23,2024-08-16,0
4156,38.0,Other,West,Secondary,Unemployed,519581.52,150646.17,Business,584.1,1,412,76.65,2018-12-21,0
4157,,Female,South,Secondary,,685031.43,485685.25,Other,700.7,1,488,85.74,2025-04-23,0
4158,27.0,Male,West,Post-Graduate,Salaried,50000.0,934679.64,Car,693.2,5,252,70.51,2021-04-20,1
4159,47.0,Male,West,Secondary,Self-Employed,863302.57,219994.25,Business,672.8,12,278,27.88,2021-12-04,0
4160,54.0,Female,East,Post-Graduate,Salaried,545602.24,477920.57,Car,611.3,12,402,33.63,2022-11-12,1
4161,31.0,Female,East,Primary,Salaried,533414.76,81250.18,Other,699.7,2,431,61.33,2019-02-18,0
4162,44.0,Other,East,Secondary,Self-Employed,761660.82,803893.99,Other,613.8,0,53,34.25,2018-07-06,1
4163,46.0,,West,Secondary,Salaried,2052960.97,382419.91,Business,718.6,8,63,82.17,2020-09-19,0
4164,52.0,Other,East,Post-Graduate,Unemployed,50000.0,290202.51,Business,703.8,1,208,57.68,2020-01-08,1
4165,26.0,Male,North,Graduate,,135383.24,262398.9,Car,728.5,7,347,86.34,2018-07-07,1
4166,21.0,Male,North,Graduate,Unemployed,638714.81,249569.49,Car,,8,89,90.04,2020-06-01,0
4167,40.0,Other,West,Graduate,Salaried,293361.74,43347.35,Education,663.9,4,394,35.12,2022-04-13,0
4168,57.0,,West,Post-Graduate,Unemployed,907979.06,219727.98,Other,834.3,12,13,74.66,2019-01-10,0
4169,35.0,Female,West,Post-Graduate,Salaried,705796.19,636017.67,Business,732.9,10,49,26.84,2018-06-29,1
4170,,Female,East,Secondary,Unemployed,873509.41,,Home,650.4,11,210,57.29,2021-01-01,0
4171,59.0,,West,Secondary,Salaried,545503.32,381918.34,Education,548.9,1,267,18.98,2022-05-14,0
4172,37.0,Male,North,Secondary,Unemployed,617293.13,625681.17,Business,703.1,2,440,88.53,2023-08-04,0
4173,33.0,,East,Primary,Self-Employed,520872.56,194201.38,Car,707.1,0,491,66.19,2021-01-21,0
4174,33.0,Other,West,Secondary,Self-Employed,679344.56,336100.91,Car,662.3,0,362,78.16,2022-10-01,0
4175,27.0,Male,East,Post-Graduate,Salaried,527501.84,10000.0,Education,560.5,8,486,31.27,2025-05-07,1
4176,65.0,Female,East,Primary,Unemployed,435123.8,609851.33,Business,568.1,6,167,43.0,2021-11-20,1
4177,41.0,Female,North,Primary,,452687.48,559776.8,Home,560.0,1,47,79.89,2019-07-29,1
4178,65.0,Other,South,Post-Graduate,Salaried,837577.52,81125.22,Education,665.0,12,193,58.42,2023-07-03,0
4179,67.0,Male,East,Graduate,,812628.82,301794.7,Home,694.8,11,473,81.97,2020-08-31,0
4180,54.0,Male,East,Secondary,Self-Employed,733894.94,26679.56,Car,677.4,10,358,64.03,2020-02-23,0
4181,31.0,Other,South,Secondary,,189771.97,120061.62,Other,632.6,1,358,68.64,2018-09-22,0
4182,,Female,East,Primary,Salaried,647592.05,441435.12,Education,,0,29,31.02,2022-09-18,0
4183,23.0,Male,East,Primary,Salaried,926758.36,212543.82,Business,719.0,8,255,13.17,2024-09-14,0
4184,68.0,Other,North,Secondary,Unemployed,924039.56,648708.83,Business,683.0,6,314,82.99,2024-09-02,0
4185,38.0,Female,West,Post-Graduate,Salaried,332635.27,340342.56,Business,551.2,6,45,45.11,2020-03-05,1
4186,66.0,Male,West,Primary,Self-Employed,1057242.71,501844.56,Education,746.1,10,297,70.06,2025-07-20,0
4187,66.0,Male,West,Post-Graduate,,299169.94,313665.88,Education,651.1,10,140,18.18,2019-07-21,1
4188,23.0,Female,East,Primary,Unemployed,664717.67,495172.27,Other,605.5,5,25,37.38,2019-10-30,1
4189,55.0,Male,South,Post-Graduate,Salaried,340830.12,10000.0,Business,787.7,0,56,29.19,2024-06-09,0
4190,38.0,Other,East,Secondary,Unemployed,584388.27,846273.44,Car,749.4,0,56,30.46,2024-12-28,0
4191,55.0,Other,South,Graduate,Self-Employed,344280.35,10000.0,Car,658.3,2,164,50.35,2022-11-27,0
4192,34.0,Male,South,Graduate,Self-Employed,931873.65,690341.24,Education,812.8,3,29,52.63,2024-05-25,0
4193,40.0,Other,East,Graduate,Unemployed,418507.05,577818.76,Business,680.7,1,387,90.04,2018-06-22,0
4194,56.0,Other,North,Primary,Unemployed,1207751.93,10000.0,Other,690.1,10,101,14.87,2023-04-19,0
4195,,Female,West,Post-Graduate,Salaried,193698.91,10000.0,Business,725.8,12,426,88.79,2021-02-16,0
4196,22.0,Female,South,Graduate,Self-Employed,405792.29,323407.81,Business,702.2,0,115,70.75,2021-12-09,0
4197,,Other,East,Graduate,Salaried,1458236.92,692306.32,Home,647.9,0,182,48.56,2024-08-15,0
4198,24.0,Other,South,Primary,Self-Employed,606429.14,371050.13,Business,706.2,6,440,81.64,2022-04-15,0
4199,31.0,Other,South,Primary,Self-Employed,380082.21,,Car,717.3,2,63,48.34,2024-01-24,1
4200,50.0,Other,West,Secondary,Salaried,591495.52,387132.49,Car,579.7,11,205,69.7,2018-04-29,1
4201,30.0,Female,West,Post-Graduate,,888068.06,272062.46,Other,722.2,3,336,49.57,2023-05-27,0
4202,38.0,Female,East,Secondary,Self-Employed,1186409.92,160736.09,Other,736.9,3,430,25.83,2019-04-24,0
4203,59.0,Other,East,Post-Graduate,Unemployed,321229.33,383540.81,Education,614.2,10,483,34.29,2021-11-12,1
4204,,Other,South,Graduate,Self-Employed,723597.3,110710.41,Other,769.9,9,96,33.55,2023-01-11,0
4205,64.0,Female,South,Graduate,Salaried,1003671.57,660939.54,Home,709.3,5,78,25.61,2023-11-06,0
4206,56.0,Female,West,Post-Graduate,Self-Employed,661562.33,217898.81,Business,670.2,10,39,33.27,2024-04-11,0
4207,47.0,Female,South,Post-Graduate,,768467.87,,Other,843.1,0,103,15.72,2024-01-09,0
4208,47.0,Female,East,Secondary,Salaried,1069242.24,662098.19,Education,606.5,8,411,54.36,2022-04-14,1
4209,64.0,Female,South,Graduate,Self-Employed,570675.21,,Education,499.5,6,94,22.26,2018-10-13,1
4210,26.0,Male,East,Primary,Unemployed,844196.71,219338.06,Car,714.5,1,182,29.78,2019-06-28,0
4211,66.0,Female,East,Primary,,281510.34,353120.19,Education,733.3,8,388,80.62,2022-10-28,1
4212,48.0,Other,West,Post-Graduate,Salaried,348439.56,555248.37,Home,565.6,1,258,11.2,2021-12-04,1
4213,65.0,Other,East,Post-Graduate,Unemployed,466194.22,730525.59,Business,658.6,2,139,94.57,2022-03-13,1
4214,,,North,Primary,Salaried,778349.35,635013.8,Home,737.8,2,7,89.96,2020-01-07,1
4215,53.0,Female,East,Graduate,Self-Employed,858520.63,443098.19,Business,661.6,11,396,92.91,2020-11-06,0
4216,64.0,Male,South,Secondary,Unemployed,642284.36,310250.82,Home,777.6,2,291,25.34,2024-10-19,0
4217,56.0,Other,North,Graduate,Self-Employed,811075.82,57552.13,Other,581.3,4,324,53.99,2022-01-07,0
4218,54.0,Female,East,Post-Graduate,Salaried,466917.35,263664.73,Business,680.7,12,237,85.87,2023-09-22,0
4219,27.0,Female,North,Primary,Self-Employed,857865.44,305313.91,Business,776.3,6,439,61.86,2021-02-07,0
4220,22.0,Female,West,Graduate,Unemployed,1222528.0,237202.62,Other,689.5,0,422,45.42,2022-10-10,0
4221,57.0,Other,East,Secondary,Unemployed,402195.84,241949.51,Home,673.4,3,47,22.1,2023-12-11,0
4222,58.0,Other,North,Primary,Salaried,952044.01,79227.68,Car,703.9,10,295,80.31,2024-08-09,0
4223,23.0,Female,North,Graduate,Self-Employed,908508.57,779533.52,Home,711.4,10,264,40.09,2020-05-11,1
4224,66.0,Female,West,Post-Graduate,Self-Employed,793212.38,10000.0,Home,850.0,7,9,10.1,2024-01-11,0
4225,60.0,Other,East,Secondary,Salaried,787062.41,425577.97,Business,752.4,7,128,34.39,2023-03-17,0
4226,50.0,Male,South,Secondary,Salaried,628525.23,557471.29,Other,638.9,4,330,28.64,2018-09-11,0
4227,63.0,Other,East,Secondary,Salaried,895302.93,10000.0,Other,641.7,7,125,14.69,2021-12-27,0
4228,48.0,Male,South,Primary,Salaried,50000.0,360552.35,Education,743.0,9,219,56.37,2019-07-22,1
4229,44.0,Female,North,Secondary,Self-Employed,1030939.25,,Business,676.1,3,15,50.56,2019-05-05,0
4230,22.0,Other,South,Graduate,Self-Employed,518571.55,317358.71,Education,687.4,7,430,62.68,2025-07-26,0
4231,40.0,Other,West,Post-Graduate,,636177.05,10000.0,Home,619.9,1,123,81.37,2022-03-12,0
4232,64.0,Male,East,Post-Graduate,Unemployed,506610.23,325790.76,Education,746.1,4,167,61.12,2022-10-25,0
4233,44.0,Male,West,Secondary,Unemployed,230494.83,366611.01,Car,683.7,5,289,67.74,2023-08-25,0
4234,65.0,Female,East,Secondary,Salaried,651160.02,119487.82,Home,788.1,7,329,16.03,2019-09-26,0
4235,32.0,Other,East,Post-Graduate,Salaried,748137.07,834012.17,Business,756.2,8,20,51.53,2022-11-16,0
4236,62.0,Male,West,Graduate,Salaried,544712.42,248475.17,Car,781.7,0,377,72.38,2025-01-27,0
4237,43.0,Other,North,Primary,Salaried,533497.47,483182.57,Other,706.9,1,446,20.26,2023-09-15,1
4238,29.0,Other,East,Post-Graduate,Salaried,719466.06,635099.95,Other,675.1,2,388,24.18,2024-01-29,1
4239,57.0,Other,South,Graduate,,,363242.27,Education,700.4,0,447,17.83,2023-04-10,0
4240,57.0,Male,West,Graduate,Self-Employed,578790.11,503248.75,Business,700.9,7,103,58.26,2022-05-26,1
4241,70.0,Female,North,Post-Graduate,Salaried,1025579.32,467359.65,Car,690.2,5,32,23.07,2021-06-04,0
4242,68.0,Female,North,Post-Graduate,Unemployed,741480.46,445216.51,Education,658.7,11,360,67.15,2019-09-25,0
4243,70.0,Other,East,Post-Graduate,Unemployed,751396.56,10000.0,Home,653.3,6,244,43.71,2025-02-15,0
4244,38.0,Other,North,Secondary,Self-Employed,1054164.27,367624.2,Education,,0,483,86.84,2018-02-25,0
4245,33.0,Other,South,Secondary,Self-Employed,474300.51,464597.97,Business,759.0,8,420,25.15,2020-01-10,1
4246,70.0,Female,East,Primary,Self-Employed,736806.21,607265.34,Business,777.3,3,373,30.0,2021-09-11,1
4247,46.0,Other,North,Primary,Unemployed,446010.15,,Business,691.2,11,338,14.29,2018-03-19,0
4248,31.0,Female,North,Graduate,Salaried,588559.78,361088.73,Car,775.2,3,324,28.3,2020-04-24,0
4249,46.0,Other,North,Primary,Unemployed,1122728.53,333992.78,Business,723.7,5,363,39.55,2021-12-08,0
4250,44.0,Other,South,Secondary,Self-Employed,595447.33,282270.98,Home,733.1,11,113,19.32,2020-07-03,0
4251,63.0,Other,North,Secondary,Unemployed,687751.83,197243.42,Education,582.7,0,58,66.75,2025-01-28,0
4252,,Male,South,Post-Graduate,Unemployed,604076.52,181529.44,Education,557.4,8,486,36.24,2024-11-28,1
4253,41.0,Other,North,Primary,,594051.49,426512.98,Business,850.0,3,122,81.48,2023-06-19,0
4254,44.0,Other,South,Primary,Unemployed,506200.54,,Home,696.0,11,428,58.02,2018-12-06,1
4255,55.0,Other,North,Post-Graduate,Unemployed,865894.2,605621.06,Home,619.7,12,478,71.82,2024-10-16,1
4256,40.0,Female,North,Primary,Unemployed,731810.6,10000.0,Other,732.6,0,317,92.42,2022-04-23,0
4257,32.0,Other,South,Primary,Unemployed,,358772.8,Business,759.7,8,225,35.86,2022-01-18,0
4258,41.0,Other,West,Primary,Unemployed,737483.26,477824.43,Business,744.6,1,495,32.26,2019-07-06,0
4259,28.0,Female,East,Secondary,Salaried,557861.57,215244.88,Home,631.6,5,342,33.36,2024-08-19,0
4260,47.0,Other,South,Primary,Salaried,794399.33,458786.44,Car,533.6,9,345,23.02,2021-11-06,1
4261,43.0,Other,North,Graduate,Salaried,267494.32,320144.89,Education,691.4,10,493,30.88,2021-04-02,1
4262,56.0,Male,West,Post-Graduate,Unemployed,416643.55,406636.26,Car,709.5,9,431,74.09,2020-02-03,1
4263,39.0,Female,West,Primary,Self-Employed,1079522.88,496390.9,Business,694.0,8,45,89.8,2018-12-31,0
4264,63.0,Female,North,Post-Graduate,Self-Employed,548171.75,604375.67,Education,682.4,2,32,91.96,2023-07-06,0
4265,50.0,Male,North,Primary,Salaried,710066.65,205430.61,Car,617.4,10,275,10.49,2018-09-12,1
4266,24.0,Male,East,Primary,Salaried,468524.11,341657.78,Home,640.7,1,146,80.09,2024-08-08,0
4267,67.0,Other,South,Post-Graduate,Self-Employed,797497.66,230002.6,Car,654.0,5,343,64.08,2018-11-16,0
4268,38.0,Other,East,Post-Graduate,Unemployed,560931.54,158872.98,Other,592.8,4,170,42.08,2023-10-22,0
4269,27.0,Male,North,Graduate,Unemployed,379574.22,672774.78,Business,702.5,6,488,37.91,2022-12-21,1
4270,68.0,Male,South,Post-Graduate,Self-Employed,520381.27,517502.03,Business,,10,316,74.08,2023-09-24,0
4271,28.0,Other,North,Post-Graduate,Unemployed,360892.19,274401.8,Other,603.4,1,74,42.04,2022-08-13,0
4272,57.0,Other,West,Post-Graduate,Self-Employed,517674.22,307818.09,Business,488.2,7,350,12.28,2023-08-20,1
4273,39.0,Female,West,Post-Graduate,Salaried,1136430.57,218482.16,Other,618.0,5,312,87.23,2023-03-16,1
4274,22.0,Other,South,Post-Graduate,Salaried,514174.36,336078.82,Car,684.3,6,273,21.31,2025-05-09,0
4275,57.0,Female,West,Primary,Self-Employed,,680021.13,Car,766.1,2,227,52.39,2023-08-11,1
4276,62.0,Male,North,Post-Graduate,Salaried,945296.53,597861.25,Car,642.2,6,6,73.23,2022-01-12,0
4277,25.0,Other,North,Secondary,Unemployed,700213.75,419480.89,Car,711.5,9,90,77.91,2023-09-12,0
4278,58.0,,South,Post-Graduate,Unemployed,267438.8,153080.68,Home,779.7,7,208,62.57,2020-06-11,0
4279,49.0,Other,North,Graduate,Unemployed,377135.7,208485.7,Education,647.8,11,10,45.48,2020-02-11,0
4280,35.0,Other,East,Post-Graduate,Self-Employed,317286.7,372607.85,Home,707.3,7,163,85.9,2023-02-04,1
4281,28.0,Female,East,Primary,Unemployed,554462.78,10000.0,Education,603.7,9,198,30.37,2020-04-07,1
4282,27.0,Male,West,Secondary,Unemployed,430610.5,643504.08,Business,763.8,11,400,43.3,2023-02-08,1
4283,,Other,North,Post-Graduate,Salaried,1110650.92,597680.63,Business,794.8,6,222,48.15,2018-09-16,0
4284,28.0,Female,North,Primary,Salaried,6375160.01,489024.27,Car,571.8,9,415,60.88,2018-07-04,1
4285,26.0,Other,North,Post-Graduate,Salaried,745345.44,1179864.27,Education,631.5,3,475,36.56,2019-03-23,0
4286,26.0,Female,East,Graduate,Salaried,856017.56,10789.03,Car,692.0,1,147,44.65,2021-11-15,0
4287,36.0,Female,West,Post-Graduate,Salaried,1143263.58,10000.0,Home,618.1,12,159,73.41,2018-12-23,1
4288,65.0,Female,East,Graduate,Salaried,538498.42,492952.26,Education,759.8,11,162,53.26,2021-09-25,1
4289,32.0,Female,North,Post-Graduate,Unemployed,911290.72,270894.07,Business,763.2,6,192,29.64,2020-11-29,0
4290,60.0,Male,East,Primary,Self-Employed,852516.91,555253.11,Education,566.3,7,253,53.12,2019-02-10,1
4291,30.0,Male,North,Graduate,Salaried,611092.19,886837.85,Education,570.3,1,355,79.74,2020-06-04,1
4292,68.0,Other,East,Post-Graduate,Self-Employed,909864.11,500887.84,Home,631.2,6,485,27.74,2019-09-21,0
4293,70.0,Female,East,Secondary,Unemployed,838316.82,320854.26,Education,736.2,10,303,18.82,2019-12-10,0
4294,,Male,North,Post-Graduate,Salaried,776914.89,738557.03,Car,695.5,1,299,78.07,2025-04-04,1
4295,57.0,Male,West,Graduate,Self-Employed,379456.52,10000.0,Home,732.3,2,167,59.52,2020-06-20,0
4296,28.0,Male,South,Primary,Salaried,,622581.42,Business,607.3,11,155,93.18,2019-03-19,1
4297,32.0,Male,West,Post-Graduate,Unemployed,1048249.7,94695.91,Home,,10,323,24.45,2022-01-31,0
4298,52.0,Male,West,Secondary,Unemployed,1360992.25,684848.58,Car,757.1,6,9,51.77,2018-12-16,0
4299,,Female,South,Post-Graduate,Unemployed,815836.44,1106818.57,Car,761.4,5,110,17.0,2022-03-10,1
4300,66.0,Other,East,Primary,Self-Employed,1039447.62,114257.94,Business,784.4,0,399,33.18,2018-04-25,0
4301,63.0,Female,West,Secondary,Salaried,196204.85,409423.57,Business,732.3,8,93,16.59,2025-04-18,1
4302,33.0,Other,West,Secondary,Salaried,1083637.36,381929.74,Car,676.4,8,225,82.53,2021-03-12,0
4303,34.0,Other,North,Secondary,Self-Employed,1327994.85,50151.78,Education,708.9,8,376,28.26,2023-09-30,0
4304,27.0,Female,North,Graduate,Self-Employed,542498.59,982664.02,Business,679.2,12,253,90.02,2024-01-27,1
4305,39.0,Other,North,Post-Graduate,,593163.44,144709.62,Education,675.9,5,239,59.83,2025-06-28,0
4306,32.0,Other,South,Graduate,Unemployed,819602.2,467847.26,Education,770.1,10,70,32.79,2021-01-05,0
4307,,Female,West,Secondary,Unemployed,346428.05,245750.8,Other,768.4,11,314,48.21,2021-07-27,0
4308,28.0,Male,West,Secondary,Salaried,712292.38,371122.69,Home,665.6,6,221,25.12,2018-01-03,0
4309,40.0,Female,South,Post-Graduate,Salaried,891546.33,845027.84,Education,,4,285,88.71,2019-11-07,1
4310,32.0,Other,South,Primary,Unemployed,991992.63,662672.64,Home,603.1,10,126,10.49,2022-10-07,1
4311,53.0,Male,East,Secondary,Unemployed,917106.66,758390.25,Home,737.0,8,464,25.51,2018-05-28,1
4312,21.0,Other,North,Secondary,Salaried,379721.32,463618.66,Car,626.9,2,105,63.99,2025-08-12,1
4313,52.0,Male,South,Post-Graduate,Unemployed,962294.35,153074.22,Other,690.2,5,49,11.93,2025-07-17,0
4314,29.0,,East,Graduate,Salaried,688599.61,570261.1,Car,602.2,12,297,80.4,2023-11-23,1
4315,48.0,Male,South,Post-Graduate,Unemployed,754046.34,224010.08,Home,652.8,10,244,50.26,2018-05-12,0
4316,52.0,Male,East,Secondary,Unemployed,1061298.2,94934.73,Home,802.1,8,172,22.62,2022-04-11,0
4317,55.0,Other,West,Graduate,Unemployed,364527.27,935584.73,Education,719.0,8,218,87.89,2018-07-06,1
4318,28.0,Female,West,Secondary,Self-Employed,1098752.73,174174.39,Car,704.1,9,464,15.31,2022-07-20,0
4319,65.0,Other,South,Graduate,Salaried,450355.87,710653.48,Car,712.8,5,313,58.94,2023-09-05,1
4320,57.0,Female,East,Secondary,Unemployed,718998.83,280995.05,Other,599.3,10,223,63.44,2018-11-01,1
4321,65.0,Female,West,Post-Graduate,Salaried,721695.77,172913.65,Home,769.8,5,416,51.22,2024-07-09,0
4322,50.0,Male,South,Post-Graduate,Salaried,371502.31,315633.93,Education,662.8,10,365,73.29,2018-07-12,1
4323,60.0,Female,West,Post-Graduate,Salaried,950243.63,681581.75,Home,683.1,5,390,63.66,2022-03-08,0
4324,63.0,Female,South,Primary,Salaried,742615.48,243864.02,Other,604.2,0,197,19.34,2021-11-05,0
4325,69.0,Female,East,Primary,Self-Employed,,399360.75,Car,558.5,9,80,71.64,2022-05-02,1
4326,,Female,East,Primary,Unemployed,334472.76,235535.71,Home,718.1,1,147,28.96,2020-06-11,0
4327,,Female,East,Secondary,Salaried,1015017.0,573259.59,Business,683.1,6,131,57.19,2020-01-13,0
4328,43.0,,North,Post-Graduate,Unemployed,673843.69,716494.75,Education,660.4,11,165,16.82,2023-10-06,1
4329,41.0,Other,South,Graduate,Self-Employed,1001073.44,508681.89,Other,668.7,9,290,86.75,2018-06-17,0
4330,66.0,,North,Primary,Salaried,916092.67,562703.18,Business,666.9,4,320,33.19,2023-11-19,0
4331,58.0,Male,West,Post-Graduate,Self-Employed,510258.47,706166.04,Home,632.4,3,48,43.79,2024-08-09,0
4332,69.0,Other,North,Post-Graduate,Self-Employed,653346.42,278804.8,Home,575.6,7,182,10.25,2024-04-28,1
4333,54.0,Other,South,Primary,Unemployed,917968.5,560807.96,Business,612.7,6,194,18.33,2021-08-28,1
4334,42.0,Male,South,Primary,,552563.39,71063.57,Education,680.7,5,358,40.38,2023-12-24,0
4335,67.0,Male,West,Primary,,253070.53,562219.41,Business,815.3,4,475,49.29,2023-09-21,1
4336,61.0,Male,North,Primary,Unemployed,184985.98,181645.01,Business,614.7,6,365,63.31,2020-09-03,1
4337,23.0,Female,East,Primary,Salaried,554258.06,273597.88,Other,,11,221,20.93,2019-12-09,0
4338,62.0,Other,North,Post-Graduate,Unemployed,549965.47,378508.71,Education,602.1,1,456,40.82,2019-01-26,0
4339,40.0,Female,West,Post-Graduate,Self-Employed,908166.88,577471.91,Business,622.3,0,135,83.93,2019-07-24,0
4340,26.0,Female,North,Post-Graduate,Salaried,50000.0,378810.0,Education,822.5,8,159,77.78,2022-12-10,1
4341,57.0,Male,East,Graduate,Unemployed,951588.22,125321.05,Education,800.3,11,140,12.38,2024-08-03,0
4342,40.0,Female,South,Post-Graduate,Unemployed,929833.98,79919.96,Car,727.3,5,79,80.4,2022-09-21,0
4343,58.0,Female,East,Secondary,Salaried,1227104.53,333696.24,Car,611.3,11,210,51.32,2019-09-14,1
4344,27.0,Other,North,Primary,Salaried,780520.36,429357.52,Education,600.3,9,257,10.77,2021-11-22,1
4345,,Other,North,Primary,Unemployed,723860.6,10000.0,Car,685.1,0,350,77.78,2022-09-23,0
4346,30.0,Other,South,Graduate,Salaried,912405.73,422896.17,Business,607.4,2,110,82.81,2024-10-23,0
4347,21.0,Male,West,Primary,Salaried,1591017.32,838281.41,Education,713.6,5,263,15.72,2020-04-15,0
4348,,Male,South,Primary,Salaried,976090.82,831576.21,Car,630.2,0,47,67.08,2024-03-06,1
4349,41.0,Female,North,Graduate,Salaried,995199.49,111017.57,Car,748.0,6,246,72.41,2018-03-11,0
4350,28.0,Other,West,Graduate,Salaried,169626.1,287855.46,Home,729.4,8,117,37.52,2022-08-26,1
4351,70.0,Other,West,Graduate,Self-Employed,325209.07,382210.21,Other,685.7,9,82,19.41,2019-09-07,0
4352,50.0,Male,South,Primary,Self-Employed,991685.76,281547.14,Other,711.9,9,112,71.09,2020-04-29,0
4353,66.0,Female,West,Graduate,Unemployed,4308902.46,324482.11,Home,539.2,1,430,69.57,2021-10-01,0
4354,29.0,Female,North,Primary,Self-Employed,654800.63,402472.67,Other,647.8,1,283,56.42,2020-03-09,0
4355,66.0,Other,West,Post-Graduate,,1280285.38,636473.67,Education,659.2,5,456,50.24,2022-11-25,0
4356,33.0,Female,West,Graduate,Salaried,440471.23,458078.43,Business,,1,388,21.59,2020-07-23,1
4357,42.0,Male,South,Secondary,Self-Employed,88008.21,875147.31,Home,672.2,0,29,89.47,2020-01-28,1
4358,46.0,Male,West,Secondary,Salaried,518289.45,,Home,,10,378,26.37,2021-12-27,0
4359,25.0,Male,North,Post-Graduate,Self-Employed,391806.74,,Business,553.8,12,320,89.15,2024-06-27,1
4360,61.0,Other,South,Primary,Salaried,906560.77,987287.23,Home,730.6,11,408,19.91,2019-01-18,1
4361,23.0,Male,East,Graduate,Self-Employed,587412.58,319814.33,Business,687.0,0,425,38.18,2025-04-09,0
4362,55.0,Other,South,Secondary,Self-Employed,402056.5,373207.93,Other,650.7,3,285,81.56,2022-01-07,1
4363,35.0,Other,North,Post-Graduate,Self-Employed,999787.87,10000.0,Other,743.8,3,97,36.14,2023-12-06,0
4364,67.0,Female,South,Primary,Self-Employed,714029.94,223884.68,Business,742.0,6,166,36.51,2024-05-31,0
4365,36.0,Male,North,Post-Graduate,Salaried,714265.13,249741.88,Other,650.1,4,237,32.24,2025-08-19,0
4366,37.0,Male,East,Graduate,Unemployed,1136770.93,31084.24,Other,702.8,1,290,23.44,2019-11-01,0
4367,39.0,Other,East,Graduate,Self-Employed,605946.26,834008.17,Home,660.9,5,407,66.51,2024-12-11,0
4368,65.0,Female,South,Post-Graduate,Unemployed,941744.94,576571.08,Home,725.3,2,322,73.15,2019-01-17,0
4369,51.0,Other,West,Primary,Salaried,885856.61,466118.49,Car,661.2,2,230,44.27,2021-02-27,0
4370,67.0,Other,North,Secondary,Self-Employed,1343770.94,294737.84,Car,740.1,10,476,22.52,2021-10-04,0
4371,21.0,Male,South,Secondary,Self-Employed,939401.85,10000.0,Business,711.4,9,497,67.49,2024-04-19,0
4372,56.0,Other,South,Secondary,Unemployed,538606.13,670976.42,Other,705.1,3,293,19.84,2024-09-21,1
4373,26.0,,East,Primary,Self-Employed,221455.32,374696.79,Home,678.1,3,323,52.53,2023-12-20,1
4374,46.0,Female,West,Post-Graduate,Salaried,651859.63,185084.76,Home,767.7,4,217,21.31,2023-08-20,0
4375,51.0,Male,East,Graduate,Self-Employed,1130644.54,244015.84,Business,720.9,11,95,36.33,2023-09-02,0
4376,43.0,Male,North,Graduate,Self-Employed,984344.3,512033.14,Business,634.4,9,236,39.15,2025-04-17,0
4377,68.0,,East,Primary,Salaried,787940.75,704652.16,Home,653.4,1,69,65.71,2019-07-27,1
4378,29.0,Other,South,Primary,Unemployed,1225826.77,894477.28,Car,,3,33,57.06,2023-11-02,0
4379,62.0,Other,West,Primary,Unemployed,851935.43,332840.48,Business,647.9,1,419,52.48,2022-07-28,0
4380,54.0,Male,North,Post-Graduate,Self-Employed,50000.0,96891.17,Car,653.9,6,367,44.74,2021-03-31,1
4381,,Male,North,Secondary,Self-Employed,,205799.77,Education,721.0,9,184,60.25,2019-04-18,0
4382,33.0,Female,West,Secondary,Self-Employed,1107914.29,493163.74,Home,722.1,10,106,46.69,2020-11-24,0
4383,48.0,Other,East,Graduate,Unemployed,435528.99,434097.82,Business,667.9,1,142,53.78,2020-01-22,1
4384,32.0,Other,East,Graduate,,5397872.66,555644.88,Home,628.0,3,88,18.57,2025-04-11,0
4385,30.0,Male,South,Graduate,Unemployed,181113.79,769265.18,Other,636.1,8,422,27.73,2022-05-24,1
4386,33.0,Female,North,Primary,Salaried,907062.42,10943.12,Business,620.1,8,329,92.26,2022-07-23,0
4387,61.0,Male,East,Secondary,Unemployed,390024.15,10000.0,Car,665.9,4,493,36.49,2020-03-12,0
4388,68.0,Male,West,Secondary,Self-Employed,336215.06,552732.82,Education,712.4,12,53,46.73,2020-08-14,1
4389,66.0,Female,North,Post-Graduate,Unemployed,746857.63,446781.83,Other,609.8,5,32,25.57,2024-12-16,1
4390,35.0,Other,East,Primary,Self-Employed,233851.18,18997.31,Other,720.0,8,437,17.08,2020-12-11,0
4391,22.0,Female,North,Graduate,Self-Employed,666713.2,10000.0,Home,720.1,7,272,34.02,2018-06-30,0
4392,37.0,Female,North,Graduate,Unemployed,2150934.49,10000.0,Business,671.0,12,270,49.35,2024-06-18,0
4393,60.0,Male,West,Graduate,Unemployed,549396.58,321692.42,Home,722.9,10,398,59.5,2025-01-18,0
4394,40.0,Other,North,Graduate,,620527.3,,Education,592.1,3,10,76.36,2024-07-11,1
4395,62.0,Female,West,Graduate,Salaried,1092962.33,387878.27,Business,725.8,7,455,90.29,2022-04-06,0
4396,42.0,Other,East,Post-Graduate,Salaried,537980.2,10000.0,Business,733.3,11,197,74.88,2022-12-11,0
4397,27.0,Male,East,Primary,Self-Employed,541315.69,527484.82,Home,714.2,6,417,54.02,2024-08-04,0
4398,48.0,Other,South,Secondary,Self-Employed,684573.46,301181.21,Home,763.7,5,213,64.24,2021-01-22,0
4399,21.0,Other,North,Graduate,Salaried,789021.37,471943.19,Home,825.1,8,108,68.96,2021-01-02,0
4400,26.0,Other,North,Graduate,Unemployed,377669.69,711808.78,Business,772.1,10,237,79.04,2023-03-30,1
4401,57.0,Female,South,Graduate,Self-Employed,50000.0,712301.12,Home,674.4,12,261,14.8,2018-10-05,1
4402,53.0,Female,East,Secondary,Self-Employed,856165.83,399732.76,Education,659.2,2,241,53.98,2022-01-26,0
4403,31.0,Female,East,Post-Graduate,Self-Employed,609304.88,537332.44,Business,515.0,6,324,84.62,2025-01-21,1
4404,59.0,Male,South,Secondary,Unemployed,872988.18,412086.15,Home,678.2,12,362,24.81,2023-02-24,0
4405,67.0,Other,East,Graduate,Salaried,1094571.93,250393.41,Other,608.2,11,128,27.69,2021-05-24,1
4406,49.0,Other,South,Graduate,,683013.78,454431.89,Other,664.6,2,296,85.95,2018-03-25,0
4407,53.0,Other,West,Graduate,Unemployed,856992.06,438824.79,Education,838.6,7,269,27.01,2019-06-25,0
4408,27.0,Female,East,Primary,Self-Employed,708224.96,309553.41,Car,627.5,7,311,14.69,2021-03-18,0
4409,52.0,Male,South,Primary,Unemployed,578456.14,288009.29,Home,797.4,0,463,55.89,2019-06-14,0
4410,21.0,Male,East,Post-Graduate,Self-Employed,,532657.09,Education,749.9,0,220,64.22,2024-03-12,0
4411,33.0,Male,East,Secondary,Salaried,869373.11,404228.32,Car,697.6,8,57,43.89,2018-03-27,0
4412,35.0,Male,South,Primary,Self-Employed,837487.81,532139.13,Other,726.9,2,142,16.07,2022-05-25,0
4413,58.0,Male,East,Post-Graduate,Self-Employed,557605.14,240519.89,Home,732.1,3,356,91.22,2019-06-04,0
4414,59.0,Male,South,Primary,Salaried,1087232.79,328346.0,Car,687.3,11,53,75.12,2022-06-27,0
4415,,Female,East,Post-Graduate,Salaried,1125055.98,251379.34,Car,661.5,12,138,39.3,2022-01-03,0
4416,51.0,Female,East,Graduate,Salaried,529273.87,585728.82,Car,697.4,8,469,61.89,2025-08-22,1
4417,63.0,Male,West,Graduate,Salaried,448612.77,715724.94,Car,759.8,8,445,78.5,2025-04-07,1
4418,67.0,Male,North,Post-Graduate,,769353.21,1074532.53,Car,,0,209,65.99,2025-04-08,0
4419,48.0,Other,East,Post-Graduate,Salaried,693835.14,154850.19,Car,743.0,8,231,86.91,2019-01-19,0
4420,35.0,Male,East,Primary,Self-Employed,620328.65,429785.61,Business,727.6,12,306,92.15,2020-01-26,0
4421,59.0,Male,South,Primary,Self-Employed,647280.8,25665.4,Other,693.1,2,242,89.82,2023-11-19,0
4422,61.0,Other,South,Post-Graduate,Self-Employed,50000.0,387375.43,Business,698.6,9,413,62.16,2019-10-11,1
4423,28.0,Male,North,Post-Graduate,Self-Employed,1026301.37,110715.27,Education,657.9,7,440,71.79,2018-04-04,0
4424,42.0,Female,West,Graduate,Self-Employed,733021.03,10000.0,Education,719.9,7,131,41.31,2018-06-26,0
4425,65.0,Female,West,Primary,Salaried,376457.73,191264.11,Home,802.5,7,490,20.58,2022-06-21,0
4426,31.0,Male,South,Secondary,Self-Employed,659538.8,725695.5,Home,670.9,2,117,67.33,2018-01-08,0
4427,55.0,Male,North,Secondary,Self-Employed,50000.0,485249.97,Education,646.9,0,419,26.66,2025-01-05,1
4428,34.0,Other,North,Graduate,Unemployed,189331.58,637572.91,Other,644.3,3,60,22.84,2024-05-28,1
4429,,Female,South,Secondary,Unemployed,,10000.0,Car,691.6,11,191,58.04,2024-05-07,0
4430,62.0,Other,West,Secondary,Unemployed,328853.67,602146.82,Home,623.2,0,323,60.19,2023-11-08,1
4431,61.0,Male,North,Post-Graduate,Unemployed,882520.85,438029.21,Home,609.9,6,471,26.7,2018-06-15,1
4432,57.0,Other,West,Graduate,Self-Employed,843935.23,125743.65,Education,657.5,7,337,42.28,2024-11-13,0
4433,58.0,Female,East,Post-Graduate,Salaried,1046558.07,523379.14,Home,723.0,2,230,76.15,2019-12-19,0
4434,68.0,Male,South,Primary,Salaried,844477.51,322907.51,Car,679.4,7,74,38.68,2021-05-19,0
4435,62.0,Male,West,Secondary,,621279.56,10000.0,Home,725.9,5,86,19.74,2021-11-09,0
4436,28.0,Other,South,Post-Graduate,,1115813.34,416622.83,Business,,6,201,91.44,2020-08-15,0
4437,69.0,Male,East,Post-Graduate,Unemployed,436961.24,647398.84,Education,648.6,9,265,69.53,2022-07-27,1
4438,61.0,Male,East,Post-Graduate,Unemployed,752578.8,304206.57,Other,795.1,0,319,42.38,2024-01-14,0
4439,53.0,Male,West,Primary,,384006.49,416994.42,Car,802.1,9,69,58.02,2023-07-31,1
4440,69.0,Female,West,Secondary,Salaried,624211.02,961372.72,Other,682.0,8,470,15.47,2018-02-22,1
4441,31.0,,East,Primary,Unemployed,677735.53,232444.33,Other,758.8,10,386,14.05,2020-01-22,0
4442,26.0,Other,East,Graduate,Self-Employed,860665.03,444855.69,Education,784.1,2,248,92.69,2020-11-23,0
4443,67.0,Female,East,Post-Graduate,Unemployed,1203078.94,314782.69,Business,751.7,7,368,60.97,2019-12-17,0
4444,25.0,Male,North,Post-Graduate,Salaried,594182.31,963299.39,Car,703.7,8,203,48.2,2024-06-24,0
4445,51.0,Male,North,Post-Graduate,Unemployed,50000.0,690628.66,Business,704.6,8,72,36.96,2024-10-14,0
4446,57.0,Female,South,Graduate,Unemployed,971536.99,666464.8,Other,715.1,1,95,90.45,2019-10-23,0
4447,28.0,Male,East,Post-Graduate,Salaried,473147.62,613505.98,Other,747.3,2,368,37.59,2019-02-23,1
4448,39.0,Female,North,Primary,Salaried,626086.19,241421.58,Education,683.6,8,99,85.09,2023-08-11,0
4449,65.0,Male,South,Graduate,Self-Employed,759893.24,454952.39,Other,850.0,8,85,52.53,2025-04-15,0
4450,,Male,West,Secondary,Unemployed,942441.16,10000.0,Education,732.6,7,267,27.53,2020-02-29,0
4451,24.0,Female,North,Graduate,Unemployed,543016.53,284620.25,Home,651.4,6,458,85.69,2024-01-01,0
4452,66.0,Male,South,Primary,Unemployed,867796.33,164291.3,Education,741.4,1,289,34.7,2021-08-29,0
4453,60.0,Other,East,Graduate,Unemployed,698795.2,167836.93,Other,601.6,4,25,41.72,2022-07-10,0
4454,,Other,West,Post-Graduate,Salaried,1260245.22,884035.69,Car,728.3,0,432,49.25,2019-12-17,0
4455,42.0,Male,West,Secondary,Self-Employed,222622.63,469181.17,Education,826.6,5,320,31.12,2019-04-27,1
4456,39.0,Male,West,Graduate,Unemployed,892507.58,184210.56,Car,651.5,5,325,11.01,2025-08-21,0
4457,42.0,Female,East,Primary,Self-Employed,697279.95,664215.98,Car,737.9,7,346,51.22,2020-02-23,1
4458,55.0,Other,North,Post-Graduate,Salaried,,172381.63,Business,711.9,7,323,88.37,2018-02-23,0
4459,67.0,Other,East,Graduate,Self-Employed,972555.15,661662.94,Home,624.0,0,116,44.0,2021-03-16,0
4460,64.0,Other,East,Graduate,Unemployed,700703.98,10000.0,Education,593.0,9,190,42.5,2018-03-21,1
4461,25.0,Male,South,Graduate,Salaried,936957.75,376181.98,Home,714.8,5,370,44.13,2019-07-02,0
4462,63.0,Other,South,Primary,Self-Employed,852727.79,217303.41,Other,837.2,8,329,44.52,2022-08-29,0
4463,37.0,Female,East,Secondary,Salaried,3836108.69,440928.29,Business,807.7,3,177,67.0,2019-03-06,0
4464,31.0,Male,North,Graduate,Self-Employed,505441.01,751474.6,Other,574.6,0,282,67.23,2020-12-12,1
4465,46.0,Other,East,Secondary,Self-Employed,,495607.14,Other,571.3,9,254,40.61,2021-10-04,1
4466,59.0,Other,West,Graduate,Salaried,618478.13,981119.16,Home,674.2,1,223,70.46,2023-10-11,1
4467,57.0,Male,West,Post-Graduate,Unemployed,223580.13,273243.99,Education,585.3,11,248,26.5,2020-01-11,1
4468,39.0,,East,Graduate,,845054.45,337600.29,Other,757.8,10,241,11.98,2018-06-12,0
4469,63.0,Other,East,Graduate,Salaried,835908.87,690377.3,Home,579.6,11,123,88.95,2023-03-26,1
4470,67.0,Female,West,Secondary,Self-Employed,957507.29,272531.31,Business,,7,31,87.65,2025-03-16,0
4471,69.0,Other,East,Graduate,Self-Employed,434768.39,181807.75,Car,,12,305,22.71,2018-07-04,0
4472,27.0,Other,West,Graduate,Unemployed,560188.01,414798.42,Car,623.7,11,479,44.77,2022-06-26,0
4473,31.0,Female,South,Secondary,Self-Employed,719122.74,625147.83,Education,598.2,3,376,78.17,2020-07-17,1
4474,53.0,Other,North,Post-Graduate,Self-Employed,613017.03,267702.22,Business,660.2,12,484,91.73,2019-12-14,0
4475,41.0,Male,North,Primary,Salaried,792903.2,683987.2,Car,670.4,9,15,11.82,2024-01-09,0
4476,68.0,Female,East,Graduate,Unemployed,578325.05,308546.04,Other,696.4,8,11,53.19,2023-09-26,0
4477,66.0,Male,East,Secondary,Self-Employed,600336.76,,Home,730.6,7,403,45.19,2018-01-15,0
4478,69.0,Male,West,Graduate,Unemployed,974923.43,,Car,786.3,1,190,91.31,2022-02-18,0
4479,51.0,Male,South,Primary,Salaried,1060319.84,548343.95,Home,675.5,6,90,34.53,2024-10-18,0
4480,,Male,South,Graduate,Unemployed,50000.0,455817.89,Business,,7,241,74.13,2021-04-17,1
4481,37.0,Male,North,Graduate,Unemployed,390509.43,269585.46,Car,566.4,3,53,88.94,2020-04-19,0
4482,38.0,Other,South,Post-Graduate,Self-Employed,838857.91,316361.32,Home,,7,151,16.08,2018-05-03,0
4483,40.0,Other,West,Secondary,Unemployed,890858.11,525701.27,Car,622.2,10,300,57.58,2020-02-16,0
4484,49.0,Female,East,Graduate,Unemployed,860944.53,847943.21,Home,705.7,4,361,63.07,2022-08-20,1
4485,25.0,Male,East,Secondary,Self-Employed,977531.2,683768.39,Other,653.7,10,308,70.77,2021-11-26,0
4486,44.0,Other,East,Graduate,Self-Employed,649819.49,830508.03,Other,685.7,6,191,33.08,2023-06-22,1
4487,57.0,Other,West,Primary,Unemployed,910102.4,527598.42,Business,714.3,10,394,27.41,2024-02-12,0
4488,25.0,Male,North,Primary,Self-Employed,769585.44,392898.53,Business,605.9,4,487,21.17,2019-08-02,0
4489,55.0,Other,East,Post-Graduate,Unemployed,362658.46,426330.09,Other,703.9,4,287,46.69,2021-05-12,1
4490,45.0,Female,North,Post-Graduate,Salaried,726635.87,541972.61,Home,768.5,11,334,37.39,2020-12-26,0
4491,43.0,Other,North,Post-Graduate,Salaried,986949.94,344054.91,Business,669.1,11,449,78.71,2022-08-13,0
4492,37.0,Other,East,Primary,Self-Employed,285269.36,316061.23,Education,649.3,3,176,74.49,2020-02-09,0
4493,61.0,Female,South,Post-Graduate,Salaried,864401.44,562975.83,Car,762.3,11,8,68.4,2023-01-04,0
4494,44.0,Male,West,Secondary,Salaried,790134.84,134043.94,Education,,11,162,28.36,2020-08-17,0
4495,24.0,Male,East,Post-Graduate,Self-Employed,230850.1,597265.32,Business,692.5,11,353,72.91,2020-08-07,0
4496,51.0,Other,East,Primary,Unemployed,913325.79,411062.33,Education,663.0,8,33,77.49,2021-08-31,0
4497,65.0,Female,South,Secondary,Salaried,804937.94,548827.64,Education,752.0,1,359,89.15,2021-02-05,0
4498,69.0,Male,West,Primary,Salaried,244430.53,10000.0,Other,648.4,9,463,78.23,2020-11-07,0
4499,51.0,Female,South,Post-Graduate,Self-Employed,918769.6,222545.57,Business,613.3,8,348,35.77,2019-10-29,1
4500,54.0,Other,South,Post-Graduate,Self-Employed,651501.53,203205.84,Education,772.4,12,458,34.93,2019-08-03,0
4501,22.0,Male,South,Primary,Self-Employed,876439.06,488748.99,Business,728.9,7,164,61.83,2019-07-18,0
4502,24.0,Other,West,Primary,Unemployed,924514.36,520166.3,Education,652.6,8,410,18.7,2021-01-29,0
4503,32.0,Male,East,Primary,Self-Employed,689969.21,10000.0,Other,640.5,7,235,62.94,2019-05-08,0
4504,36.0,Female,East,Secondary,Salaried,415311.64,358215.78,Business,633.0,2,391,29.47,2018-10-06,0
4505,33.0,Other,East,Secondary,Self-Employed,251521.85,,Business,,12,372,91.12,2021-08-04,0
4506,43.0,Other,West,Secondary,,529791.07,565455.51,Home,564.3,9,305,93.95,2021-11-15,1
4507,61.0,Other,East,Secondary,Unemployed,711303.69,690649.26,Other,643.2,1,475,32.81,2025-08-02,1
4508,66.0,Female,West,Primary,Salaried,1031715.23,148480.75,Education,665.6,9,15,49.1,2018-04-07,0
4509,70.0,Other,West,Primary,Salaried,373694.09,759553.26,Education,,10,284,20.42,2023-11-05,1
4510,,Male,North,Secondary,Self-Employed,471050.25,684960.5,Other,693.9,11,262,47.26,2019-06-01,1
4511,,Male,North,Post-Graduate,,522940.11,217626.73,Business,647.5,0,204,14.13,2025-03-02,0
4512,47.0,Male,North,Graduate,Unemployed,512925.6,295882.08,Business,723.9,12,82,82.62,2024-03-09,0
4513,26.0,Male,South,Graduate,Self-Employed,687056.1,393894.83,Education,681.4,1,21,89.96,2023-04-25,0
4514,60.0,Female,North,Graduate,Self-Employed,1051436.86,514853.64,Education,710.4,12,23,78.59,2020-04-10,0
4515,34.0,Male,North,Primary,Unemployed,1311691.17,380710.63,Business,684.5,0,335,65.59,2022-06-07,0
4516,,Male,East,Primary,Unemployed,580109.15,356672.11,Education,683.5,1,294,55.68,2023-12-30,0
4517,40.0,Male,West,Secondary,Self-Employed,950831.27,288592.09,Home,632.5,1,81,40.52,2022-12-21,0
4518,36.0,Female,East,Post-Graduate,Salaried,637790.64,429621.26,Other,668.0,5,147,68.86,2023-01-16,0
4519,64.0,Male,East,Primary,Self-Employed,,487471.41,Car,711.5,1,102,17.49,2021-09-26,0
4520,70.0,Other,East,Graduate,Unemployed,1053288.61,598152.74,Education,574.7,4,378,85.16,2025-06-22,0
4521,24.0,Female,West,Post-Graduate,Salaried,779081.96,533010.59,Education,785.6,2,54,57.09,2018-08-11,0
4522,32.0,Male,North,Post-Graduate,Self-Employed,641168.81,543636.52,Business,785.3,4,135,86.69,2021-12-08,0
4523,40.0,Female,South,Post-Graduate,Salaried,630064.37,328937.52,Home,787.9,3,12,45.35,2021-02-07,0
4524,64.0,Female,South,Graduate,Salaried,69642.74,391263.65,Education,742.8,11,182,94.79,2020-01-29,0
4525,57.0,Other,South,Secondary,Salaried,793878.04,296797.9,Education,595.9,8,434,91.8,2025-04-16,1
4526,70.0,Other,North,Secondary,,650865.32,1018896.24,Other,708.9,2,234,89.4,2020-12-07,1
4527,37.0,Other,East,Secondary,Salaried,554868.77,405969.15,Car,728.3,7,455,68.37,2023-07-05,0
4528,26.0,Male,South,Secondary,Unemployed,521716.48,683503.34,Education,612.9,11,469,13.84,2021-06-04,1
4529,29.0,Male,East,Primary,Salaried,1889955.9,182066.25,Car,641.5,10,112,57.01,2022-03-08,0
4530,27.0,Male,West,Graduate,Unemployed,361496.36,373994.86,Business,628.7,3,211,42.09,2024-05-06,1
4531,67.0,Other,East,Graduate,Self-Employed,516866.67,251521.67,Education,602.6,5,441,68.97,2020-06-19,1
4532,36.0,Female,South,Secondary,Salaried,525602.57,158785.59,Other,633.2,3,256,82.54,2024-07-09,0
4533,62.0,Other,North,Primary,Self-Employed,277320.04,300957.31,Education,747.3,3,421,35.45,2023-09-29,0
4534,67.0,Other,East,Primary,Salaried,606806.85,191296.84,Education,676.1,12,242,48.79,2021-12-30,0
4535,,Female,East,Primary,Self-Employed,997682.79,308211.73,Education,750.2,1,97,88.9,2022-10-03,0
4536,35.0,Male,South,Graduate,Unemployed,676254.45,458020.46,Other,730.3,5,216,23.96,2024-05-04,0
4537,41.0,Male,East,Post-Graduate,Self-Employed,462832.09,505508.79,Business,640.2,3,438,14.48,2021-05-11,1
4538,68.0,Other,South,Secondary,Self-Employed,665360.88,271748.06,Education,614.7,2,144,57.99,2024-02-24,0
4539,27.0,Female,South,Primary,Self-Employed,568078.19,666546.65,Other,595.0,12,109,53.29,2019-09-06,1
4540,35.0,,South,Primary,Unemployed,1023187.14,802302.58,Home,647.8,10,338,65.92,2024-11-16,0
4541,65.0,Other,West,Secondary,Salaried,359401.22,632453.91,Home,626.2,4,403,79.68,2023-11-18,0
4542,50.0,Male,West,Post-Graduate,Unemployed,119221.15,496670.07,Home,696.4,9,134,31.34,2019-04-15,1
4543,53.0,Male,East,Graduate,Salaried,626480.75,126346.51,Other,718.0,9,289,67.23,2021-01-03,0
4544,25.0,Other,East,Primary,Salaried,841705.94,604380.8,Business,606.8,4,372,85.45,2024-09-30,0
4545,39.0,Male,East,Secondary,Unemployed,759871.15,488991.27,Business,727.4,4,188,16.96,2019-11-19,0
4546,22.0,Male,North,Primary,Self-Employed,540231.22,574607.44,Other,695.7,7,354,33.47,2018-12-24,1
4547,32.0,Other,West,Secondary,Self-Employed,697318.31,468140.12,Car,,8,325,40.5,2025-06-27,0
4548,27.0,Other,South,Graduate,Unemployed,204347.67,490952.81,Business,688.7,8,227,47.18,2018-08-05,1
4549,59.0,Male,South,Graduate,Unemployed,906205.95,420014.38,Other,807.2,4,81,73.38,2023-12-04,0
4550,38.0,Female,East,Primary,Salaried,862419.49,111937.24,Home,678.6,9,344,16.69,2022-09-11,0
4551,30.0,Male,West,Secondary,Salaried,729679.52,723628.22,Education,599.5,12,260,13.6,2022-05-25,1
4552,29.0,Other,West,Primary,Unemployed,441933.51,,Education,559.7,6,50,19.43,2023-10-24,1
4553,51.0,Female,North,Primary,Unemployed,1162490.23,689894.03,Business,638.8,11,196,87.88,2023-08-26,0
4554,37.0,Other,East,Post-Graduate,Unemployed,532809.74,365374.62,Home,770.8,4,268,30.81,2023-10-01,0
4555,28.0,Male,East,Post-Graduate,Self-Employed,411679.55,,Car,742.9,12,230,54.77,2021-09-25,1
4556,60.0,Male,South,Post-Graduate,Unemployed,547251.67,435910.01,Home,749.0,1,452,62.01,2024-04-25,0
4557,36.0,Female,South,Secondary,Self-Employed,847623.31,10000.0,Other,652.8,5,374,47.26,2025-03-15,0
4558,33.0,Female,East,Primary,Self-Employed,787953.01,29844.88,Education,663.9,7,45,49.72,2024-03-02,0
4559,,Male,West,Secondary,Self-Employed,794331.28,25396.35,Car,713.0,5,198,36.99,2022-05-16,0
4560,66.0,Male,North,Graduate,Salaried,467053.93,405745.98,Home,632.1,9,78,77.68,2019-07-30,0
4561,24.0,Other,South,Post-Graduate,Unemployed,748234.64,733472.29,Home,563.9,0,159,64.63,2023-01-01,1
4562,69.0,Other,West,Graduate,Unemployed,463027.17,425846.82,Home,742.8,7,431,69.64,2020-06-10,0
4563,26.0,Male,East,Graduate,Self-Employed,768509.36,518849.55,Education,609.5,0,39,29.92,2022-12-24,0
4564,66.0,Other,North,Primary,Salaried,2476489.9,191464.78,Other,660.1,11,484,50.16,2021-04-30,0
4565,30.0,Female,South,Primary,Salaried,507459.32,360351.6,Other,578.0,9,127,56.41,2019-08-29,1
4566,21.0,Female,West,Secondary,Unemployed,460308.24,360946.45,Business,632.1,3,292,26.8,2020-08-21,0
4567,25.0,Other,East,Primary,,482228.1,968529.69,Home,667.0,4,458,41.01,2022-09-19,1
4568,62.0,Other,South,Secondary,Salaried,593938.45,10000.0,Home,784.5,9,152,66.22,2019-09-12,0
4569,,Other,South,Primary,Salaried,340271.51,116980.68,Home,734.5,10,272,94.15,2020-05-11,0
4570,64.0,Male,West,Graduate,Unemployed,554911.42,502876.34,Business,577.1,0,251,23.46,2019-08-29,0
4571,54.0,Female,East,Graduate,Salaried,706493.26,466140.85,Education,,0,265,90.45,2020-04-13,0
4572,36.0,Female,West,Post-Graduate,Salaried,463886.04,617356.88,Car,752.3,4,52,78.63,2023-08-15,1
4573,34.0,Male,North,Graduate,Unemployed,391528.85,250671.69,Car,762.9,5,229,87.59,2024-09-12,0
4574,68.0,Male,North,Secondary,Self-Employed,900017.21,447105.0,Car,,2,480,91.24,2021-06-24,0
4575,43.0,Female,East,Primary,Unemployed,1092915.8,497509.87,Business,802.6,12,85,46.02,2024-04-14,0
4576,50.0,Female,West,Secondary,,1114807.2,683457.23,Business,543.7,9,217,17.43,2023-04-06,1
4577,29.0,Male,East,Primary,Salaried,690186.09,350619.54,Home,622.8,11,284,63.41,2018-08-26,0
4578,54.0,Male,West,Post-Graduate,Unemployed,551319.74,,Car,807.6,10,96,27.99,2022-05-04,1
4579,41.0,Male,East,Graduate,Self-Employed,909287.05,266630.43,Other,702.7,0,26,36.35,2022-09-03,0
4580,22.0,Female,North,Graduate,Salaried,357804.43,603694.12,Home,695.8,10,305,72.95,2025-05-19,0
4581,69.0,Female,South,Secondary,Salaried,657744.05,568326.51,Other,605.5,8,425,47.5,2019-06-04,1
4582,37.0,Other,North,Primary,Salaried,652031.96,440326.11,Business,784.9,5,287,65.43,2019-12-18,0
4583,68.0,Female,South,Post-Graduate,Self-Employed,629150.56,408741.52,Home,699.4,3,174,78.4,2018-04-07,0
4584,68.0,Male,South,Post-Graduate,Salaried,1066007.8,459928.51,Education,602.5,0,462,53.19,2023-12-15,0
4585,27.0,Other,South,Graduate,Self-Employed,510414.27,547355.74,Education,656.4,4,304,87.35,2025-04-07,0
4586,49.0,Male,East,Primary,Salaried,1236128.07,195586.17,Home,600.2,11,124,26.65,2020-08-02,1
4587,63.0,Male,East,Primary,Self-Employed,358589.91,10000.0,Car,694.2,5,344,53.65,2021-12-03,0
4588,59.0,Male,East,Secondary,Self-Employed,351569.15,695007.01,Car,653.8,0,380,73.68,2024-09-11,1
4589,36.0,Female,West,Graduate,Unemployed,742182.07,551617.84,Home,,8,200,72.99,2021-12-16,0
4590,31.0,Other,South,Post-Graduate,Unemployed,565820.46,707231.19,Education,685.3,5,102,56.24,2021-05-01,0
4591,25.0,Male,East,Post-Graduate,Salaried,,555066.5,Car,668.4,8,101,68.08,2024-08-30,0
4592,23.0,Female,North,Primary,Self-Employed,961421.8,361072.18,Business,,9,468,53.05,2020-07-13,0
4593,25.0,Female,South,Graduate,Unemployed,838792.43,,Other,,11,416,72.27,2019-03-26,0
4594,48.0,Female,East,Secondary,Salaried,744378.05,594866.85,Business,717.2,10,394,30.49,2024-11-30,0
4595,41.0,Other,North,Primary,Salaried,1287022.18,929348.83,Education,591.4,10,86,31.71,2018-04-05,1
4596,57.0,Male,North,Secondary,Salaried,1076654.18,519796.17,Other,626.5,8,47,55.31,2021-11-08,0
4597,51.0,Other,East,Secondary,Salaried,926454.51,342761.11,Education,,10,254,93.53,2023-10-18,1
4598,26.0,Male,East,Secondary,,633549.87,464265.4,Other,672.5,2,416,46.87,2020-01-13,0
4599,,Female,West,Secondary,Unemployed,1130848.56,576305.61,Car,644.0,7,244,65.25,2020-02-05,0
4600,21.0,Male,East,Graduate,Unemployed,107556.17,625507.25,Car,562.9,12,192,72.97,2023-03-21,1
4601,,Male,West,Post-Graduate,Self-Employed,697114.12,,Education,,5,467,58.21,2023-09-27,1
4602,35.0,Male,North,Secondary,Salaried,432511.32,10000.0,Home,688.1,1,139,63.61,2018-02-16,0
4603,,Female,West,Post-Graduate,Salaried,6354562.15,635965.65,Home,659.1,10,158,11.06,2021-11-11,0
4604,47.0,Female,South,Graduate,Self-Employed,628572.47,396846.86,Business,739.8,11,488,34.47,2018-09-01,0
4605,42.0,Female,North,Secondary,Self-Employed,748295.9,367750.59,Home,750.5,8,330,55.33,2019-02-04,0
4606,58.0,Female,North,Graduate,Self-Employed,466970.11,275516.92,Car,600.6,12,19,51.7,2019-08-11,1
4607,43.0,Male,South,Secondary,Salaried,608036.67,515513.34,Other,731.0,3,394,87.51,2024-02-03,1
4608,35.0,Other,East,Primary,Salaried,192376.91,403776.19,Business,599.8,4,317,32.23,2019-07-30,1
4609,43.0,Other,North,Graduate,Unemployed,553826.79,584543.41,Education,572.8,2,125,71.3,2020-10-12,1
4610,67.0,Other,South,Post-Graduate,Salaried,1209882.65,619487.76,Business,689.3,10,407,17.9,2020-08-23,0
4611,61.0,Other,North,Secondary,Salaried,,205405.47,Education,633.6,4,259,94.35,2023-12-28,0
4612,69.0,Female,East,Post-Graduate,Salaried,580083.1,456785.29,Car,701.8,4,214,18.07,2020-06-06,0
4613,51.0,Other,North,Graduate,Salaried,1257211.75,579859.43,Education,605.5,11,205,26.23,2025-01-25,1
4614,50.0,Other,South,Secondary,Unemployed,1156695.86,10000.0,Car,486.1,0,387,48.26,2020-10-28,0
4615,60.0,Other,South,Post-Graduate,Self-Employed,868548.69,,Education,607.5,10,137,19.04,2018-01-01,1
4616,63.0,Female,North,Post-Graduate,Self-Employed,350958.27,238142.28,Car,726.4,9,338,74.06,2019-09-08,0
4617,,Male,East,Post-Graduate,Salaried,246719.31,,Home,651.1,5,391,90.57,2023-07-23,1
4618,52.0,Female,South,Post-Graduate,Salaried,1202480.81,,Car,607.8,5,276,27.52,2018-03-26,1
4619,36.0,Other,South,Post-Graduate,Self-Employed,871331.28,463110.1,Business,577.5,4,249,32.46,2021-04-07,0
4620,35.0,Other,West,Graduate,Salaried,1636790.11,556478.74,Other,735.6,8,131,35.32,2019-11-15,0
4621,34.0,Male,East,Secondary,Unemployed,742188.51,21077.23,Education,,11,205,33.77,2024-09-21,0
4622,45.0,Female,North,Secondary,Self-Employed,478010.41,574861.55,Business,718.1,2,365,78.23,2019-07-01,0
4623,24.0,Female,West,Graduate,Unemployed,969242.13,542028.25,Education,615.8,2,410,22.11,2025-03-18,0
4624,25.0,Male,West,Post-Graduate,Unemployed,868811.7,10000.0,Business,689.7,0,398,33.81,2020-07-12,0
4625,59.0,Female,South,Primary,Salaried,957969.57,558729.88,Business,755.1,3,299,44.8,2018-07-24,0
4626,58.0,Other,North,Post-Graduate,Unemployed,1145453.95,561805.18,Business,664.8,3,332,75.57,2024-03-25,0
4627,69.0,Male,West,Secondary,Self-Employed,818726.4,737015.52,Other,688.1,1,262,90.7,2024-03-19,0
4628,54.0,Other,West,Secondary,Self-Employed,888775.52,477185.81,Education,792.8,1,480,14.07,2025-02-23,0
4629,70.0,Other,South,Secondary,Unemployed,995180.97,220819.03,Business,777.4,7,320,67.49,2023-02-14,0
4630,70.0,Male,West,Secondary,Unemployed,,466346.55,Business,654.0,6,447,23.11,2024-11-01,0
4631,55.0,Other,West,Post-Graduate,Salaried,,385548.08,Education,763.9,7,236,80.36,2020-08-02,0
4632,29.0,Other,East,Primary,Unemployed,371310.28,360415.21,Car,687.7,12,236,40.71,2018-02-15,1
4633,53.0,Other,West,Primary,Self-Employed,741139.29,692566.08,Business,735.9,2,411,56.24,2019-06-21,1
4634,62.0,Male,East,Post-Graduate,Unemployed,806124.89,177306.78,Home,586.1,8,353,44.17,2023-10-17,1
4635,47.0,Other,East,Graduate,Self-Employed,623154.15,431926.63,Business,656.5,8,18,22.3,2020-01-06,0
4636,26.0,Female,West,Secondary,Self-Employed,576948.35,305826.69,Education,696.0,11,428,40.55,2022-11-09,0
4637,52.0,Other,East,Primary,Unemployed,,206382.04,Other,697.9,12,297,24.92,2025-07-21,0
4638,66.0,Female,West,Post-Graduate,Self-Employed,514249.77,480247.89,Car,534.6,1,238,44.44,2020-11-09,1
4639,49.0,Male,East,Graduate,Self-Employed,765410.68,610569.32,Car,678.2,10,353,85.62,2023-02-15,0
4640,24.0,,West,Post-Graduate,Unemployed,800894.33,532030.9,Other,721.1,6,357,37.83,2019-08-04,0
4641,37.0,Other,North,Primary,Salaried,818758.84,330133.96,Home,780.5,6,281,13.7,2020-08-09,0
4642,49.0,Male,North,Secondary,Unemployed,520064.73,158665.12,Business,,10,28,14.45,2019-10-18,0
4643,,Male,East,Graduate,Unemployed,730196.74,226872.99,Business,680.7,2,20,61.21,2019-02-20,0
4644,32.0,Male,East,Primary,Salaried,963245.46,718818.14,Car,752.5,0,91,40.69,2025-04-02,0
4645,57.0,Other,South,Post-Graduate,Self-Employed,762314.96,180956.33,Other,651.0,7,402,43.11,2022-08-30,0
4646,41.0,Female,East,Post-Graduate,Salaried,928378.82,10000.0,Home,596.5,6,80,53.45,2024-11-27,1
4647,67.0,Male,East,Graduate,Self-Employed,598915.49,260390.12,Home,669.4,0,212,18.6,2020-08-26,0
4648,59.0,Male,South,Secondary,Self-Employed,893166.61,420112.51,Home,666.6,9,299,71.98,2024-02-20,0
4649,,Female,West,Graduate,Unemployed,680548.71,728218.67,Home,652.5,6,134,46.03,2024-11-21,1
4650,33.0,Other,West,Graduate,Salaried,522089.51,681986.62,Other,778.2,12,438,51.14,2018-06-02,1
4651,65.0,Male,West,Post-Graduate,Salaried,835177.49,201467.77,Car,679.5,9,236,64.52,2018-08-09,0
4652,53.0,Male,West,Graduate,Unemployed,5335715.12,932207.24,Education,708.9,4,346,91.09,2020-03-04,0
4653,28.0,Other,West,Graduate,Unemployed,822162.18,10000.0,Business,800.3,0,22,85.96,2025-08-29,0
4654,32.0,Other,South,Graduate,Salaried,507436.77,196879.8,Home,524.7,4,292,51.3,2018-10-02,0
4655,25.0,Male,East,Primary,Self-Employed,959554.93,241132.72,Business,544.3,7,117,24.36,2021-07-21,1
4656,25.0,Female,South,Graduate,Self-Employed,815810.61,439147.69,Business,707.6,4,120,22.72,2024-07-08,0
4657,28.0,Other,East,Primary,Self-Employed,608012.81,418428.19,Car,654.1,0,398,38.23,2022-04-21,0
4658,52.0,Male,West,Secondary,,242704.29,702949.94,Home,711.0,7,419,38.03,2019-04-24,1
4659,63.0,Male,South,Secondary,Salaried,1196633.26,219998.77,Other,818.6,8,489,64.47,2024-06-28,0
4660,30.0,Male,South,Post-Graduate,Salaried,412788.28,415735.43,Business,632.5,7,20,31.51,2021-08-11,0
4661,31.0,Female,North,Post-Graduate,Unemployed,555938.24,288087.88,Car,634.9,4,176,20.5,2024-06-06,0
4662,55.0,Male,South,Post-Graduate,Unemployed,695324.18,277263.75,Business,739.7,9,373,30.57,2022-04-04,0
4663,33.0,Male,North,Post-Graduate,Unemployed,1167878.25,324607.18,Education,612.0,5,373,43.32,2019-01-27,1
4664,41.0,Male,North,Post-Graduate,Salaried,813023.59,470628.28,Education,710.3,0,361,79.97,2021-09-18,0
4665,45.0,Male,South,Primary,Salaried,823429.29,136868.11,Education,640.4,1,113,32.8,2019-04-10,0
4666,31.0,Female,East,Graduate,Self-Employed,977063.31,46481.83,Education,647.2,10,97,31.55,2024-12-14,0
4667,23.0,Other,North,Post-Graduate,Unemployed,791491.0,192523.28,Home,617.1,8,443,79.77,2025-02-02,1
4668,40.0,Other,East,Graduate,Self-Employed,669939.6,460602.97,Home,602.4,8,281,91.61,2024-06-27,1
4669,46.0,Other,South,Primary,Unemployed,1213098.84,506285.85,Other,762.7,5,310,36.14,2021-11-15,0
4670,57.0,Male,North,Graduate,Salaried,536186.69,,Home,682.7,12,259,49.52,2020-03-05,0
4671,31.0,Female,South,Graduate,,907882.77,366641.21,Other,564.2,7,36,39.38,2024-04-30,1
4672,40.0,Male,South,Graduate,Salaried,1124447.92,503863.71,Car,518.2,11,234,59.97,2019-03-02,1
4673,29.0,Female,South,Post-Graduate,Self-Employed,593660.41,110327.87,Car,703.7,12,358,11.48,2018-11-20,0
4674,29.0,Female,East,Graduate,Salaried,195364.76,342440.02,Car,649.9,11,435,74.84,2021-08-28,1
4675,64.0,Female,West,Post-Graduate,Salaried,,643974.2,Home,668.4,8,52,84.81,2023-07-20,1
4676,60.0,Male,West,Secondary,Self-Employed,596570.24,343120.48,Car,707.0,4,329,90.74,2022-06-01,0
4677,24.0,Female,East,Post-Graduate,Unemployed,620605.48,574574.78,Car,653.2,4,160,88.57,2019-02-25,1
4678,62.0,Male,East,Secondary,Salaried,474996.29,429298.73,Car,705.2,5,191,80.05,2018-12-14,1
4679,54.0,Other,South,Post-Graduate,Salaried,1067883.49,354860.59,Car,617.9,4,209,86.1,2023-08-17,0
4680,69.0,Male,North,Primary,Unemployed,773317.92,598751.69,Other,692.4,11,53,44.55,2021-12-23,0
4681,51.0,Other,South,Post-Graduate,Unemployed,1218460.86,248996.09,Car,668.5,8,245,85.04,2018-08-21,0
4682,60.0,Female,South,Graduate,Salaried,838458.79,484632.14,Other,605.8,12,123,17.58,2022-05-09,1
4683,54.0,Other,West,Post-Graduate,Salaried,,216718.0,Car,614.0,9,226,82.39,2021-06-03,1
4684,36.0,Male,South,Secondary,Self-Employed,,381390.55,Home,825.1,11,371,24.0,2019-11-10,1
4685,46.0,,East,Graduate,Salaried,974085.39,510861.65,Education,676.6,6,306,79.11,2019-09-05,0
4686,67.0,Other,North,Secondary,Self-Employed,758675.73,126270.72,Car,610.1,2,200,17.09,2022-10-26,0
4687,61.0,,North,Post-Graduate,Self-Employed,727156.28,25753.63,Business,688.4,0,99,37.2,2022-05-25,0
4688,48.0,Female,East,Post-Graduate,Salaried,317054.3,390568.44,Business,655.9,2,141,19.23,2019-08-23,1
4689,25.0,Female,West,Primary,Self-Employed,769346.47,339123.79,Car,683.4,0,229,23.62,2023-03-12,0
4690,25.0,Female,West,Secondary,Self-Employed,1315994.07,187397.64,Business,626.4,8,112,49.29,2023-05-11,0
4691,67.0,Other,West,Post-Graduate,Salaried,175061.44,451044.71,Car,675.6,2,252,53.35,2018-10-23,1
4692,69.0,Other,West,Post-Graduate,Unemployed,63925.88,817908.3,Other,830.1,2,148,80.94,2024-07-16,1
4693,59.0,Male,South,Post-Graduate,Self-Employed,944633.47,95331.86,Business,587.5,11,442,13.16,2024-03-08,1
4694,26.0,Male,East,Post-Graduate,Unemployed,687513.07,381186.03,Education,698.4,6,246,80.83,2020-02-08,0
4695,54.0,Male,West,Graduate,Salaried,963350.22,506187.19,Car,518.1,6,182,87.86,2024-11-26,1
4696,22.0,Female,West,Post-Graduate,Salaried,877510.35,739611.51,Home,759.5,8,18,71.99,2023-08-15,1
4697,47.0,Female,North,Post-Graduate,,974311.97,318999.33,Car,795.1,10,127,26.41,2019-05-30,0
4698,64.0,Male,East,Graduate,Salaried,751429.76,473003.41,Education,756.5,9,174,90.35,2019-07-18,0
4699,62.0,Female,East,Secondary,Self-Employed,862289.99,337520.99,Home,646.9,9,420,45.33,2024-03-08,0
4700,42.0,Other,West,Post-Graduate,Self-Employed,1048776.45,838885.49,Home,726.1,12,49,73.46,2018-03-31,0
4701,44.0,Male,East,Secondary,Salaried,615279.91,374002.48,Car,710.2,9,332,91.48,2023-08-26,0
4702,44.0,Other,North,Secondary,Unemployed,894132.21,513676.92,Other,691.7,6,282,73.66,2022-07-07,0
4703,63.0,Other,North,Post-Graduate,Unemployed,876939.72,342018.77,Home,760.4,9,206,87.52,2022-11-15,0
4704,69.0,Female,North,Primary,Self-Employed,930066.28,1077290.4,Car,578.1,10,389,56.95,2020-02-10,1
4705,56.0,Male,North,Secondary,Self-Employed,835041.74,998492.03,Car,602.7,4,307,26.72,2023-03-26,0
4706,48.0,Female,North,Primary,,303115.79,10000.0,Education,704.8,4,420,39.0,2022-06-09,0
4707,46.0,Other,West,Post-Graduate,Self-Employed,,361806.56,Home,,4,348,14.89,2022-12-03,0
4708,69.0,Male,East,Post-Graduate,Salaried,717677.53,677747.13,Home,666.1,8,85,67.46,2024-12-25,1
4709,49.0,Male,North,Primary,Unemployed,601486.54,701096.28,Other,600.9,11,363,21.38,2023-07-26,1
4710,48.0,Male,West,Graduate,Self-Employed,795302.73,,Business,636.1,5,412,76.49,2019-09-17,0
4711,41.0,Other,North,Post-Graduate,Unemployed,80776.0,210960.24,Education,667.0,6,292,35.15,2021-05-27,0
4712,27.0,,North,Graduate,Unemployed,1237923.76,30608.99,Business,784.9,5,182,90.52,2023-02-05,0
4713,66.0,Male,South,Secondary,,50000.0,575826.86,Business,626.5,5,481,46.07,2020-02-10,1
4714,34.0,Other,West,Post-Graduate,Unemployed,411547.43,732310.77,Business,739.3,12,322,34.15,2024-10-02,1
4715,64.0,Other,West,Graduate,Salaried,601801.79,175587.06,Education,640.9,1,278,77.17,2018-11-25,0
4716,23.0,Female,North,Primary,Self-Employed,1269574.13,676179.09,Education,742.1,10,321,47.5,2025-01-27,0
4717,47.0,Female,South,Post-Graduate,Unemployed,1230551.89,258240.67,Business,666.8,2,65,12.96,2019-02-19,0
4718,60.0,Other,South,Secondary,Salaried,1004151.1,532027.02,Car,660.7,12,237,76.99,2023-08-28,0
4719,45.0,Other,North,Secondary,Salaried,1420472.08,81810.87,Home,565.2,2,160,26.44,2024-07-10,0
4720,48.0,Female,North,Graduate,Unemployed,488919.84,296980.07,Business,609.3,6,239,20.25,2022-02-26,1
4721,21.0,Female,North,Post-Graduate,Self-Employed,,553511.48,Business,705.2,9,388,75.36,2022-01-01,0
4722,22.0,Female,South,Graduate,Salaried,1136927.08,,Home,692.8,6,332,69.09,2022-05-31,0
4723,23.0,Male,South,Primary,Salaried,,,Business,609.4,12,176,62.58,2019-09-07,1
4724,43.0,Female,South,Primary,Salaried,,197030.9,Other,623.9,7,161,64.54,2021-05-01,0
4725,63.0,Male,West,Primary,Self-Employed,892206.39,337149.83,Business,748.8,11,481,56.7,2019-12-10,0
4726,,Other,North,Post-Graduate,Unemployed,1074871.61,10000.0,Business,701.2,10,416,70.99,2025-07-09,0
4727,30.0,Female,East,Primary,Unemployed,1231579.97,,Home,692.2,6,361,39.15,2020-07-14,0
4728,47.0,Other,South,Secondary,Salaried,768959.82,111163.46,Home,780.3,1,430,29.1,2022-07-28,0
4729,55.0,Female,South,Graduate,Self-Employed,622944.31,463288.92,Other,791.6,11,362,40.9,2024-05-27,0
4730,33.0,Other,South,Graduate,Unemployed,1049699.28,305151.08,Business,675.0,4,208,10.54,2025-07-16,0
4731,40.0,Other,West,Graduate,Self-Employed,1190543.61,439942.64,Business,779.0,4,164,34.24,2019-04-08,0
4732,45.0,Male,East,Primary,Salaried,164005.18,644889.34,Other,663.3,1,118,24.47,2020-08-23,1
4733,51.0,Other,West,Secondary,Self-Employed,745689.59,303771.84,Business,,5,440,78.43,2018-01-19,0
4734,,Other,South,Primary,Unemployed,804350.42,,Home,583.5,11,63,62.7,2023-11-17,1
4735,38.0,Male,North,Primary,Unemployed,504774.04,650699.96,Education,785.2,9,445,17.01,2020-09-22,1
4736,58.0,Female,East,Post-Graduate,Self-Employed,348045.44,232699.01,Car,744.6,1,45,75.02,2022-12-02,0
4737,32.0,,East,Secondary,Salaried,673030.3,544172.82,Car,672.2,3,496,81.93,2021-07-02,1
4738,37.0,Female,North,Graduate,Unemployed,756433.47,327443.62,Car,628.1,12,443,32.41,2022-06-27,0
4739,65.0,Other,South,Secondary,Self-Employed,768480.98,459229.84,Education,730.6,4,424,55.93,2018-09-27,0
4740,65.0,Female,West,Primary,Self-Employed,287270.26,356879.65,Home,721.9,1,412,19.72,2023-05-31,1
4741,,Female,North,Secondary,Self-Employed,866943.53,672531.53,Car,571.0,7,486,53.63,2023-11-26,1
4742,54.0,Female,North,Secondary,Self-Employed,980559.32,245474.2,Education,696.4,4,84,87.03,2022-01-06,0
4743,57.0,Other,South,Primary,Unemployed,740751.25,72254.63,Education,791.4,12,458,50.76,2025-05-03,0
4744,66.0,Male,West,Secondary,Salaried,777910.72,32984.63,Car,626.8,8,392,85.14,2018-10-22,0
4745,51.0,Male,South,Secondary,Unemployed,1143055.05,,Education,657.2,11,248,25.38,2023-07-31,0
4746,26.0,Male,South,Primary,Unemployed,788628.34,475162.77,Home,715.9,0,278,27.55,2024-03-01,0
4747,40.0,Male,North,Primary,Unemployed,592258.09,55443.22,Other,689.8,4,436,15.65,2021-09-11,0
4748,59.0,Other,West,Secondary,Unemployed,,,Business,723.1,1,122,59.99,2019-08-08,0
4749,50.0,Other,North,Primary,Salaried,1296837.92,644999.01,Business,717.3,3,264,49.87,2022-06-23,0
4750,64.0,Other,West,Graduate,Salaried,741932.69,248822.86,Education,641.9,11,240,84.48,2018-05-22,0
4751,36.0,,North,Post-Graduate,Unemployed,980683.6,42071.57,Education,822.5,5,441,36.21,2018-10-06,0
4752,37.0,Female,South,Secondary,Salaried,967232.41,119382.07,Education,579.8,1,412,59.51,2020-11-01,0
4753,37.0,Other,South,Primary,Self-Employed,980099.16,462201.78,Home,613.6,5,473,15.4,2023-11-23,1
4754,21.0,Other,West,Graduate,Unemployed,688793.33,297636.55,Business,631.9,5,129,16.82,2024-10-01,0
4755,65.0,Female,South,Primary,Unemployed,1195066.92,428861.18,Business,708.7,7,447,52.15,2023-08-04,0
4756,48.0,Male,North,Post-Graduate,Salaried,456427.03,310775.51,Home,707.1,7,273,16.77,2019-04-04,0
4757,59.0,Other,North,Graduate,Unemployed,98523.46,,Home,691.1,9,398,93.83,2019-01-04,1
4758,45.0,Other,West,Graduate,Unemployed,,,Car,743.9,7,29,63.75,2021-02-13,1
4759,36.0,Female,East,Secondary,Self-Employed,699349.02,,Car,795.7,9,12,19.74,2025-04-29,0
4760,38.0,Other,East,Post-Graduate,Salaried,915311.62,712684.83,Other,548.2,1,311,28.53,2022-04-17,0
4761,22.0,Female,East,Primary,Salaried,743790.41,116733.27,Car,591.8,3,87,71.7,2020-05-03,0
4762,35.0,Male,South,Secondary,Self-Employed,619292.71,344990.26,Business,609.9,9,195,87.12,2020-03-15,1
4763,57.0,Male,North,Graduate,Salaried,753795.36,630198.31,Other,595.6,3,341,88.94,2023-04-24,1
4764,52.0,Other,West,Post-Graduate,Self-Employed,708449.84,84634.79,Business,,4,77,49.56,2019-04-01,0
4765,39.0,Female,West,Post-Graduate,Unemployed,955556.87,298460.2,Business,494.3,8,138,11.57,2020-04-12,1
4766,40.0,Other,East,Secondary,Self-Employed,128706.36,200265.29,Car,528.5,4,5,45.51,2023-10-22,0
4767,31.0,Female,South,Primary,Unemployed,399685.0,376021.98,Car,795.6,0,42,18.33,2025-07-01,0
4768,57.0,Other,East,Post-Graduate,Salaried,161532.75,417330.87,Car,692.1,2,23,69.05,2021-12-20,0
4769,55.0,Other,West,Graduate,Salaried,561359.28,455415.44,Business,795.3,1,302,19.18,2020-09-26,0
4770,58.0,Female,North,Graduate,Unemployed,956622.77,10000.0,Business,648.9,5,386,87.47,2023-09-29,0
4771,52.0,Female,South,Secondary,Salaried,704420.66,467424.25,Other,594.4,9,240,80.67,2018-09-19,1
4772,41.0,Male,South,Graduate,Salaried,670906.41,743475.48,Home,559.6,3,221,44.65,2025-06-11,1
4773,52.0,Male,North,Graduate,Salaried,400611.23,132170.17,Home,788.0,2,495,55.44,2018-10-12,0
4774,30.0,Other,West,Primary,Unemployed,1061939.91,221086.82,Education,638.3,10,271,17.44,2023-02-27,0
4775,45.0,Female,East,Graduate,Salaried,1222704.27,930519.47,Education,614.7,11,472,70.16,2023-01-19,1
4776,62.0,Male,West,Secondary,Salaried,520583.49,526999.71,Car,636.7,8,84,61.89,2020-11-25,1
4777,21.0,Other,South,Graduate,Salaried,1167816.21,504900.86,Home,764.4,12,456,22.88,2021-03-11,0
4778,28.0,Male,North,Primary,Salaried,959668.06,96534.79,Other,585.5,12,50,60.4,2018-02-18,1
4779,43.0,Female,West,Post-Graduate,Unemployed,930897.35,616056.6,Car,745.6,10,154,18.31,2022-05-02,0
4780,49.0,Male,West,Graduate,Salaried,909879.44,589026.46,Education,692.6,11,125,64.42,2023-04-29,0
4781,36.0,Female,West,Post-Graduate,Self-Employed,544316.49,531809.72,Home,676.3,2,69,22.95,2024-01-03,0
4782,24.0,Other,South,Post-Graduate,Salaried,383285.27,209468.93,Other,822.9,12,300,10.12,2019-01-09,0
4783,35.0,Male,North,Graduate,Unemployed,604472.84,481098.13,Other,781.0,5,323,80.12,2021-05-02,0
4784,46.0,Other,East,Post-Graduate,Unemployed,1000511.11,589413.79,Other,682.6,9,193,33.02,2021-01-19,0
4785,50.0,Other,East,Secondary,Salaried,973672.06,337683.54,Other,698.7,3,154,11.47,2018-12-02,0
4786,22.0,Female,South,Primary,,622730.24,506895.0,Car,684.8,0,252,46.59,2024-08-28,0
4787,68.0,Female,North,Graduate,Self-Employed,825836.84,485895.81,Business,,2,100,12.08,2019-07-17,0
4788,67.0,Male,North,Post-Graduate,Salaried,583602.59,429329.85,Education,712.8,11,127,91.62,2019-09-03,0
4789,52.0,Female,South,Graduate,Salaried,867850.67,501032.05,Education,,9,259,53.69,2024-08-23,1
4790,55.0,Male,East,Graduate,,,404330.97,Education,741.3,10,382,62.56,2021-10-26,0
4791,36.0,Female,West,Primary,Self-Employed,612069.08,439683.76,Education,533.1,3,6,93.7,2023-10-01,0
4792,62.0,Other,West,Secondary,Salaried,727410.05,597560.69,Business,659.0,2,190,73.45,2018-07-24,1
4793,42.0,Male,East,Graduate,Self-Employed,577803.24,89697.97,Education,649.7,0,275,56.39,2022-10-20,0
4794,43.0,,East,Secondary,Self-Employed,5696427.36,231944.29,Home,779.0,10,97,92.36,2024-10-06,0
4795,37.0,Male,South,Graduate,Self-Employed,223985.13,,Home,629.1,6,285,30.01,2021-07-05,1
4796,32.0,Male,East,Primary,Salaried,523584.24,169166.27,Car,755.4,10,32,20.58,2021-02-04,0
4797,48.0,Other,North,Graduate,Self-Employed,438977.69,287733.36,Home,819.6,1,19,32.85,2021-05-05,0
4798,46.0,Male,East,Primary,Self-Employed,,695648.25,Business,625.1,3,15,62.72,2022-08-10,0
4799,24.0,Female,South,Secondary,Salaried,513975.99,557396.15,Home,,0,138,40.5,2025-02-24,1
4800,59.0,Other,North,Primary,Unemployed,1146184.5,571977.12,Home,676.6,11,84,68.32,2018-07-11,0
4801,34.0,Other,North,Post-Graduate,Unemployed,373422.32,325172.15,Business,832.2,0,459,12.86,2023-01-02,0
4802,,Male,South,Primary,Self-Employed,562026.09,186589.15,Education,714.7,6,265,66.17,2021-05-07,0
4803,,Male,East,Primary,Self-Employed,529687.73,300373.54,Education,720.4,2,408,34.94,2018-07-02,0
4804,33.0,Female,South,Graduate,Salaried,776161.88,,Other,747.5,9,269,61.11,2020-12-22,0
4805,41.0,Other,East,Graduate,Unemployed,937891.77,10000.0,Business,623.1,1,424,87.68,2020-08-08,0
4806,30.0,Other,South,Post-Graduate,Unemployed,967756.28,554821.13,Other,689.8,3,23,23.8,2019-04-03,0
4807,46.0,Other,North,Post-Graduate,Unemployed,834797.39,444917.48,Business,614.5,5,186,14.19,2019-01-25,1
4808,26.0,Female,North,Graduate,Unemployed,1062881.46,203192.94,Home,727.9,4,161,29.26,2023-07-19,0
4809,26.0,Other,West,Graduate,Unemployed,785587.49,407135.89,Other,740.9,4,321,18.76,2021-08-10,0
4810,,Female,West,Primary,Salaried,1243072.22,375935.03,Education,747.2,7,178,73.29,2019-01-05,0
4811,70.0,Male,East,Primary,Unemployed,722277.04,553909.48,Home,652.2,3,259,26.82,2020-11-20,0
4812,22.0,Male,South,Post-Graduate,Self-Employed,877409.59,425673.77,Business,,0,91,31.31,2018-04-01,0
4813,22.0,Female,North,Primary,Salaried,468241.9,561585.5,Other,615.3,12,246,56.24,2021-04-26,1
4814,40.0,Female,South,Primary,Unemployed,983343.45,531139.97,Other,751.7,11,94,94.64,2023-06-15,0
4815,37.0,Male,West,Post-Graduate,Salaried,1164400.92,539238.64,Business,737.0,9,439,91.24,2018-12-20,0
4816,25.0,Other,North,Secondary,Self-Employed,405094.02,193700.23,Car,670.9,9,347,82.18,2025-01-18,0
4817,65.0,Female,South,Secondary,Salaried,162179.21,311261.61,Home,655.3,5,335,87.8,2021-11-10,1
4818,59.0,Other,East,Secondary,Self-Employed,,224864.6,Home,687.3,8,87,69.87,2019-11-28,0
4819,39.0,Female,West,Graduate,Self-Employed,384020.16,167765.94,Education,659.4,6,455,27.81,2025-05-22,0
4820,,Male,South,Primary,Unemployed,940574.41,333078.98,Other,,1,47,11.23,2022-03-06,0
4821,26.0,Female,North,Secondary,Salaried,401158.04,737748.41,Car,653.8,3,222,77.82,2024-04-16,1
4822,36.0,Female,East,Graduate,Self-Employed,670720.35,551351.07,Home,711.2,9,173,70.38,2019-12-09,1
4823,34.0,Female,West,Primary,Self-Employed,966675.3,522112.69,Car,804.4,1,392,65.56,2019-10-11,0
4824,24.0,Other,East,Graduate,Self-Employed,895410.01,346779.94,Home,734.4,3,229,40.44,2021-02-03,0
4825,49.0,Female,East,Post-Graduate,Unemployed,713243.8,218776.87,Home,751.5,11,139,81.49,2023-02-09,0
4826,44.0,Female,South,Post-Graduate,Self-Employed,709744.2,622860.15,Car,711.1,12,185,38.54,2025-07-18,0
4827,25.0,Other,South,Graduate,Self-Employed,736842.93,134970.57,Car,649.3,7,471,81.47,2019-12-12,0
4828,27.0,Other,North,Graduate,Self-Employed,716477.4,,Home,621.1,6,149,77.37,2019-02-08,0
4829,22.0,Female,West,Primary,Unemployed,220477.76,352012.81,Other,684.1,10,314,33.22,2019-10-16,1
4830,58.0,Other,North,Secondary,Salaried,653702.99,208437.61,Home,,8,411,60.28,2021-09-10,0
4831,56.0,Other,North,Post-Graduate,Self-Employed,747381.1,364979.75,Home,748.8,11,44,38.35,2020-12-04,0
4832,48.0,Female,East,Primary,Unemployed,545665.88,327461.34,Business,689.0,9,274,86.45,2022-10-29,0
4833,56.0,Female,North,Primary,Self-Employed,788040.31,550713.66,Education,740.9,10,269,41.1,2024-11-11,0
4834,65.0,Male,North,Primary,Salaried,579943.71,367775.23,Business,689.9,8,406,59.74,2021-10-24,0
4835,64.0,Male,East,Post-Graduate,Self-Employed,821341.24,10000.0,Business,634.4,8,33,57.56,2021-08-05,0
4836,44.0,Male,East,Secondary,Unemployed,656208.29,898332.1,Business,781.6,9,167,34.69,2019-07-30,1
4837,56.0,Female,West,Primary,Salaried,844516.72,743791.54,Home,625.3,1,499,28.69,2025-02-14,1
4838,48.0,Male,South,Secondary,Unemployed,555582.37,375799.27,Business,704.9,2,91,72.25,2025-01-25,0
4839,55.0,Female,North,Post-Graduate,Unemployed,135141.83,,Car,533.2,11,243,43.36,2018-07-30,1
4840,68.0,Other,East,Secondary,Self-Employed,549970.05,598485.46,Business,750.9,2,82,39.71,2024-05-14,0
4841,31.0,Male,West,Post-Graduate,Self-Employed,723224.31,417896.63,Education,708.9,11,232,21.0,2019-07-11,0
4842,38.0,Male,West,Graduate,Unemployed,543092.06,257239.13,Car,626.8,9,259,28.18,2018-03-09,0
4843,51.0,Male,West,Secondary,Unemployed,745971.65,160874.84,Education,670.7,8,398,69.78,2020-04-14,0
4844,54.0,Female,South,Graduate,Salaried,601486.63,10000.0,Business,732.0,4,487,59.21,2022-09-16,0
4845,67.0,Male,North,Graduate,Self-Employed,608266.05,,Car,818.1,3,236,68.97,2023-11-13,0
4846,21.0,Other,West,Post-Graduate,Salaried,979987.36,323496.19,Other,516.7,8,368,24.34,2020-05-24,1
4847,49.0,Male,South,Secondary,Salaried,110051.24,474414.17,Home,736.8,10,93,93.69,2021-03-07,1
4848,22.0,Male,East,Graduate,Salaried,1131382.95,682375.41,Business,678.3,4,423,12.99,2024-08-08,0
4849,22.0,Male,North,Post-Graduate,Salaried,797226.59,110402.2,Education,769.3,8,36,30.16,2021-02-14,0
4850,55.0,Male,South,Post-Graduate,Unemployed,252784.28,76501.0,Education,567.4,5,387,94.21,2021-11-15,1
4851,64.0,Other,East,Post-Graduate,Unemployed,987307.55,197508.78,Business,415.9,1,309,91.6,2021-02-21,0
4852,37.0,Female,North,Graduate,Self-Employed,568233.04,,Education,717.8,12,280,43.88,2020-11-06,1
4853,50.0,Other,East,Primary,Self-Employed,1085485.37,614178.07,Business,655.3,2,203,40.75,2024-02-08,0
4854,26.0,Other,East,Primary,Unemployed,370850.87,392917.81,Home,695.8,1,226,66.82,2019-02-16,1
4855,27.0,Female,South,Primary,Self-Employed,664012.68,,Other,679.1,6,317,65.19,2019-10-30,0
4856,38.0,Male,North,Secondary,Self-Employed,635441.54,382763.06,Education,,6,104,15.9,2021-07-01,0
4857,34.0,Female,South,Post-Graduate,,816872.14,613947.95,Home,649.8,12,228,82.97,2022-05-19,0
4858,66.0,Female,South,Primary,Unemployed,1124053.39,493802.69,Other,729.9,12,239,87.13,2019-07-18,0
4859,57.0,Female,North,Primary,Unemployed,380400.63,415390.49,Business,675.8,3,231,33.94,2021-03-25,0
4860,64.0,Male,East,Primary,Self-Employed,865137.73,372098.69,Other,718.9,10,42,31.61,2019-01-10,0
4861,70.0,Male,South,Secondary,Unemployed,892080.73,484900.63,Education,635.7,2,427,60.4,2023-07-19,0
4862,32.0,Female,East,Secondary,Salaried,877249.78,504128.03,Car,640.2,4,78,35.3,2018-08-21,0
4863,41.0,Other,East,Secondary,Self-Employed,518847.42,10000.0,Home,552.3,0,411,12.4,2023-08-15,0
4864,38.0,Female,West,Post-Graduate,Salaried,995743.12,308997.7,Other,809.8,11,370,68.95,2022-10-23,0
4865,51.0,Female,West,Graduate,Unemployed,1010339.09,541115.87,Business,780.8,6,111,30.49,2023-07-17,0
4866,41.0,Female,West,Graduate,Unemployed,1218548.82,147589.26,Home,697.9,6,342,45.88,2022-03-25,0
4867,35.0,Male,South,Graduate,Salaried,583400.92,682544.94,Car,504.1,11,494,33.66,2018-02-19,1
4868,28.0,Female,South,Primary,,259113.36,276736.51,Business,569.9,3,364,21.54,2025-08-15,1
4869,27.0,Other,South,Post-Graduate,Self-Employed,944406.42,416928.47,Home,641.1,0,176,81.64,2019-02-15,0
4870,69.0,Female,West,Graduate,Salaried,1083069.24,,Other,649.8,10,48,55.64,2020-07-18,0
4871,50.0,Female,East,Primary,Unemployed,,369921.32,Education,728.8,4,51,11.45,2018-07-22,0
4872,,Female,East,Primary,Salaried,687490.74,1293743.71,Other,612.2,4,467,91.8,2019-04-05,1
4873,40.0,Male,South,Primary,Self-Employed,919092.0,759770.48,Education,781.4,5,304,37.31,2020-02-23,0
4874,57.0,Male,West,Primary,Self-Employed,822087.31,10000.0,Business,578.2,5,297,75.9,2021-01-02,1
4875,42.0,Other,North,Secondary,Salaried,462138.18,803630.32,Education,764.3,1,335,49.98,2018-01-02,1
4876,33.0,Male,West,Secondary,Salaried,807596.71,10000.0,Business,766.4,4,428,69.11,2024-12-24,0
4877,42.0,Female,South,Post-Graduate,Salaried,1209675.59,610588.6,Home,698.4,4,464,93.8,2024-03-15,0
4878,52.0,Female,North,Secondary,Self-Employed,774531.86,,Education,683.2,3,284,80.78,2020-11-20,0
4879,61.0,Other,South,Graduate,Salaried,439235.35,273251.18,Education,768.0,2,65,27.25,2018-11-02,0
4880,66.0,Male,North,Graduate,Salaried,932768.3,219788.37,Other,727.6,9,61,91.6,2022-03-25,0
4881,38.0,Male,East,Graduate,Unemployed,,,Other,813.9,4,219,71.87,2019-06-22,0
4882,39.0,Female,East,Primary,Salaried,707976.04,231863.57,Car,694.7,3,222,87.14,2018-04-25,0
4883,44.0,Other,North,Post-Graduate,Unemployed,,1033445.63,Education,592.0,1,450,47.66,2019-03-31,1
4884,45.0,,West,Primary,Salaried,881401.18,796156.87,Car,817.5,4,266,72.73,2023-09-05,1
4885,64.0,Male,East,Graduate,Self-Employed,504209.49,655799.37,Car,685.9,12,110,13.56,2024-09-08,1
4886,45.0,Other,South,Post-Graduate,Salaried,686621.64,294017.1,Car,691.3,3,392,61.16,2022-07-15,0
4887,55.0,Other,South,Secondary,Unemployed,460823.32,294703.85,Education,701.0,1,152,26.73,2022-01-08,0
4888,31.0,Male,East,Post-Graduate,Self-Employed,782401.36,698138.91,Other,672.5,11,400,22.67,2023-12-22,0
4889,69.0,Female,East,Primary,Salaried,,361134.87,Car,606.4,4,240,49.51,2018-03-18,0
4890,42.0,Male,East,Primary,Self-Employed,585877.13,545137.38,Other,673.7,9,411,23.2,2021-03-09,0
4891,,Female,South,Secondary,Salaried,507356.43,789142.2,Other,711.7,12,323,43.1,2022-05-25,1
4892,28.0,Female,East,Graduate,Self-Employed,276726.71,157674.2,Education,639.7,11,386,52.7,2025-05-16,0
4893,47.0,Other,West,Graduate,Unemployed,3610607.6,15385.7,Car,692.7,10,434,88.57,2022-08-13,0
4894,51.0,Other,West,Graduate,Self-Employed,842887.78,223309.4,Education,645.4,8,63,79.68,2019-12-25,0
4895,54.0,Male,East,Primary,Unemployed,1020211.21,10000.0,Car,,5,314,16.86,2025-02-10,0
4896,46.0,Female,East,Primary,Unemployed,1044675.54,278711.95,Home,608.7,9,54,20.15,2023-08-21,1
4897,37.0,Female,South,Graduate,Unemployed,,525856.18,Education,709.4,9,407,42.05,2023-04-17,1
4898,67.0,Female,East,Primary,Salaried,674221.05,283295.3,Other,,12,264,81.92,2020-12-19,0
4899,59.0,Female,East,Post-Graduate,Unemployed,563502.82,350422.21,Car,780.5,4,389,87.6,2021-06-16,0
4900,46.0,Male,South,Post-Graduate,,50000.0,505002.09,Car,640.7,12,245,12.01,2023-02-22,1
4901,,Male,South,Post-Graduate,Unemployed,1221583.78,462199.36,Education,675.9,3,443,93.64,2023-10-08,0
4902,26.0,,South,Graduate,Salaried,537913.66,735424.09,Education,562.7,6,329,25.47,2020-12-17,1
4903,44.0,Other,East,Graduate,Salaried,364280.88,388700.27,Car,689.1,12,477,58.31,2025-06-23,1
4904,59.0,Female,East,Graduate,Self-Employed,298335.53,10000.0,Education,726.1,2,191,63.61,2024-03-08,0
4905,29.0,Male,South,Post-Graduate,Self-Employed,745763.16,458253.07,Car,791.4,7,482,25.11,2024-06-24,0
4906,36.0,Other,South,Secondary,Salaried,,229529.91,Home,584.6,7,19,81.73,2022-10-21,1
4907,21.0,Male,South,Graduate,Unemployed,473448.73,207823.9,Home,721.5,5,453,80.5,2022-10-28,0
4908,46.0,Other,West,Secondary,Self-Employed,483404.48,758054.67,Education,781.9,11,221,64.0,2023-04-21,1
4909,52.0,,West,Post-Graduate,Salaried,,512814.87,Business,543.1,8,223,66.77,2018-08-09,1
4910,42.0,Other,West,Graduate,Unemployed,1165980.67,368379.73,Education,850.0,5,120,92.22,2018-10-01,0
4911,32.0,Female,North,Primary,Self-Employed,840282.82,676746.15,Other,672.3,7,144,85.36,2018-08-26,1
4912,56.0,Female,West,Graduate,Self-Employed,375578.29,341291.8,Home,677.1,3,195,17.54,2018-12-20,1
4913,22.0,Male,South,Graduate,Salaried,623855.04,351526.53,Education,651.3,12,499,68.83,2025-05-27,0
4914,47.0,Other,North,Secondary,Self-Employed,503600.99,180692.56,Other,800.8,10,176,25.5,2020-12-01,0
4915,64.0,Male,East,Secondary,Salaried,685773.28,317681.44,Home,726.5,0,462,53.69,2025-04-24,0
4916,70.0,Male,South,Graduate,Self-Employed,784500.92,141848.38,Home,611.7,12,68,39.95,2019-06-06,1
4917,56.0,Female,West,Primary,Unemployed,632979.51,375935.98,Other,,11,444,28.43,2022-04-20,0
4918,24.0,Female,North,Graduate,Salaried,714667.06,482342.31,Home,681.4,5,372,84.47,2022-09-16,0
4919,55.0,Male,East,Secondary,,,713943.94,Other,734.3,10,155,71.64,2018-06-16,1
4920,69.0,Female,East,Secondary,Salaried,261800.18,349977.0,Education,709.2,3,383,22.45,2021-04-06,1
4921,62.0,Other,South,Post-Graduate,Self-Employed,671847.57,310105.17,Other,806.4,1,75,45.26,2024-02-28,0
4922,65.0,Other,West,Graduate,Self-Employed,,546056.67,Home,665.6,3,279,27.4,2025-04-16,0
4923,,Male,South,Primary,Unemployed,,103831.84,Education,,8,327,82.07,2022-12-04,0
4924,52.0,Other,East,Graduate,Unemployed,1200105.63,210759.66,Other,646.5,1,97,92.09,2020-09-26,0
4925,37.0,Other,North,Secondary,Salaried,677807.0,383321.64,Home,620.9,8,139,31.29,2025-04-20,0
4926,51.0,Other,North,Secondary,Unemployed,612423.98,10000.0,Business,703.1,12,163,65.73,2021-09-13,0
4927,21.0,Other,North,Secondary,Self-Employed,1278076.64,10000.0,Other,555.1,1,21,53.41,2024-02-18,0
4928,24.0,Other,East,Graduate,Self-Employed,894360.58,666633.13,Car,701.2,8,340,64.69,2021-02-09,0
4929,70.0,Male,North,Primary,Unemployed,1148340.99,379542.07,Education,650.2,11,37,57.84,2021-09-21,0
4930,44.0,Male,North,Post-Graduate,Self-Employed,724391.69,342767.3,Education,646.4,5,464,74.29,2025-03-05,0
4931,26.0,Other,West,Post-Graduate,Self-Employed,601063.43,653512.8,Home,771.2,0,277,94.99,2024-01-30,0
4932,40.0,Other,South,Primary,Self-Employed,265428.3,519746.8,Other,654.5,2,264,41.34,2022-10-26,0
4933,35.0,Other,North,Secondary,,472017.35,644883.84,Business,,3,78,49.39,2018-10-23,1
4934,49.0,Female,South,Secondary,Self-Employed,893314.78,763187.84,Other,751.4,5,358,78.9,2023-02-06,0
4935,41.0,Female,West,Secondary,Salaried,1407506.34,915289.32,Other,615.6,0,345,11.7,2020-12-20,0
4936,50.0,Other,South,Primary,Unemployed,421310.84,624603.7,Home,528.2,8,279,92.69,2019-03-03,1
4937,49.0,Other,West,Primary,Self-Employed,328595.41,698870.94,Car,592.3,9,476,40.9,2021-07-27,1
4938,44.0,Other,South,Secondary,Self-Employed,1447415.93,139990.91,Education,709.9,9,371,94.82,2023-05-14,0
4939,58.0,Male,South,Primary,Self-Employed,642158.09,438695.7,Business,671.4,8,329,49.91,2023-07-23,0
4940,28.0,Female,West,Secondary,Self-Employed,,765047.63,Car,771.1,11,422,86.5,2022-11-21,1
4941,37.0,Female,West,Primary,Unemployed,888057.24,681319.67,Business,695.2,8,171,72.76,2021-04-07,0
4942,53.0,Male,North,Primary,Unemployed,528823.22,253935.8,Car,752.4,9,316,76.58,2020-09-06,0
4943,33.0,Female,West,Graduate,Self-Employed,631136.28,10000.0,Home,758.9,3,158,91.39,2023-12-20,0
4944,39.0,Female,North,Post-Graduate,Salaried,929729.46,427492.45,Home,693.7,12,163,68.22,2025-04-12,0
4945,48.0,Male,South,Post-Graduate,Unemployed,624845.96,10000.0,Home,686.5,1,254,14.67,2018-09-13,0
4946,37.0,Other,West,Primary,Self-Employed,454390.46,545504.59,Other,643.0,2,64,21.28,2018-06-10,1
4947,22.0,,West,Primary,Unemployed,571287.3,109644.67,Other,673.4,2,375,57.53,2024-07-09,0
4948,53.0,Other,West,Post-Graduate,Salaried,4086642.43,474055.28,Car,627.8,0,249,38.01,2018-03-15,0
4949,,Other,West,Primary,Salaried,859636.17,173739.44,Education,621.0,4,322,36.78,2023-11-09,0
4950,66.0,Other,East,Post-Graduate,Self-Employed,905096.28,10000.0,Home,657.5,5,393,33.04,2018-10-04,0
4951,48.0,Male,West,Primary,Self-Employed,1120437.21,133589.11,Home,717.6,1,373,61.24,2021-08-04,0
4952,53.0,Male,North,Post-Graduate,,657676.15,708198.78,Other,714.2,8,128,82.94,2023-04-28,1
4953,62.0,Other,West,Secondary,Self-Employed,1209172.43,10000.0,Other,680.8,5,288,17.79,2024-07-24,0
4954,26.0,Female,West,Primary,Unemployed,860932.53,517460.45,Education,630.3,3,457,42.63,2019-08-12,0
4955,36.0,Female,West,Secondary,Self-Employed,1111962.62,294778.83,Home,676.1,8,408,91.01,2024-01-17,0
4956,38.0,Other,East,Primary,Self-Employed,666794.11,357312.52,Home,,1,22,46.95,2018-09-24,0
4957,54.0,Female,North,Primary,Unemployed,337961.25,142755.08,Home,620.2,6,202,75.75,2021-05-09,0
4958,56.0,Female,North,Secondary,Self-Employed,630779.79,344173.94,Home,698.2,3,422,49.43,2020-04-10,0
4959,39.0,Male,East,Primary,Self-Employed,921977.65,717593.3,Car,655.9,8,498,61.25,2018-11-22,0
4960,25.0,Other,West,Secondary,Salaried,788453.8,521323.41,Home,561.1,9,127,77.18,2020-05-19,1
4961,64.0,Male,West,Post-Graduate,Self-Employed,295561.01,692246.6,Business,731.1,9,232,61.18,2022-01-09,0
4962,68.0,Female,East,Secondary,Salaried,209041.19,907393.71,Business,615.4,10,57,11.84,2024-08-14,1
4963,29.0,Male,South,Primary,Unemployed,966902.2,355299.95,Other,678.3,6,139,59.67,2018-11-23,0
4964,37.0,Other,East,Secondary,Salaried,503643.16,145878.44,Other,764.9,2,426,41.83,2021-04-04,0
4965,42.0,Other,West,Primary,Salaried,1377512.61,393210.85,Car,771.4,11,108,22.57,2021-07-15,0
4966,68.0,Male,North,Primary,Unemployed,387113.24,378810.75,Car,671.6,6,55,78.61,2025-01-18,0
4967,52.0,Other,North,Secondary,Unemployed,830427.59,530845.56,Education,,11,322,14.6,2020-01-09,0
4968,67.0,,South,Primary,Unemployed,404920.64,391029.15,Business,639.9,1,44,18.83,2024-07-27,1
4969,,Other,West,Primary,Salaried,135315.85,178641.43,Home,575.1,3,269,78.46,2024-10-12,1
4970,69.0,Other,North,Primary,Self-Employed,368753.74,79468.2,Car,,6,341,88.19,2023-09-06,0
4971,34.0,Other,North,Graduate,Unemployed,761479.07,10000.0,Other,764.7,2,282,31.09,2022-02-21,0
4972,70.0,Other,West,Primary,Salaried,689368.13,149374.16,Education,571.0,6,261,13.08,2022-07-29,1
4973,39.0,Female,East,Primary,Unemployed,490831.96,497650.58,Other,588.9,8,374,93.73,2022-04-12,1
4974,32.0,Female,South,Secondary,Unemployed,117155.05,10000.0,Education,705.4,9,25,78.64,2022-03-07,0
4975,56.0,Male,North,Graduate,Unemployed,628556.7,365870.02,Business,610.5,12,440,79.27,2022-07-04,1
4976,43.0,Male,East,Graduate,Self-Employed,956618.95,133869.51,Education,,11,490,19.07,2018-08-10,0
4977,41.0,Other,West,Primary,Unemployed,717279.97,674935.89,Home,736.0,2,469,45.41,2020-06-11,1
4978,25.0,Other,East,Graduate,Unemployed,,100323.07,Business,782.3,9,198,44.68,2018-12-22,0
4979,45.0,Female,North,Post-Graduate,Salaried,388891.88,665325.87,Home,780.4,12,479,70.54,2023-04-12,1
4980,37.0,Female,North,Post-Graduate,Self-Employed,866231.03,539997.92,Other,,3,428,64.44,2024-08-10,0
4981,42.0,Female,South,Post-Graduate,Salaried,812660.77,277427.98,Education,572.4,5,16,60.62,2021-05-17,1
4982,55.0,Female,East,Graduate,Self-Employed,418292.54,707347.86,Education,671.4,11,370,67.71,2018-09-29,1
4983,49.0,Other,West,Secondary,Unemployed,,754346.35,Home,696.9,11,352,11.01,2018-05-29,0
4984,35.0,Female,West,Graduate,Salaried,1011566.18,779131.3,Car,657.1,12,22,49.54,2021-01-31,0
4985,40.0,Male,South,Secondary,Self-Employed,1054165.15,268038.48,Car,740.0,12,20,19.37,2025-07-16,0
4986,68.0,Female,South,Primary,Unemployed,790174.85,442229.35,Other,568.1,10,254,69.47,2024-12-24,1
4987,43.0,Male,West,Secondary,Salaried,722660.18,591913.24,Car,652.0,10,29,20.4,2023-11-03,0
4988,26.0,Female,East,Post-Graduate,Salaried,797575.83,270514.68,Home,561.6,11,326,87.93,2023-04-08,1
4989,44.0,Male,West,Secondary,Unemployed,785567.88,286138.22,Education,752.1,6,452,53.41,2023-04-09,0
4990,23.0,Other,East,Primary,Unemployed,889902.31,290435.08,Home,678.2,9,229,78.89,2022-12-07,0
4991,53.0,Male,East,Secondary,Unemployed,641388.07,279593.61,Other,587.0,11,457,18.78,2020-03-03,1
4992,56.0,Female,South,Graduate,Self-Employed,1208451.74,21151.29,Home,702.4,4,112,77.61,2020-12-13,0
4993,55.0,Female,East,Post-Graduate,Salaried,860991.97,10000.0,Education,634.9,4,246,92.04,2023-03-27,0
4994,65.0,Male,North,Post-Graduate,Salaried,653772.73,142232.68,Car,704.9,10,385,48.7,2020-04-07,0
4995,,Male,West,Secondary,Unemployed,819217.71,651651.87,Other,700.5,5,143,89.66,2019-10-17,0
4996,49.0,Other,West,Primary,Salaried,813043.74,384808.37,Business,666.5,10,57,31.29,2021-10-09,0
4997,38.0,,West,Graduate,Self-Employed,776380.62,575607.45,Education,,6,129,20.85,2023-09-03,0
4998,67.0,Other,West,Graduate,Self-Employed,167381.79,292126.99,Business,811.2,4,81,15.77,2018-01-16,0
4999,66.0,Other,South,Post-Graduate,Unemployed,1152004.62,410805.94,Car,590.7,6,356,47.59,2020-04-18,1
5000,45.0,Other,West,Secondary,Salaried,917613.33,,Business,704.3,7,302,54.12,2018-06-20,0
